0
No
0
Yes
35 15
36 15
37 15
35 14
36 14
37 14
35 13
36 13
37 13
35 12
36 12
37 12
35 11
36 11
37 11
0
Yes
0 49
1 49
2 49
3 49
4 49
5 49
6 49
7 49
8 49
8 48
7 48
6 48
5 48
4 48
3 48
2 48
1 48
0 48
8 47
7 47
6 47
5 47
4 47
3 47
2 47
1 47
0 47
8 46
7 46
6 46
5 46
4 46
3 46
2 46
1 46
0 46
6 45
5 45
4 45
3 45
2 45
1 45
0 45
6 44
5 44
4 44
3 44
2 44
1 44
0 44
0 43
1 43
2 43
3 43
4 43
5 43
6 43
7 43
7 42
6 42
5 42
4 42
3 42
2 42
1 42
0 42
7 41
6 41
5 41
4 41
3 41
2 41
1 41
0 41
0 40
1 40
2 40
3 40
4 40
5 40
0
Yes
49 0
49 1
49 2
49 3
49 4
49 5
49 6
49 7
48 7
48 6
48 5
48 4
48 3
48 2
48 1
48 0
47 0
47 1
47 2
47 3
47 4
47 5
47 6
47 7
46 7
46 6
46 5
46 4
46 3
46 2
46 1
46 0
45 4
45 5
45 6
45 7
45 3
45 2
45 1
45 0
44 3
44 2
44 1
0
Yes
10 0
10 1
11 1
11 0
11 2
11 3
12 3
12 2
12 1
12 0
13 0
13 1
13 2
13 3
14 3
14 2
14 1
14 0
15 0
15 1
15 2
0
Yes
20 41
20 42
21 42
21 41
0
Yes
2 24
2 25
2 26
2 27
2 28
3 28
3 27
3 26
3 25
3 24
4 24
4 25
4 26
4 27
4 28
5 28
5 27
5 26
5 25
5 24
6 24
6 25
6 26
6 27
6 28
7 28
7 27
7 26
7 25
7 24
7 23
6 23
5 23
4 23
3 23
2 23
2 22
3 22
4 22
5 22
6 22
7 22
7 21
6 21
5 21
4 21
3 21
2 21
2 20
3 20
4 20
5 20
6 20
7 20
7 19
6 19
5 19
4 19
3 19
2 19
3 18
2 18
1 18
1 19
1 20
1 21
1 22
1 23
1 24
1 25
1 26
1 27
1 28
0 19
0 20
0 21
0 22
0 23
0 24
0 25
0 26
0 27
0 28
0
Yes
49 25
49 26
49 27
49 28
49 29
49 30
49 31
48 31
48 30
48 29
48 28
48 27
48 26
48 25
47 25
47 26
47 27
47 28
47 29
47 30
47 31
46 25
46 26
46 27
46 28
46 29
46 30
46 31
45 26
45 27
45 28
45 29
45 30
45 31
44 27
44 28
44 29
0
Yes
41 28
42 28
43 28
43 29
42 29
41 29
40 29
39 29
39 30
40 30
41 30
42 30
43 30
43 31
42 31
41 31
40 31
39 31
43 32
42 32
41 32
40 32
39 32
43 33
42 33
41 33
40 33
39 33
0
Yes
5 29
6 29
7 29
4 29
3 29
2 29
1 29
0 29
0 30
1 30
2 30
3 30
4 30
5 30
6 30
7 30
7 31
6 31
5 31
4 31
3 31
2 31
1 31
0 31
0 32
1 32
2 32
3 32
4 32
5 32
6 32
7 32
7 33
6 33
5 33
4 33
3 33
2 33
1 33
0 33
0 34
1 34
2 34
3 34
4 34
5 34
6 34
7 34
7 35
6 35
5 35
4 35
3 35
2 35
1 35
0 35
0 36
1 36
2 36
3 36
4 36
5 36
6 36
7 36
7 37
6 37
5 37
4 37
3 37
2 37
1 37
0 37
8 37
8 36
8 35
8 34
8 33
8 32
8 31
8 30
8 29
9 29
9 30
9 31
9 32
9 33
9 34
9 35
9 36
9 37
0
Yes
1 3
1 4
0 3
0 4
0 5
0 6
0 7
1 7
2 7
2 8
3 8
3 9
3 10
4 10
4 9
4 8
5 8
5 9
5 10
6 10
6 9
6 8
6 7
7 7
7 8
7 9
7 10
8 7
8 8
8 9
8 10
9 7
9 8
9 9
9 10
10 10
10 9
10 8
10 7
11 10
11 9
11 8
11 7
12 9
12 8
12 7
13 9
13 8
13 7
10 6
11 6
12 6
13 6
10 5
11 5
12 5
13 5
13 4
14 7
14 6
14 5
14 4
10 11
9 11
8 11
7 11
6 11
5 11
8 12
9 12
9 13
8 13
8 14
9 14
22 11
13 10
15 6
15 5
15 4
15 3
16 6
16 5
16 4
16 3
17 5
17 4
17 3
18 4
18 3
19 4
19 3
16 2
17 2
18 2
19 2
16 1
17 1
18 1
19 1
16 0
17 0
18 0
19 0
20 0
20 1
20 2
20 3
20 4
20 5
21 5
21 4
21 3
21 2
21 1
21 0
22 5
22 4
22 3
22 2
22 1
22 0
23 0
23 1
23 2
23 3
23 4
23 5
23 6
23 7
22 7
22 8
23 8
21 8
20 8
20 9
21 9
22 9
23 9
20 10
21 10
22 10
23 10
24 10
24 9
0
Yes
14 48
14 49
15 49
15 48
15 47
16 47
16 48
16 49
17 49
17 48
17 47
18 47
18 48
18 49
18 46
17 46
16 46
15 46
0
Yes
4 39
4 38
5 38
5 39
3 38
3 39
2 38
2 39
1 38
1 39
0 38
0 39
0 40
1 40
2 40
3 40
4 40
5 40
5 41
4 41
3 41
2 41
1 41
0 41
0 42
1 42
2 42
3 42
4 42
5 42
5 43
4 43
3 43
2 43
1 43
0 43
0 44
1 44
2 44
3 44
4 44
5 44
5 45
4 45
3 45
2 45
1 45
0 45
0 46
1 46
2 46
3 46
4 46
5 46
5 47
4 47
3 47
2 47
1 47
0 47
0 48
1 48
2 48
3 48
4 48
5 48
5 49
4 49
3 49
2 49
1 49
0 49
6 45
6 44
6 43
6 42
6 41
6 40
6 39
6 38
6 46
6 47
6 48
6 49
7 43
7 42
7 41
7 40
7 39
7 38
0
Yes
47 49
48 49
49 49
49 48
48 48
47 48
47 47
48 47
49 47
49 46
48 46
47 46
47 45
48 45
49 45
49 44
48 44
47 44
47 43
48 43
49 43
49 42
48 42
47 42
46 42
46 43
46 44
46 45
46 46
46 47
46 48
46 49
45 49
45 48
45 47
45 46
45 45
0
Yes
1 4
1 3
0 3
0 4
0 5
0 6
0 7
1 7
2 7
2 8
3 8
3 9
3 10
4 10
4 9
4 8
5 8
5 9
5 10
5 11
6 11
6 10
6 9
6 8
6 7
7 7
7 8
7 9
7 10
7 11
8 7
8 8
8 9
8 10
8 11
8 12
8 13
8 14
9 14
9 13
9 12
9 11
9 10
9 9
9 8
9 7
10 11
10 10
10 9
10 8
10 7
11 10
11 9
11 8
11 7
12 9
12 8
12 7
13 9
13 8
13 7
14 7
10 6
11 6
12 6
13 6
14 6
10 5
11 5
12 5
13 5
14 5
13 4
14 4
15 6
15 5
15 4
13 10
0
Yes
44 27
44 28
44 29
44 30
44 31
45 31
45 30
45 29
45 28
45 27
46 31
46 30
46 29
46 28
46 27
47 31
47 30
47 29
47 28
47 27
48 31
48 30
48 29
48 28
48 27
49 27
49 28
49 29
49 30
49 31
0
Yes
21 42
21 41
20 41
20 42
19 42
19 41
0
No
0
Yes
40 49
41 49
42 49
43 49
43 48
42 48
41 48
40 48
40 47
41 47
42 47
43 47
39 47
39 48
39 49
39 46
40 46
41 46
42 46
43 46
43 45
42 45
41 45
40 45
39 45
0
Yes
17 2
17 3
17 4
17 5
16 5
16 4
16 3
16 2
18 4
18 3
18 2
19 4
19 3
19 2
20 2
20 3
20 4
20 5
21 5
21 4
21 3
21 2
22 5
22 4
22 3
22 2
23 2
23 3
23 4
23 5
23 1
22 1
21 1
20 1
19 1
18 1
17 1
16 1
16 0
17 0
18 0
19 0
20 0
21 0
22 0
23 0
15 3
15 2
15 1
15 0
14 3
14 2
14 1
14 0
13 3
13 2
13 1
13 0
12 3
12 2
12 1
12 0
11 3
11 2
11 1
11 0
10 1
10 0
24 0
24 1
24 2
24 3
24 4
24 5
25 5
25 4
25 3
25 2
25 1
25 0
26 0
26 1
0
Yes
40 17
39 17
40 16
39 16
38 16
40 15
39 15
38 15
37 15
36 15
39 14
38 14
37 14
36 14
36 13
37 13
38 13
39 13
40 13
41 13
41 12
40 12
39 12
38 12
37 12
36 12
42 12
43 12
43 13
44 13
44 12
35 15
35 14
35 13
35 12
35 11
36 11
37 11
38 11
39 11
40 11
41 11
42 11
43 11
44 11
44 10
43 10
42 10
41 10
40 10
39 10
38 10
37 10
36 10
35 10
34 10
45 10
46 10
46 9
45 9
44 9
43 9
42 9
41 9
40 9
39 9
38 9
37 9
36 9
35 9
34 9
41 8
42 8
43 8
44 8
45 8
46 8
40 8
39 8
38 8
37 8
36 8
35 8
34 8
40 7
39 7
38 7
37 7
36 7
35 7
0
Yes
36 0
36 1
36 2
36 3
36 4
36 5
36 6
37 6
37 5
37 4
37 3
37 2
37 1
37 0
38 6
38 5
38 4
38 3
38 2
38 1
38 0
39 6
39 5
39 4
39 3
39 2
39 1
39 0
40 5
40 4
40 3
40 2
40 1
40 0
41 4
41 3
41 2
41 1
41 0
42 2
42 1
42 0
43 2
43 1
43 0
35 6
35 5
35 4
35 3
35 2
35 1
35 0
34 0
34 1
34 2
34 3
34 4
34 5
34 6
33 6
33 5
33 4
33 3
33 2
33 1
33 0
32 0
32 1
32 2
32 3
32 4
32 5
0
Yes
26 2
26 3
26 4
26 5
26 6
26 7
26 8
27 8
27 7
27 6
27 5
27 4
27 3
27 2
27 1
27 0
28 0
28 1
28 2
28 3
28 4
28 5
28 6
28 7
28 8
29 8
29 7
29 6
29 5
29 4
29 3
29 2
29 1
29 0
30 0
30 1
30 2
30 3
30 4
30 5
30 6
30 7
30 8
31 5
31 4
31 3
31 2
31 1
31 0
31 6
31 7
0
Yes
38 18
38 19
38 20
37 18
37 19
37 20
37 21
37 22
36 22
36 21
36 20
36 19
36 18
36 17
35 17
35 18
35 19
35 20
35 21
35 22
34 18
34 19
34 20
34 21
34 22
33 18
33 19
33 20
33 21
33 22
32 19
32 20
32 21
32 22
31 21
31 22
30 21
30 22
36 23
35 23
34 23
33 23
32 23
31 23
30 23
36 24
35 24
34 24
33 24
32 24
31 24
30 24
35 25
34 25
33 25
32 25
31 25
30 25
35 26
34 26
33 26
32 26
31 26
30 26
30 27
31 27
32 27
33 27
34 27
35 27
0
Yes
8 18
8 19
8 20
8 17
9 17
9 18
9 19
9 20
10 20
10 19
10 18
10 17
11 17
11 18
11 19
11 20
12 17
12 18
12 19
12 20
13 17
13 18
13 19
13 20
11 16
10 16
9 16
8 16
0
Yes
49 49
49 48
49 47
49 46
49 45
49 44
49 43
49 42
48 42
48 43
48 44
48 45
48 46
48 47
48 48
48 49
47 42
47 43
47 44
47 45
47 46
47 47
47 48
47 49
46 42
46 43
46 44
46 45
46 46
46 47
46 48
46 49
45 49
45 48
45 47
45 46
45 45
45 44
45 43
45 42
45 41
45 40
44 40
44 41
44 42
44 43
44 44
44 45
44 46
44 47
44 48
44 49
43 44
43 43
43 42
43 41
43 40
42 44
42 43
0
Yes
49 21
49 20
48 20
48 21
47 21
0
Yes
49 26
49 25
49 24
48 24
48 25
0
Yes
49 1
49 2
49 3
48 3
48 2
48 1
48 0
49 0
47 0
47 1
47 2
47 3
46 3
46 2
46 1
46 0
45 0
45 1
45 2
45 3
44 3
44 2
44 1
44 0
45 4
46 4
47 4
48 4
49 4
45 5
46 5
47 5
0
Yes
49 0
49 1
49 2
49 3
48 3
48 2
48 1
48 0
47 0
47 1
47 2
47 3
46 3
46 2
46 1
46 0
45 0
45 1
45 2
45 3
45 4
46 4
47 4
48 4
49 4
0
Yes
0 38
1 38
2 38
3 38
4 38
5 38
6 38
6 39
5 39
4 39
3 39
2 39
1 39
0 39
0 40
1 40
2 40
3 40
4 40
5 40
6 40
6 41
5 41
4 41
3 41
2 41
1 41
0 41
0 42
1 42
2 42
3 42
4 42
5 42
6 42
6 43
5 43
4 43
3 43
2 43
1 43
0 43
6 44
5 44
4 44
3 44
2 44
1 44
0 44
6 45
5 45
4 45
3 45
2 45
1 45
0 45
0 46
1 46
2 46
3 46
4 46
5 46
6 46
7 43
7 42
7 41
7 40
7 39
7 38
8 40
8 39
8 38
0
Yes
47 21
48 21
49 21
47 20
48 20
0
Yes
20 5
20 4
19 4
18 4
18 3
19 3
20 3
20 2
19 2
18 2
18 1
19 1
20 1
20 0
19 0
18 0
17 0
17 1
17 2
17 3
17 4
17 5
16 5
16 4
16 3
16 2
16 1
16 0
15 3
15 2
15 1
15 0
14 3
14 2
14 1
14 0
13 3
13 2
13 1
13 0
12 3
12 2
12 1
12 0
11 3
11 2
11 1
11 0
10 1
10 0
21 5
21 4
21 3
21 2
21 1
0
Yes
0 37
1 37
2 37
3 37
3 36
2 36
1 36
0 36
0 35
1 35
2 35
3 35
3 34
2 34
1 34
0 34
0 33
1 33
2 33
3 33
3 32
2 32
1 32
0 32
0 31
1 31
2 31
3 31
3 30
2 30
1 30
0 30
0 29
1 29
2 29
3 29
4 29
4 30
4 31
4 32
4 33
4 34
4 35
4 36
4 37
5 37
5 36
5 35
5 34
5 33
5 32
0
Yes
20 10
21 10
20 9
21 9
20 8
21 8
0
Yes
24 18
25 18
25 17
25 16
26 16
26 17
26 18
27 16
27 17
27 18
28 18
28 19
27 19
26 19
25 19
24 19
23 19
29 19
29 20
28 20
27 20
26 20
25 20
24 20
23 20
22 20
29 21
28 21
27 21
26 21
25 21
24 21
23 21
22 21
21 21
29 22
28 22
27 22
26 22
25 22
24 22
23 22
22 22
21 22
29 23
28 23
27 23
26 23
25 23
24 23
23 23
22 23
21 23
29 24
28 24
27 24
26 24
25 24
24 24
23 24
22 24
21 24
0
Yes
31 49
32 49
32 48
31 48
31 47
32 47
32 46
31 46
30 46
30 47
30 48
30 49
29 49
29 48
29 47
29 46
28 46
28 47
28 48
28 49
27 46
27 47
27 48
27 49
26 46
26 47
26 48
26 49
0
Yes
48 34
48 33
49 33
49 34
0
Yes
43 2
44 2
44 1
43 1
44 0
43 0
42 2
42 1
42 0
41 0
41 1
41 2
41 3
41 4
40 4
40 3
40 2
40 1
40 0
40 5
39 5
39 4
39 3
39 2
39 1
39 0
39 6
38 6
38 5
38 4
38 3
38 2
38 1
38 0
37 6
37 5
37 4
37 3
37 2
37 1
37 0
36 6
36 5
36 4
36 3
36 2
36 1
36 0
35 6
35 5
35 4
35 3
35 2
0
Yes
24 0
25 0
23 0
22 0
22 1
23 1
24 1
25 1
25 2
24 2
23 2
22 2
22 3
23 3
24 3
25 3
0
Yes
29 19
29 20
29 21
29 22
29 23
29 24
29 25
29 26
29 27
28 27
28 26
28 25
28 24
28 23
28 22
28 21
28 20
28 19
28 18
27 18
27 19
27 20
27 21
27 22
27 23
27 24
27 25
27 26
27 27
26 27
26 26
26 25
26 24
26 23
26 22
26 21
26 20
26 19
26 18
25 18
25 19
25 20
25 21
25 22
25 23
25 24
25 25
25 26
25 27
24 18
24 19
24 20
24 21
24 22
24 23
24 24
24 25
24 26
24 27
23 19
23 20
23 21
23 22
23 23
23 24
23 25
23 26
23 27
22 20
22 21
22 22
22 23
22 24
22 25
22 26
22 27
0
Yes
24 21
24 22
24 23
24 24
24 25
24 26
24 27
24 28
24 29
23 29
23 28
23 27
23 26
23 25
23 24
23 23
23 22
23 21
25 29
25 28
25 27
25 26
25 25
25 24
25 23
25 22
25 21
26 21
26 22
26 23
26 24
26 25
26 26
26 27
26 28
26 29
27 29
27 28
27 27
27 26
27 25
27 24
27 23
27 22
27 21
28 29
28 28
28 27
28 26
28 25
28 24
28 23
28 22
28 21
28 20
27 20
26 20
25 20
24 20
23 20
23 19
24 19
25 19
26 19
27 19
28 19
28 18
27 18
26 18
25 18
24 18
29 19
29 20
29 21
29 22
29 23
29 24
29 25
29 26
29 27
29 28
29 29
0
Yes
43 31
43 32
43 33
42 33
42 32
42 31
43 30
42 30
43 29
42 29
43 28
42 28
41 28
41 29
41 30
41 31
41 32
41 33
41 34
41 35
40 29
40 30
40 31
40 32
40 33
40 34
40 35
39 29
39 30
39 31
39 32
39 33
39 34
39 35
39 36
40 36
41 36
42 36
38 36
38 35
38 34
38 33
38 32
38 31
38 30
38 29
38 28
37 28
37 29
37 30
37 31
37 32
37 33
37 34
37 35
37 36
36 28
36 29
36 30
36 31
36 32
36 33
36 34
36 35
36 36
35 28
35 29
35 30
35 31
35 32
35 33
35 34
35 35
35 36
34 28
34 29
34 30
34 31
34 32
34 33
34 34
34 35
34 36
33 28
33 29
33 30
33 31
33 32
33 33
33 34
33 35
33 36
32 28
32 29
32 30
32 31
32 32
32 33
32 34
32 35
32 36
31 28
31 29
31 30
31 31
31 32
31 33
31 34
31 35
31 36
30 28
30 29
30 30
30 31
30 32
30 33
30 34
30 35
30 36
29 30
29 31
29 32
29 33
29 34
29 35
29 36
28 33
28 34
0
Yes
44 48
44 49
44 47
44 46
44 45
45 45
45 46
45 47
45 48
45 49
46 49
46 48
46 47
46 46
46 45
47 45
47 46
47 47
47 48
47 49
48 49
48 48
48 47
48 46
48 45
49 45
49 46
49 47
49 48
49 49
49 44
48 44
47 44
46 44
45 44
44 44
43 44
43 43
44 43
45 43
46 43
47 43
48 43
49 43
49 42
48 42
47 42
46 42
45 42
44 42
0
Yes
37 42
37 43
38 43
38 42
39 42
39 43
40 43
40 42
41 42
41 43
42 43
42 42
43 42
43 41
42 41
41 41
40 41
39 41
38 41
37 41
44 41
44 40
43 40
42 40
41 40
40 40
39 40
38 40
37 40
42 39
41 39
40 39
39 39
38 39
37 39
42 38
41 38
40 38
39 38
38 38
37 38
42 37
41 37
40 37
39 37
38 37
37 37
36 37
36 38
36 39
36 40
36 41
36 42
36 43
45 40
45 41
42 44
41 44
40 44
39 44
38 44
0
Yes
17 20
17 19
18 19
18 20
19 19
19 20
20 20
16 19
16 20
15 19
15 20
15 21
16 21
17 21
18 21
19 21
20 21
21 21
22 21
22 22
21 22
20 22
19 22
18 22
17 22
16 22
15 22
22 23
21 23
20 23
19 23
18 23
17 23
16 23
15 23
14 19
14 20
14 21
14 22
14 23
13 21
13 22
13 23
12 21
12 22
12 23
11 21
11 22
11 23
10 21
10 22
10 23
9 21
9 22
9 23
8 21
8 22
8 23
8 24
9 24
10 24
11 24
12 24
13 24
14 24
15 24
16 24
17 24
18 24
19 24
20 24
21 24
22 24
22 25
21 25
20 25
19 25
18 25
17 25
16 25
15 25
14 25
13 25
12 25
11 25
10 25
9 25
8 25
8 26
9 26
10 26
11 26
12 26
13 26
14 26
15 26
16 26
17 26
18 26
19 26
20 26
21 26
22 26
22 27
21 27
20 27
19 27
18 27
17 27
16 27
15 27
14 27
13 27
12 27
11 27
10 27
9 27
8 27
8 28
9 28
10 28
11 28
12 28
13 28
14 28
15 28
16 28
17 28
18 28
19 28
20 28
20 29
19 29
18 29
0
Yes
23 39
23 40
22 39
21 39
21 38
22 38
23 38
24 38
24 39
24 40
24 41
24 42
24 43
24 44
25 44
25 43
25 42
25 41
25 40
25 39
25 38
26 44
26 43
26 42
26 41
26 40
26 39
26 38
27 44
27 43
27 42
27 41
27 40
27 39
27 38
28 38
28 39
28 40
28 41
28 42
28 43
28 44
29 44
29 43
29 42
29 41
29 40
29 39
29 38
29 37
28 37
27 37
26 37
25 37
24 37
23 37
22 37
21 37
28 36
27 36
26 36
25 36
24 36
23 36
22 36
21 36
28 35
27 35
26 35
25 35
24 35
23 35
22 35
0
No
0
Yes
0 48
0 49
1 49
1 48
2 48
2 49
3 49
3 48
4 48
4 49
5 49
5 48
6 48
6 49
7 49
7 48
8 48
8 49
8 47
7 47
6 47
5 47
4 47
3 47
2 47
1 47
0 47
8 46
7 46
6 46
5 46
4 46
3 46
2 46
1 46
0 46
6 45
5 45
4 45
3 45
2 45
0
Yes
25 1
25 2
25 3
25 4
25 5
25 6
24 6
24 5
24 4
24 3
24 2
24 1
23 6
23 5
23 4
23 3
23 2
23 1
22 5
22 4
22 3
22 2
22 1
21 5
21 4
21 3
21 2
21 1
20 5
20 4
20 3
20 2
20 1
19 4
19 3
19 2
19 1
18 4
18 3
18 2
18 1
18 0
19 0
20 0
21 0
22 0
23 0
24 0
25 0
17 0
17 1
17 2
17 3
17 4
17 5
16 5
16 4
16 3
16 2
16 1
16 0
16 6
15 6
15 5
15 4
15 3
15 2
15 1
15 0
14 0
14 1
14 2
14 3
14 4
14 5
14 6
13 4
13 5
13 6
13 3
13 2
13 1
13 0
12 3
12 2
12 1
12 0
11 3
11 2
11 1
11 0
10 1
10 0
0
Yes
1 3
0 3
1 4
0 4
0
Yes
10 31
10 32
10 33
10 34
10 35
10 36
10 37
10 38
11 38
11 37
11 36
11 35
11 34
11 33
11 32
11 31
12 31
12 32
12 33
12 34
12 35
12 36
12 37
12 38
12 39
13 39
13 38
13 37
13 36
13 35
13 34
13 33
13 32
13 31
13 40
14 40
14 39
14 38
14 37
14 36
14 35
14 34
14 33
14 32
14 31
15 31
15 32
15 33
15 34
15 35
15 36
15 37
15 38
15 39
15 40
16 40
16 39
16 38
16 37
16 36
16 35
16 34
16 33
16 32
16 31
17 40
17 39
17 38
17 37
17 36
17 35
17 34
17 33
17 32
17 31
18 40
18 39
18 38
18 37
18 36
18 35
18 34
18 33
18 32
18 31
19 40
19 39
19 38
19 37
19 36
19 35
19 34
19 33
19 32
19 31
19 30
18 30
17 30
16 30
15 30
14 30
13 30
12 30
11 30
10 30
17 29
16 29
15 29
14 29
13 29
12 29
11 29
10 29
20 39
20 38
20 37
20 36
20 35
20 34
20 33
1
27
25 16
25 17
26 17
26 16
26 15
Yes
48 9
49 9
49 8
48 8
47 8
47 7
48 7
49 7
49 6
48 6
47 6
47 5
48 5
49 5
49 4
48 4
47 4
47 3
48 3
49 3
49 2
48 2
47 2
47 1
48 1
49 1
49 0
48 0
47 0
46 0
46 1
46 2
46 3
46 4
46 5
46 6
46 7
46 8
46 9
46 10
45 10
45 9
45 8
45 7
45 6
45 5
45 4
45 3
45 2
45 1
45 0
44 7
44 8
44 9
44 10
44 11
44 12
44 13
43 13
43 12
43 11
43 10
43 9
43 8
42 8
42 9
42 10
42 11
42 12
41 8
41 9
41 10
41 11
41 12
41 13
40 13
40 12
40 11
40 10
40 9
40 8
40 7
39 7
39 8
39 9
39 10
39 11
39 12
39 13
39 14
38 7
38 8
38 9
38 10
38 11
38 12
38 13
38 14
37 7
37 8
37 9
37 10
37 11
37 12
37 13
37 14
37 15
38 15
39 15
40 15
38 16
39 16
40 16
40 17
39 17
36 15
36 14
36 13
36 12
36 11
36 10
36 9
36 8
36 7
35 15
35 14
35 13
35 12
35 11
35 10
35 9
35 8
35 7
34 10
34 9
34 8
34 7
0
Yes
7 40
8 40
8 39
7 39
7 41
7 42
7 43
6 43
6 42
6 41
6 40
6 39
6 44
5 44
5 43
5 42
5 41
5 40
5 39
5 38
6 38
7 38
8 38
9 38
4 38
4 39
4 40
4 41
4 42
4 43
4 44
3 44
3 43
3 42
3 41
3 40
3 39
3 38
2 38
2 39
2 40
2 41
2 42
2 43
2 44
1 38
1 39
1 40
1 41
1 42
1 43
1 44
0 38
0 39
0 40
0 41
0 42
0 43
0 44
1 45
0 45
9 37
8 37
7 37
6 37
6 36
7 36
8 36
9 36
9 35
8 35
7 35
6 35
0
Yes
49 28
49 29
49 30
49 31
48 31
48 30
48 29
48 28
47 31
47 30
47 29
47 28
46 31
46 30
46 29
46 28
45 31
45 30
45 29
45 28
45 27
46 27
47 27
48 27
49 27
45 26
46 26
47 26
48 26
49 26
46 25
47 25
48 25
49 25
48 24
49 24
0
Yes
21 30
20 30
20 31
21 31
20 32
0
Yes
49 47
49 48
49 49
48 49
48 48
48 47
48 46
49 46
49 45
48 45
47 45
47 46
47 47
47 48
47 49
46 49
46 48
46 47
46 46
46 45
45 45
45 46
45 47
45 48
45 49
45 44
46 44
47 44
48 44
49 44
49 43
48 43
47 43
46 43
45 43
46 42
47 42
48 42
49 42
45 42
45 41
0
Yes
32 22
32 23
32 24
32 25
32 26
32 27
32 28
32 29
32 30
33 30
33 29
33 28
33 27
33 26
33 25
33 24
33 23
33 22
34 22
34 23
34 24
34 25
34 26
34 27
34 28
34 29
34 30
35 26
35 25
35 24
35 23
35 22
35 27
35 28
35 29
35 30
36 27
36 28
36 29
36 30
36 24
36 23
36 22
36 21
35 21
34 21
33 21
32 21
32 20
33 20
34 20
35 20
36 20
32 19
33 19
34 19
35 19
36 19
33 18
34 18
35 18
36 18
31 21
31 22
31 23
31 24
31 25
31 26
31 27
31 28
31 29
31 30
30 21
30 22
30 23
30 24
30 25
30 26
30 27
30 28
30 29
30 30
37 22
37 21
37 20
37 19
37 18
38 18
38 19
38 20
37 28
37 29
0
Yes
7 34
7 35
7 36
7 37
7 38
8 38
8 37
8 36
8 35
8 34
9 38
9 37
9 36
9 35
9 34
9 33
8 33
7 33
9 32
8 32
7 32
9 31
8 31
7 31
9 30
8 30
7 30
9 29
8 29
7 29
6 29
6 30
6 31
6 32
6 33
6 34
6 35
6 36
6 37
6 38
5 29
5 30
5 31
5 32
5 33
5 34
5 35
5 36
5 37
5 38
4 29
4 30
4 31
4 32
4 33
4 34
4 35
4 36
4 37
4 38
3 29
3 30
3 31
3 32
3 33
3 34
3 35
3 36
3 37
3 38
2 29
2 30
2 31
2 32
2 33
2 34
2 35
2 36
2 37
2 38
1 29
1 30
1 31
1 32
1 33
1 34
1 35
1 36
1 37
1 38
0 29
0 30
0 31
0 32
0 33
0 34
0 35
0 36
0 37
0 38
8 39
7 39
6 39
5 39
4 39
3 39
2 39
1 39
0 39
8 40
7 40
6 40
5 40
4 40
3 40
2 40
1 40
0 40
7 41
6 41
5 41
4 41
3 41
2 41
1 41
0 41
7 42
6 42
5 42
4 42
3 42
2 42
1 42
0 42
7 43
6 43
5 43
4 43
3 43
2 43
1 43
0 43
6 44
0
Yes
30 45
31 45
32 45
30 44
31 44
32 44
30 43
31 43
32 43
30 42
31 42
32 42
30 41
31 41
32 41
30 40
31 40
32 40
33 40
33 41
33 42
33 43
33 44
33 45
33 46
33 47
33 48
33 49
34 49
34 48
34 47
34 46
34 45
34 44
34 43
34 42
34 41
34 40
35 40
35 41
35 42
35 43
35 44
35 45
35 46
35 47
35 48
35 49
36 49
36 48
36 47
36 46
36 45
36 44
36 43
36 42
36 41
36 40
37 40
37 41
37 42
37 43
37 44
37 45
37 46
37 47
37 48
37 49
38 49
38 48
38 47
38 46
38 45
38 44
38 43
38 42
38 41
38 40
39 44
39 43
39 42
39 41
39 40
40 44
40 43
40 42
40 41
0
No
0
Yes
30 38
30 39
31 39
31 38
32 39
32 38
33 39
33 38
34 39
34 38
35 39
35 38
36 39
36 38
37 39
37 38
30 37
31 37
32 37
33 37
34 37
35 37
36 37
37 37
37 36
36 36
35 36
34 36
33 36
32 36
31 36
30 36
29 36
29 35
30 35
31 35
32 35
33 35
34 35
35 35
36 35
37 35
37 34
36 34
35 34
34 34
33 34
32 34
31 34
30 34
29 34
29 33
30 33
31 33
32 33
33 33
34 33
35 33
36 33
37 33
29 32
30 32
31 32
32 32
33 32
34 32
35 32
36 32
37 32
29 31
30 31
31 31
32 31
33 31
34 31
35 31
36 31
37 31
29 30
30 30
31 30
32 30
33 30
34 30
35 30
36 30
37 30
30 29
31 29
32 29
33 29
34 29
35 29
36 29
37 29
37 28
36 28
35 28
34 28
33 28
32 28
31 28
30 28
38 28
38 29
38 30
38 31
38 32
38 33
38 34
38 35
38 36
38 37
38 38
38 39
39 39
39 38
39 37
39 36
39 35
39 34
39 33
39 32
39 31
39 30
39 29
40 29
40 30
40 31
40 32
40 33
40 34
40 35
40 36
40 37
0
Yes
36 18
36 17
35 17
35 18
34 18
33 18
37 18
38 18
38 19
37 19
36 19
35 19
34 19
33 19
38 20
37 20
36 20
35 20
34 20
33 20
37 21
36 21
35 21
34 21
33 21
37 22
36 22
35 22
34 22
33 22
36 23
35 23
34 23
33 23
36 24
35 24
34 24
33 24
32 19
32 20
32 21
32 22
32 23
32 24
0
Yes
0 45
1 45
1 44
0 44
0
Yes
49 0
49 1
49 2
49 3
49 4
48 4
48 3
48 2
48 1
48 0
47 0
47 1
47 2
47 3
47 4
46 4
46 3
46 2
46 1
46 0
45 0
45 1
45 2
45 3
45 4
45 5
46 5
47 5
48 5
49 5
45 6
46 6
47 6
48 6
49 6
49 7
48 7
47 7
46 7
45 7
47 8
48 8
49 8
46 8
45 8
0
No
0
Yes
40 10
40 11
40 12
40 13
41 13
41 12
41 11
41 10
42 12
42 11
42 10
43 10
43 11
43 12
43 13
44 13
44 12
44 11
44 10
45 10
46 10
39 13
39 12
39 11
39 10
39 14
39 15
40 15
40 16
39 16
39 17
40 17
38 16
38 15
38 14
38 13
38 12
38 11
38 10
37 15
37 14
37 13
37 12
37 11
37 10
36 15
36 14
36 13
36 12
36 11
36 10
35 15
35 14
35 13
35 12
35 11
35 10
34 10
33 10
33 11
33 12
46 9
45 9
44 9
43 9
42 9
41 9
40 9
39 9
38 9
37 9
36 9
35 9
34 9
33 9
44 8
43 8
42 8
41 8
40 8
39 8
38 8
37 8
36 8
35 8
34 8
33 8
40 7
39 7
38 7
37 7
36 7
35 7
34 7
33 7
32 7
32 8
32 9
32 10
32 11
32 12
31 12
31 11
31 10
31 9
31 8
30 9
30 10
30 11
29 11
29 10
29 9
28 9
28 10
1
38
11 5
12 5
10 5
10 6
11 6
12 6
12 7
11 7
10 7
13 7
9 7
8 7
7 7
6 7
13 8
12 8
11 8
10 8
9 8
8 8
7 8
6 8
13 9
12 9
11 9
10 9
9 9
8 9
7 9
6 9
11 10
10 10
9 10
8 10
7 10
6 10
10 11
9 11
8 11
7 11
6 11
5 11
5 10
5 9
5 8
4 8
4 9
4 10
3 10
3 9
3 8
8 12
9 12
Yes
44 13
43 13
44 12
43 12
42 12
41 12
41 13
40 13
40 12
39 12
39 13
39 14
39 15
40 15
40 16
39 16
39 17
40 17
38 16
38 15
38 14
38 13
38 12
37 15
37 14
37 13
37 12
36 15
36 14
36 13
36 12
35 15
35 14
35 13
35 12
35 11
36 11
37 11
38 11
39 11
40 11
41 11
42 11
43 11
44 11
44 10
43 10
42 10
41 10
40 10
39 10
38 10
37 10
36 10
35 10
34 10
45 10
46 10
46 9
45 9
44 9
43 9
42 9
41 9
40 9
39 9
38 9
37 9
36 9
35 9
34 9
44 8
43 8
42 8
41 8
40 8
39 8
38 8
37 8
36 8
35 8
34 8
40 7
39 7
38 7
37 7
36 7
35 7
0
No
0
No
0
No
0
Yes
47 2
47 3
47 4
47 5
48 5
48 4
48 3
48 2
49 2
49 3
49 4
49 5
49 1
48 1
47 1
47 0
48 0
49 0
46 0
46 1
46 2
46 3
46 4
46 5
45 5
45 4
45 3
45 2
45 1
45 0
45 6
46 6
47 6
48 6
49 6
45 7
46 7
47 7
48 7
49 7
0
Yes
19 41
20 41
21 41
21 42
20 42
0
No
0
No
0
Yes
44 31
44 30
44 29
44 28
43 28
43 29
43 30
43 31
43 32
42 28
42 29
42 30
42 31
42 32
41 28
41 29
41 30
41 31
41 32
0
Yes
44 1
44 2
43 2
43 1
42 2
42 1
44 0
43 0
42 0
41 0
41 1
41 2
41 3
41 4
40 4
40 3
40 2
40 1
40 0
40 5
39 5
39 4
39 3
39 2
39 1
39 0
39 6
38 6
38 5
38 4
38 3
38 2
38 1
38 0
37 6
37 5
37 4
37 3
37 2
37 1
37 0
36 6
36 5
36 4
36 3
36 2
36 1
36 0
35 6
35 5
35 4
35 3
35 2
35 1
35 0
34 0
34 1
34 2
34 3
34 4
34 5
34 6
34 7
33 7
33 6
33 5
33 4
33 3
33 2
33 1
33 0
32 0
32 1
32 2
32 3
32 4
32 5
32 6
0
Yes
22 10
23 10
21 10
20 10
20 9
21 9
22 9
23 9
20 8
21 8
22 8
23 8
0
Yes
49 47
49 48
49 49
48 49
48 48
48 47
48 46
49 46
49 45
48 45
48 44
49 44
49 43
48 43
48 42
49 42
47 42
47 43
47 44
47 45
47 46
47 47
47 48
47 49
46 42
46 43
46 44
46 45
46 46
46 47
46 48
46 49
45 49
45 48
45 47
45 46
45 45
0
Yes
1 34
1 35
1 36
1 37
1 38
1 39
1 40
1 41
1 42
1 43
1 44
2 44
2 43
2 42
2 41
2 40
2 39
2 38
2 37
2 36
2 35
2 34
3 44
3 43
3 42
3 41
3 40
3 39
3 38
3 37
3 36
3 35
3 34
4 44
4 43
4 42
4 41
4 40
4 39
4 38
4 37
4 36
4 35
4 34
5 44
5 43
5 42
5 41
5 40
5 39
5 38
5 37
5 36
5 35
5 34
6 44
6 43
6 42
6 41
6 40
6 39
6 38
6 37
6 36
6 35
6 34
7 43
7 42
7 41
7 40
7 39
7 38
7 37
7 36
7 35
7 34
0 44
0 43
0 42
0 41
0 40
0 39
0 38
0 37
0 36
0 35
0 34
0
No
0
No
0
Yes
16 29
17 29
15 29
14 29
13 29
12 29
11 29
10 29
9 29
8 29
8 30
9 30
10 30
11 30
12 30
13 30
14 30
15 30
16 30
17 30
17 31
16 31
15 31
14 31
13 31
12 31
11 31
10 31
9 31
8 31
8 32
9 32
10 32
11 32
12 32
13 32
14 32
15 32
16 32
17 32
17 33
16 33
15 33
14 33
13 33
12 33
11 33
10 33
9 33
8 33
8 34
9 34
10 34
11 34
12 34
13 34
14 34
15 34
16 34
17 34
8 35
9 35
10 35
11 35
12 35
13 35
14 35
15 35
16 35
17 35
8 36
9 36
10 36
11 36
12 36
13 36
14 36
15 36
16 36
17 36
8 37
9 37
10 37
11 37
12 37
13 37
14 37
15 37
16 37
17 37
8 38
9 38
10 38
11 38
12 38
13 38
14 38
15 38
16 38
17 38
0
Yes
24 34
23 34
24 33
23 33
22 34
0
Yes
0 30
0 29
1 29
1 30
2 29
2 30
3 29
3 30
3 31
2 31
1 31
0 31
0 32
1 32
2 32
3 32
3 33
2 33
1 33
0 33
4 33
4 32
4 31
4 30
4 29
5 29
5 30
5 31
5 32
5 33
6 33
6 32
0
Yes
34 44
34 45
34 46
34 47
34 48
34 49
35 49
35 48
35 47
35 46
35 45
35 44
36 44
36 45
36 46
36 47
36 48
36 49
36 43
35 43
34 43
34 42
35 42
36 42
36 41
35 41
34 41
34 40
35 40
36 40
33 40
33 41
33 42
33 43
33 44
33 45
33 46
33 47
33 48
33 49
32 40
32 41
32 42
32 43
32 44
32 45
32 46
32 47
32 48
32 49
31 40
31 41
31 42
31 43
31 44
31 45
31 46
31 47
31 48
31 49
30 40
30 41
30 42
30 43
30 44
30 45
30 46
30 47
30 48
30 49
37 40
37 41
37 42
37 43
37 44
37 45
37 46
37 47
37 48
37 49
38 49
38 48
38 47
38 46
38 45
38 44
38 43
0
Yes
27 30
26 30
26 29
27 29
28 29
29 29
29 28
28 28
27 28
26 28
25 29
25 28
24 29
24 28
23 29
23 28
23 27
24 27
25 27
26 27
27 27
28 27
29 27
23 26
24 26
25 26
26 26
27 26
28 26
29 26
23 25
24 25
25 25
26 25
27 25
28 25
29 25
23 24
24 24
25 24
26 24
27 24
28 24
29 24
23 23
24 23
25 23
26 23
27 23
28 23
29 23
23 22
24 22
25 22
26 22
27 22
28 22
29 22
23 21
24 21
25 21
26 21
27 21
28 21
29 21
29 20
28 20
27 20
26 20
25 20
24 20
23 20
23 19
24 19
25 19
26 19
27 19
28 19
29 19
28 18
27 18
26 18
25 18
24 18
0
No
0
Yes
30 0
30 1
30 2
30 3
30 4
30 5
30 6
30 7
30 8
30 9
30 10
30 11
29 11
29 10
29 9
29 8
29 7
29 6
29 5
29 4
29 3
29 2
29 1
29 0
28 11
28 10
28 9
28 8
28 7
28 6
28 5
28 4
28 3
28 2
28 1
28 0
27 11
27 10
27 9
27 8
27 7
27 6
27 5
27 4
27 3
27 2
27 1
27 0
26 0
26 1
26 2
26 3
26 4
26 5
26 6
26 7
26 8
26 9
26 10
26 11
31 11
31 10
31 9
31 8
31 7
31 6
31 5
31 4
31 3
31 2
31 1
31 0
32 0
32 1
32 2
32 3
32 4
32 5
32 6
32 7
32 8
32 9
32 10
32 11
33 11
33 10
33 9
33 8
33 7
33 6
33 5
33 4
33 3
33 2
33 1
33 0
34 7
34 6
34 5
34 4
34 3
34 2
34 1
34 0
33 12
32 12
31 12
0
Yes
43 41
43 40
44 40
44 41
45 40
45 41
45 42
44 42
43 42
45 43
44 43
43 43
45 44
44 44
43 44
42 44
42 43
42 42
42 41
42 40
41 44
41 43
41 42
41 41
41 40
0
Yes
17 36
17 37
17 38
17 39
17 40
18 40
18 39
18 38
18 37
18 36
19 40
19 39
19 38
19 37
19 36
20 39
20 38
20 37
20 36
20 35
19 35
18 35
17 35
21 35
21 34
20 34
19 34
18 34
17 34
17 33
18 33
19 33
20 33
21 33
22 33
22 32
21 32
20 32
19 32
18 32
17 32
21 31
20 31
19 31
18 31
17 31
16 31
16 32
16 33
16 34
16 35
16 36
16 37
16 38
16 39
16 40
16 41
15 41
15 40
15 39
15 38
15 37
15 36
15 35
15 34
15 33
15 32
15 31
14 31
14 32
14 33
14 34
14 35
14 36
14 37
14 38
14 39
14 40
14 41
13 41
13 40
13 39
13 38
13 37
13 36
13 35
13 34
13 33
13 32
13 31
12 39
12 38
12 37
12 36
12 35
12 34
12 33
12 32
12 31
11 38
11 37
11 36
11 35
11 34
11 33
11 32
11 31
21 30
20 30
19 30
18 30
17 30
16 30
15 30
14 30
13 30
12 30
11 30
17 29
16 29
15 29
14 29
13 29
12 29
11 29
10 29
10 30
10 31
10 32
10 33
10 34
10 35
10 36
10 37
10 38
9 38
9 37
9 36
0
No
0
Yes
29 48
29 47
29 46
29 45
28 45
28 46
28 47
28 48
27 46
27 47
27 48
26 46
26 47
26 48
25 47
25 48
25 49
26 49
27 49
28 49
29 49
0
Yes
41 4
41 3
41 2
42 2
42 1
41 1
40 1
40 2
40 3
40 4
40 5
39 5
39 4
39 3
39 2
39 1
39 6
38 6
38 5
38 4
38 3
38 2
38 1
37 6
37 5
37 4
37 3
37 2
37 1
36 6
36 5
36 4
36 3
36 2
36 1
35 6
35 5
35 4
35 3
35 2
35 1
35 0
36 0
37 0
38 0
39 0
40 0
41 0
42 0
0
Yes
9 11
9 12
9 13
9 14
8 14
8 13
8 12
8 11
7 11
6 11
5 11
9 15
9 16
8 16
8 17
9 17
8 18
9 18
5 10
6 10
7 10
8 10
9 10
4 10
4 9
5 9
6 9
7 9
8 9
9 9
5 8
4 8
6 8
7 8
8 8
9 8
6 7
7 7
8 7
9 7
3 8
3 9
3 10
10 15
10 16
10 17
10 18
11 16
11 17
11 18
10 11
10 10
10 9
10 8
10 7
11 10
11 9
11 8
11 7
12 9
12 8
12 7
13 7
13 8
13 9
12 6
11 6
10 6
10 5
11 5
12 5
0
Yes
23 28
23 29
24 29
24 28
25 29
25 28
23 27
24 27
25 27
23 26
24 26
25 26
23 25
24 25
25 25
23 24
24 24
25 24
26 24
26 25
26 26
26 27
26 28
26 29
0
No
0
No
0
No
1
84
8 18
8 19
8 20
9 20
9 19
9 18
10 20
10 19
10 18
11 20
11 19
11 18
8 17
9 17
10 17
11 17
11 16
10 16
9 16
8 16
10 15
9 15
12 17
12 18
12 19
12 20
13 20
13 19
13 18
13 17
14 17
14 18
Yes
4 29
5 29
6 29
7 29
8 29
9 29
9 30
8 30
7 30
6 30
5 30
4 30
9 31
8 31
7 31
6 31
5 31
4 31
9 32
8 32
7 32
6 32
5 32
4 32
9 33
8 33
7 33
6 33
5 33
4 33
9 34
8 34
7 34
6 34
5 34
4 34
9 35
8 35
7 35
6 35
5 35
4 35
8 36
7 36
6 36
5 36
4 36
8 37
7 37
6 37
5 37
4 37
8 38
7 38
6 38
5 38
4 38
8 39
7 39
6 39
5 39
4 39
3 29
3 30
3 31
3 32
3 33
3 34
3 35
3 36
3 37
3 38
3 39
2 29
2 30
2 31
2 32
2 33
2 34
2 35
2 36
2 37
2 38
2 39
1 29
1 30
1 31
1 32
1 33
1 34
1 35
1 36
1 37
1 38
1 39
0 29
0 30
0 31
0 32
0 33
0 34
0 35
0 36
0 37
0 38
0 39
8 40
7 40
6 40
5 40
4 40
3 40
2 40
1 40
0 40
7 41
6 41
5 41
4 41
3 41
2 41
1 41
0 41
7 42
6 42
0
No
0
No
0
Yes
8 7
9 7
7 7
6 7
6 8
7 8
8 8
9 8
9 9
8 9
7 9
6 9
5 8
5 9
4 8
4 9
3 8
3 9
3 10
4 10
5 10
6 10
7 10
8 10
9 10
5 11
6 11
7 11
8 11
9 11
10 11
10 10
10 9
10 8
0
No
0
Yes
26 18
26 19
26 20
26 21
26 22
27 22
27 21
27 20
27 19
27 18
27 17
26 17
27 16
26 16
25 16
25 17
25 18
25 19
25 20
25 21
25 22
24 18
24 19
24 20
24 21
24 22
23 19
23 20
23 21
23 22
23 23
24 23
25 23
26 23
27 23
28 18
28 19
28 20
28 21
28 22
28 23
29 19
29 20
29 21
29 22
29 23
30 21
30 22
30 23
31 21
31 22
31 23
31 24
30 24
29 24
28 24
27 24
27 25
28 25
29 25
30 25
31 25
32 25
33 25
34 25
35 25
35 26
34 26
33 26
32 26
31 26
30 26
29 26
28 26
27 26
27 27
28 27
29 27
30 27
31 27
32 27
33 27
34 27
35 27
36 27
27 28
28 28
29 28
30 28
31 28
32 28
33 28
34 28
35 28
36 28
27 29
28 29
29 29
30 29
31 29
32 29
33 29
34 29
35 29
36 29
29 30
30 30
31 30
32 30
33 30
34 30
35 30
36 30
29 31
30 31
31 31
32 31
33 31
34 31
35 31
36 31
29 32
30 32
31 32
32 32
33 32
34 32
35 32
36 32
37 28
37 29
37 30
37 31
37 32
38 28
38 29
38 30
0
Yes
31 34
31 33
32 33
32 34
33 33
33 34
30 33
30 34
30 35
31 35
32 35
33 35
33 36
32 36
31 36
30 36
30 37
31 37
32 37
33 37
30 38
31 38
32 38
33 38
34 33
34 34
34 35
34 36
34 37
34 38
35 33
35 34
35 35
35 36
35 37
35 38
0
No
0
No
0
No
0
Yes
9 17
8 17
8 16
9 16
9 15
10 15
10 16
10 17
11 16
11 17
12 17
9 14
8 14
9 13
8 13
7 13
8 12
9 12
8 18
9 18
10 18
11 18
12 18
8 19
9 19
10 19
11 19
12 19
8 20
9 20
10 20
11 20
12 20
13 20
13 19
13 18
13 17
14 18
14 17
15 17
15 16
9 11
8 11
10 11
7 11
6 11
5 11
5 10
6 10
7 10
8 10
9 10
10 10
11 10
4 10
3 10
3 9
4 9
5 9
6 9
7 9
8 9
9 9
10 9
11 9
12 9
5 8
6 8
7 8
8 8
9 8
10 8
11 8
12 8
4 8
3 8
2 8
2 7
1 7
4 7
4 6
13 8
13 9
13 10
14 9
13 7
12 7
11 7
10 7
9 7
8 7
7 7
6 7
14 7
6 6
6 5
8 6
8 5
10 6
11 6
12 6
12 5
11 5
10 5
0 7
0 8
0
No
0
No
0
No
1
54
37 2
37 3
37 4
37 5
38 5
38 4
38 3
38 2
39 2
39 3
39 4
39 5
40 5
40 4
40 3
40 2
40 1
39 1
38 1
37 1
37 0
38 0
39 0
40 0
36 0
36 1
36 2
36 3
36 4
36 5
35 5
35 4
35 3
35 2
35 1
35 0
Yes
47 28
47 29
47 30
47 31
48 31
48 30
48 29
48 28
46 31
46 30
46 29
46 28
45 31
45 30
45 29
45 28
44 31
44 30
44 29
44 28
44 27
45 27
46 27
47 27
48 27
43 28
43 29
43 30
43 31
43 32
43 33
42 33
42 32
42 31
42 30
42 29
42 28
41 28
41 29
41 30
41 31
41 32
41 33
41 34
41 35
40 29
40 30
40 31
40 32
40 33
40 34
40 35
39 29
39 30
39 31
39 32
39 33
39 34
39 35
38 31
38 32
38 33
38 34
38 35
37 33
37 34
37 35
36 33
36 34
36 35
49 27
49 28
49 29
49 30
49 31
49 32
49 33
48 33
48 34
49 34
45 26
46 26
47 26
48 26
49 26
46 25
47 25
48 25
49 25
48 24
49 24
36 36
37 36
38 36
39 36
40 36
41 36
42 36
42 37
41 37
40 37
39 37
38 37
37 37
36 37
36 38
37 38
38 38
39 38
40 38
41 38
42 38
42 39
41 39
40 39
39 39
38 39
37 39
36 39
38 40
39 40
40 40
0
Yes
48 9
49 9
48 8
49 8
0
No
0
No
0
Yes
15 42
14 42
15 43
14 43
13 43
13 44
14 44
15 44
0
Yes
45 49
44 49
44 48
45 48
44 47
45 47
44 46
45 46
44 45
45 45
46 45
46 46
46 47
46 48
46 49
46 44
46 43
47 43
47 44
47 45
47 46
47 47
47 48
47 49
48 49
48 48
48 47
48 46
48 45
48 44
48 43
49 43
49 44
49 45
49 46
49 47
49 48
49 49
0
Yes
7 49
8 49
8 48
7 48
8 47
7 47
8 46
7 46
6 46
6 47
6 48
6 49
6 45
5 45
5 46
5 47
5 48
5 49
4 49
4 48
4 47
4 46
4 45
3 45
3 46
3 47
3 48
3 49
2 49
2 48
2 47
2 46
2 45
1 45
1 46
1 47
1 48
1 49
0 49
0 48
0 47
0 46
0 45
6 44
5 44
4 44
3 44
2 44
1 44
0 44
6 43
5 43
4 43
3 43
2 43
1 43
0 43
5 42
4 42
3 42
2 42
0
No
0
Yes
48 21
47 21
47 20
48 20
49 20
49 21
0
Yes
3 20
3 21
3 22
3 23
3 24
3 25
3 26
3 27
4 27
4 26
4 25
4 24
4 23
4 22
4 21
4 20
4 19
3 19
3 18
2 18
2 19
2 20
2 21
2 22
2 23
2 24
2 25
2 26
2 27
1 18
1 19
1 20
1 21
1 22
1 23
1 24
1 25
1 26
1 27
0 19
0 20
0 21
0 22
0 23
0 24
0 25
0 26
0 27
5 19
5 20
5 21
5 22
5 23
5 24
5 25
5 26
5 27
6 19
6 20
6 21
6 22
6 23
6 24
6 25
6 26
6 27
7 19
7 20
7 21
7 22
7 23
7 24
7 25
7 26
0
Yes
27 47
27 46
26 46
26 47
25 47
25 48
26 48
27 48
25 49
26 49
27 49
28 49
28 48
28 47
28 46
28 45
29 45
29 46
29 47
29 48
0
Yes
38 9
38 10
38 11
38 12
38 13
38 14
39 14
39 13
39 12
39 11
39 10
39 9
39 15
38 15
37 15
37 14
37 13
37 12
37 11
37 10
37 9
36 15
36 14
36 13
36 12
36 11
36 10
36 9
35 15
35 14
35 13
35 12
35 11
35 10
35 9
0
Yes
12 19
12 20
11 20
11 19
10 20
10 19
9 20
9 19
9 18
10 18
11 18
12 18
12 17
11 17
10 17
9 17
8 20
8 19
8 18
8 17
13 20
13 19
13 18
0
No
1
125
34 33
35 33
35 34
34 34
35 35
34 35
35 36
34 36
33 33
33 34
33 35
33 36
32 33
32 34
32 35
32 36
31 33
31 34
31 35
31 36
30 33
30 34
30 35
Yes
11 10
11 9
12 9
13 9
13 8
12 8
11 8
13 7
12 7
11 7
12 6
11 6
12 5
11 5
10 5
10 6
10 7
10 8
10 9
10 10
10 11
9 7
9 8
9 9
9 10
9 11
9 12
9 13
9 14
8 14
8 13
8 12
8 11
8 10
8 9
8 8
8 7
7 7
7 8
7 9
7 10
7 11
6 7
6 8
6 9
6 10
6 11
5 11
5 10
5 9
5 8
4 8
4 9
4 10
3 10
3 9
3 8
9 15
10 15
10 16
9 16
13 10
14 9
0
No
0
No
0
Yes
14 18
14 17
13 17
13 18
12 17
12 18
11 17
11 18
10 17
10 18
9 17
9 18
8 17
8 18
8 19
9 19
10 19
11 19
12 19
13 19
14 19
8 20
9 20
10 20
11 20
12 20
13 20
14 20
8 21
9 21
10 21
11 21
12 21
13 21
14 21
8 22
9 22
10 22
11 22
12 22
13 22
14 22
8 23
9 23
10 23
11 23
12 23
13 23
14 23
8 24
9 24
10 24
11 24
12 24
13 24
14 24
8 25
9 25
10 25
11 25
12 25
13 25
14 25
8 26
9 26
10 26
11 26
12 26
13 26
14 26
15 19
15 20
15 21
15 22
15 23
15 24
15 25
15 26
0
Yes
29 20
29 19
28 19
28 20
28 18
27 18
27 19
27 20
27 17
27 16
26 16
26 17
26 18
26 19
26 20
25 16
25 17
25 18
25 19
25 20
24 18
24 19
24 20
23 19
23 20
22 20
22 21
23 21
24 21
25 21
26 21
27 21
28 21
29 21
30 21
31 21
31 22
30 22
29 22
28 22
27 22
26 22
25 22
24 22
23 22
22 22
23 23
24 23
25 23
26 23
27 23
28 23
29 23
30 23
31 23
22 23
1
131
18 21
18 22
19 22
19 21
20 21
20 22
20 20
19 20
18 20
19 19
18 19
17 19
17 20
17 21
17 22
16 19
16 20
16 21
16 22
21 21
21 22
16 23
17 23
18 23
19 23
20 23
21 23
16 24
17 24
18 24
19 24
20 24
21 24
16 25
17 25
18 25
19 25
20 25
21 25
16 26
17 26
18 26
19 26
20 26
21 26
21 27
20 27
19 27
18 27
17 27
16 27
16 28
17 28
18 28
19 28
20 28
Yes
32 26
32 25
33 25
33 26
34 25
34 26
35 25
35 26
35 27
34 27
33 27
32 27
36 27
31 27
31 26
31 25
31 24
31 23
31 22
31 21
30 21
30 22
30 23
30 24
30 25
30 26
30 27
29 27
29 26
29 25
29 24
29 23
29 22
29 21
29 20
29 19
28 19
28 20
28 21
28 22
28 23
28 24
28 25
28 26
28 27
28 18
27 27
27 26
27 25
27 24
27 23
27 22
27 21
27 20
27 19
27 18
27 17
27 16
26 16
26 17
26 18
26 19
26 20
26 21
26 22
26 23
25 16
25 17
25 18
25 19
25 20
25 21
25 22
25 23
24 18
24 19
24 20
24 21
24 22
24 23
23 19
23 20
23 21
23 22
23 23
22 23
22 22
22 21
22 20
27 28
28 28
29 28
30 28
31 28
32 28
33 28
34 28
35 28
36 28
27 29
28 29
29 29
30 29
31 29
32 29
33 29
34 29
35 29
36 29
29 30
30 30
31 30
32 30
33 30
34 30
35 30
36 30
29 31
30 31
31 31
32 31
33 31
34 31
35 31
36 31
36 32
35 32
34 32
33 32
32 32
31 32
30 32
29 32
37 32
37 31
37 30
37 29
37 28
38 28
38 29
38 30
35 33
34 33
33 33
32 33
0
Yes
43 10
43 11
44 11
44 10
44 12
43 12
43 13
44 13
42 12
42 11
42 10
42 9
43 9
44 9
44 8
43 8
42 8
41 8
41 9
41 10
41 11
41 12
41 13
40 13
40 12
40 11
40 10
40 9
0
Yes
13 45
13 44
13 43
14 43
14 44
14 45
14 46
14 42
15 42
15 43
15 44
15 45
15 46
0
Yes
0 36
1 36
2 36
3 36
4 36
5 36
6 36
7 36
8 36
8 35
7 35
6 35
5 35
4 35
3 35
2 35
1 35
0 35
9 35
9 34
8 34
7 34
6 34
5 34
4 34
3 34
2 34
1 34
0 34
9 33
8 33
7 33
6 33
5 33
4 33
3 33
2 33
1 33
0 33
9 32
8 32
7 32
6 32
5 32
4 32
3 32
2 32
1 32
0 32
9 31
8 31
7 31
6 31
5 31
4 31
3 31
2 31
1 31
0 31
9 30
8 30
7 30
6 30
5 30
4 30
3 30
2 30
1 30
0 30
9 29
8 29
7 29
6 29
5 29
4 29
3 29
2 29
1 29
0 29
0 28
1 28
2 28
3 28
4 28
5 28
6 28
0
Yes
46 25
47 25
47 26
46 26
45 26
45 27
46 27
47 27
44 27
44 28
45 28
46 28
47 28
43 28
42 28
41 28
41 29
42 29
43 29
44 29
45 29
46 29
47 29
40 29
39 29
48 29
48 28
48 27
48 26
48 25
48 24
49 24
49 25
49 26
49 27
49 28
49 29
39 30
40 30
41 30
42 30
43 30
44 30
45 30
46 30
47 30
48 30
49 30
48 31
47 31
46 31
45 31
44 31
43 31
42 31
41 31
40 31
39 31
49 31
38 31
38 32
39 32
40 32
41 32
42 32
43 32
43 33
42 33
41 33
40 33
39 33
0
No
0
Yes
24 11
25 11
25 12
26 12
26 11
26 10
25 10
24 10
23 10
22 10
21 10
20 10
20 9
21 9
22 9
23 9
24 9
25 9
26 9
20 8
21 8
22 8
23 8
24 8
25 8
26 8
22 7
23 7
24 7
25 7
26 7
26 6
26 5
26 4
26 3
26 2
26 1
26 0
27 11
27 10
27 9
27 8
27 7
27 6
27 5
27 4
27 3
27 2
27 1
27 0
28 11
28 10
28 9
28 8
28 7
28 6
28 5
28 4
28 3
28 2
28 1
28 0
29 11
29 10
29 9
29 8
29 7
29 6
29 5
29 4
29 3
29 2
29 1
29 0
30 11
30 10
30 9
30 8
30 7
30 6
30 5
30 4
30 3
30 2
30 1
30 0
31 0
31 1
31 2
31 3
31 4
31 5
31 6
31 7
31 8
31 9
31 10
31 11
31 12
32 12
32 11
32 10
32 9
32 8
32 7
32 6
32 5
32 4
32 3
32 2
32 1
32 0
33 12
33 11
33 10
33 9
33 8
33 7
33 6
33 5
33 4
33 3
33 2
33 1
33 0
34 10
34 9
0
Yes
25 23
25 24
25 25
26 25
26 24
26 23
27 23
27 24
27 25
28 25
28 24
28 23
29 23
29 24
29 25
30 25
30 24
30 23
30 22
29 22
28 22
27 22
26 22
25 22
30 21
29 21
28 21
27 21
26 21
25 21
29 20
28 20
27 20
26 20
25 20
29 19
28 19
27 19
26 19
25 19
28 18
27 18
26 18
25 18
24 18
24 19
24 20
24 21
24 22
24 23
24 24
24 25
23 19
23 20
23 21
23 22
23 23
23 24
23 25
22 20
22 21
22 22
22 23
22 24
22 25
25 17
26 17
27 17
27 16
26 16
25 16
22 26
23 26
24 26
25 26
26 26
27 26
28 26
29 26
30 26
22 27
23 27
24 27
25 27
26 27
27 27
28 27
29 27
30 27
22 28
23 28
24 28
25 28
26 28
27 28
28 28
29 28
30 28
23 29
24 29
25 29
26 29
27 29
28 29
29 29
30 29
27 30
0
Yes
35 29
35 30
35 31
36 31
36 30
36 29
37 31
37 30
37 29
38 30
38 29
38 28
37 28
36 28
35 28
36 27
35 27
35 26
35 25
35 24
36 24
36 23
35 23
35 22
36 22
37 22
37 21
36 21
35 21
35 20
36 20
37 20
38 20
38 19
37 19
36 19
35 19
38 18
37 18
36 18
35 18
34 18
34 19
34 20
34 21
34 22
34 23
34 24
34 25
34 26
34 27
34 28
34 29
34 30
34 31
33 18
33 19
33 20
33 21
33 22
33 23
33 24
33 25
33 26
33 27
33 28
33 29
33 30
33 31
32 19
32 20
32 21
32 22
32 23
32 24
32 25
32 26
32 27
32 28
32 29
32 30
32 31
31 21
31 22
31 23
31 24
31 25
31 26
31 27
31 28
31 29
31 30
31 31
35 17
36 17
30 30
30 31
29 30
29 31
29 32
30 32
31 32
32 32
33 32
0
Yes
15 47
15 48
14 48
14 49
15 49
16 49
16 48
16 47
17 47
17 48
17 49
18 49
18 48
18 47
0
Yes
8 38
8 37
7 37
7 38
6 37
6 38
5 37
5 38
4 37
4 38
3 37
3 38
2 37
2 38
1 37
1 38
0 37
0 38
8 39
7 39
6 39
5 39
4 39
3 39
2 39
1 39
0 39
8 40
7 40
6 40
5 40
4 40
3 40
2 40
1 40
0 40
2 41
3 41
4 41
5 41
6 41
7 41
0
Yes
14 46
15 46
16 46
16 45
15 45
14 45
13 45
13 44
14 44
15 44
13 43
14 43
15 43
0
Yes
25 48
25 47
25 49
26 49
26 48
26 47
26 46
27 46
27 47
27 48
0
No
0
Yes
49 30
49 31
49 32
48 31
48 30
47 31
47 30
46 31
46 30
45 31
45 30
44 31
44 30
44 29
45 29
46 29
47 29
48 29
49 29
49 28
48 28
47 28
46 28
45 28
44 28
44 27
45 27
46 27
47 27
48 27
49 27
45 26
46 26
47 26
48 26
49 26
46 25
47 25
48 25
49 25
49 33
48 33
48 34
49 34
48 24
49 24
43 28
43 29
0
Yes
39 17
40 17
40 16
39 16
38 16
40 15
39 15
38 15
0
Yes
36 5
36 6
36 7
36 8
36 9
35 9
35 8
35 7
35 6
35 5
35 10
36 10
35 11
36 11
35 12
36 12
35 13
36 13
35 14
36 14
35 15
36 15
37 15
37 14
37 13
37 12
37 11
37 10
37 9
37 8
37 7
37 6
37 5
38 14
38 13
38 12
38 11
38 10
38 9
38 8
38 7
38 6
38 5
39 14
39 13
39 12
39 11
39 10
39 9
39 8
39 7
39 6
39 5
40 5
40 7
40 8
40 9
40 10
40 11
40 12
40 13
41 13
41 12
41 11
41 10
41 9
41 8
42 8
42 9
42 10
42 11
42 12
43 8
43 9
43 10
43 11
43 12
43 13
40 4
39 4
38 4
37 4
36 4
35 4
41 4
41 3
40 3
39 3
38 3
37 3
36 3
35 3
35 2
36 2
37 2
38 2
39 2
40 2
41 2
42 2
43 2
43 1
42 1
41 1
40 1
39 1
38 1
37 1
36 1
35 1
35 0
36 0
37 0
38 0
39 0
40 0
41 0
42 0
43 0
44 2
44 1
44 0
44 13
44 12
44 11
44 10
44 9
44 8
34 8
34 7
34 6
34 5
34 4
34 3
34 2
34 1
34 0
45 8
45 9
45 10
46 10
46 9
46 8
47 8
0
Yes
29 19
29 20
29 21
30 21
28 21
28 20
28 19
28 18
27 18
27 19
27 20
27 21
27 17
27 16
26 16
26 17
26 18
26 19
26 20
26 21
25 16
25 17
25 18
25 19
25 20
25 21
24 18
24 19
24 20
24 21
23 19
23 20
23 21
22 20
22 21
21 21
30 22
29 22
28 22
27 22
26 22
25 22
24 22
23 22
22 22
21 22
30 23
29 23
28 23
27 23
26 23
25 23
24 23
23 23
22 23
21 23
30 24
29 24
28 24
27 24
26 24
25 24
24 24
23 24
22 24
21 24
30 25
29 25
28 25
27 25
26 25
25 25
24 25
23 25
22 25
21 25
0
Yes
38 49
38 48
38 47
38 46
38 45
38 44
37 44
37 45
37 46
37 47
37 48
37 49
36 49
36 48
36 47
36 46
36 45
36 44
35 44
35 45
35 46
35 47
35 48
35 49
34 49
34 48
34 47
34 46
34 45
34 44
33 44
33 45
33 46
33 47
33 48
33 49
32 49
32 48
32 47
32 46
32 45
32 44
31 44
31 45
31 46
31 47
31 48
0
Yes
25 47
25 48
26 48
26 47
26 46
27 46
27 47
27 48
25 49
26 49
27 49
0
No
0
Yes
27 30
26 30
26 29
27 29
28 29
29 29
30 29
30 28
29 28
28 28
27 28
26 28
30 27
29 27
28 27
27 27
26 27
25 29
25 28
25 27
30 26
29 26
28 26
27 26
26 26
25 26
24 26
24 27
24 28
24 29
23 29
23 28
23 27
23 26
22 28
22 27
22 26
0
Yes
6 49
7 49
8 49
8 48
7 48
6 48
8 47
7 47
6 47
8 46
7 46
6 46
0
Yes
28 49
28 48
28 47
28 46
28 45
29 45
29 46
29 47
29 48
29 49
30 49
30 48
30 47
0
Yes
33 7
33 8
33 6
33 5
33 4
33 3
33 2
33 1
33 0
32 0
32 1
32 2
32 3
32 4
32 5
32 6
32 7
32 8
31 8
31 7
31 6
31 5
31 4
31 3
31 2
31 1
31 0
30 0
30 1
30 2
30 3
30 4
30 5
30 6
30 7
30 8
30 9
31 9
32 9
33 9
34 9
34 10
33 10
32 10
31 10
30 10
30 11
31 11
32 11
33 11
33 12
32 12
31 12
29 11
29 10
29 9
29 8
29 7
29 6
29 5
29 4
29 3
29 2
29 1
29 0
28 11
28 10
28 9
28 8
28 7
28 6
28 5
28 4
28 3
28 2
28 1
28 0
27 11
27 10
27 9
27 8
27 7
27 6
27 5
27 4
27 3
27 2
27 1
27 0
26 0
26 1
26 2
26 3
26 4
26 5
26 6
26 7
26 8
26 9
26 10
26 11
26 12
25 12
25 11
25 10
25 9
25 8
25 7
0
Yes
20 8
20 9
20 10
21 10
21 9
21 8
22 10
22 9
22 8
0
Yes
46 43
46 42
47 42
47 43
48 42
48 43
49 42
49 43
46 44
47 44
48 44
49 44
49 45
48 45
47 45
46 45
46 46
47 46
48 46
49 46
49 47
48 47
0
Yes
0 48
0 49
1 49
1 48
2 48
2 49
3 49
3 48
4 48
4 49
5 49
5 48
5 47
4 47
3 47
2 47
1 47
0 47
5 46
4 46
3 46
0
Yes
17 22
16 22
16 23
17 23
16 21
17 21
16 20
17 20
16 19
17 19
18 19
18 20
18 21
18 22
18 23
19 19
19 20
19 21
19 22
19 23
20 20
20 21
20 22
20 23
20 24
19 24
18 24
17 24
16 24
16 25
17 25
18 25
19 25
20 25
16 26
17 26
18 26
19 26
0
Yes
6 45
6 44
6 43
7 43
7 42
6 42
5 42
5 43
5 44
5 45
4 45
4 44
4 43
4 42
3 42
3 43
3 44
3 45
0
Yes
31 49
31 48
31 47
32 47
32 48
32 49
33 49
33 48
33 47
34 47
34 48
34 49
35 49
35 48
35 47
36 47
36 48
36 49
37 49
37 48
37 47
38 47
38 48
38 49
39 49
39 48
39 47
40 47
40 48
40 49
41 49
41 48
41 47
42 47
42 48
42 49
43 49
43 48
43 47
44 47
44 48
44 49
44 46
43 46
42 46
41 46
40 46
39 46
38 46
37 46
36 46
35 46
34 46
33 46
32 46
31 46
41 45
42 45
43 45
44 45
40 45
39 45
38 45
37 45
36 45
35 45
34 45
33 45
32 45
31 45
40 44
39 44
38 44
37 44
36 44
35 44
34 44
33 44
32 44
31 44
40 43
39 43
38 43
37 43
36 43
35 43
34 43
33 43
32 43
31 43
40 42
39 42
38 42
37 42
36 42
35 42
34 42
33 42
32 42
31 42
40 41
39 41
38 41
37 41
36 41
35 41
34 41
33 41
32 41
31 41
45 45
45 46
45 47
0
Yes
20 0
20 1
20 2
20 3
20 4
20 5
21 5
21 4
21 3
21 2
21 1
21 0
22 5
22 4
22 3
22 2
22 1
22 0
19 4
19 3
19 2
19 1
19 0
18 4
18 3
18 2
18 1
18 0
17 0
17 1
17 2
17 3
17 4
17 5
16 5
16 4
16 3
16 2
16 1
16 0
16 6
23 0
23 1
23 2
23 3
23 4
23 5
23 6
24 6
24 5
24 4
24 3
24 2
24 1
24 0
25 6
25 5
25 4
25 3
25 2
25 1
25 0
15 6
15 5
15 4
15 3
15 2
15 1
15 0
14 6
14 5
14 4
14 3
14 2
14 1
14 0
13 6
13 5
13 4
13 3
13 2
13 1
13 0
14 7
0
Yes
38 20
38 19
38 18
37 18
37 19
37 20
37 21
37 22
36 22
36 21
36 20
36 19
36 18
36 17
35 17
35 18
35 19
35 20
35 21
35 22
34 18
34 19
34 20
34 21
34 22
33 18
33 19
33 20
33 21
33 22
32 19
32 20
32 21
32 22
31 21
31 22
31 23
32 23
33 23
34 23
35 23
36 23
36 24
35 24
34 24
33 24
32 24
31 24
31 25
32 25
33 25
34 25
35 25
35 26
34 26
33 26
32 26
31 26
31 27
32 27
33 27
34 27
35 27
0
Yes
45 2
45 3
45 4
45 1
46 1
46 2
46 3
46 4
47 4
47 3
47 2
47 1
48 1
48 2
48 3
48 4
49 4
49 3
49 2
49 1
45 0
46 0
47 0
48 0
49 0
45 5
46 5
47 5
48 5
49 5
45 6
46 6
47 6
0
Yes
30 39
30 40
30 41
30 42
30 43
30 44
29 44
29 43
29 42
29 41
29 40
29 39
28 44
28 43
28 42
28 41
28 40
28 39
27 44
27 43
27 42
27 41
27 40
27 39
26 44
26 43
26 42
26 41
26 40
26 39
25 44
25 43
25 42
25 41
25 40
25 39
25 38
26 38
27 38
28 38
29 38
30 38
30 37
29 37
28 37
27 37
26 37
25 37
25 36
26 36
27 36
28 36
29 36
30 36
27 35
26 35
25 35
28 35
29 35
30 35
24 44
24 43
24 42
24 41
24 40
24 39
0
No
0
Yes
2 18
3 18
1 18
1 19
2 19
3 19
4 19
0 19
0 20
1 20
2 20
3 20
4 20
4 21
3 21
2 21
1 21
0 21
0 22
1 22
2 22
3 22
4 22
4 23
3 23
2 23
1 23
0 23
0 24
1 24
2 24
3 24
4 24
4 25
3 25
2 25
1 25
0 25
0
Yes
1 35
1 36
2 36
2 35
3 36
3 35
4 36
4 35
0 36
0 35
0 34
1 34
2 34
3 34
4 34
4 33
3 33
2 33
1 33
0 33
0 32
1 32
2 32
3 32
4 32
4 31
3 31
2 31
1 31
0 31
0
Yes
1 33
1 34
1 35
1 36
1 37
1 38
1 39
1 40
1 41
2 41
2 40
2 39
2 38
2 37
2 36
2 35
2 34
2 33
3 41
3 40
3 39
3 38
3 37
3 36
3 35
3 34
3 33
4 41
4 40
4 39
4 38
4 37
4 36
4 35
4 34
4 33
5 41
5 40
5 39
5 38
5 37
5 36
5 35
5 34
5 33
6 41
6 40
6 39
6 38
6 37
6 36
6 35
6 34
6 33
7 41
7 40
7 39
7 38
7 37
7 36
7 35
7 34
7 33
8 40
8 39
8 38
8 37
8 36
8 35
8 34
8 33
8 32
7 32
6 32
5 32
4 32
3 32
2 32
1 32
1 31
2 31
3 31
4 31
5 31
6 31
7 31
8 31
0 31
0 32
0 33
0 34
0 35
0 36
0 37
0 38
0 39
0 40
0 41
0
Yes
24 38
24 37
24 36
24 35
24 34
24 33
23 33
23 34
23 35
23 36
23 37
23 38
23 39
22 39
22 38
22 37
22 36
22 35
22 34
22 33
21 39
21 38
21 37
21 36
21 35
21 34
21 33
20 39
20 38
20 37
20 36
20 35
20 34
20 33
19 33
19 34
19 35
19 36
19 37
19 38
19 39
18 39
18 38
18 37
18 36
18 35
18 34
18 33
17 33
17 34
17 35
17 36
17 37
17 38
17 39
16 39
16 38
16 37
16 36
16 35
16 34
16 33
15 33
15 34
15 35
15 36
15 37
15 38
15 39
22 32
21 32
20 32
19 32
18 32
17 32
16 32
15 32
21 31
20 31
19 31
18 31
17 31
16 31
15 31
21 30
20 30
19 30
18 30
17 30
16 30
15 30
0
No
0
Yes
26 2
26 3
26 4
26 5
26 6
26 7
27 7
27 6
27 5
27 4
27 3
27 2
28 2
28 3
28 4
28 5
28 6
28 7
29 7
29 6
29 5
29 4
29 3
29 2
30 2
30 3
30 4
30 5
30 6
30 7
31 7
31 6
31 5
31 4
31 3
31 2
32 2
32 3
32 4
32 5
32 6
32 7
26 1
27 1
28 1
29 1
30 1
31 1
32 1
26 0
27 0
28 0
29 0
30 0
31 0
32 0
32 8
31 8
30 8
29 8
28 8
27 8
26 8
0
Yes
17 4
17 5
16 5
16 4
16 6
15 6
15 5
15 4
15 3
16 3
17 3
17 2
16 2
15 2
15 1
16 1
17 1
17 0
16 0
15 0
14 0
14 1
14 2
14 3
14 4
14 5
14 6
13 4
13 5
13 6
13 3
13 2
13 1
13 0
0
Yes
24 3
25 3
25 4
24 4
25 5
24 5
25 6
24 6
23 6
23 5
23 4
23 3
22 5
22 4
22 3
21 5
21 4
21 3
20 5
20 4
20 3
19 4
19 3
18 4
18 3
18 2
19 2
20 2
21 2
22 2
23 2
24 2
25 2
25 1
24 1
23 1
22 1
21 1
20 1
19 1
18 1
18 0
19 0
20 0
21 0
22 0
23 0
24 0
25 0
23 7
24 7
25 7
25 8
24 8
23 8
0
Yes
9 9
9 10
10 10
10 9
11 10
11 9
12 9
12 8
11 8
10 8
9 8
9 7
10 7
11 7
12 7
12 6
11 6
10 6
10 5
11 5
12 5
8 7
8 8
8 9
8 10
7 7
7 8
7 9
7 10
6 7
6 8
6 9
6 10
13 7
13 8
13 9
10 11
9 11
8 11
7 11
6 11
5 11
5 10
5 9
5 8
4 8
4 9
4 10
3 10
0
Yes
39 6
39 7
38 7
38 6
38 5
39 5
39 4
38 4
38 3
39 3
39 2
38 2
38 1
39 1
39 0
38 0
37 0
37 1
37 2
37 3
37 4
37 5
37 6
37 7
36 7
36 6
36 5
36 4
36 3
36 2
36 1
36 0
35 0
35 1
35 2
35 3
35 4
35 5
35 6
35 7
34 7
34 6
34 5
34 4
34 3
34 2
34 1
34 0
33 0
33 1
33 2
33 3
33 4
33 5
33 6
33 7
33 8
34 8
35 8
36 8
37 8
38 8
39 8
39 9
38 9
37 9
36 9
35 9
0
Yes
35 23
36 23
36 22
35 22
37 22
37 21
36 21
35 21
35 20
36 20
37 20
37 19
36 19
35 19
37 18
36 18
35 18
35 17
36 17
34 18
34 19
34 20
34 21
34 22
34 23
33 18
33 19
33 20
33 21
33 22
33 23
32 19
32 20
32 21
32 22
32 23
38 18
38 19
38 20
36 24
35 24
34 24
33 24
32 24
35 25
34 25
33 25
32 25
35 26
34 26
33 26
0
Yes
18 46
17 46
18 47
17 47
16 47
15 47
18 48
17 48
16 48
15 48
18 49
17 49
16 49
15 49
0
Yes
36 1
36 2
36 3
36 4
36 5
36 6
37 6
37 5
37 4
37 3
37 2
37 1
38 1
38 2
38 3
38 4
38 5
38 6
39 6
39 5
39 4
39 3
39 2
39 1
40 5
40 4
40 3
40 2
40 1
41 4
41 3
41 2
41 1
41 0
40 0
39 0
38 0
37 0
36 0
35 0
35 1
35 2
35 3
35 4
35 5
35 6
34 6
34 5
34 4
34 3
34 2
34 1
34 0
33 0
33 1
33 2
33 3
33 4
33 5
33 6
0
Yes
2 27
2 28
2 29
2 30
3 30
3 29
3 28
3 27
4 30
4 29
4 28
4 27
1 30
1 29
1 28
1 27
0 30
0 29
0 28
0 27
5 30
5 29
5 28
5 27
0
Yes
40 16
40 17
39 17
39 16
38 16
40 15
39 15
38 15
37 15
39 14
38 14
37 14
37 13
38 13
39 13
40 13
41 13
41 12
40 12
39 12
38 12
37 12
37 11
38 11
39 11
40 11
41 11
41 10
40 10
39 10
38 10
37 10
37 9
38 9
39 9
40 9
41 9
41 8
40 8
39 8
38 8
37 8
40 7
39 7
38 7
37 7
36 7
36 8
36 9
36 10
36 11
36 12
36 13
36 14
36 15
35 15
35 14
35 13
35 12
35 11
35 10
35 9
35 8
35 7
34 7
0
Yes
20 35
20 36
20 37
20 38
20 39
21 39
21 38
21 37
21 36
21 35
22 39
22 38
22 37
22 36
22 35
23 39
23 38
23 37
23 36
23 35
24 38
24 37
24 36
24 35
24 34
23 34
22 34
21 34
20 34
24 33
23 33
22 33
21 33
20 33
19 33
19 34
19 35
19 36
19 37
19 38
19 39
18 39
18 38
18 37
18 36
18 35
18 34
18 33
17 33
17 34
17 35
17 36
17 37
17 38
17 39
22 32
21 32
20 32
19 32
18 32
17 32
0
Yes
9 35
9 36
9 37
9 34
9 33
9 32
10 32
10 33
10 34
10 35
10 36
10 37
11 37
11 36
11 35
11 34
11 33
11 32
12 32
12 33
12 34
12 35
12 36
12 37
13 37
13 36
13 35
13 34
13 33
13 32
14 32
14 33
14 34
14 35
14 36
14 37
15 37
15 36
15 35
15 34
15 33
15 32
16 32
16 33
16 34
16 35
16 36
16 37
9 31
10 31
11 31
12 31
13 31
14 31
15 31
0
Yes
23 24
24 24
25 24
26 24
27 24
28 24
29 24
29 23
28 23
27 23
26 23
25 23
24 23
23 23
23 22
24 22
25 22
26 22
27 22
28 22
29 22
29 21
28 21
27 21
26 21
25 21
24 21
23 21
29 20
28 20
27 20
26 20
25 20
24 20
23 20
23 19
24 19
25 19
26 19
27 19
28 19
29 19
28 18
27 18
26 18
25 18
24 18
22 20
22 21
22 22
22 23
22 24
21 21
21 22
21 23
21 24
21 25
22 25
23 25
24 25
25 25
26 25
27 25
28 25
29 25
25 17
26 17
27 17
27 16
26 16
25 16
29 26
28 26
27 26
26 26
25 26
24 26
23 26
22 26
21 26
21 27
22 27
23 27
24 27
25 27
26 27
27 27
28 27
29 27
22 28
23 28
24 28
25 28
26 28
27 28
28 28
29 28
23 29
24 29
25 29
26 29
27 29
28 29
0
Yes
47 45
46 45
46 46
47 46
46 47
47 47
47 48
46 48
45 48
45 49
46 49
47 49
48 49
48 48
48 47
48 46
48 45
49 45
49 46
49 47
49 48
49 49
49 44
48 44
47 44
46 44
45 44
44 44
43 44
42 44
41 44
41 43
42 43
43 43
44 43
45 43
46 43
47 43
48 43
49 43
49 42
48 42
47 42
46 42
45 42
44 42
43 42
42 42
41 42
41 41
42 41
43 41
44 41
45 41
45 40
44 40
43 40
42 40
41 40
42 39
41 39
42 38
41 38
42 37
41 37
42 36
41 36
41 35
41 34
40 40
40 39
40 38
40 37
40 36
40 35
40 34
39 40
39 39
39 38
39 37
39 36
39 35
39 34
38 40
38 39
38 38
38 37
38 36
38 35
38 34
37 40
37 39
37 38
37 37
37 36
37 35
37 34
36 40
36 39
36 38
36 37
36 36
36 35
36 34
1
178
16 28
16 27
17 27
17 28
18 27
18 28
19 27
19 28
20 27
20 28
20 29
19 29
18 29
17 29
16 29
15 27
15 28
15 29
15 30
16 30
17 30
18 30
19 30
20 30
21 30
14 30
14 29
14 28
14 27
13 27
13 28
13 29
13 30
12 30
12 29
12 28
12 27
11 27
11 28
11 29
11 30
10 30
10 29
10 28
10 27
21 31
20 31
19 31
18 31
17 31
16 31
Yes
39 31
39 32
39 33
40 33
40 32
40 31
41 33
41 32
41 31
42 33
42 32
42 31
43 33
43 32
43 31
43 30
42 30
41 30
40 30
39 30
39 29
40 29
41 29
42 29
42 28
41 28
38 33
38 32
38 31
38 30
38 29
38 28
37 28
37 29
37 30
37 31
37 32
37 33
36 33
36 32
36 31
36 30
36 29
36 28
36 27
35 27
35 28
35 29
35 30
35 31
35 32
35 33
35 34
35 35
35 26
35 25
35 36
35 37
35 38
35 39
35 40
34 40
34 39
34 38
34 37
34 36
34 35
34 34
34 33
34 32
34 31
34 30
34 29
34 28
34 27
34 26
34 25
33 40
33 39
33 38
33 37
33 36
33 35
33 34
33 33
33 32
33 31
33 30
33 29
33 28
33 27
33 26
33 25
32 40
32 39
32 38
32 37
32 36
32 35
32 34
32 33
32 32
32 31
32 30
32 29
32 28
32 27
32 26
32 25
31 40
31 39
31 38
31 37
31 36
31 35
31 34
31 33
31 32
31 31
31 30
31 29
31 28
31 27
31 26
31 25
30 25
30 26
30 27
30 28
30 29
30 30
30 31
30 32
30 33
30 34
29 29
29 30
29 31
29 32
29 33
29 34
28 34
28 33
30 24
31 24
0
Yes
32 23
32 24
33 24
33 23
34 24
34 23
35 24
35 23
36 24
36 23
36 22
35 22
34 22
33 22
32 22
32 21
33 21
34 21
35 21
36 21
32 20
33 20
34 20
35 20
36 20
32 19
33 19
34 19
35 19
36 19
33 18
34 18
35 18
0
No
0
Yes
30 47
30 48
30 49
30 46
29 46
29 47
29 48
29 49
28 49
28 48
28 47
28 46
27 46
27 47
27 48
27 49
26 46
26 47
26 48
26 49
25 47
25 48
25 49
0
Yes
33 0
33 1
33 2
33 3
33 4
33 5
33 6
34 6
34 5
34 4
34 3
34 2
34 1
34 0
35 6
35 5
35 4
35 3
35 2
35 1
35 0
36 6
36 5
36 4
36 3
36 2
36 1
36 0
37 6
37 5
37 4
37 3
37 2
37 1
37 0
38 6
38 5
38 4
38 3
38 2
38 1
38 0
39 6
39 5
39 4
39 3
39 2
39 1
39 0
40 5
40 4
40 3
40 2
40 1
40 0
41 4
41 3
41 2
0
Yes
2 41
3 41
4 41
5 41
6 41
7 41
7 40
6 40
5 40
4 40
3 40
2 40
8 40
8 39
7 39
6 39
5 39
4 39
3 39
2 39
2 38
3 38
4 38
5 38
6 38
7 38
8 38
8 37
7 37
6 37
5 37
4 37
3 37
2 37
2 36
3 36
4 36
5 36
6 36
7 36
8 36
8 35
7 35
6 35
5 35
4 35
3 35
2 35
2 34
3 34
4 34
5 34
6 34
7 34
8 34
8 33
7 33
6 33
5 33
4 33
3 33
2 33
2 32
3 32
4 32
5 32
6 32
7 32
8 32
1 32
1 33
1 34
1 35
1 36
1 37
1 38
1 39
1 40
1 41
0 41
0 40
0 39
0 38
0 37
0 36
0 35
0 34
0 33
0 32
0 31
1 31
2 31
3 31
4 31
5 31
0
Yes
46 6
45 6
45 5
46 5
45 4
46 4
47 4
47 5
47 6
47 7
46 7
45 7
47 8
46 8
45 8
48 8
48 7
48 6
48 5
48 4
49 4
49 5
49 6
49 7
49 8
49 3
48 3
47 3
46 3
45 3
45 2
46 2
47 2
48 2
49 2
49 1
48 1
47 1
46 1
45 1
45 0
46 0
47 0
48 0
49 0
44 3
44 2
44 1
44 0
0
Yes
2 33
2 34
2 35
2 36
2 37
2 38
2 39
2 40
2 41
2 42
2 43
2 44
2 45
3 45
3 44
3 43
3 42
3 41
3 40
3 39
3 38
3 37
3 36
3 35
3 34
3 33
4 45
4 44
4 43
4 42
4 41
4 40
4 39
4 38
4 37
4 36
4 35
4 34
4 33
5 45
5 44
5 43
5 42
5 41
5 40
5 39
5 38
5 37
5 36
5 35
5 34
5 33
6 44
6 45
6 43
6 42
6 41
6 40
6 39
6 38
6 37
6 36
6 35
6 34
6 33
7 43
7 42
7 41
7 40
7 39
7 38
7 37
7 36
7 35
7 34
7 33
8 40
8 39
8 38
8 37
8 36
8 35
8 34
8 33
1 45
1 44
1 43
1 42
1 41
1 40
1 39
1 38
1 37
1 36
1 35
1 34
1 33
0 33
0 34
0 35
0 36
0 37
0 38
0 39
0 40
0 41
0 42
0 43
0 44
0 45
9 38
9 37
9 36
9 35
9 34
0
Yes
48 24
49 24
49 25
48 25
47 25
46 25
46 26
47 26
48 26
49 26
49 27
48 27
47 27
46 27
46 28
47 28
48 28
49 28
49 29
48 29
47 29
46 29
46 30
47 30
48 30
49 30
45 26
45 27
45 28
45 29
45 30
44 27
44 28
44 29
44 30
44 31
45 31
46 31
47 31
48 31
49 31
49 32
43 28
0
Yes
41 49
42 49
43 49
44 49
45 49
46 49
46 48
45 48
44 48
43 48
42 48
41 48
41 47
42 47
43 47
44 47
45 47
46 47
46 46
45 46
44 46
43 46
42 46
41 46
41 45
42 45
43 45
44 45
45 45
46 45
46 44
45 44
44 44
43 44
42 44
41 44
41 43
42 43
43 43
44 43
45 43
46 43
46 42
45 42
44 42
43 42
42 42
41 42
47 42
47 43
47 44
47 45
47 46
47 47
47 48
47 49
48 42
48 43
48 44
48 45
48 46
48 47
48 48
48 49
49 42
49 43
49 44
49 45
49 46
49 47
49 48
49 49
40 42
40 43
40 44
40 45
40 46
40 47
40 48
40 49
39 49
39 48
39 47
39 46
39 45
39 44
0
Yes
37 46
37 47
37 48
37 49
36 49
36 48
36 47
36 46
36 45
37 45
35 45
35 46
35 47
35 48
35 49
34 49
34 48
34 47
34 46
34 45
38 45
38 46
38 47
38 48
38 49
33 45
33 46
33 47
33 48
33 49
32 49
32 48
32 47
32 46
0
Yes
11 0
12 0
12 1
11 1
10 1
10 0
11 2
12 2
0
Yes
0 26
1 26
2 26
3 26
4 26
4 27
3 27
2 27
1 27
0 27
0 28
1 28
2 28
3 28
4 28
4 29
3 29
2 29
1 29
0 29
0 30
1 30
2 30
3 30
4 30
4 31
3 31
2 31
1 31
0 31
0 32
1 32
2 32
3 32
4 32
5 32
5 31
5 30
5 29
5 28
5 27
5 26
6 32
6 31
6 30
6 29
6 28
6 27
6 26
7 26
7 27
7 28
7 29
0
Yes
13 36
14 36
15 36
16 36
16 35
15 35
14 35
13 35
16 34
15 34
14 34
13 34
16 33
15 33
14 33
13 33
16 32
15 32
14 32
13 32
15 31
14 31
13 31
12 31
12 32
12 33
12 34
12 35
12 36
11 31
11 32
11 33
11 34
11 35
11 36
10 36
10 35
10 34
10 33
10 32
10 31
10 37
11 37
12 37
13 37
14 37
15 37
16 37
0
Yes
35 13
35 14
35 15
36 15
36 14
36 13
37 15
37 14
37 13
35 12
36 12
37 12
0
Yes
38 49
38 48
38 47
38 46
38 45
38 44
38 43
38 42
38 41
38 40
38 39
37 39
37 40
37 41
37 42
37 43
37 44
37 45
37 46
37 47
37 48
37 49
36 49
36 48
36 47
36 46
36 45
36 44
36 43
36 42
36 41
36 40
36 39
35 39
35 40
35 41
35 42
35 43
35 44
35 45
35 46
35 47
35 48
35 49
34 49
34 48
34 47
34 46
34 45
34 44
34 43
34 42
34 41
34 40
34 39
33 39
33 40
33 41
33 42
33 43
33 44
33 45
33 46
33 47
33 48
33 49
32 49
32 48
32 47
32 46
32 45
32 44
32 43
32 42
32 41
32 40
32 39
31 39
31 40
31 41
31 42
31 43
31 44
31 45
31 46
31 47
31 48
31 49
1
185
33 8
33 7
34 7
34 8
35 7
35 8
36 7
36 8
37 7
37 8
38 7
38 8
38 9
37 9
36 9
35 9
34 9
33 9
32 9
31 9
34 10
35 10
36 10
37 10
38 10
33 10
32 10
31 10
33 11
32 11
31 11
31 12
32 12
33 12
35 11
36 11
37 11
38 11
35 12
36 12
37 12
38 12
35 13
36 13
37 13
38 13
35 14
36 14
37 14
38 14
35 15
36 15
37 15
38 15
38 16
39 14
39 15
39 16
39 13
39 12
39 11
39 10
39 9
39 8
39 7
40 7
40 8
40 9
40 10
40 11
40 12
40 13
41 13
41 12
41 11
41 10
41 9
41 8
39 17
40 17
40 16
40 15
42 8
42 9
42 10
42 11
42 12
43 8
43 9
43 10
43 11
43 12
43 13
44 13
44 12
44 11
44 10
44 9
44 8
45 9
45 10
46 10
46 9
Yes
6 20
6 19
5 19
5 20
5 21
6 21
5 22
6 22
5 23
6 23
5 24
6 24
7 19
7 20
7 21
7 22
7 23
7 24
8 24
8 23
8 22
8 21
8 20
8 19
8 18
8 17
8 16
9 16
9 17
9 18
9 19
9 20
9 21
9 22
9 23
9 24
10 24
10 23
10 22
10 21
10 20
10 19
10 18
10 17
10 16
11 16
11 17
11 18
11 19
11 20
11 21
11 22
11 23
11 24
12 17
12 18
12 19
12 20
12 21
12 22
12 23
12 24
13 17
13 18
13 19
13 20
13 21
13 22
13 23
13 24
14 17
14 18
14 19
14 20
14 21
14 22
14 23
14 24
15 19
15 20
15 21
15 22
15 23
15 24
10 15
9 15
5 25
6 25
7 25
8 25
9 25
10 25
11 25
12 25
13 25
14 25
15 25
15 26
14 26
13 26
12 26
11 26
10 26
9 26
8 26
8 27
9 27
10 27
11 27
0
Yes
13 0
13 1
13 2
13 3
14 3
14 2
14 1
14 0
15 0
15 1
15 2
15 3
16 3
16 2
16 1
16 0
17 0
17 1
17 2
17 3
17 4
16 4
15 4
14 4
13 4
17 5
16 5
15 5
0
Yes
26 18
26 19
26 20
26 21
26 22
26 23
27 23
27 22
27 21
27 20
27 19
27 18
28 18
28 19
28 20
28 21
28 22
28 23
29 19
29 20
29 21
29 22
29 23
30 21
30 22
30 23
31 21
31 22
31 23
27 17
26 17
27 16
26 16
25 16
25 17
25 18
25 19
25 20
25 21
25 22
25 23
24 18
24 19
24 20
24 21
24 22
24 23
23 19
23 20
23 21
23 22
23 23
22 20
22 21
22 22
22 23
21 21
21 22
21 23
21 24
22 24
23 24
24 24
25 24
26 24
27 24
28 24
29 24
30 24
31 24
21 25
22 25
23 25
24 25
25 25
26 25
27 25
28 25
29 25
30 25
0
Yes
37 29
37 28
38 28
38 29
39 29
40 29
40 30
39 30
38 30
37 30
36 30
36 29
36 28
36 27
35 27
35 28
35 29
35 30
35 26
35 25
34 25
34 26
34 27
34 28
34 29
34 30
41 30
41 29
41 28
42 28
42 29
42 30
43 29
43 30
43 31
42 31
41 31
40 31
39 31
38 31
37 31
36 31
35 31
34 31
43 32
42 32
41 32
40 32
39 32
38 32
37 32
36 32
35 32
34 32
43 33
42 33
41 33
40 33
39 33
38 33
37 33
36 33
35 33
34 33
41 34
40 34
39 34
38 34
37 34
36 34
35 34
34 34
41 35
40 35
39 35
38 35
37 35
36 35
35 35
34 35
33 25
33 26
33 27
33 28
33 29
33 30
33 31
33 32
33 33
33 34
33 35
32 25
32 26
32 27
32 28
32 29
32 30
32 31
32 32
32 33
32 34
0
No
0
No
0
No
0
Yes
30 47
30 48
30 49
30 46
29 46
29 47
29 48
29 49
28 49
28 48
28 47
28 46
27 46
27 47
27 48
27 49
26 46
26 47
26 48
26 49
25 47
25 48
25 49
0
No
0
Yes
18 46
18 47
17 46
17 47
16 47
16 46
18 48
17 48
16 48
18 49
17 49
16 49
0
Yes
19 21
20 21
20 20
19 20
20 22
19 22
18 22
18 21
18 20
17 20
17 21
17 22
16 22
16 21
16 20
16 19
17 19
18 19
19 19
0
Yes
33 21
32 21
32 20
33 20
32 19
33 19
33 18
34 18
34 19
34 20
34 21
35 21
35 20
35 19
35 18
36 18
36 19
36 20
36 21
37 21
37 20
37 19
37 18
38 18
38 19
38 20
37 22
36 22
35 22
34 22
33 22
0
No
0
Yes
42 36
42 37
42 38
41 36
41 37
41 38
40 36
40 37
40 38
39 36
39 37
39 38
39 39
40 39
41 39
42 39
39 40
40 40
41 40
42 40
39 41
40 41
41 41
42 41
0
No
0
No
0
Yes
13 0
13 1
13 2
13 3
14 3
14 2
14 1
14 0
15 0
15 1
15 2
15 3
13 4
14 4
15 4
15 5
14 5
13 5
12 5
11 5
10 5
10 6
11 6
12 6
13 6
14 6
15 6
16 6
16 5
16 4
16 3
16 2
16 1
16 0
17 5
17 4
17 3
17 2
17 1
17 0
14 7
13 7
12 7
0
Yes
2 29
2 30
2 31
2 32
3 32
3 31
3 30
3 29
4 32
4 31
4 30
4 29
5 32
5 31
5 30
5 29
6 32
6 31
6 30
6 29
7 32
7 31
7 30
7 29
8 32
8 31
8 30
8 29
9 32
9 31
9 30
9 29
9 28
8 28
7 28
6 28
5 28
4 28
3 28
2 28
7 27
6 27
5 27
4 27
3 27
2 27
7 26
6 26
5 26
4 26
3 26
2 26
1 26
1 27
1 28
1 29
1 30
1 31
1 32
0 32
0 31
0 30
0 29
0 28
0 27
0 26
10 28
10 29
10 30
11 30
11 29
11 28
12 30
12 29
12 28
12 27
13 27
13 28
13 29
0
Yes
45 41
45 40
44 40
44 41
43 41
43 40
0
Yes
38 18
38 19
38 20
37 18
37 19
37 20
37 21
37 22
36 22
36 21
36 20
36 19
36 18
36 17
35 17
35 18
35 19
35 20
35 21
35 22
34 18
34 19
34 20
34 21
34 22
33 18
33 19
33 20
33 21
33 22
32 19
32 20
32 21
32 22
32 23
33 23
34 23
35 23
36 23
36 24
35 24
34 24
33 24
32 24
0
Yes
0 26
1 26
2 26
3 26
4 26
5 26
6 26
6 27
5 27
4 27
3 27
2 27
1 27
0 27
0 28
1 28
2 28
3 28
4 28
5 28
6 28
6 29
5 29
4 29
3 29
2 29
1 29
0 29
0 30
1 30
2 30
3 30
4 30
5 30
6 30
6 31
5 31
4 31
3 31
2 31
1 31
0 31
0 32
1 32
2 32
3 32
4 32
5 32
6 32
7 26
7 27
7 28
7 29
7 30
7 31
7 32
8 32
8 31
8 30
8 29
8 28
9 32
9 31
9 30
9 29
9 28
10 28
10 29
10 30
11 30
11 29
11 28
12 30
12 29
12 28
12 27
13 27
13 28
13 29
13 30
14 30
14 29
14 28
14 27
15 27
0
Yes
17 36
17 37
17 35
17 34
17 33
18 33
18 34
18 35
18 36
18 37
19 37
19 36
19 35
19 34
19 33
20 33
20 34
20 35
20 36
20 37
21 37
21 36
21 35
21 34
21 33
22 33
22 34
22 35
22 36
22 37
23 33
23 34
23 35
23 36
23 37
24 33
24 34
24 35
24 36
24 37
24 38
23 38
22 38
21 38
20 38
19 38
18 38
17 38
23 39
22 39
21 39
20 39
0
Yes
49 34
48 34
48 33
49 33
49 32
49 31
48 31
47 31
46 31
45 31
44 31
44 30
45 30
46 30
47 30
48 30
49 30
49 29
48 29
47 29
46 29
45 29
44 29
44 28
45 28
46 28
47 28
48 28
49 28
44 27
45 27
46 27
47 27
48 27
49 27
45 26
46 26
47 26
48 26
49 26
43 28
43 29
43 30
43 31
43 32
43 33
42 33
42 32
42 31
42 30
42 29
42 28
41 28
41 29
41 30
41 31
41 32
41 33
41 34
41 35
40 29
40 30
40 31
40 32
40 33
40 34
40 35
39 29
39 30
39 31
39 32
39 33
39 34
39 35
38 35
38 34
38 33
38 32
38 31
38 30
38 29
38 28
37 28
37 29
37 30
37 31
37 32
37 33
37 34
37 35
46 25
47 25
48 25
49 25
48 24
49 24
37 36
38 36
39 36
40 36
41 36
42 36
42 37
41 37
40 37
39 37
38 37
37 37
37 38
38 38
39 38
40 38
41 38
42 38
42 39
41 39
40 39
39 39
39 40
40 40
41 40
42 40
42 41
41 41
40 41
39 41
36 38
36 37
36 36
0
No
0
No
0
Yes
2 45
2 46
2 47
2 48
3 48
3 47
3 46
3 45
4 45
4 46
4 47
4 48
1 48
1 47
1 46
1 45
0 45
0 46
0 47
0 48
0 49
1 49
2 49
3 49
4 49
0
Yes
0 33
0 34
0 35
0 36
1 36
1 35
1 34
1 33
2 33
2 34
2 35
2 36
3 36
3 35
3 34
3 33
4 33
4 34
4 35
4 36
5 36
5 35
5 34
5 33
6 33
6 34
6 35
6 36
7 36
7 35
7 34
7 33
7 32
6 32
5 32
4 32
3 32
2 32
1 32
0 32
0 31
1 31
2 31
3 31
4 31
5 31
6 31
7 31
7 30
6 30
5 30
4 30
3 30
2 30
1 30
0 30
0 29
1 29
2 29
3 29
4 29
5 29
6 29
7 29
7 28
6 28
5 28
4 28
3 28
2 28
1 28
0 28
7 27
6 27
5 27
4 27
3 27
2 27
1 27
0 27
7 26
6 26
5 26
4 26
3 26
2 26
1 26
0 26
8 28
8 29
8 30
8 31
8 32
8 33
8 34
8 35
8 36
9 36
9 35
9 34
9 33
9 32
9 31
0
Yes
1 41
1 42
1 43
1 44
2 44
2 43
2 42
2 41
3 44
3 43
3 42
3 41
4 44
4 43
4 42
4 41
0 44
0 43
0 42
0 41
0 40
1 40
2 40
3 40
4 40
5 40
5 41
5 42
5 43
5 44
6 44
6 43
6 42
6 41
6 40
7 43
7 42
7 41
7 40
8 40
8 39
7 39
6 39
5 39
4 39
3 39
2 39
1 39
0 39
0 38
1 38
2 38
3 38
4 38
5 38
6 38
7 38
8 38
9 38
9 37
8 37
7 37
6 37
5 37
4 37
3 37
2 37
1 37
0 37
9 36
8 36
7 36
6 36
5 36
4 36
3 36
2 36
1 36
0 36
9 35
8 35
7 35
6 35
5 35
4 35
3 35
2 35
1 35
0 35
9 34
8 34
7 34
6 34
5 34
4 34
3 34
2 34
1 34
0 34
9 33
8 33
7 33
6 33
5 33
4 33
3 33
2 33
0
Yes
42 0
41 0
41 1
42 1
42 2
43 2
43 1
43 0
0
Yes
10 1
10 0
11 0
11 1
11 2
11 3
12 3
12 2
12 1
12 0
0
Yes
0 3
1 3
1 4
0 4
0 5
0
Yes
7 7
6 7
8 7
8 8
7 8
6 8
5 8
4 8
3 8
3 9
4 9
5 9
6 9
7 9
8 9
3 10
4 10
5 10
6 10
7 10
8 10
5 11
6 11
7 11
8 11
8 12
8 13
8 14
9 14
9 13
9 12
9 11
9 10
9 9
9 8
9 7
10 11
10 10
10 9
10 8
10 7
11 7
11 8
11 9
11 10
0
Yes
0 49
1 49
2 49
3 49
3 48
2 48
1 48
0 48
0 47
1 47
2 47
3 47
3 46
2 46
1 46
0 46
0 45
1 45
2 45
0
Yes
5 31
5 32
6 32
6 31
7 32
7 31
8 32
8 31
9 32
9 31
4 32
4 31
3 32
3 31
2 32
2 31
2 30
3 30
4 30
5 30
6 30
7 30
8 30
9 30
9 29
8 29
7 29
6 29
5 29
4 29
3 29
2 29
2 28
3 28
4 28
5 28
6 28
7 28
8 28
9 28
9 27
8 27
7 27
6 27
5 27
4 27
3 27
2 27
2 26
3 26
4 26
5 26
6 26
7 26
8 26
9 26
1 26
1 27
1 28
1 29
1 30
1 31
1 32
0 26
0 27
0 28
0 29
0 30
0 31
0 32
10 30
10 29
10 28
10 27
0
Yes
29 28
29 29
29 30
29 31
29 32
28 29
28 28
29 33
28 33
28 34
29 34
29 35
28 35
28 36
29 36
29 37
28 37
28 38
29 38
30 38
30 37
30 36
30 35
30 34
30 33
30 32
30 31
30 30
30 29
30 28
31 38
31 37
31 36
31 35
31 34
31 33
31 32
31 31
31 30
31 29
31 28
32 38
32 37
32 36
32 35
32 34
32 33
32 32
32 31
32 30
32 29
32 28
33 38
33 37
33 36
33 35
33 34
33 33
33 32
33 31
33 30
33 29
33 28
34 38
34 37
34 36
34 35
34 34
34 33
34 32
34 31
34 30
34 29
34 28
35 38
35 37
35 36
35 35
35 34
35 33
35 32
35 31
35 30
35 29
35 28
36 35
36 34
36 33
36 32
36 31
36 30
36 29
36 28
36 27
35 27
34 27
33 27
32 27
31 27
30 27
29 27
28 27
28 26
29 26
30 26
31 26
32 26
33 26
34 26
35 26
35 25
34 25
33 25
32 25
31 25
27 26
27 27
27 28
27 29
27 30
26 30
26 29
26 28
26 27
26 26
25 26
25 27
25 28
25 29
24 29
24 28
24 27
24 26
23 29
23 28
23 27
23 26
22 28
22 27
22 26
21 26
0
Yes
13 37
13 38
13 39
12 39
12 38
12 37
11 38
11 37
10 38
10 37
10 36
11 36
12 36
13 36
10 35
11 35
12 35
13 35
10 34
11 34
12 34
13 34
10 33
11 33
12 33
13 33
10 32
11 32
12 32
13 32
10 31
11 31
12 31
13 31
11 30
12 30
13 30
14 30
14 31
14 32
14 33
14 34
14 35
14 36
14 37
14 38
14 39
15 39
15 38
15 37
15 36
15 35
15 34
15 33
15 32
15 31
15 30
16 30
16 31
16 32
16 33
16 34
16 35
16 36
16 37
16 38
16 39
17 39
17 38
17 37
17 36
17 35
17 34
17 33
17 32
17 31
17 30
18 30
18 31
18 32
18 33
18 34
18 35
18 36
18 37
18 38
18 39
19 39
19 38
19 37
19 36
19 35
19 34
19 33
19 32
19 31
19 30
20 39
20 38
20 37
20 36
20 35
20 34
20 33
20 32
20 31
20 30
21 30
21 31
21 32
21 33
21 34
21 35
21 36
21 37
21 38
21 39
20 29
19 29
18 29
17 29
16 29
15 29
14 29
13 29
12 29
0
Yes
49 47
49 48
49 49
48 49
48 48
48 47
48 46
49 46
49 45
48 45
48 44
49 44
47 44
47 45
47 46
47 47
47 48
47 49
46 49
46 48
46 47
46 46
46 45
46 44
45 44
45 45
45 46
45 47
45 48
45 49
44 49
44 48
44 47
44 46
44 45
44 44
43 44
43 45
43 46
43 47
43 48
43 49
42 49
42 48
42 47
42 46
42 45
42 44
41 44
41 45
41 46
41 47
41 48
41 49
40 49
40 48
40 47
40 46
40 45
40 44
39 44
39 45
39 46
39 47
39 48
39 49
39 43
40 43
41 43
42 43
43 43
44 43
45 43
46 43
47 43
48 43
49 43
39 42
40 42
41 42
42 42
43 42
44 42
45 42
46 42
47 42
48 42
49 42
45 41
44 41
0
Yes
0 20
0 19
1 19
1 20
1 18
2 18
2 19
2 20
3 18
3 19
3 20
4 19
4 20
5 19
5 20
6 19
6 20
7 19
7 20
7 21
6 21
5 21
4 21
3 21
2 21
1 21
0 21
0 22
1 22
2 22
3 22
4 22
5 22
6 22
7 22
7 23
6 23
5 23
4 23
3 23
2 23
1 23
0 23
0 24
1 24
2 24
3 24
4 24
5 24
6 24
7 24
7 25
6 25
5 25
4 25
3 25
2 25
1 25
0 25
0
Yes
6 49
7 49
8 49
8 48
7 48
6 48
8 47
7 47
6 47
5 47
5 48
5 49
4 49
4 48
4 47
8 46
7 46
6 46
5 46
0
No
0
Yes
22 1
22 2
22 3
23 3
23 2
23 1
24 1
24 2
24 3
24 0
23 0
22 0
21 0
21 1
21 2
21 3
20 3
20 2
20 1
20 0
20 4
21 4
22 4
23 4
24 4
20 5
21 5
22 5
23 5
0
Yes
21 42
21 41
20 41
20 42
19 42
19 41
0
Yes
24 36
24 37
24 38
25 38
25 37
25 36
25 35
24 35
24 34
26 35
26 36
26 37
26 38
27 35
27 36
27 37
27 38
24 33
23 33
23 34
23 35
23 36
23 37
23 38
22 33
22 34
22 35
22 36
22 37
22 38
22 39
23 39
24 39
25 39
26 39
27 39
23 40
24 40
1
230
34 10
35 10
35 11
35 12
35 13
35 14
35 15
36 15
36 14
36 13
36 12
36 11
36 10
37 15
37 14
37 13
37 12
37 11
37 10
38 10
38 11
38 12
38 13
38 14
38 15
38 16
39 14
39 15
39 16
39 13
39 12
39 11
39 10
39 17
40 17
40 16
40 15
40 13
40 12
40 11
40 10
41 13
41 12
41 11
41 10
42 12
42 11
42 10
43 10
43 11
43 12
43 13
33 10
33 11
33 12
32 12
32 11
32 10
31 12
31 11
31 10
44 13
44 12
44 11
44 10
45 10
46 10
46 9
45 9
44 9
43 9
42 9
41 9
40 9
39 9
38 9
37 9
36 9
35 9
34 9
33 9
32 9
31 9
44 8
43 8
42 8
41 8
40 8
39 8
38 8
37 8
36 8
35 8
34 8
33 8
33 7
34 7
35 7
36 7
37 7
38 7
39 7
40 7
30 9
30 10
30 11
32 13
Yes
4 40
5 40
6 40
7 40
8 40
8 39
7 39
6 39
5 39
4 39
4 38
5 38
6 38
7 38
8 38
9 38
9 37
8 37
7 37
6 37
5 37
4 37
9 36
8 36
7 36
6 36
5 36
4 36
9 35
8 35
7 35
6 35
5 35
4 35
9 34
8 34
7 34
6 34
5 34
4 34
9 33
8 33
7 33
6 33
5 33
4 33
9 32
8 32
7 32
6 32
5 32
4 32
9 31
8 31
7 31
6 31
5 31
4 31
4 30
5 30
6 30
7 30
8 30
9 30
9 29
8 29
7 29
6 29
5 29
4 29
4 28
5 28
6 28
7 28
8 28
9 28
9 27
8 27
7 27
6 27
5 27
4 27
4 26
5 26
6 26
7 26
8 26
9 26
3 26
3 27
3 28
3 29
3 30
3 31
3 32
3 33
3 34
3 35
3 36
3 37
3 38
3 39
3 40
2 26
2 27
2 28
2 29
2 30
2 31
2 32
2 33
2 34
2 35
2 36
2 37
2 38
2 39
2 40
1 26
1 27
1 28
1 29
1 30
1 31
1 32
1 33
1 34
1 35
1 36
1 37
1 38
1 39
1 40
0 26
0 27
0 28
0 29
0 30
0 31
0 32
0 33
0 34
0 35
0 36
0 37
0 38
0 39
0
Yes
24 41
24 42
24 43
25 43
25 42
25 41
25 40
26 40
26 41
26 42
26 43
24 44
25 44
26 44
27 44
27 43
27 42
27 41
0
Yes
38 7
39 7
40 7
37 7
36 7
35 7
34 7
33 7
33 8
34 8
35 8
36 8
37 8
38 8
39 8
40 8
41 8
42 8
43 8
43 9
42 9
41 9
40 9
39 9
38 9
37 9
36 9
35 9
34 9
33 9
32 9
31 9
30 9
34 10
35 10
36 10
37 10
38 10
39 10
40 10
41 10
42 10
43 10
33 10
32 10
31 10
30 10
30 11
31 11
32 11
33 11
33 12
32 12
31 12
35 11
36 11
37 11
38 11
39 11
40 11
41 11
42 11
43 11
42 12
43 12
41 12
40 12
39 12
38 12
37 12
36 12
35 12
41 13
40 13
39 13
38 13
37 13
36 13
35 13
43 13
44 13
44 12
44 11
44 10
44 9
44 8
45 9
45 10
46 10
46 9
35 14
36 14
37 14
38 14
39 14
35 15
36 15
37 15
38 15
39 15
40 15
38 16
39 16
40 16
40 17
39 17
29 11
29 10
29 9
0
No
0
Yes
48 48
48 49
49 49
49 48
49 47
48 47
48 46
49 46
49 45
48 45
48 44
49 44
49 43
48 43
48 42
49 42
47 42
47 43
47 44
47 45
47 46
47 47
47 48
47 49
46 42
46 43
46 44
46 45
46 46
46 47
46 48
46 49
45 49
45 48
45 47
45 46
45 45
45 44
45 43
45 42
45 41
45 40
44 40
44 41
44 42
44 43
44 44
44 45
44 46
44 47
44 48
44 49
43 40
43 41
43 42
43 43
43 44
43 45
43 46
43 47
43 48
43 49
42 49
42 48
42 47
42 46
42 45
42 44
42 43
42 42
42 41
42 40
42 39
42 38
41 38
41 39
41 40
41 41
41 42
41 43
41 44
41 45
41 46
41 47
41 48
41 49
40 49
40 48
40 47
40 46
40 45
40 44
40 43
40 42
40 41
40 40
40 39
40 38
39 39
39 40
39 41
39 42
39 43
39 44
39 45
39 46
39 47
39 48
39 49
39 38
38 38
37 38
36 38
36 37
37 37
38 37
39 37
40 37
41 37
42 37
42 36
41 36
40 36
39 36
38 36
37 36
36 36
37 35
38 35
39 35
40 35
41 35
0
Yes
45 26
45 27
44 27
44 28
45 28
43 28
42 28
41 28
46 28
46 27
46 26
46 25
47 25
47 26
47 27
47 28
48 28
48 27
48 26
48 25
48 24
49 24
49 25
49 26
49 27
49 28
49 29
48 29
47 29
46 29
45 29
44 29
43 29
42 29
41 29
40 29
39 29
39 30
40 30
41 30
42 30
43 30
44 30
45 30
46 30
47 30
48 30
49 30
48 31
47 31
46 31
45 31
44 31
43 31
42 31
41 31
40 31
39 31
49 31
49 23
43 32
42 32
41 32
40 32
39 32
43 33
42 33
41 33
40 33
39 33
41 34
40 34
39 34
38 34
38 33
38 32
38 31
38 30
38 29
38 28
37 28
37 29
37 30
37 31
37 32
37 33
37 34
0
No
0
No
0
Yes
11 29
10 29
10 28
11 28
12 28
13 28
14 28
10 27
11 27
12 27
13 27
14 27
10 26
11 26
12 26
13 26
14 26
14 25
13 25
12 25
11 25
10 25
9 25
8 25
8 24
9 24
10 24
11 24
12 24
13 24
14 24
8 23
9 23
10 23
11 23
12 23
13 23
14 23
8 22
9 22
10 22
11 22
12 22
13 22
14 22
15 22
15 23
15 24
15 25
15 26
15 27
15 28
16 28
16 27
16 26
16 25
16 24
16 23
17 23
17 24
17 25
17 26
17 27
17 28
18 28
18 27
18 26
18 25
18 24
18 23
19 23
19 24
19 25
19 26
19 27
19 28
20 28
20 27
20 26
20 25
20 24
20 23
15 21
14 21
13 21
12 21
11 21
10 21
9 21
8 21
8 20
9 20
10 20
11 20
12 20
13 20
14 20
15 20
15 19
14 19
13 19
12 19
11 19
10 19
9 19
8 19
8 18
9 18
10 18
11 18
12 18
13 18
14 18
14 17
13 17
12 17
11 17
10 17
9 17
8 17
8 16
9 16
10 16
11 16
10 15
9 15
0
Yes
0 49
1 49
2 49
2 48
1 48
0 48
0 47
1 47
2 47
2 46
1 46
0 46
3 47
3 48
3 49
3 46
0
Yes
30 49
30 48
30 47
30 46
30 45
30 44
30 43
30 42
30 41
30 40
30 39
29 39
29 40
29 41
29 42
29 43
29 44
29 45
29 46
29 47
29 48
29 49
28 45
28 46
28 47
28 48
28 49
28 44
28 43
28 42
28 41
28 40
28 39
27 44
27 43
27 42
27 41
27 40
27 39
27 38
27 37
27 36
27 35
26 35
26 36
26 37
26 38
26 39
26 40
26 41
26 42
26 43
26 44
25 44
25 43
25 42
25 41
25 40
25 39
25 38
25 37
25 36
25 35
24 44
24 43
24 42
24 41
24 40
24 39
24 38
24 37
24 36
24 35
23 40
23 39
23 38
23 37
23 36
23 35
22 39
22 38
22 37
22 36
22 35
22 34
23 34
24 34
24 33
23 33
0
Yes
26 46
27 46
27 47
26 47
25 47
25 48
26 48
27 48
27 49
26 49
25 49
0
Yes
13 45
13 44
13 43
14 43
14 44
14 45
15 45
15 44
15 43
0
Yes
48 3
48 4
48 5
48 6
48 7
48 8
48 9
49 9
49 8
49 7
49 6
49 5
49 4
49 3
47 8
47 7
47 6
47 5
47 4
47 3
46 8
46 7
46 6
46 5
46 4
46 3
45 8
45 7
45 6
45 5
45 4
45 3
45 2
46 2
47 2
48 2
49 2
49 1
48 1
47 1
46 1
45 1
45 0
46 0
47 0
48 0
49 0
44 3
44 2
44 1
0
No
0
Yes
17 49
17 48
17 47
16 47
16 48
16 49
15 47
15 48
15 49
14 48
14 49
18 47
18 48
18 49
18 46
17 46
16 46
15 46
19 49
16 45
15 45
0
No
0
No
0
No
0
Yes
32 20
32 19
32 21
32 22
33 22
33 21
33 20
33 19
33 18
34 18
34 19
34 20
34 21
34 22
35 22
35 21
35 20
35 19
35 18
35 17
36 17
36 18
36 19
36 20
36 21
36 22
37 22
37 21
37 20
37 19
37 18
38 18
38 19
38 20
36 23
35 23
34 23
33 23
32 23
0
Yes
1 45
2 45
3 45
4 45
5 45
0 45
0 44
1 44
2 44
3 44
4 44
5 44
5 43
4 43
3 43
2 43
1 43
0 43
0 42
1 42
2 42
3 42
4 42
5 42
5 41
4 41
3 41
2 41
1 41
0 41
0
Yes
10 0
10 1
11 1
11 0
11 2
11 3
12 3
12 2
12 1
12 0
0
Yes
20 10
21 10
20 9
21 9
20 8
21 8
0
Yes
40 0
40 1
40 2
41 2
41 3
40 3
41 4
40 4
40 5
39 5
39 4
39 3
39 2
39 1
39 0
39 6
38 6
38 5
38 4
38 3
38 2
38 1
38 0
37 6
37 5
37 4
37 3
37 2
37 1
37 0
36 6
36 5
36 4
36 3
36 2
36 1
36 0
35 6
35 5
35 4
35 3
35 2
35 1
35 0
34 6
34 5
34 4
34 3
34 2
34 1
34 0
33 6
33 5
33 4
33 3
33 2
33 1
33 0
32 0
32 1
32 2
32 3
32 4
32 5
32 6
32 7
32 8
31 8
31 7
31 6
31 5
31 4
31 3
31 2
31 1
31 0
30 8
30 7
30 6
30 5
30 4
30 3
30 2
30 1
30 0
29 8
29 7
29 6
29 5
29 4
29 3
29 2
29 1
29 0
28 0
28 1
28 2
28 3
28 4
28 5
28 6
28 7
28 8
0
No
0
Yes
3 20
3 21
3 22
3 23
3 24
3 25
3 26
3 27
3 28
3 29
3 30
3 31
4 31
4 30
4 29
4 28
4 27
4 26
4 25
4 24
4 23
4 22
4 21
4 20
4 19
3 19
3 18
2 18
2 19
2 20
2 21
2 22
2 23
2 24
2 25
2 26
2 27
2 28
2 29
2 30
2 31
1 18
1 19
1 20
1 21
1 22
1 23
1 24
1 25
1 26
1 27
1 28
1 29
1 30
1 31
0 19
0 20
0 21
0 22
0 23
0 24
0 25
0 26
0 27
0 28
0 29
0 30
0 31
5 19
5 20
5 21
5 22
5 23
5 24
5 25
5 26
5 27
5 28
5 29
5 30
5 31
6 19
6 20
6 21
6 22
6 23
6 24
6 25
6 26
6 27
6 28
6 29
6 30
6 31
7 19
7 20
7 21
7 22
7 23
7 24
7 25
7 26
7 27
7 28
7 29
7 30
7 31
8 31
8 30
8 29
8 28
8 27
8 26
8 25
8 24
8 23
8 22
8 21
8 20
8 19
0
Yes
10 15
9 15
9 16
10 16
8 16
8 17
9 17
10 17
8 18
9 18
0
Yes
48 31
47 31
46 31
45 31
45 30
46 30
47 30
48 30
49 30
49 31
49 29
48 29
47 29
46 29
45 29
45 28
46 28
47 28
48 28
49 28
49 27
48 27
47 27
46 27
45 27
45 26
46 26
47 26
48 26
49 26
46 25
47 25
48 25
49 25
48 24
49 24
44 27
0
Yes
5 38
5 39
5 40
4 40
4 39
4 38
3 40
3 39
3 38
2 40
2 39
2 38
1 40
1 39
1 38
0 40
0 39
0 38
0 37
1 37
2 37
3 37
4 37
5 37
6 37
6 38
6 39
6 40
7 40
7 39
7 38
7 37
7 36
6 36
5 36
4 36
3 36
2 36
1 36
0 36
0 35
1 35
2 35
3 35
4 35
5 35
6 35
7 35
7 34
6 34
5 34
4 34
3 34
2 34
1 34
0 34
0 33
1 33
2 33
3 33
4 33
5 33
6 33
7 33
7 32
6 32
5 32
4 32
3 32
2 32
1 32
0 32
0
Yes
47 5
47 6
47 7
47 8
48 8
48 7
48 6
48 5
48 9
49 9
49 8
49 7
49 6
49 5
49 4
48 4
47 4
47 3
48 3
49 3
49 2
48 2
47 2
47 1
48 1
49 1
49 0
48 0
47 0
46 0
46 1
46 2
46 3
46 4
46 5
46 6
46 7
46 8
46 9
46 10
45 10
45 9
45 8
45 7
45 6
45 5
45 4
45 3
45 2
45 1
45 0
44 3
44 2
44 1
44 0
44 7
44 8
44 9
44 10
44 11
44 12
44 13
43 13
43 12
43 11
43 10
43 9
43 8
42 8
42 9
42 10
42 11
42 12
41 8
41 9
41 10
41 11
0
Yes
44 28
44 29
44 30
44 31
43 28
43 29
43 30
43 31
43 32
43 33
42 33
42 32
42 31
42 30
42 29
42 28
41 28
41 29
41 30
41 31
41 32
41 33
40 29
40 30
40 31
40 32
40 33
39 29
39 30
39 31
39 32
39 33
38 33
38 32
38 31
38 30
38 29
38 28
37 28
37 29
37 30
37 31
37 32
37 33
36 33
36 32
36 31
36 30
36 29
36 28
41 34
40 34
39 34
38 34
37 34
0
Yes
31 34
31 35
31 36
31 37
31 38
32 38
32 37
32 36
32 35
32 34
33 38
33 37
33 36
33 35
33 34
34 38
34 37
34 36
34 35
34 34
35 38
35 37
35 36
35 35
35 34
35 33
34 33
33 33
32 33
31 33
35 32
34 32
33 32
32 32
31 32
35 31
34 31
33 31
32 31
31 31
30 31
30 32
30 33
30 34
30 35
30 36
30 37
30 38
29 32
29 31
29 33
29 34
29 35
29 36
29 37
29 38
0
Yes
1 26
1 27
2 27
2 26
3 26
3 27
4 27
4 26
5 26
5 27
6 27
6 26
6 25
5 25
4 25
3 25
2 25
1 25
1 24
2 24
3 24
4 24
5 24
6 24
6 23
5 23
4 23
3 23
2 23
1 23
1 22
2 22
3 22
4 22
5 22
6 22
6 21
5 21
4 21
3 21
2 21
1 21
1 20
2 20
3 20
4 20
5 20
6 20
6 19
5 19
4 19
3 19
2 19
1 19
1 18
2 18
3 18
0 19
0 20
0 21
0 22
0 23
0 24
0 25
0 26
0 27
7 19
7 20
7 21
7 22
7 23
7 24
7 25
7 26
7 27
8 27
8 26
8 25
8 24
8 23
8 22
8 21
0
Yes
49 0
49 1
49 2
49 3
49 4
49 5
49 6
49 7
48 7
48 6
48 5
48 4
48 3
48 2
48 1
48 0
47 0
47 1
47 2
47 3
47 4
47 5
47 6
47 7
46 7
46 6
46 5
46 4
46 3
46 2
46 1
46 0
45 4
45 5
45 6
45 7
45 3
45 2
45 1
45 0
44 3
44 2
44 1
44 0
0
Yes
36 40
36 39
37 39
37 40
38 39
38 40
38 41
37 41
36 41
38 42
37 42
36 42
38 43
37 43
36 43
38 44
37 44
36 44
35 39
35 40
35 41
35 42
35 43
35 44
34 39
34 40
34 41
34 42
34 43
34 44
33 39
33 40
33 41
33 42
33 43
33 44
32 39
32 40
32 41
32 42
32 43
32 44
38 45
37 45
36 45
35 45
34 45
33 45
32 45
0
Yes
17 29
18 29
19 29
20 29
20 28
19 28
18 28
17 28
17 27
18 27
19 27
20 27
20 26
19 26
18 26
17 26
20 25
19 25
18 25
17 25
20 24
19 24
18 24
17 24
20 23
19 23
18 23
17 23
20 22
19 22
18 22
17 22
20 21
19 21
18 21
17 21
20 20
19 20
18 20
17 20
16 20
16 21
16 22
16 23
16 24
16 25
16 26
16 27
16 28
16 29
15 29
15 28
15 27
15 26
15 25
15 24
15 23
15 22
15 21
15 20
14 20
14 21
14 22
14 23
14 24
14 25
14 26
14 27
14 28
14 29
13 29
13 28
13 27
13 26
13 25
13 24
13 23
13 22
13 21
13 20
12 20
12 21
12 22
12 23
12 24
12 25
12 26
12 27
12 28
12 29
11 29
11 28
11 27
11 26
11 25
11 24
11 23
11 22
11 21
11 20
10 20
10 21
10 22
10 23
10 24
10 25
10 26
10 27
10 28
10 29
19 19
18 19
17 19
16 19
15 19
14 19
13 19
12 19
11 19
10 19
14 18
13 18
12 18
0
Yes
41 0
41 1
42 1
42 0
42 2
43 2
43 1
43 0
0
Yes
3 47
3 48
2 48
2 47
1 47
1 48
0 48
0 47
3 46
2 46
1 46
0 46
3 49
0
Yes
16 34
16 35
16 36
16 37
17 37
17 36
17 35
17 34
18 34
18 35
18 36
18 37
19 37
19 36
19 35
19 34
19 33
18 33
17 33
16 33
16 32
17 32
18 32
19 32
19 31
18 31
17 31
16 31
16 30
17 30
18 30
19 30
15 30
15 31
15 32
15 33
15 34
15 35
15 36
15 37
14 30
14 31
14 32
14 33
14 34
14 35
14 36
14 37
13 30
13 31
13 32
13 33
13 34
13 35
13 36
13 37
12 30
12 31
12 32
12 33
12 34
12 35
12 36
12 37
12 38
13 38
14 38
15 38
16 38
17 38
18 38
19 38
12 39
13 39
14 39
15 39
16 39
17 39
18 39
19 39
19 40
18 40
17 40
16 40
15 40
14 40
13 40
0
No
0
Yes
1 28
2 28
2 29
1 29
1 30
2 30
2 31
1 31
0 31
0 30
0 29
0 28
3 31
3 30
3 29
3 28
4 28
4 29
4 30
4 31
5 31
5 30
5 29
5 28
6 28
0
No
0
No
0
Yes
19 2
19 3
19 4
18 4
18 3
18 2
19 1
18 1
19 0
18 0
17 0
17 1
17 2
17 3
17 4
17 5
16 5
16 4
16 3
16 2
16 1
16 0
15 0
15 1
15 2
15 3
15 4
15 5
14 5
14 4
14 3
14 2
14 1
14 0
13 4
13 5
13 3
13 2
13 1
13 0
12 3
12 2
12 1
12 0
11 3
11 2
11 1
11 0
10 1
10 0
12 5
11 5
10 5
16 6
15 6
14 6
13 6
12 6
11 6
10 6
14 7
13 7
0
Yes
28 2
28 3
28 4
28 5
28 6
28 7
29 7
29 6
29 5
29 4
29 3
29 2
30 2
30 3
30 4
30 5
30 6
30 7
31 7
31 6
31 5
31 4
31 3
31 2
32 2
32 3
32 4
32 5
32 6
32 7
33 7
33 6
33 5
33 4
33 3
33 2
34 2
34 3
34 4
34 5
34 6
34 7
35 7
35 6
35 5
35 4
35 3
35 2
35 1
34 1
33 1
32 1
31 1
30 1
29 1
28 1
28 0
29 0
30 0
31 0
32 0
33 0
34 0
35 0
36 0
36 1
36 2
36 3
36 4
36 5
36 6
36 7
37 7
37 6
37 5
37 4
37 3
37 2
37 1
37 0
38 0
38 1
38 2
38 3
38 4
38 5
38 6
38 7
39 6
39 7
39 5
39 4
39 3
39 2
39 1
39 0
40 5
40 4
40 3
40 2
40 1
40 0
0
Yes
20 30
21 30
21 31
20 31
20 32
21 32
22 32
0
Yes
22 36
22 37
22 38
23 38
23 37
23 36
24 36
24 37
24 38
25 38
25 37
25 36
25 35
24 35
23 35
22 35
24 34
23 34
22 34
24 33
23 33
22 33
21 33
21 34
21 35
21 36
21 37
21 38
26 35
26 36
26 37
26 38
27 35
27 36
27 37
27 38
28 35
28 36
28 37
28 38
20 33
20 34
20 35
20 36
20 37
20 38
20 39
21 39
22 39
23 39
24 39
25 39
26 39
27 39
28 39
23 40
24 40
25 40
26 40
27 40
28 40
24 41
25 41
26 41
27 41
28 41
24 42
25 42
26 42
27 42
28 42
24 43
25 43
26 43
27 43
28 43
24 44
25 44
26 44
27 44
0
Yes
22 28
23 28
23 27
22 27
21 27
21 26
22 26
23 26
23 29
24 29
24 28
24 27
24 26
25 26
25 27
25 28
25 29
26 26
26 27
26 28
26 29
0
Yes
1 43
1 44
1 45
1 46
1 47
1 48
1 49
2 49
2 48
2 47
2 46
2 45
2 44
2 43
3 43
3 44
3 45
3 46
3 47
3 48
3 49
4 49
4 48
4 47
4 46
4 45
4 44
4 43
5 43
5 44
5 45
5 46
5 47
5 48
5 49
5 42
4 42
3 42
2 42
1 42
1 41
2 41
3 41
4 41
5 41
0 41
0 42
0 43
0 44
0 45
0 46
0 47
0 48
0 49
6 41
6 42
6 43
6 44
6 45
6 46
6 47
6 48
6 49
7 43
7 42
0
Yes
33 18
34 18
34 19
33 19
32 19
32 20
33 20
34 20
32 21
33 21
34 21
32 22
33 22
34 22
32 23
33 23
34 23
35 23
35 22
35 21
35 20
35 19
35 18
35 17
36 17
36 18
36 19
36 20
36 21
36 22
36 23
37 22
37 21
37 20
37 19
37 18
38 18
38 19
38 20
0
Yes
49 25
49 24
48 24
48 25
47 25
46 25
46 26
47 26
48 26
49 26
45 26
45 27
46 27
47 27
48 27
49 27
45 28
46 28
47 28
48 28
49 28
45 29
46 29
47 29
48 29
49 29
45 30
46 30
47 30
48 30
49 30
45 31
46 31
47 31
48 31
0
No
0
Yes
25 8
25 9
25 10
25 11
25 12
26 12
26 11
26 10
26 9
26 8
24 11
24 10
24 9
24 8
23 10
23 9
23 8
22 10
22 9
22 8
22 7
23 7
24 7
25 7
26 7
23 6
24 6
25 6
26 6
24 5
25 5
26 5
25 4
26 4
25 3
26 3
27 11
27 10
27 9
27 8
27 7
27 6
27 5
27 4
27 3
28 11
28 10
28 9
28 8
28 7
28 6
28 5
28 4
28 3
29 11
29 10
29 9
29 8
29 7
29 6
29 5
29 4
29 3
30 11
30 10
30 9
30 8
30 7
30 6
30 5
30 4
30 3
25 2
26 2
27 2
28 2
29 2
30 2
25 1
26 1
27 1
28 1
29 1
30 1
25 0
26 0
27 0
28 0
29 0
30 0
31 0
31 1
31 2
31 3
31 4
31 5
31 6
31 7
31 8
31 9
31 10
31 11
31 12
32 12
32 11
32 10
32 9
32 8
32 7
32 6
32 5
32 4
32 3
32 2
32 1
32 0
33 12
33 11
33 10
33 9
33 8
0
Yes
40 5
40 4
41 4
41 3
40 3
41 2
40 2
40 1
40 0
39 0
39 1
39 2
39 3
39 4
39 5
39 6
39 7
40 7
40 8
39 8
41 8
42 8
43 8
44 8
44 9
43 9
42 9
41 9
40 9
39 9
39 10
40 10
41 10
42 10
43 10
44 10
44 11
43 11
42 11
41 11
40 11
39 11
38 11
38 10
38 9
38 8
38 7
38 6
38 5
38 4
38 3
38 2
38 1
38 0
37 0
37 1
37 2
37 3
37 4
37 5
37 6
37 7
37 8
37 9
37 10
37 11
36 11
36 10
36 9
36 8
36 7
36 6
36 5
36 4
36 3
36 2
36 1
36 0
35 11
35 10
35 9
35 8
35 7
35 6
35 5
35 4
35 3
35 2
35 1
35 0
34 10
34 9
34 8
34 7
34 6
34 5
34 4
34 3
34 2
34 1
34 0
33 7
33 6
33 5
33 4
33 3
33 2
33 1
33 0
35 12
36 12
37 12
38 12
39 12
40 12
41 12
42 12
43 12
44 12
44 13
43 13
41 13
40 13
39 13
38 13
37 13
36 13
35 13
35 14
36 14
37 14
38 14
39 14
35 15
36 15
37 15
38 15
39 15
0
Yes
38 48
38 49
38 47
38 46
37 46
37 47
37 48
37 49
36 46
36 47
36 48
36 49
35 46
35 47
35 48
35 49
34 46
34 47
34 48
34 49
33 46
33 47
33 48
33 49
32 46
32 47
32 48
32 49
31 49
31 48
31 47
0
No
0
Yes
31 25
31 26
31 27
31 28
32 28
32 27
32 26
32 25
32 24
33 24
33 25
33 26
33 27
33 28
34 24
34 25
34 26
34 27
34 28
35 24
35 25
35 26
35 27
35 28
0
No
0
Yes
14 3
14 4
15 4
15 3
16 3
16 4
17 4
17 3
18 4
18 3
18 2
17 2
16 2
15 2
14 2
14 1
15 1
16 1
17 1
18 1
18 0
17 0
16 0
15 0
14 0
19 4
19 3
19 2
19 1
19 0
0
No
0
Yes
38 48
38 49
38 47
38 46
38 45
38 44
38 43
38 42
38 41
38 40
37 40
37 41
37 42
37 43
37 44
37 45
37 46
37 47
37 48
37 49
36 49
36 48
36 47
36 46
36 45
36 44
36 43
36 42
36 41
36 40
35 40
35 41
35 42
35 43
35 44
35 45
35 46
35 47
35 48
35 49
34 49
34 48
34 47
34 46
34 45
34 44
34 43
34 42
34 41
34 40
33 40
33 41
33 42
33 43
33 44
33 45
33 46
33 47
33 48
33 49
38 39
37 39
36 39
35 39
34 39
33 39
32 39
32 40
32 41
32 42
32 43
32 44
32 45
32 46
32 47
32 48
32 49
31 39
31 40
31 41
31 42
31 43
31 44
31 45
31 46
31 47
31 48
0
Yes
49 20
49 21
48 21
48 20
47 20
47 21
0
Yes
12 37
12 38
12 39
11 38
11 37
10 38
10 37
9 38
9 37
8 38
8 37
8 36
9 36
10 36
11 36
12 36
8 35
9 35
10 35
11 35
12 35
8 34
9 34
10 34
11 34
12 34
8 33
9 33
10 33
11 33
12 33
8 32
9 32
10 32
11 32
12 32
13 32
13 33
13 34
13 35
13 36
13 37
13 38
13 39
13 40
14 40
14 39
14 38
14 37
14 36
14 35
14 34
14 33
14 32
15 32
15 33
15 34
15 35
15 36
15 37
15 38
15 39
15 40
16 40
16 39
16 38
16 37
16 36
16 35
16 34
16 33
16 32
17 40
17 39
17 38
17 37
17 36
17 35
17 34
17 33
17 32
18 40
18 39
18 38
18 37
18 36
18 35
18 34
18 33
18 32
19 40
19 39
19 38
19 37
19 36
19 35
19 34
19 33
19 32
19 31
18 31
17 31
16 31
15 31
14 31
13 31
12 31
11 31
10 31
9 31
8 31
10 30
11 30
12 30
13 30
14 30
15 30
16 30
17 30
18 30
19 30
9 30
8 30
0
Yes
5 48
5 49
6 49
6 48
7 48
7 49
8 49
8 48
8 47
7 47
6 47
5 47
8 46
7 46
6 46
5 46
6 45
5 45
6 44
5 44
4 44
4 45
4 46
4 47
4 48
4 49
3 49
3 48
3 47
3 46
3 45
3 44
2 44
2 45
2 46
2 47
2 48
2 49
1 49
1 48
1 47
1 46
1 45
1 44
0 44
0 45
0 46
0 47
0 48
0 49
0
Yes
3 23
3 24
3 25
3 26
3 27
3 28
3 29
4 29
4 28
4 27
4 26
4 25
4 24
4 23
5 23
5 24
5 25
5 26
5 27
5 28
5 29
6 29
6 28
6 27
6 26
6 25
6 24
6 23
7 23
7 24
7 25
7 26
7 27
7 28
7 29
8 29
8 28
8 27
8 26
8 25
8 24
8 23
9 29
9 28
9 27
9 26
9 25
9 24
9 23
9 22
8 22
7 22
6 22
5 22
4 22
3 22
9 21
8 21
7 21
6 21
5 21
4 21
3 21
9 20
8 20
7 20
6 20
5 20
4 20
3 20
2 20
2 21
2 22
2 23
2 24
2 25
2 26
2 27
2 28
2 29
1 29
1 28
1 27
1 26
1 25
1 24
1 23
1 22
1 21
1 20
0 20
0 21
0 22
0 23
0 24
0 25
0 26
0 27
0 28
0 29
0 19
1 19
2 19
3 19
4 19
5 19
6 19
7 19
8 19
0
No
0
No
0
No
1
298
30 41
30 42
30 43
30 40
30 39
29 39
29 40
29 41
29 42
29 43
28 43
28 42
28 41
28 40
28 39
28 38
28 37
28 36
28 35
27 35
27 36
27 37
27 38
27 39
27 40
27 41
27 42
27 43
26 35
26 36
26 37
26 38
26 39
26 40
26 41
26 42
26 43
25 35
25 36
25 37
25 38
25 39
25 40
25 41
25 42
25 43
24 43
24 42
24 41
24 40
24 39
24 38
24 37
24 36
24 35
23 40
23 39
23 38
23 37
23 36
23 35
22 39
22 38
22 37
22 36
22 35
24 44
25 44
26 44
27 44
28 44
29 44
30 44
30 45
29 45
28 45
30 46
29 46
28 46
27 46
26 46
30 47
29 47
28 47
27 47
26 47
25 47
25 48
26 48
27 48
28 48
29 48
30 48
30 49
29 49
28 49
27 49
26 49
25 49
21 39
21 38
21 37
21 36
21 35
20 39
20 38
20 37
20 36
20 35
20 34
21 34
22 34
23 34
24 34
24 33
23 33
22 33
21 33
20 33
22 32
21 32
Yes
1 4
1 3
0 3
0 4
0 5
0 6
0 7
1 7
2 7
2 8
3 8
3 9
3 10
4 10
4 9
4 8
5 8
5 9
5 10
5 11
6 11
6 10
6 9
6 8
6 7
7 7
7 8
7 9
7 10
7 11
8 7
8 8
8 9
8 10
8 11
8 12
8 13
8 14
9 14
9 13
9 12
9 11
9 10
9 9
9 8
9 7
10 11
10 10
10 9
10 8
10 7
11 10
11 9
11 8
11 7
12 9
12 8
12 7
13 9
13 8
13 7
14 7
10 6
11 6
12 6
13 6
14 6
10 5
11 5
12 5
13 5
14 5
13 4
13 3
13 2
13 1
13 0
12 3
12 2
12 1
12 0
11 3
11 2
11 1
11 0
10 1
10 0
15 5
15 6
16 6
16 5
9 15
10 15
10 16
9 16
8 16
11 16
11 17
10 17
9 17
8 17
7 13
0
Yes
38 0
38 1
38 2
38 3
39 3
39 2
39 1
39 0
40 0
40 1
40 2
40 3
41 3
41 2
41 1
41 0
37 3
37 2
37 1
37 0
36 0
36 1
36 2
36 3
41 4
40 4
39 4
38 4
37 4
36 4
0
Yes
35 29
35 30
34 30
34 29
33 29
33 30
32 30
32 29
31 29
31 30
0
No
0
No
0
No
0
Yes
32 3
32 4
31 4
31 3
31 2
32 2
32 1
31 1
31 0
32 0
30 0
30 1
30 2
30 3
30 4
29 4
29 3
29 2
29 1
29 0
28 0
28 1
28 2
28 3
28 4
27 4
27 3
27 2
27 1
27 0
26 0
26 1
26 2
26 3
26 4
25 4
25 3
25 2
25 1
25 0
25 5
26 5
27 5
28 5
29 5
0
No
0
Yes
40 17
39 17
40 16
39 16
40 15
39 15
38 16
38 15
0
Yes
37 15
36 15
35 15
35 14
36 14
37 14
35 13
36 13
37 13
35 12
36 12
37 12
35 11
36 11
37 11
0
Yes
49 46
49 47
49 48
49 49
48 49
48 48
48 47
48 46
48 45
49 45
49 44
48 44
48 43
49 43
49 42
48 42
47 42
47 43
47 44
47 45
47 46
47 47
47 48
47 49
46 42
46 43
46 44
46 45
46 46
46 47
46 48
46 49
45 49
45 48
45 47
45 46
45 45
45 44
45 43
45 42
45 41
45 40
44 40
44 41
44 42
44 43
44 44
44 45
44 46
44 47
44 48
44 49
43 40
43 41
43 42
43 43
43 44
43 45
43 46
43 47
43 48
43 49
42 49
42 48
42 47
42 46
42 45
42 44
42 43
42 42
42 41
42 40
41 40
41 41
41 42
41 43
41 44
41 45
41 46
41 47
41 48
41 49
40 49
40 48
40 47
40 46
40 45
40 44
40 43
40 42
40 41
40 40
39 40
39 41
39 42
39 43
39 44
39 45
39 46
39 47
39 48
39 49
38 49
38 48
38 47
38 46
38 45
38 44
38 43
38 42
38 41
38 40
37 40
37 41
37 42
37 43
37 44
37 45
37 46
37 47
37 48
37 49
36 49
36 48
36 47
36 46
36 45
36 44
36 43
36 42
36 41
36 40
35 40
35 41
35 42
35 43
35 44
35 45
35 46
35 47
35 48
35 49
42 39
41 39
40 39
39 39
38 39
37 39
36 39
0
Yes
34 0
35 0
35 1
34 1
33 1
33 0
33 2
34 2
35 2
0
Yes
41 30
41 31
41 32
41 33
42 33
42 32
42 31
42 30
43 33
43 32
43 31
43 30
44 31
44 30
44 29
43 29
42 29
41 29
41 28
42 28
43 28
44 28
40 29
40 30
40 31
40 32
40 33
0
Yes
6 37
7 37
7 38
6 38
6 39
7 39
8 39
8 40
7 40
6 40
7 41
6 41
7 42
6 42
7 43
6 43
5 43
5 42
5 41
5 40
5 39
5 38
5 37
4 43
4 42
4 41
4 40
4 39
4 38
4 37
3 43
3 42
3 41
3 40
3 39
3 38
3 37
2 43
2 42
2 41
2 40
2 39
2 38
2 37
1 43
1 42
1 41
1 40
1 39
1 38
1 37
0 43
0 42
0 41
0 40
0 39
0 38
0 37
0
Yes
25 12
26 12
26 11
25 11
24 11
27 11
28 11
29 11
30 11
31 11
31 12
32 12
33 12
32 11
33 11
33 10
32 10
31 10
30 10
29 10
28 10
27 10
26 10
25 10
24 10
23 10
22 10
22 9
23 9
24 9
25 9
26 9
27 9
28 9
29 9
30 9
31 9
32 9
33 9
22 8
23 8
24 8
25 8
26 8
27 8
28 8
29 8
30 8
31 8
32 8
33 8
22 7
23 7
24 7
25 7
26 7
27 7
28 7
29 7
30 7
31 7
32 7
33 7
23 6
24 6
25 6
26 6
27 6
28 6
29 6
30 6
31 6
32 6
0
Yes
15 47
15 48
14 48
14 49
15 49
15 46
14 46
16 46
16 47
16 48
16 49
17 46
17 47
17 48
17 49
18 46
18 47
18 48
18 49
0
Yes
33 48
34 48
34 47
33 47
34 46
33 46
34 45
33 45
34 44
33 44
34 43
33 43
34 42
33 42
32 42
32 43
32 44
32 45
32 46
32 47
32 48
31 48
31 47
31 46
31 45
31 44
31 43
31 42
30 42
30 43
30 44
30 45
30 46
30 47
30 48
29 48
29 47
29 46
29 45
29 44
29 43
29 42
28 45
28 46
28 47
28 48
28 44
28 43
28 42
34 41
33 41
32 41
31 41
30 41
29 41
28 41
34 40
33 40
32 40
31 40
30 40
29 40
28 40
34 49
33 49
32 49
31 49
30 49
29 49
28 49
28 39
29 39
30 39
31 39
32 39
33 39
34 39
0
Yes
28 34
28 33
29 33
29 34
29 32
29 31
29 30
30 30
30 31
30 32
30 33
30 34
30 35
29 35
28 35
28 36
29 36
30 36
30 37
29 37
28 37
28 38
29 38
30 38
31 38
31 37
31 36
31 35
31 34
31 33
31 32
31 31
31 30
32 38
32 37
32 36
32 35
32 34
32 33
32 32
32 31
32 30
33 38
33 37
33 36
33 35
33 34
33 33
33 32
33 31
33 30
34 38
34 37
34 36
34 35
34 34
34 33
34 32
34 31
34 30
35 38
35 37
35 36
35 35
35 34
35 33
35 32
35 31
35 30
36 38
36 37
36 36
36 35
36 34
36 33
36 32
36 31
36 30
37 38
37 37
37 36
37 35
37 34
37 33
37 32
0
No
0
No
0
No
0
No
0
Yes
26 46
27 46
27 47
26 47
25 47
25 48
26 48
27 48
27 49
26 49
25 49
0
Yes
0 27
0 28
0 29
1 29
1 28
1 27
2 27
2 28
2 29
3 29
3 28
3 27
4 27
4 28
4 29
5 29
5 28
5 27
6 27
6 28
6 29
7 29
7 28
7 27
8 29
8 28
8 27
9 29
9 28
9 27
9 26
8 26
7 26
6 26
5 26
4 26
3 26
2 26
1 26
0 26
9 25
8 25
7 25
6 25
5 25
4 25
3 25
2 25
1 25
0 25
9 24
8 24
7 24
6 24
5 24
4 24
3 24
2 24
1 24
0 24
9 23
8 23
7 23
6 23
5 23
4 23
3 23
2 23
1 23
0 23
9 22
8 22
7 22
6 22
5 22
4 22
3 22
2 22
1 22
0 22
9 21
8 21
7 21
6 21
5 21
4 21
3 21
2 21
1 21
0 21
9 20
8 20
7 20
6 20
5 20
4 20
3 20
2 20
1 20
0 20
0 19
1 19
2 19
3 19
4 19
5 19
6 19
7 19
8 19
9 19
9 18
8 18
3 18
2 18
1 18
7 30
6 30
5 30
4 30
3 30
2 30
1 30
0 30
7 31
6 31
5 31
4 31
3 31
2 31
1 31
0 31
7 32
6 32
0
Yes
38 16
38 15
39 15
39 16
39 17
40 17
40 16
40 15
0
Yes
46 9
46 10
45 10
45 9
45 8
46 8
47 8
48 8
48 9
49 9
49 8
49 7
48 7
47 7
46 7
45 7
44 7
44 8
44 9
44 10
45 6
46 6
47 6
48 6
49 6
45 5
46 5
47 5
48 5
49 5
45 4
46 4
47 4
48 4
49 4
49 3
48 3
47 3
46 3
45 3
44 3
44 2
45 2
46 2
47 2
48 2
49 2
49 1
48 1
47 1
46 1
45 1
44 1
44 0
45 0
46 0
47 0
48 0
49 0
43 2
43 1
43 0
42 2
42 1
42 0
0
No
0
No
0
Yes
14 41
15 41
15 42
14 42
15 43
14 43
13 43
13 44
14 44
15 44
0
Yes
41 0
41 1
41 2
41 3
41 4
40 4
40 3
40 2
40 1
40 0
40 5
39 5
39 4
39 3
39 2
39 1
39 0
38 0
38 1
38 2
38 3
38 4
38 5
37 5
37 4
37 3
37 2
37 1
37 0
36 0
36 1
36 2
36 3
36 4
36 5
35 5
35 4
35 3
35 2
35 1
35 0
34 0
34 1
34 2
34 3
34 4
34 5
33 5
33 4
33 3
33 2
33 1
33 0
0
No
0
Yes
27 40
27 41
27 42
27 39
27 38
27 37
27 36
27 35
26 35
26 36
26 37
26 38
26 39
26 40
26 41
26 42
25 35
25 36
25 37
25 38
25 39
25 40
25 41
25 42
24 42
24 41
24 40
24 39
24 38
24 37
24 36
24 35
23 40
23 39
23 38
23 37
23 36
23 35
22 39
22 38
22 37
22 36
22 35
21 39
21 38
21 37
21 36
21 35
24 34
23 34
22 34
21 34
24 33
23 33
22 33
21 33
22 32
21 32
21 31
21 30
20 30
20 31
20 32
20 33
20 34
20 35
20 36
20 37
20 38
20 39
24 43
25 43
26 43
27 43
27 44
26 44
25 44
24 44
0
Yes
20 41
21 41
19 41
19 42
20 42
21 42
0
No
0
No
0
Yes
27 17
26 17
25 17
25 16
26 16
27 16
0
Yes
22 28
22 27
21 27
21 26
22 26
21 25
22 25
21 24
22 24
21 23
22 23
21 22
22 22
21 21
22 21
22 20
23 20
23 21
23 22
23 23
23 24
23 25
23 26
23 27
23 28
23 29
23 19
24 29
24 28
24 27
24 26
24 25
24 24
24 23
24 22
24 21
24 20
24 19
24 18
25 18
25 19
25 20
25 21
25 22
25 23
25 24
25 25
25 26
25 27
25 28
25 29
26 18
26 19
26 20
26 21
26 22
26 23
26 24
26 25
26 26
26 27
26 28
26 29
26 30
27 30
27 29
27 28
27 27
27 26
27 25
27 24
27 23
27 22
27 21
27 20
27 19
27 18
28 18
28 19
28 20
28 21
28 22
28 23
28 24
28 25
28 26
28 27
28 28
28 29
29 19
0
Yes
24 19
24 18
23 19
25 18
25 19
26 18
26 19
27 18
27 19
28 18
28 19
29 19
29 20
28 20
27 20
26 20
25 20
24 20
23 20
22 20
22 21
23 21
24 21
25 21
26 21
27 21
28 21
29 21
21 21
21 22
22 22
23 22
24 22
25 22
26 22
27 22
28 22
29 22
21 23
22 23
23 23
24 23
25 23
26 23
27 23
28 23
29 23
21 24
22 24
23 24
24 24
25 24
26 24
27 24
28 24
29 24
30 21
30 22
30 23
30 24
31 21
31 22
31 23
31 24
21 25
22 25
23 25
24 25
25 25
26 25
27 25
28 25
29 25
30 25
31 25
21 26
22 26
23 26
24 26
25 26
26 26
27 26
28 26
29 26
30 26
31 26
21 27
22 27
23 27
24 27
25 27
26 27
27 27
28 27
29 27
30 27
31 27
22 28
23 28
24 28
25 28
26 28
27 28
28 28
29 28
30 28
31 28
23 29
24 29
25 29
26 29
27 29
28 29
29 29
30 29
31 29
27 30
26 30
29 30
30 30
31 30
29 31
30 31
0
Yes
45 12
44 12
44 13
43 13
43 12
0
No
0
Yes
41 35
41 36
42 36
42 37
41 37
42 38
41 38
40 38
40 37
40 36
40 35
39 38
39 37
39 36
39 35
38 38
38 37
38 36
38 35
37 38
37 37
37 36
37 35
36 38
36 37
36 36
36 35
41 34
40 34
39 34
38 34
37 34
36 34
39 33
38 33
37 33
36 33
39 32
38 32
37 32
36 32
39 31
38 31
37 31
36 31
39 30
38 30
37 30
36 30
39 29
38 29
37 29
36 29
38 28
37 28
36 28
36 27
35 38
35 37
35 36
35 35
35 34
35 33
35 32
35 31
35 30
35 29
35 28
35 27
35 26
35 25
34 38
34 37
34 36
34 35
34 34
34 33
34 32
34 31
34 30
34 29
34 28
34 27
34 26
34 25
33 38
33 37
33 36
33 35
33 34
33 33
33 32
33 31
33 30
33 29
33 28
33 27
33 26
33 25
32 25
32 26
32 27
32 28
32 29
32 30
32 31
32 32
32 33
32 34
32 35
32 36
32 37
32 38
31 31
31 32
31 33
31 34
31 35
31 36
31 37
31 38
30 38
30 37
30 36
30 35
30 34
30 33
30 32
29 32
29 33
29 34
29 35
29 36
29 37
29 38
28 38
28 37
28 36
28 35
28 34
28 33
32 24
33 24
34 24
35 24
27 33
0
No
0
Yes
19 0
19 1
19 2
19 3
19 4
18 4
18 3
18 2
18 1
18 0
17 4
17 3
17 2
17 1
17 0
16 4
16 3
16 2
16 1
16 0
15 4
15 3
15 2
15 1
15 0
0
No
0
No
0
Yes
34 0
34 1
34 2
34 3
34 4
34 5
34 6
34 7
34 8
34 9
34 10
35 10
35 9
35 8
35 7
35 6
35 5
35 4
35 3
35 2
35 1
35 0
36 10
36 9
36 8
36 7
36 6
36 5
36 4
36 3
36 2
36 1
36 0
37 10
37 9
37 8
37 7
37 6
37 5
37 4
37 3
37 2
37 1
37 0
38 0
38 1
38 2
38 3
38 4
38 5
38 6
38 7
38 8
38 9
38 10
39 6
39 7
39 8
39 9
39 10
39 5
39 4
39 3
39 2
39 1
39 0
40 5
40 4
40 3
40 2
40 1
40 0
40 7
40 8
40 9
40 10
41 4
41 3
41 2
41 1
41 0
33 6
33 5
33 4
33 3
33 2
33 1
33 0
42 2
42 1
42 0
43 2
43 1
43 0
0
Yes
8 46
8 47
8 48
8 49
7 46
7 47
7 48
7 49
6 49
6 48
6 47
6 46
5 46
5 47
5 48
5 49
4 49
4 48
4 47
0
Yes
1 48
2 48
3 48
0 48
3 49
2 49
1 49
0 49
3 47
2 47
1 47
0 47
0 46
1 46
0
Yes
44 0
44 1
44 2
44 3
45 3
45 2
45 1
45 0
45 4
45 5
45 6
45 7
44 7
44 8
45 8
43 8
42 8
41 8
46 8
46 7
46 6
46 5
46 4
46 3
46 2
46 1
46 0
47 8
47 7
47 6
47 5
47 4
47 3
47 2
47 1
47 0
48 0
48 1
48 2
48 3
48 4
48 5
48 6
48 7
48 8
49 8
49 7
49 6
49 5
49 4
49 3
49 2
49 1
49 0
48 9
49 9
46 9
45 9
44 9
43 9
42 9
41 9
46 10
45 10
44 10
43 10
42 10
41 10
44 11
43 11
42 11
41 11
42 12
41 12
41 13
40 13
40 12
0
Yes
13 21
13 22
13 23
13 24
13 25
13 26
13 27
13 28
14 28
14 27
14 26
14 25
14 24
14 23
14 22
14 21
15 21
15 22
15 23
15 24
15 25
15 26
15 27
15 28
16 28
16 27
16 26
16 25
16 24
16 23
16 22
16 21
17 21
17 22
17 23
17 24
17 25
17 26
17 27
17 28
18 28
18 27
18 26
18 25
18 24
18 23
18 22
18 21
19 21
19 22
19 23
19 24
19 25
19 26
19 27
19 28
20 28
20 27
20 26
20 25
20 24
20 23
20 22
20 21
20 20
19 20
18 20
17 20
16 20
15 20
14 20
13 20
19 19
18 19
17 19
16 19
15 19
14 19
13 19
12 19
12 20
12 21
12 22
12 23
12 24
12 25
12 26
12 27
12 28
11 28
11 27
11 26
11 25
11 24
11 23
11 22
11 21
11 20
11 19
18 18
20 29
19 29
18 29
17 29
16 29
15 29
14 29
13 29
12 29
11 29
10 29
10 28
10 27
10 26
10 25
10 24
10 23
10 22
10 21
10 20
10 19
10 18
11 18
12 18
13 18
14 18
12 17
13 17
14 17
15 17
0
No
0
Yes
6 44
6 45
5 45
5 44
4 44
4 45
4 46
0
Yes
14 0
14 1
15 1
15 0
16 0
16 1
14 2
15 2
16 2
14 3
15 3
16 3
14 4
15 4
16 4
0
Yes
47 1
47 2
47 3
46 3
46 2
46 1
46 0
47 0
45 0
45 1
45 2
45 3
44 3
44 2
44 1
44 0
48 0
48 1
48 2
48 3
0
No
0
No
0
Yes
47 7
47 8
48 8
48 7
48 9
49 9
49 8
49 7
49 6
48 6
47 6
47 5
48 5
49 5
49 4
48 4
47 4
47 3
48 3
49 3
49 2
48 2
47 2
47 1
48 1
49 1
49 0
48 0
47 0
46 0
46 1
46 2
46 3
46 4
46 5
46 6
46 7
46 8
46 9
46 10
45 10
45 9
45 8
45 7
45 6
45 5
45 4
45 3
45 2
45 1
45 0
44 3
44 2
44 1
44 0
44 7
44 8
44 9
44 10
44 11
43 11
43 10
43 9
43 8
0
No
0
Yes
1 45
1 44
2 44
2 45
0 44
0 45
0 46
1 46
2 46
3 44
3 45
3 46
0
Yes
13 21
13 22
13 23
13 24
13 25
13 26
13 27
13 28
13 29
14 29
14 28
14 27
14 26
14 25
14 24
14 23
14 22
14 21
15 29
15 28
15 27
15 26
15 25
15 24
15 23
15 22
15 21
16 29
16 28
16 27
16 26
16 25
16 24
16 23
16 22
16 21
17 29
17 28
17 27
17 26
17 25
17 24
17 23
17 22
17 21
18 29
18 28
18 27
18 26
18 25
18 24
18 23
18 22
18 21
19 29
19 28
19 27
19 26
19 25
19 24
19 23
19 22
19 21
20 21
20 22
20 23
20 24
20 25
20 26
20 27
20 28
20 29
20 20
19 20
18 20
17 20
16 20
15 20
14 20
13 20
19 19
18 19
17 19
16 19
15 19
14 19
13 19
12 29
12 28
12 27
12 26
12 25
12 24
12 23
12 22
12 21
12 20
12 19
11 29
11 28
11 27
11 26
11 25
11 24
11 23
11 22
11 21
11 20
11 19
10 29
10 28
10 27
10 26
10 25
10 24
10 23
10 22
10 21
10 20
0
No
0
Yes
43 2
43 1
43 0
42 2
42 1
42 0
41 0
41 1
41 2
41 3
41 4
40 4
40 3
40 2
40 1
40 0
40 5
39 5
39 4
39 3
39 2
39 1
39 0
39 6
39 7
40 7
40 8
39 8
41 8
42 8
42 9
41 9
40 9
39 9
42 10
41 10
40 10
39 10
42 11
41 11
40 11
39 11
42 12
41 12
40 12
39 12
41 13
40 13
39 13
38 13
38 12
38 11
38 10
38 9
38 8
38 7
38 6
38 5
38 4
38 3
38 2
38 1
38 0
37 10
37 9
37 8
37 7
37 6
37 5
37 4
37 3
37 2
37 1
37 0
36 10
36 9
36 8
36 7
36 6
36 5
36 4
36 3
36 2
36 1
36 0
35 10
35 9
35 8
35 7
35 6
35 5
35 4
35 3
35 2
35 1
35 0
34 10
34 9
34 8
34 7
34 6
34 5
34 4
34 3
34 2
34 1
34 0
33 6
33 5
33 4
33 3
33 2
33 1
33 0
32 5
32 4
32 3
32 2
32 1
32 0
31 5
31 4
31 3
31 2
31 1
31 0
30 5
30 4
30 3
30 2
30 1
30 0
29 5
29 4
29 3
29 2
29 1
29 0
0
No
0
No
0
Yes
22 0
22 1
22 2
22 3
22 4
22 5
23 5
23 4
23 3
23 2
23 1
23 0
24 5
24 4
24 3
24 2
24 1
24 0
25 5
25 4
25 3
25 2
25 1
25 0
26 5
26 4
26 3
26 2
26 1
26 0
21 5
21 4
21 3
21 2
21 1
21 0
20 5
20 4
20 3
20 2
20 1
20 0
19 4
19 3
19 2
19 1
19 0
18 4
18 3
18 2
18 1
18 0
17 4
17 3
17 2
17 1
17 0
27 5
27 4
27 3
27 2
27 1
27 0
0
Yes
0 38
1 38
2 38
3 38
4 38
4 37
3 37
2 37
1 37
0 37
0 36
1 36
2 36
3 36
4 36
4 35
3 35
2 35
1 35
0 35
0 34
1 34
2 34
3 34
4 34
4 33
3 33
2 33
1 33
0 33
0 32
1 32
2 32
3 32
4 32
5 32
5 33
5 34
5 35
5 36
5 37
5 38
6 33
6 34
6 35
6 36
6 37
6 38
7 33
7 34
7 35
7 36
7 37
0
No
0
Yes
24 41
24 42
24 43
24 44
24 40
23 40
23 39
24 39
22 39
21 39
20 39
20 38
21 38
22 38
23 38
24 38
20 37
21 37
22 37
23 37
24 37
20 36
21 36
22 36
23 36
24 36
20 35
21 35
22 35
23 35
24 35
25 35
25 36
25 37
25 38
25 39
25 40
25 41
25 42
25 43
25 44
26 44
26 43
26 42
26 41
26 40
26 39
26 38
26 37
26 36
26 35
27 35
27 36
27 37
27 38
27 39
27 40
27 41
27 42
27 43
27 44
24 34
23 34
22 34
0
Yes
4 49
5 49
6 49
7 49
7 48
6 48
5 48
4 48
4 47
5 47
6 47
7 47
7 46
6 46
5 46
4 46
3 46
3 47
3 48
3 49
8 46
8 47
8 48
8 49
0
Yes
4 39
5 39
3 39
2 39
2 40
3 40
4 40
5 40
5 41
4 41
3 41
2 41
2 42
3 42
4 42
5 42
5 43
4 43
3 43
2 43
1 39
1 40
1 41
1 42
1 43
0 39
0 40
0 41
0 42
0 43
6 39
6 40
6 41
6 42
6 43
7 43
7 42
7 41
7 40
0
Yes
48 49
49 49
49 48
48 48
48 47
49 47
49 46
48 46
48 45
49 45
49 44
48 44
48 43
49 43
49 42
48 42
47 42
47 43
47 44
47 45
47 46
47 47
47 48
47 49
46 42
46 43
46 44
46 45
46 46
46 47
46 48
46 49
45 49
45 48
45 47
45 46
45 45
45 44
45 43
45 42
45 41
45 40
44 40
44 41
44 42
44 43
44 44
44 45
44 46
44 47
44 48
44 49
43 40
43 41
43 42
43 43
43 44
43 45
43 46
43 47
43 48
43 49
42 49
42 48
42 47
42 46
42 45
42 44
42 43
42 42
42 41
42 40
41 40
41 41
41 42
41 43
41 44
41 45
41 46
41 47
41 48
41 49
40 49
40 48
40 47
40 46
40 45
40 44
40 43
40 42
40 41
40 40
0
Yes
43 2
43 1
43 0
42 2
42 1
42 0
41 0
41 1
41 2
41 3
41 4
40 4
40 3
40 2
40 1
40 0
40 5
39 5
39 4
39 3
39 2
39 1
39 0
38 0
38 1
38 2
38 3
38 4
38 5
37 5
37 4
37 3
37 2
37 1
37 0
36 0
36 1
36 2
36 3
36 4
36 5
35 5
35 4
35 3
35 2
35 1
35 0
42 4
0
Yes
14 48
14 49
15 49
15 48
16 48
16 49
17 49
17 48
18 48
18 49
18 47
17 47
16 47
15 47
0
Yes
39 49
39 48
39 47
39 46
39 45
39 44
39 43
38 43
38 44
38 45
38 46
38 47
38 48
38 49
37 49
37 48
37 47
37 46
37 45
37 44
37 43
36 43
36 44
36 45
36 46
36 47
36 48
36 49
35 49
35 48
35 47
35 46
35 45
35 44
35 43
35 42
36 42
37 42
38 42
39 42
39 41
38 41
37 41
36 41
35 41
0
Yes
15 43
15 44
15 45
14 45
14 44
14 43
13 43
13 44
13 45
0
No
0
No
0
Yes
32 1
32 0
31 0
31 1
30 1
30 0
29 0
29 1
28 1
28 0
28 2
29 2
30 2
31 2
32 2
28 3
29 3
30 3
31 3
32 3
28 4
29 4
30 4
31 4
32 4
0
No
0
No
0
Yes
16 4
16 3
16 2
16 1
16 0
15 4
15 3
15 2
15 1
15 0
14 4
14 3
14 2
0
No
0
No
0
Yes
26 46
26 47
26 48
26 49
25 47
25 48
25 49
27 46
27 47
27 48
27 49
0
No
0
Yes
49 26
49 27
49 28
49 29
49 30
49 31
48 31
48 30
48 29
48 28
48 27
48 26
47 31
47 30
47 29
47 28
47 27
47 26
46 31
46 30
46 29
46 28
46 27
46 26
45 26
45 27
45 28
45 29
45 30
45 31
44 27
44 28
44 29
44 30
44 31
0
No
0
No
0
No
0
Yes
18 37
19 37
19 38
18 38
19 39
18 39
18 40
19 40
17 40
17 39
17 38
17 37
19 36
18 36
17 36
19 35
18 35
17 35
17 34
18 34
19 34
19 33
18 33
17 33
17 32
18 32
19 32
19 31
18 31
17 31
17 30
18 30
19 30
16 30
16 31
16 32
16 33
16 34
16 35
16 36
16 37
16 38
16 39
16 40
15 30
15 31
15 32
15 33
15 34
15 35
15 36
15 37
15 38
15 39
15 40
14 30
14 31
14 32
14 33
14 34
14 35
14 36
14 37
14 38
14 39
14 40
13 40
13 39
13 38
13 37
13 36
13 35
13 34
13 33
13 32
13 31
13 30
12 39
12 38
12 37
12 36
12 35
12 34
12 33
12 32
12 31
12 30
11 30
11 31
11 32
11 33
11 34
11 35
11 36
11 37
11 38
10 38
10 37
10 36
10 35
10 34
10 33
10 32
10 31
10 30
9 30
9 31
9 32
9 33
9 34
9 35
9 36
9 37
9 38
8 30
8 31
8 32
8 33
8 34
8 35
8 36
0
Yes
40 17
39 17
40 16
39 16
40 15
39 15
38 16
38 15
0
No
0
Yes
43 49
44 49
45 49
46 49
47 49
48 49
49 49
49 48
48 48
47 48
46 48
45 48
44 48
43 48
43 47
44 47
45 47
46 47
47 47
48 47
49 47
49 46
48 46
47 46
46 46
45 46
44 46
43 46
43 45
44 45
45 45
46 45
47 45
48 45
49 45
49 44
48 44
47 44
46 44
45 44
44 44
43 44
43 43
44 43
45 43
46 43
47 43
48 43
49 43
49 42
48 42
47 42
46 42
45 42
44 42
43 42
42 42
42 43
42 44
42 45
42 46
42 47
42 48
42 49
41 49
41 48
41 47
41 46
41 45
1
378
35 43
35 44
35 45
35 46
35 47
35 48
35 49
35 42
35 41
35 40
35 39
36 39
36 40
36 41
36 42
36 43
36 44
36 45
36 46
36 47
36 48
36 49
37 39
37 40
37 41
37 42
37 43
37 44
37 45
37 46
37 47
37 48
37 49
38 39
38 40
38 41
38 42
38 43
38 44
38 45
38 46
38 47
38 48
38 49
39 39
39 40
39 41
39 42
39 43
39 44
39 45
39 46
39 47
39 48
39 49
40 49
40 48
40 47
40 46
40 45
40 44
40 43
40 42
Yes
12 2
12 3
11 3
11 2
13 3
13 2
13 4
13 5
14 5
15 5
15 6
14 6
13 6
14 7
13 7
16 6
16 5
17 5
17 4
18 4
19 4
17 3
18 3
19 3
17 2
18 2
19 2
17 1
18 1
19 1
17 0
18 0
19 0
13 8
13 9
12 9
12 8
12 7
12 6
12 5
11 5
11 6
11 7
11 8
11 9
11 10
10 5
10 6
10 7
10 8
10 9
10 10
10 11
13 1
12 1
11 1
10 1
14 1
14 0
13 0
12 0
11 0
10 0
9 7
9 8
9 9
9 10
9 11
9 12
9 13
9 14
8 14
8 13
8 12
8 11
8 10
8 9
8 8
8 7
7 7
7 8
7 9
7 10
7 11
6 7
6 8
6 9
6 10
6 11
5 11
5 10
5 9
5 8
4 8
4 9
4 10
3 10
3 9
3 8
2 8
2 7
1 7
0 7
0 6
0 5
9 15
10 15
10 16
9 16
8 16
8 17
9 17
10 17
10 18
11 16
11 17
11 18
12 18
12 17
13 17
13 18
14 18
14 17
0 4
1 4
1 3
0 3
20 0
20 1
20 2
20 3
20 4
20 5
21 5
21 4
21 3
21 2
21 1
21 0
22 5
22 4
22 3
22 2
22 1
22 0
23 5
23 4
0
No
0
No
0
Yes
27 3
27 4
27 5
28 5
28 4
28 3
29 5
29 4
29 3
30 5
30 4
30 3
26 5
26 4
26 3
25 5
25 4
25 3
24 5
24 4
24 3
23 3
23 2
24 2
25 2
26 2
27 2
28 2
29 2
30 2
23 1
24 1
25 1
26 1
27 1
28 1
29 1
30 1
23 0
24 0
25 0
26 0
27 0
28 0
29 0
30 0
0
Yes
36 18
36 17
35 17
35 18
34 18
33 18
37 18
38 18
38 19
37 19
36 19
35 19
34 19
33 19
32 19
38 20
37 20
36 20
35 20
34 20
33 20
32 20
32 21
33 21
34 21
35 21
36 21
37 21
37 22
36 22
35 22
34 22
33 22
32 22
32 23
33 23
34 23
35 23
36 23
36 24
35 24
34 24
33 24
32 24
32 25
33 25
34 25
35 25
35 26
34 26
33 26
32 26
32 27
33 27
34 27
35 27
0
Yes
21 34
21 33
21 32
22 32
22 33
20 34
20 33
20 32
0
Yes
2 49
2 48
2 47
1 47
1 48
1 49
0 49
0 48
0 47
0 46
0
Yes
41 43
41 44
41 45
41 46
41 47
41 48
41 49
41 42
42 42
42 43
42 44
42 45
42 46
42 47
42 48
42 49
43 49
43 48
43 47
43 46
43 45
43 44
43 43
43 42
44 42
44 43
44 44
44 45
44 46
44 47
44 48
44 49
44 41
43 41
42 41
41 41
40 41
40 40
41 40
42 40
43 40
44 40
42 39
41 39
40 39
42 38
41 38
40 38
39 38
38 38
37 38
36 38
42 37
41 37
40 37
39 37
38 37
37 37
36 37
42 36
41 36
40 36
39 36
38 36
37 36
36 36
45 40
45 41
45 42
45 43
45 44
45 45
45 46
45 47
45 48
45 49
46 42
46 43
46 44
46 45
46 46
46 47
46 48
46 49
47 42
47 43
47 44
47 45
47 46
47 47
47 48
47 49
48 42
48 43
48 44
48 45
48 46
48 47
48 48
48 49
49 42
49 43
49 44
49 45
49 46
49 47
49 48
49 49
41 35
40 35
39 35
38 35
37 35
36 35
41 34
40 34
39 34
38 34
0
Yes
39 30
39 29
40 29
40 30
40 31
39 31
38 31
38 30
38 29
38 28
37 28
37 29
37 30
37 31
36 31
36 30
36 29
36 28
36 27
35 27
35 28
35 29
35 30
35 31
35 26
35 25
35 24
36 24
36 23
35 23
35 22
36 22
37 22
37 21
36 21
35 21
35 20
36 20
37 20
38 20
38 19
37 19
36 19
35 19
38 18
37 18
36 18
35 18
34 18
34 19
34 20
34 21
34 22
34 23
34 24
34 25
34 26
34 27
34 28
34 29
34 30
34 31
33 18
33 19
33 20
33 21
33 22
33 23
33 24
33 25
33 26
33 27
33 28
33 29
33 30
33 31
41 31
41 30
41 29
41 28
42 28
42 29
42 30
42 31
43 28
43 29
43 30
43 31
32 19
32 20
32 21
32 22
32 23
32 24
32 25
32 26
32 27
32 28
32 29
32 30
32 31
31 31
35 17
36 17
43 32
42 32
41 32
40 32
39 32
38 32
37 32
36 32
35 32
34 32
33 32
32 32
31 32
43 33
42 33
41 33
40 33
39 33
38 33
37 33
36 33
35 33
34 33
33 33
32 33
31 33
37 34
36 34
35 34
34 34
33 34
32 34
31 34
35 35
34 35
33 35
32 35
0
Yes
42 12
42 11
42 10
42 9
42 8
41 8
41 9
41 10
41 11
41 12
41 13
40 13
40 12
40 11
40 10
40 9
40 8
40 7
39 7
39 8
39 9
39 10
39 11
39 12
39 13
39 14
38 14
38 13
38 12
38 11
38 10
38 9
38 8
38 7
37 7
37 8
37 9
37 10
37 11
37 12
37 13
37 14
36 14
36 13
36 12
36 11
36 10
36 9
36 8
36 7
35 11
35 12
35 13
35 14
35 10
35 9
35 8
35 7
34 10
34 9
34 8
34 7
35 15
36 15
37 15
38 15
0
No
0
Yes
21 30
20 30
19 30
18 30
21 31
20 31
19 31
18 31
18 32
19 32
20 32
21 32
0
Yes
40 48
40 49
40 47
40 46
40 45
40 44
40 43
40 42
39 42
39 43
39 44
39 45
39 46
39 47
39 48
39 49
38 49
38 48
38 47
38 46
38 45
38 44
38 43
38 42
37 42
37 43
37 44
37 45
37 46
37 47
37 48
37 49
36 49
36 48
36 47
36 46
36 45
36 44
36 43
36 42
35 42
35 43
35 44
35 45
35 46
35 47
35 48
35 49
0
Yes
20 30
21 30
21 31
20 31
19 30
19 31
18 30
18 31
17 30
17 31
17 32
18 32
19 32
20 32
21 32
21 33
20 33
19 33
18 33
17 33
21 34
20 34
19 34
18 34
17 34
0
Yes
16 36
16 37
16 38
16 39
16 40
17 40
17 39
17 38
17 37
17 36
17 35
16 35
18 35
18 36
18 37
18 38
18 39
18 40
19 35
19 36
19 37
19 38
19 39
19 40
15 35
15 36
15 37
15 38
15 39
15 40
14 40
14 39
14 38
14 37
14 36
14 35
13 40
13 39
13 38
13 37
13 36
13 35
12 39
12 38
12 37
12 36
12 35
11 38
11 37
11 36
11 35
13 41
14 41
15 41
16 41
15 42
14 42
0
No
0
No
0
Yes
18 1
18 2
18 3
18 4
17 4
17 3
17 2
17 1
17 5
16 5
16 4
16 3
16 2
16 1
16 0
17 0
18 0
15 0
15 1
15 2
15 3
15 4
15 5
14 5
14 4
14 3
14 2
14 1
14 0
13 4
13 5
13 3
13 2
13 1
13 0
16 6
15 6
14 6
0
Yes
8 7
9 7
7 7
6 7
6 8
7 8
8 8
9 8
10 8
10 7
10 6
10 5
11 5
11 6
11 7
11 8
12 5
12 6
12 7
12 8
13 6
13 7
13 8
13 9
12 9
11 9
10 9
9 9
8 9
7 9
6 9
11 10
10 10
9 10
8 10
7 10
6 10
10 11
9 11
8 11
7 11
6 11
5 11
5 10
5 9
5 8
4 8
4 9
4 10
13 10
1
383
28 36
28 37
28 35
28 34
28 33
29 33
29 34
29 35
29 36
29 37
29 32
30 32
30 33
30 34
30 35
30 36
30 37
31 35
31 36
31 37
32 36
32 37
33 36
33 37
28 38
29 38
30 38
31 38
32 38
33 38
34 38
34 37
34 36
35 36
35 37
35 38
35 39
27 33
36 39
Yes
12 32
12 33
12 34
13 34
13 33
13 32
11 34
11 33
11 32
11 31
12 31
13 31
13 30
12 30
11 30
10 30
10 31
10 32
10 33
10 34
10 35
10 36
10 37
10 38
9 38
9 37
9 36
9 35
9 34
9 33
9 32
9 31
9 30
8 30
8 31
8 32
8 33
8 34
8 35
8 36
8 37
8 38
7 38
8 39
7 39
8 40
7 40
7 41
7 42
7 43
6 39
6 40
6 41
6 42
6 43
6 44
6 45
5 45
5 44
5 43
5 42
5 41
5 40
5 39
4 39
4 40
4 41
4 42
4 43
4 44
4 45
3 45
3 44
3 43
3 42
3 41
3 40
3 39
2 39
2 40
2 41
2 42
2 43
2 44
2 45
2 46
1 46
1 45
1 44
1 43
1 42
1 41
1 40
1 39
0 39
0 40
0 41
0 42
0 43
0 44
0 45
14 30
14 31
14 32
14 33
14 34
15 34
15 33
15 32
15 31
15 30
16 30
16 31
16 32
16 33
0
Yes
34 1
34 2
34 0
33 0
33 1
33 2
32 2
32 1
32 0
31 0
31 1
31 2
31 3
32 3
33 3
34 3
34 4
33 4
32 4
31 4
0
Yes
16 26
16 27
16 28
16 29
15 29
15 28
15 27
15 26
14 29
14 28
14 27
14 26
13 29
13 28
13 27
13 26
12 29
12 28
12 27
12 26
12 25
13 25
14 25
15 25
16 25
16 24
15 24
14 24
13 24
12 24
12 23
13 23
14 23
15 23
16 23
11 29
11 28
11 27
11 26
11 25
11 24
11 23
10 29
10 28
10 27
10 26
10 25
10 24
10 23
0
Yes
19 41
19 42
20 42
20 41
21 41
21 42
0
No
0
Yes
12 21
12 22
13 22
13 21
14 22
14 21
15 22
15 21
15 20
14 20
13 20
12 20
15 19
14 19
13 19
12 19
14 18
13 18
12 18
14 17
13 17
12 17
16 19
16 20
16 21
16 22
11 22
11 21
11 20
11 19
11 18
11 17
10 22
10 21
10 20
10 19
10 18
10 17
0
No
0
No
0
Yes
19 28
20 28
20 29
19 29
19 30
20 30
21 30
21 31
20 31
19 31
19 32
20 32
21 32
22 32
22 33
21 33
20 33
19 33
19 34
20 34
21 34
22 34
20 35
21 35
22 35
20 36
21 36
22 36
20 37
21 37
22 37
23 33
23 34
23 35
23 36
23 37
24 33
24 34
24 35
24 36
24 37
25 35
25 36
25 37
26 35
26 36
26 37
27 35
27 36
27 37
27 38
26 38
25 38
24 38
23 38
22 38
21 38
20 38
20 39
21 39
22 39
23 39
24 39
25 39
26 39
27 39
23 40
24 40
25 40
26 40
27 40
27 41
26 41
25 41
24 41
24 42
25 42
26 42
27 42
27 43
26 43
25 43
24 43
24 44
25 44
26 44
27 44
18 34
18 33
18 32
18 31
18 30
18 29
18 28
17 34
17 33
17 32
17 31
17 30
17 29
17 28
17 27
18 27
19 27
20 27
20 26
19 26
18 26
17 26
0
No
0
Yes
21 8
20 8
20 9
21 9
21 10
20 10
0
Yes
1 25
1 26
1 27
1 28
1 29
1 30
1 31
2 31
2 30
2 29
2 28
2 27
2 26
2 25
3 31
3 30
3 29
3 28
3 27
3 26
3 25
4 31
4 30
4 29
4 28
4 27
4 26
4 25
5 31
5 30
5 29
5 28
5 27
5 26
5 25
0 31
0 30
0 29
0 28
0 27
0 26
0 25
0 24
1 24
2 24
3 24
4 24
5 24
6 24
6 25
6 26
6 27
6 28
6 29
6 30
6 31
6 32
7 32
7 31
7 30
7 29
7 28
7 27
7 26
7 25
7 24
8 29
8 28
8 27
8 26
8 25
8 24
8 23
7 23
6 23
5 23
4 23
3 23
2 23
1 23
0 23
0 22
1 22
2 22
3 22
4 22
5 22
6 22
7 22
8 22
8 21
7 21
6 21
5 21
4 21
3 21
2 21
1 21
0 21
0 20
1 20
2 20
3 20
4 20
5 20
6 20
7 20
8 20
7 19
6 19
5 19
4 19
3 19
2 19
1 19
0 19
8 19
1 18
2 18
3 18
9 29
9 28
9 27
0
No
0
No
0
No
0
Yes
47 21
47 20
48 20
48 21
49 21
49 20
0
No
0
Yes
17 25
18 25
17 24
18 24
17 23
18 23
18 22
17 22
16 22
15 22
14 22
13 22
12 22
11 22
10 22
9 22
9 21
10 21
11 21
12 21
13 21
14 21
15 21
16 21
17 21
18 21
9 20
10 20
11 20
12 20
13 20
14 20
15 20
16 20
17 20
18 20
18 19
17 19
16 19
15 19
14 19
13 19
12 19
11 19
10 19
9 19
19 19
19 20
19 21
19 22
19 23
19 24
19 25
20 25
20 24
20 23
20 22
20 21
20 20
14 18
13 18
12 18
11 18
10 18
9 18
8 18
14 17
13 17
12 17
11 17
10 17
9 17
8 17
8 16
9 16
10 16
11 16
0
Yes
37 1
37 2
37 3
37 4
37 5
37 6
37 7
37 8
37 9
38 9
38 8
38 7
38 6
38 5
38 4
38 3
38 2
38 1
39 6
39 7
39 8
39 9
39 5
39 4
39 3
39 2
39 1
40 5
40 4
40 3
40 2
40 1
40 7
40 8
40 9
40 0
39 0
38 0
37 0
36 0
36 1
36 2
36 3
36 4
36 5
36 6
36 7
36 8
36 9
35 9
35 8
35 7
35 6
35 5
35 4
35 3
35 2
35 1
35 0
34 7
34 8
34 9
34 6
34 5
34 4
34 3
34 2
34 1
34 0
33 6
33 5
33 4
33 3
33 2
33 1
33 0
32 5
32 4
32 3
32 2
32 1
32 0
31 5
31 4
31 3
31 2
31 1
31 0
34 10
35 10
36 10
37 10
38 10
39 10
40 10
41 4
41 3
41 2
41 1
41 0
42 4
1
434
46 2
46 3
46 4
45 4
45 3
45 2
44 3
44 2
43 2
42 2
42 1
43 1
44 1
45 1
46 1
42 0
43 0
44 0
45 0
46 0
45 5
46 5
45 6
46 6
46 7
45 7
44 7
44 8
45 8
46 8
46 9
45 9
44 9
46 10
45 10
44 10
47 8
47 7
47 6
47 5
47 4
47 3
47 2
47 1
47 0
43 8
43 9
43 10
42 8
42 9
42 10
41 8
41 9
41 10
48 0
48 1
48 2
48 3
48 4
48 5
48 6
48 7
48 8
48 9
49 9
49 8
49 7
49 6
49 5
49 4
49 3
49 2
49 1
49 0
44 11
43 11
42 11
41 11
40 11
39 11
38 11
37 11
36 11
35 11
35 12
36 12
37 12
38 12
39 12
40 12
41 12
42 12
43 12
44 12
44 13
43 13
41 13
40 13
39 13
38 13
37 13
36 13
35 13
35 14
36 14
37 14
38 14
39 14
48 10
Yes
3 40
3 41
4 41
4 40
5 40
5 41
6 41
6 40
7 41
7 40
7 39
6 39
5 39
4 39
3 39
3 38
4 38
5 38
6 38
7 38
7 37
6 37
5 37
4 37
3 37
3 36
4 36
5 36
6 36
7 36
2 36
2 37
2 38
2 39
2 40
2 41
1 41
1 40
1 39
1 38
1 37
1 36
0 36
0 37
0 38
0 39
0 40
0 41
7 42
6 42
5 42
4 42
3 42
2 42
1 42
0 42
7 43
6 43
5 43
4 43
3 43
2 43
1 43
0 43
6 44
5 44
4 44
3 44
2 44
1 44
0 44
6 45
5 45
4 45
3 45
2 45
1 45
0 45
1 46
2 46
0 35
1 35
2 35
3 35
4 35
5 35
6 35
0
No
0
Yes
8 37
8 38
9 38
9 37
10 38
10 37
10 36
9 36
8 36
10 35
9 35
8 35
7 35
7 34
8 34
9 34
10 34
11 34
12 34
13 34
7 33
8 33
9 33
10 33
11 33
12 33
13 33
8 32
9 32
10 32
11 32
12 32
13 32
8 31
9 31
10 31
11 31
12 31
13 31
8 30
9 30
10 30
11 30
12 30
13 30
14 30
14 31
14 32
14 33
14 34
15 34
15 33
15 32
15 31
15 30
16 30
16 31
16 32
16 33
16 34
17 34
17 33
17 32
17 31
17 30
17 29
17 28
17 27
17 26
18 26
18 27
18 28
18 29
18 30
18 31
18 32
18 33
18 34
19 34
19 33
19 32
19 31
19 30
19 29
19 28
19 27
19 26
20 26
20 27
20 28
20 29
20 30
20 31
20 32
20 33
20 34
21 30
21 31
21 32
21 33
21 34
0
Yes
10 1
11 1
11 2
12 2
12 1
12 3
11 3
12 0
11 0
10 0
0
Yes
22 5
21 5
20 5
20 4
21 4
22 4
19 4
19 3
20 3
21 3
22 3
19 2
20 2
21 2
22 2
19 1
20 1
21 1
22 1
19 0
20 0
21 0
22 0
23 0
23 1
23 2
23 3
23 4
23 5
24 5
24 4
24 3
24 2
24 1
24 0
25 0
25 1
25 2
25 3
25 4
25 5
26 5
26 4
26 3
26 2
26 1
26 0
27 0
27 1
27 2
27 3
27 4
27 5
28 5
28 4
28 3
28 2
28 1
28 0
29 0
29 1
29 2
0
Yes
8 14
9 14
9 13
8 13
8 12
9 12
0
Yes
0 34
1 34
2 34
3 34
4 34
4 33
3 33
2 33
1 33
0 33
0 32
1 32
2 32
3 32
4 32
5 32
5 33
5 34
0
Yes
8 21
8 22
8 20
8 19
7 19
7 20
7 21
7 22
6 19
6 20
6 21
6 22
5 19
5 20
5 21
5 22
4 19
4 20
4 21
4 22
4 23
5 23
6 23
7 23
8 23
9 23
9 24
8 24
7 24
6 24
5 24
4 24
9 25
8 25
7 25
6 25
5 25
4 25
9 26
8 26
7 26
6 26
5 26
4 26
9 27
8 27
7 27
6 27
5 27
4 27
9 28
8 28
7 28
6 28
5 28
4 28
9 29
8 29
7 29
6 29
5 29
4 29
3 29
3 28
3 27
3 26
3 25
3 24
3 23
3 22
3 21
3 20
3 19
3 18
2 18
2 19
2 20
2 21
2 22
2 23
2 24
2 25
2 26
2 27
2 28
2 29
1 18
1 19
1 20
1 21
1 22
1 23
1 24
1 25
1 26
1 27
1 28
1 29
0 19
0 20
0 21
0 22
0 23
0 24
0 25
0 26
0 27
0 28
0 29
7 30
6 30
5 30
4 30
3 30
2 30
1 30
0 30
0 31
1 31
2 31
3 31
4 31
5 31
6 31
0
Yes
14 49
14 48
15 48
15 49
15 47
16 47
16 48
16 49
17 49
17 48
17 47
18 47
18 48
18 49
0
No
0
Yes
49 6
49 7
49 8
48 8
48 7
48 6
47 8
47 7
47 6
47 5
48 5
49 5
49 4
48 4
47 4
47 3
48 3
49 3
49 2
48 2
47 2
47 1
48 1
49 1
49 0
48 0
47 0
46 0
46 1
46 2
46 3
46 4
46 5
46 6
46 7
46 8
45 6
45 5
45 4
45 3
45 2
45 1
45 0
45 7
45 8
44 7
44 8
44 3
44 2
44 1
44 0
43 2
43 1
43 0
0
Yes
11 18
11 19
11 20
11 21
11 22
12 22
12 21
12 20
12 19
12 18
13 22
13 21
13 20
13 19
13 18
14 18
14 19
14 20
14 21
14 22
15 22
15 21
15 20
15 19
10 22
10 21
10 20
10 19
10 18
9 22
9 21
9 20
9 19
9 18
8 18
14 17
13 17
12 17
11 17
10 17
9 17
8 17
8 16
9 16
10 16
11 16
10 15
9 15
16 19
16 20
16 21
16 22
17 19
17 20
17 21
0
Yes
43 13
44 13
44 12
43 12
42 12
44 11
43 11
42 11
41 11
41 12
41 13
40 13
40 12
40 11
39 11
39 12
39 13
39 14
39 15
40 15
40 16
39 16
39 17
40 17
38 16
38 15
38 14
38 13
38 12
38 11
37 15
37 14
37 13
37 12
37 11
36 15
36 14
36 13
36 12
36 11
35 15
35 14
35 13
35 12
35 11
35 10
36 10
37 10
38 10
39 10
40 10
41 10
42 10
43 10
44 10
45 10
46 10
46 9
45 9
44 9
43 9
42 9
41 9
40 9
39 9
38 9
37 9
36 9
35 9
43 8
42 8
41 8
40 8
0
Yes
40 3
41 3
41 4
40 4
40 5
39 5
39 4
39 3
39 6
39 7
39 8
38 8
38 7
38 6
38 5
38 4
38 3
37 8
37 7
37 6
37 5
37 4
37 3
36 8
36 7
36 6
36 5
36 4
36 3
35 8
35 7
35 6
35 5
35 4
35 3
35 2
36 2
37 2
38 2
39 2
40 2
41 2
42 2
42 1
41 1
40 1
39 1
38 1
37 1
36 1
35 1
42 0
41 0
40 0
39 0
38 0
37 0
36 0
35 0
34 0
34 1
34 2
34 3
34 4
34 5
34 6
34 7
34 8
34 9
34 10
33 10
33 9
33 8
33 7
33 6
33 5
33 4
33 3
33 2
33 1
33 0
33 11
33 12
32 12
32 11
32 10
32 9
32 8
32 7
32 6
32 5
32 4
32 3
32 2
32 1
32 0
31 12
31 11
31 10
31 9
31 8
31 7
31 6
31 5
31 4
31 3
31 2
31 1
31 0
30 0
30 1
30 2
30 3
30 4
30 5
30 6
30 7
30 8
30 9
30 10
30 11
29 3
29 4
29 5
29 6
29 7
29 8
29 9
29 10
29 11
0
No
0
Yes
49 49
49 48
49 47
49 46
49 45
48 45
48 46
48 47
48 48
48 49
47 49
47 48
47 47
47 46
47 45
46 45
46 46
46 47
46 48
46 49
45 49
45 48
45 47
45 46
45 45
44 45
44 46
44 47
44 48
44 49
43 49
43 48
43 47
43 46
43 45
42 45
42 46
42 47
42 48
42 49
42 44
43 44
44 44
45 44
46 44
47 44
48 44
49 44
49 43
48 43
47 43
46 43
45 43
44 43
43 43
42 43
46 42
47 42
48 42
49 42
45 42
44 42
43 42
42 42
0
Yes
41 43
41 44
41 45
41 46
41 47
41 48
41 49
41 42
41 41
42 41
42 40
41 40
42 39
41 39
42 38
41 38
42 37
41 37
42 36
41 36
40 36
40 37
40 38
40 39
40 40
40 41
40 42
40 43
40 44
40 45
40 46
40 47
40 48
40 49
39 49
39 48
39 47
39 46
39 45
39 44
39 43
39 42
39 41
39 40
39 39
39 38
39 37
39 36
38 36
38 37
38 38
38 39
38 40
38 41
38 42
38 43
38 44
38 45
38 46
38 47
38 48
38 49
37 49
37 48
37 47
37 46
37 45
37 44
37 43
37 42
37 41
37 40
37 39
37 38
37 37
37 36
36 36
36 37
36 38
36 39
36 40
36 41
36 42
36 43
36 44
36 45
36 46
36 47
36 48
36 49
35 49
35 48
35 47
35 46
35 45
35 44
35 43
35 42
35 41
35 40
35 39
35 38
35 37
35 36
36 35
37 35
38 35
39 35
40 35
41 35
0
No
0
No
0
Yes
10 23
10 24
10 25
10 26
10 27
10 28
10 29
11 23
11 24
11 25
11 26
11 27
11 28
11 29
12 23
12 24
12 25
12 26
12 27
12 28
12 29
13 23
13 24
13 25
13 26
13 27
13 28
13 29
14 23
14 24
14 25
14 26
14 27
14 28
14 29
15 23
15 24
15 25
15 26
15 27
15 28
15 29
16 23
16 24
16 25
16 26
16 27
16 28
16 29
16 30
15 30
14 30
13 30
12 30
11 30
0
Yes
9 12
9 13
9 14
8 14
8 13
8 12
0
Yes
35 7
35 8
36 8
36 7
37 8
37 7
38 8
38 7
39 8
39 7
39 6
38 6
37 6
36 6
35 6
35 5
36 5
37 5
38 5
39 5
40 5
40 4
39 4
38 4
37 4
36 4
35 4
41 4
41 3
40 3
39 3
38 3
37 3
36 3
35 3
35 2
36 2
37 2
38 2
39 2
40 2
41 2
42 2
42 1
41 1
40 1
39 1
38 1
37 1
36 1
35 1
42 0
41 0
40 0
39 0
38 0
37 0
36 0
35 0
34 0
34 1
34 2
34 3
34 4
34 5
34 6
34 7
34 8
34 9
33 9
33 8
33 7
33 6
33 5
33 4
33 3
33 2
33 1
33 0
32 0
32 1
32 2
32 3
32 4
32 5
32 6
32 7
32 8
32 9
31 9
31 8
31 7
31 6
31 5
31 4
31 3
31 2
31 1
31 0
34 10
33 10
32 10
31 10
33 11
32 11
31 11
31 12
32 12
33 12
30 11
30 10
30 9
30 8
30 7
30 6
30 5
30 4
30 3
30 2
30 1
30 0
29 3
29 4
29 5
29 6
29 7
29 8
29 9
29 10
29 11
0
Yes
10 0
10 1
11 1
11 0
11 2
11 3
12 3
12 2
12 1
12 0
0
Yes
0 34
1 34
1 33
0 33
0 32
1 32
2 32
2 33
2 34
3 34
3 33
3 32
0
Yes
37 41
37 42
37 43
37 44
37 45
37 46
37 47
37 48
37 49
38 49
38 48
38 47
38 46
38 45
38 44
38 43
38 42
38 41
36 49
36 48
36 47
36 46
36 45
36 44
36 43
36 42
36 41
35 41
35 42
35 43
35 44
35 45
35 46
35 47
35 48
35 49
39 41
39 42
39 43
39 44
39 45
39 46
39 47
39 48
39 49
40 49
40 48
40 47
40 46
40 45
40 44
40 43
40 42
40 41
41 42
41 43
41 44
41 45
41 46
41 47
41 48
41 49
41 41
0
Yes
0 23
0 24
0 25
0 26
0 27
0 28
0 29
0 30
0 31
1 31
1 30
1 29
1 28
1 27
1 26
1 25
1 24
1 23
2 31
2 30
2 29
2 28
2 27
2 26
2 25
2 24
2 23
3 31
3 30
3 29
3 28
3 27
3 26
3 25
3 24
3 23
4 23
4 24
4 25
4 26
4 27
4 28
4 29
4 30
4 31
5 31
5 30
5 29
5 28
5 27
5 26
5 25
5 24
5 23
6 23
6 24
6 25
6 26
6 27
6 28
6 29
6 30
6 31
7 31
7 30
7 29
7 28
7 27
7 26
7 25
7 24
7 23
8 23
8 24
8 25
8 26
8 27
8 28
8 29
8 30
8 31
9 23
9 24
9 25
9 26
9 27
9 28
9 29
9 30
9 31
8 22
7 22
6 22
5 22
4 22
3 22
2 22
1 22
0 22
8 21
7 21
6 21
5 21
4 21
3 21
2 21
1 21
0 21
8 20
7 20
6 20
5 20
4 20
3 20
2 20
1 20
0 20
8 19
7 19
6 19
5 19
4 19
3 19
2 19
1 19
0 19
1 18
2 18
3 18
10 23
10 24
10 25
10 26
10 27
10 28
10 29
10 30
10 31
11 23
11 24
11 25
11 26
11 27
11 28
11 29
11 30
1
456
45 4
45 5
45 6
45 7
44 7
44 8
45 8
46 8
46 7
46 6
46 5
46 4
47 8
47 7
47 6
47 5
47 4
48 4
48 5
48 6
48 7
48 8
48 9
49 9
49 8
49 7
49 6
49 5
49 4
49 3
48 3
47 3
46 3
45 3
44 3
44 2
45 2
46 2
47 2
48 2
49 2
49 1
48 1
47 1
46 1
45 1
44 1
44 0
45 0
46 0
47 0
48 0
49 0
43 2
43 1
Yes
13 26
12 26
12 27
13 27
12 28
13 28
12 29
13 29
12 25
13 25
12 24
13 24
12 23
13 23
14 23
14 24
14 25
14 26
14 27
14 28
14 29
15 29
15 28
15 27
15 26
15 25
15 24
15 23
16 23
16 24
16 25
16 26
16 27
16 28
16 29
17 29
17 28
17 27
17 26
17 25
17 24
17 23
18 23
18 24
18 25
18 26
18 27
18 28
18 29
19 29
19 28
19 27
19 26
19 25
19 24
19 23
20 23
20 24
20 25
20 26
20 27
20 28
20 29
20 22
19 22
18 22
17 22
16 22
15 22
14 22
13 22
12 22
11 22
20 21
19 21
18 21
17 21
16 21
15 21
14 21
13 21
12 21
11 21
20 20
19 20
18 20
17 20
16 20
15 20
14 20
13 20
12 20
11 20
19 19
18 19
17 19
16 19
15 19
14 19
13 19
12 19
11 19
14 18
13 18
12 18
11 18
14 17
13 17
12 17
11 17
11 16
10 22
10 21
10 20
10 19
10 18
10 17
10 16
10 15
9 15
9 16
9 17
9 18
9 19
9 20
9 21
9 22
8 18
8 17
8 16
12 30
13 30
14 30
15 30
16 30
17 30
18 30
19 30
20 30
18 18
0
Yes
0 48
0 49
1 49
1 48
2 48
2 49
3 49
3 48
4 48
4 49
5 49
5 48
6 48
6 49
7 49
7 48
8 48
8 49
8 47
7 47
6 47
5 47
4 47
3 47
2 47
1 47
0 47
8 46
7 46
6 46
5 46
4 46
3 46
2 46
1 46
0 46
6 45
5 45
4 45
3 45
2 45
1 45
0 45
6 44
5 44
4 44
3 44
2 44
1 44
0 44
0 43
1 43
2 43
3 43
4 43
5 43
6 43
7 43
7 42
6 42
5 42
4 42
3 42
2 42
1 42
0 42
7 41
6 41
5 41
4 41
3 41
2 41
1 41
0 41
0 40
1 40
2 40
3 40
4 40
5 40
6 40
7 40
8 40
8 39
7 39
6 39
5 39
4 39
3 39
2 39
1 39
0 39
0 38
1 38
2 38
3 38
4 38
5 38
6 38
7 38
0
Yes
14 38
14 39
14 40
13 40
13 39
13 38
12 39
12 38
13 41
14 41
15 41
15 40
15 39
15 38
16 41
16 40
16 39
16 38
17 40
17 39
17 38
18 40
18 39
18 38
19 40
19 39
19 38
20 39
20 38
19 41
20 41
20 37
19 37
18 37
17 37
16 37
15 37
14 37
13 37
12 37
12 36
13 36
14 36
15 36
16 36
17 36
18 36
19 36
20 36
20 35
19 35
18 35
17 35
16 35
15 35
14 35
13 35
12 35
12 34
13 34
14 34
15 34
16 34
17 34
18 34
19 34
20 34
20 33
19 33
18 33
17 33
16 33
15 33
14 33
13 33
12 33
12 32
13 32
14 32
15 32
16 32
17 32
18 32
19 32
20 32
20 31
19 31
18 31
17 31
16 31
15 31
14 31
13 31
12 31
11 31
11 32
11 33
11 34
11 35
11 36
11 37
11 38
21 31
21 32
21 33
21 34
21 35
21 36
21 37
21 38
21 39
22 32
22 33
22 34
22 35
22 36
22 37
22 38
22 39
21 41
21 42
20 42
19 42
23 33
23 34
23 35
23 36
23 37
23 38
23 39
19 43
24 33
24 34
24 35
24 36
0
Yes
2 36
2 37
3 37
3 36
4 37
4 36
5 37
5 36
1 37
1 36
0 37
0 36
0 35
1 35
2 35
3 35
4 35
5 35
5 34
4 34
3 34
2 34
1 34
0 34
0 33
1 33
2 33
3 33
4 33
5 33
5 32
4 32
3 32
2 32
1 32
0 32
6 32
6 33
6 34
6 35
6 36
6 37
7 37
7 36
7 35
7 34
7 33
7 32
8 32
8 33
8 34
8 35
8 36
8 37
9 32
9 33
9 34
0
Yes
47 2
47 3
47 4
48 4
48 3
48 2
49 2
49 3
49 4
49 1
48 1
47 1
47 0
48 0
49 0
46 0
46 1
46 2
46 3
46 4
45 4
45 3
45 2
45 1
45 0
45 5
46 5
47 5
48 5
49 5
45 6
46 6
47 6
48 6
49 6
49 7
48 7
47 7
46 7
45 7
45 8
46 8
47 8
48 8
49 8
0
No
0
Yes
15 43
15 42
14 42
14 43
13 43
13 44
14 44
15 44
0
No
0
Yes
45 40
45 41
44 40
44 41
43 40
43 41
42 41
42 40
42 39
42 38
42 37
42 36
41 40
41 39
41 38
41 37
41 36
41 35
41 34
40 34
40 35
40 36
40 37
40 38
40 39
40 40
42 42
43 42
44 42
45 42
46 42
47 42
48 42
49 42
42 43
43 43
44 43
45 43
46 43
47 43
48 43
49 43
42 44
43 44
44 44
45 44
46 44
47 44
48 44
49 44
42 45
43 45
44 45
45 45
46 45
47 45
48 45
49 45
42 46
43 46
44 46
45 46
46 46
47 46
48 46
49 46
42 47
43 47
44 47
45 47
46 47
47 47
48 47
49 47
42 48
43 48
44 48
45 48
46 48
47 48
48 48
49 48
42 49
43 49
44 49
45 49
46 49
47 49
48 49
49 49
39 40
39 39
39 38
39 37
39 36
39 35
39 34
38 34
38 35
38 36
38 37
38 38
38 39
38 40
37 40
37 39
37 38
37 37
37 36
37 35
36 35
36 36
36 37
36 38
36 39
36 40
35 40
35 39
35 38
35 37
35 36
44 39
0
No
0
No
0
No
0
Yes
10 0
10 1
11 1
11 0
11 2
12 2
12 1
12 0
13 0
13 1
13 2
11 3
12 3
13 3
0
Yes
38 20
38 19
38 18
37 18
37 19
37 20
37 21
37 22
36 22
36 21
36 20
36 19
36 18
36 17
35 17
35 18
35 19
35 20
35 21
35 22
34 18
34 19
34 20
34 21
34 22
33 18
33 19
33 20
33 21
33 22
32 19
32 20
32 21
32 22
32 23
33 23
34 23
35 23
36 23
36 24
35 24
34 24
33 24
32 24
32 25
33 25
34 25
35 25
35 26
34 26
33 26
32 26
32 27
33 27
34 27
35 27
36 27
32 28
33 28
34 28
35 28
36 28
37 28
38 28
38 29
39 29
40 29
41 29
41 28
42 28
42 29
43 28
43 29
37 29
36 29
35 29
34 29
33 29
32 29
32 30
33 30
34 30
35 30
36 30
37 30
38 30
39 30
40 30
41 30
42 30
43 30
43 31
42 31
41 31
40 31
39 31
38 31
37 31
36 31
0
No
0
Yes
43 47
42 47
42 48
43 48
42 49
43 49
42 46
43 46
42 45
43 45
42 44
43 44
42 43
43 43
42 42
43 42
44 42
44 43
44 44
44 45
44 46
44 47
44 48
44 49
45 49
45 48
45 47
45 46
45 45
45 44
45 43
45 42
46 42
46 43
46 44
46 45
46 46
46 47
46 48
46 49
47 42
47 43
47 44
47 45
47 46
47 47
47 48
47 49
48 42
48 43
48 44
48 45
48 46
48 47
48 48
48 49
49 42
49 43
49 44
49 45
49 46
49 47
49 48
49 49
45 41
44 41
43 41
42 41
45 40
44 40
43 40
42 40
42 39
42 38
44 39
41 38
41 40
41 39
0
No
1
486
15 4
15 5
15 6
16 6
16 5
16 4
17 5
17 4
7 13
14 6
14 5
14 4
14 7
13 4
13 5
13 6
13 7
13 8
13 9
12 9
12 8
12 7
12 6
12 5
11 5
11 6
11 7
11 8
11 9
11 10
10 5
10 6
10 7
10 8
10 9
10 10
10 11
9 7
9 8
9 9
9 10
9 11
9 12
9 13
9 14
8 14
8 13
8 12
8 11
8 10
8 9
8 8
8 7
7 7
7 8
7 9
7 10
7 11
6 7
6 8
6 9
6 10
6 11
5 11
5 10
5 9
5 8
4 8
4 9
4 10
3 10
3 9
3 8
6 5
14 9
4 7
4 6
6 6
Yes
44 41
45 41
45 40
44 40
43 40
43 41
42 41
42 40
42 39
42 38
41 40
41 39
41 38
40 40
40 39
40 38
42 42
43 42
44 42
45 42
46 42
47 42
48 42
49 42
42 43
43 43
44 43
45 43
46 43
47 43
48 43
49 43
42 44
43 44
44 44
45 44
46 44
47 44
48 44
49 44
42 45
43 45
44 45
45 45
46 45
47 45
48 45
49 45
42 46
43 46
44 46
45 46
46 46
47 46
48 46
49 46
42 47
43 47
44 47
45 47
46 47
47 47
48 47
49 47
42 48
43 48
44 48
45 48
46 48
47 48
48 48
49 48
42 49
43 49
44 49
45 49
46 49
47 49
48 49
49 49
39 40
39 39
39 38
38 40
38 39
0
No
1
484
46 0
46 1
46 2
46 3
46 4
45 4
45 3
45 2
45 1
45 0
44 3
44 2
44 1
44 0
43 2
43 1
43 0
45 5
46 5
45 6
46 6
46 7
45 7
44 7
44 8
45 8
46 8
46 9
45 9
44 9
47 8
47 7
47 6
47 5
47 4
47 3
47 2
47 1
47 0
43 8
43 9
42 8
42 9
41 8
41 9
40 8
40 9
48 0
48 1
48 2
48 3
48 4
48 5
48 6
48 7
48 8
48 9
49 9
49 8
49 7
49 6
49 5
49 4
49 3
49 2
49 1
49 0
46 10
45 10
44 10
43 10
42 10
41 10
40 10
44 11
43 11
42 11
41 11
40 11
42 12
43 12
44 12
41 12
40 12
41 13
40 13
44 13
43 13
39 9
39 10
39 11
39 12
39 13
48 10
38 9
38 10
38 11
38 12
38 13
Yes
11 31
12 31
13 31
14 31
15 31
16 31
17 31
18 31
19 31
20 31
20 32
19 32
18 32
17 32
16 32
15 32
14 32
13 32
12 32
11 32
10 32
10 33
11 33
12 33
13 33
14 33
15 33
16 33
17 33
18 33
19 33
20 33
10 34
11 34
12 34
13 34
14 34
15 34
16 34
17 34
18 34
19 34
20 34
20 35
19 35
18 35
17 35
16 35
15 35
14 35
13 35
12 35
11 35
10 35
9 35
9 36
10 36
11 36
12 36
13 36
14 36
15 36
16 36
17 36
18 36
19 36
20 36
9 37
10 37
11 37
12 37
13 37
14 37
15 37
16 37
17 37
18 37
19 37
20 37
9 38
10 38
11 38
12 38
13 38
14 38
15 38
16 38
17 38
18 38
19 38
20 38
12 39
13 39
14 39
15 39
16 39
17 39
18 39
19 39
20 39
19 40
18 40
17 40
16 40
15 40
14 40
13 40
0
Yes
21 32
22 32
21 33
22 33
23 33
21 34
22 34
23 34
21 35
22 35
23 35
21 36
22 36
23 36
21 37
22 37
23 37
21 38
22 38
23 38
21 39
22 39
23 39
23 40
24 33
24 34
24 35
24 36
24 37
24 38
24 39
24 40
24 41
24 42
24 43
24 44
25 44
25 43
25 42
25 41
25 40
25 39
25 38
25 37
25 36
25 35
26 35
26 36
26 37
26 38
26 39
26 40
26 41
26 42
26 43
26 44
27 44
27 43
27 42
27 41
27 40
27 39
27 38
0
No
0
Yes
49 30
49 29
49 28
49 27
48 27
48 28
48 29
48 30
47 30
47 29
47 28
47 27
46 27
46 28
46 29
46 30
46 31
47 31
48 31
49 31
46 26
47 26
48 26
49 26
46 25
47 25
48 25
49 25
48 24
49 24
0
Yes
15 6
16 6
14 6
14 7
13 7
13 6
13 8
13 9
12 9
12 8
12 7
12 6
11 6
11 7
11 8
11 9
11 10
10 6
10 7
10 8
10 9
10 10
10 11
9 7
9 8
9 9
9 10
9 11
9 12
8 12
8 11
8 10
8 9
8 8
8 7
7 7
7 8
7 9
7 10
7 11
6 7
6 8
6 9
6 10
6 11
5 11
5 10
5 9
5 8
10 5
11 5
12 5
13 5
14 5
15 5
16 5
17 5
13 4
14 4
15 4
16 4
17 4
18 4
18 3
17 3
16 3
15 3
14 3
14 2
15 2
16 2
17 2
18 2
18 1
17 1
16 1
15 1
14 1
14 0
15 0
16 0
17 0
18 0
4 8
4 9
4 10
3 10
3 9
3 8
14 9
0
No
0
Yes
35 12
35 13
35 14
35 15
36 15
36 14
36 13
36 12
35 11
36 11
35 10
36 10
35 9
36 9
37 9
37 10
37 11
37 12
37 13
0
Yes
13 19
13 20
13 21
13 22
13 23
13 24
13 25
13 26
13 27
13 28
14 28
14 27
14 26
14 25
14 24
14 23
14 22
14 21
14 20
14 19
15 19
15 20
15 21
15 22
15 23
15 24
15 25
15 26
15 27
15 28
16 19
16 20
16 21
16 22
16 23
16 24
16 25
16 26
16 27
16 28
17 19
17 20
17 21
17 22
17 23
17 24
17 25
17 26
17 27
17 28
18 19
18 20
18 21
18 22
18 23
18 24
18 25
18 26
18 27
18 28
19 19
19 20
19 21
19 22
19 23
19 24
19 25
19 26
19 27
19 28
20 20
20 21
20 22
20 23
20 24
20 25
20 26
20 27
20 28
20 29
19 29
18 29
17 29
16 29
0
Yes
44 28
44 27
45 27
45 28
45 26
46 26
46 27
46 28
46 29
45 29
44 29
44 30
45 30
46 30
46 31
45 31
44 31
47 31
47 30
47 29
47 28
47 27
47 26
48 31
48 30
48 29
48 28
48 27
48 26
49 26
49 27
49 28
49 29
49 30
49 31
46 25
47 25
48 25
49 25
0
Yes
26 47
26 46
26 48
26 49
27 46
27 47
27 48
27 49
25 47
25 48
25 49
0
Yes
12 22
12 21
12 20
12 19
11 22
11 21
11 20
11 19
10 22
10 21
10 20
10 19
9 22
9 21
9 20
9 19
9 18
10 18
11 18
12 18
12 17
11 17
10 17
9 17
11 16
10 16
9 16
0
Yes
13 36
13 37
13 38
13 39
12 39
12 38
12 37
12 36
11 38
11 37
11 36
10 38
10 37
10 36
9 38
9 37
9 36
9 35
10 35
11 35
12 35
13 35
10 34
11 34
12 34
13 34
10 33
11 33
12 33
13 33
10 32
11 32
12 32
13 32
11 31
12 31
13 31
13 40
13 41
14 41
14 40
14 39
14 38
14 37
14 36
14 35
14 34
14 33
14 32
14 31
15 31
15 32
15 33
15 34
15 35
15 36
15 37
15 38
15 39
15 40
15 41
16 41
16 40
16 39
16 38
16 37
16 36
16 35
16 34
16 33
16 32
16 31
17 40
17 39
17 38
17 37
17 36
17 35
17 34
17 33
17 32
17 31
17 30
16 30
15 30
14 30
13 30
12 30
12 29
13 29
14 29
15 29
18 30
18 31
18 32
18 33
18 34
18 35
18 36
18 37
18 38
18 39
18 40
19 40
19 39
19 38
19 37
19 36
19 35
19 34
19 33
19 32
19 31
19 30
20 30
20 31
20 32
20 33
20 34
20 35
20 36
20 37
20 38
20 39
21 30
21 31
21 32
21 33
21 34
21 35
21 36
21 37
21 38
21 39
12 41
0
No
0
Yes
27 44
27 43
27 42
27 41
26 44
26 43
26 42
26 41
25 44
25 43
25 42
25 41
24 44
24 43
24 42
24 41
27 40
26 40
25 40
24 40
23 40
27 39
26 39
25 39
24 39
23 39
0
No
0
No
0
Yes
48 7
48 8
48 9
49 9
49 8
49 7
47 8
47 7
46 7
46 8
46 9
46 10
45 10
45 9
45 8
45 7
44 7
44 8
44 9
44 10
44 11
44 12
44 13
43 13
43 12
43 11
43 10
43 9
43 8
42 8
42 9
42 10
42 11
42 12
41 8
41 9
41 10
41 11
41 12
41 13
40 8
40 9
40 10
40 11
40 12
40 13
39 9
39 10
39 11
39 12
39 13
39 14
38 9
38 10
38 11
38 12
38 13
38 14
37 9
37 10
37 11
37 12
37 13
37 14
37 15
38 15
39 15
40 15
40 16
39 16
38 16
39 17
40 17
36 15
36 14
36 13
36 12
36 11
36 10
36 9
35 9
35 10
35 11
35 12
35 13
35 14
35 15
45 6
46 6
47 6
48 6
49 6
45 5
46 5
47 5
48 5
49 5
48 10
0
No
0
No
0
No
0
No
0
Yes
34 20
35 20
36 20
37 20
38 20
38 19
37 19
36 19
35 19
34 19
38 18
37 18
36 18
35 18
34 18
33 18
33 19
33 20
32 19
32 20
35 17
36 17
37 21
36 21
35 21
34 21
33 21
32 21
37 22
36 22
35 22
34 22
33 22
32 22
36 23
35 23
34 23
33 23
32 23
36 24
35 24
34 24
33 24
32 24
35 25
34 25
33 25
32 25
35 26
34 26
33 26
32 26
31 21
31 22
31 23
31 24
31 25
31 26
30 21
30 22
30 23
30 24
0
Yes
0 4
1 4
1 3
0 3
0
Yes
49 0
49 1
49 2
49 3
48 3
48 2
48 1
48 0
47 0
47 1
47 2
47 3
46 3
46 2
46 1
46 0
0
Yes
49 42
48 42
47 42
46 42
46 43
47 43
48 43
49 43
49 44
48 44
47 44
46 44
46 45
47 45
48 45
49 45
49 46
48 46
47 46
46 46
45 46
45 45
45 44
45 43
45 42
0
Yes
6 48
6 49
7 49
7 48
8 48
8 49
8 47
7 47
6 47
8 46
7 46
6 46
5 46
5 47
5 48
5 49
4 49
4 48
4 47
0
Yes
21 26
21 27
21 25
21 24
21 23
21 22
21 21
22 21
22 22
22 23
22 24
22 25
22 26
22 27
22 28
22 20
23 20
23 21
23 22
23 23
23 24
23 25
23 26
23 27
23 28
23 29
24 29
24 28
24 27
24 26
24 25
24 24
24 23
24 22
24 21
24 20
25 29
25 28
25 27
25 26
25 25
25 24
25 23
25 22
25 21
25 20
26 20
26 21
26 22
26 23
26 24
26 25
26 26
26 27
26 28
26 29
26 30
27 30
27 29
27 28
27 27
27 26
27 25
27 24
27 23
27 22
27 21
27 20
23 19
24 19
25 19
26 19
27 19
24 18
25 18
26 18
27 18
28 18
28 19
28 20
28 21
28 22
28 23
28 24
28 25
28 26
28 27
28 28
28 29
29 19
29 20
29 21
29 22
29 23
29 24
29 25
29 26
29 27
0
Yes
31 49
32 49
33 49
34 49
35 49
36 49
37 49
38 49
39 49
40 49
40 48
39 48
38 48
37 48
36 48
35 48
34 48
33 48
32 48
31 48
31 47
32 47
33 47
34 47
35 47
36 47
37 47
38 47
39 47
40 47
40 46
39 46
38 46
37 46
36 46
35 46
34 46
33 46
32 46
31 46
31 45
32 45
33 45
34 45
35 45
36 45
37 45
38 45
39 45
40 45
40 44
39 44
38 44
37 44
36 44
35 44
34 44
33 44
32 44
31 44
31 43
32 43
33 43
34 43
35 43
36 43
37 43
38 43
39 43
40 43
40 42
39 42
38 42
37 42
36 42
35 42
34 42
33 42
32 42
31 42
30 42
30 43
30 44
30 45
30 46
30 47
30 48
30 49
29 49
29 48
29 47
29 46
29 45
29 44
29 43
29 42
28 42
28 43
28 44
28 45
28 46
28 47
28 48
28 49
28 41
29 41
30 41
31 41
32 41
33 41
34 41
35 41
36 41
37 41
0
Yes
32 28
32 27
33 27
33 28
34 27
34 28
35 27
35 28
36 27
36 28
37 28
38 28
31 27
31 28
30 27
30 28
29 28
29 29
30 29
31 29
32 29
33 29
34 29
35 29
36 29
37 29
38 29
29 30
30 30
31 30
32 30
33 30
34 30
35 30
36 30
37 30
38 30
29 31
30 31
31 31
32 31
33 31
34 31
35 31
36 31
37 31
38 31
29 32
30 32
31 32
32 32
33 32
34 32
35 32
36 32
37 32
38 32
38 33
37 33
36 33
35 33
34 33
33 33
32 33
31 33
30 33
29 33
29 34
30 34
31 34
32 34
33 34
34 34
35 34
36 34
37 34
38 34
38 35
37 35
36 35
35 35
34 35
33 35
0
Yes
0 46
0 47
1 47
1 46
2 46
2 47
3 47
3 46
4 46
4 45
3 45
2 45
1 45
0 45
5 45
6 45
6 44
5 44
4 44
3 44
2 44
1 44
0 44
0 43
1 43
2 43
3 43
4 43
5 43
6 43
7 43
7 42
6 42
5 42
4 42
3 42
2 42
1 42
0 42
7 41
6 41
5 41
4 41
3 41
2 41
1 41
0 41
0 40
1 40
2 40
3 40
4 40
5 40
6 40
7 40
7 39
6 39
5 39
4 39
3 39
2 39
1 39
0 39
0 38
1 38
2 38
3 38
4 38
5 38
6 38
7 38
0
Yes
3 48
3 49
2 48
2 49
1 48
1 49
0 48
0 49
0
Yes
18 49
18 48
18 47
17 47
17 48
17 49
16 49
16 48
16 47
15 47
15 48
15 49
14 48
14 49
18 46
17 46
16 46
15 46
14 46
16 45
15 45
14 45
0
Yes
23 36
22 36
22 37
23 37
22 38
23 38
22 39
23 39
23 40
22 35
23 35
24 35
24 36
24 37
24 38
24 39
24 40
25 35
25 36
25 37
25 38
25 39
25 40
26 35
26 36
26 37
26 38
26 39
26 40
27 35
27 36
27 37
27 38
27 39
27 40
28 40
28 39
28 38
28 37
28 36
28 35
29 35
29 36
29 37
29 38
29 39
29 40
30 40
30 39
30 38
30 37
30 36
30 35
31 35
31 36
31 37
31 38
31 39
31 40
0
Yes
40 29
41 29
41 28
42 28
42 29
43 28
43 29
43 30
42 30
41 30
40 30
43 31
42 31
41 31
40 31
43 32
42 32
41 32
40 32
43 33
42 33
41 33
40 33
0
Yes
42 37
42 36
42 38
42 39
42 40
43 40
44 40
45 40
41 40
41 39
41 38
41 37
41 36
41 35
41 34
40 34
40 35
40 36
40 37
40 38
40 39
40 40
40 41
41 41
42 41
43 41
44 41
45 41
41 42
42 42
43 42
44 42
45 42
46 42
47 42
48 42
49 42
41 43
42 43
43 43
44 43
45 43
46 43
47 43
48 43
49 43
41 44
42 44
43 44
44 44
45 44
46 44
47 44
48 44
49 44
41 45
42 45
43 45
44 45
45 45
46 45
47 45
48 45
49 45
41 46
42 46
43 46
44 46
45 46
46 46
47 46
48 46
49 46
41 47
42 47
43 47
44 47
45 47
46 47
47 47
48 47
49 47
41 48
42 48
43 48
44 48
45 48
46 48
47 48
48 48
49 48
41 49
42 49
43 49
44 49
45 49
46 49
47 49
48 49
49 49
39 41
39 40
39 39
39 38
39 37
39 36
39 35
39 34
38 41
38 40
38 39
38 38
38 37
38 36
38 35
38 34
37 40
37 39
37 38
37 37
37 36
37 35
37 34
36 40
36 39
36 38
36 37
36 36
36 35
36 34
35 40
35 39
35 38
35 37
35 36
0
No
0
Yes
14 3
14 4
13 4
13 3
12 3
12 2
13 2
14 2
15 2
15 3
15 4
15 5
14 5
13 5
12 5
15 6
14 6
13 6
12 6
14 7
13 7
12 7
16 6
16 5
16 4
16 3
16 2
17 5
17 4
17 3
17 2
13 8
12 8
13 9
12 9
17 1
16 1
15 1
14 1
13 1
12 1
12 0
13 0
14 0
15 0
16 0
17 0
18 4
18 3
18 2
18 1
18 0
11 3
11 2
11 1
11 0
10 1
10 0
11 5
11 6
11 7
11 8
0
Yes
32 27
33 27
34 27
35 27
36 27
31 27
31 28
32 28
33 28
34 28
35 28
36 28
37 28
37 29
36 29
35 29
34 29
33 29
32 29
31 29
31 30
32 30
33 30
34 30
35 30
36 30
37 30
37 31
36 31
35 31
34 31
33 31
32 31
31 31
31 32
32 32
33 32
34 32
35 32
36 32
37 32
37 33
36 33
35 33
34 33
33 33
32 33
31 33
38 28
38 29
38 30
38 31
38 32
38 33
39 33
39 32
39 31
39 30
39 29
30 27
30 28
30 29
30 30
30 31
30 32
30 33
29 28
29 29
29 30
29 31
29 32
29 33
28 33
28 34
29 34
30 34
31 34
32 34
33 34
34 34
0
No
0
Yes
40 17
39 17
40 16
39 16
38 16
40 15
39 15
38 15
37 15
36 15
35 15
35 14
36 14
37 14
38 14
39 14
35 13
36 13
37 13
38 13
39 13
40 13
41 13
35 12
36 12
37 12
38 12
39 12
40 12
41 12
42 12
35 11
36 11
37 11
38 11
39 11
40 11
41 11
42 11
35 10
36 10
37 10
38 10
39 10
40 10
41 10
42 10
35 9
36 9
37 9
38 9
39 9
40 9
41 9
42 9
40 8
41 8
42 8
0
Yes
44 13
43 13
44 12
43 12
42 12
44 11
43 11
42 11
41 11
41 12
41 13
40 13
40 12
40 11
39 11
39 12
39 13
39 14
39 15
40 15
40 16
39 16
38 16
38 15
38 14
38 13
38 12
38 11
37 15
37 14
37 13
37 12
37 11
39 17
40 17
36 15
36 14
36 13
36 12
36 11
35 15
35 14
35 13
35 12
35 11
35 10
36 10
37 10
38 10
39 10
40 10
41 10
42 10
43 10
44 10
35 9
36 9
37 9
38 9
39 9
40 9
41 9
42 9
43 9
44 9
40 8
41 8
42 8
43 8
44 8
44 7
45 10
45 9
45 8
45 7
46 10
46 9
46 8
0
Yes
4 34
4 35
4 36
4 37
5 37
5 36
5 35
5 34
6 37
6 36
6 35
6 34
7 37
7 36
7 35
7 34
8 37
8 36
8 35
8 34
3 37
3 36
3 35
3 34
2 37
2 36
2 35
2 34
1 37
1 36
1 35
1 34
0 37
0 36
0 35
0 34
0 33
1 33
2 33
3 33
4 33
5 33
6 33
7 33
8 33
8 32
7 32
6 32
5 32
4 32
3 32
2 32
1 32
0 32
0 31
1 31
2 31
3 31
4 31
5 31
6 31
7 31
8 31
8 30
7 30
6 30
5 30
4 30
3 30
2 30
1 30
0 30
0 29
1 29
2 29
3 29
4 29
5 29
6 29
7 29
8 29
8 28
7 28
6 28
5 28
4 28
3 28
2 28
1 28
0 28
9 34
9 33
9 32
9 31
9 30
9 29
9 28
0
Yes
0 27
1 27
2 27
3 27
4 27
4 26
3 26
2 26
1 26
0 26
0 25
1 25
2 25
3 25
4 25
4 24
3 24
2 24
1 24
0 24
0 23
1 23
2 23
3 23
4 23
4 22
3 22
2 22
1 22
0 22
0 21
1 21
2 21
3 21
4 21
4 20
3 20
2 20
1 20
0 20
5 27
5 26
5 25
5 24
5 23
5 22
5 21
5 20
6 27
6 26
6 25
6 24
6 23
6 22
6 21
6 20
7 27
7 26
7 25
7 24
7 23
7 22
7 21
7 20
8 27
8 26
8 25
8 24
8 23
8 22
0
Yes
46 25
47 25
48 25
48 24
49 24
49 25
49 26
48 26
47 26
46 26
45 26
45 27
46 27
47 27
48 27
49 27
44 27
44 28
45 28
46 28
47 28
48 28
49 28
44 29
45 29
46 29
47 29
48 29
49 29
44 30
45 30
46 30
47 30
48 30
49 30
44 31
45 31
46 31
47 31
48 31
49 31
49 32
0
Yes
7 37
8 37
8 36
7 36
8 35
7 35
6 37
6 36
6 35
5 37
5 36
5 35
4 37
4 36
4 35
3 37
3 36
3 35
2 37
2 36
2 35
1 37
1 36
1 35
0 37
0 36
0 35
0 34
1 34
2 34
3 34
4 34
5 34
6 34
7 34
8 34
9 34
9 33
8 33
7 33
6 33
5 33
4 33
3 33
2 33
1 33
0 33
9 32
8 32
7 32
6 32
5 32
4 32
3 32
2 32
1 32
0 32
0 31
1 31
2 31
3 31
4 31
5 31
6 31
7 31
8 31
9 31
10 31
10 30
9 30
8 30
7 30
6 30
5 30
4 30
3 30
2 30
1 30
0 30
11 30
11 29
10 29
9 29
8 29
7 29
6 29
5 29
4 29
3 29
2 29
1 29
0 29
0 28
1 28
2 28
3 28
4 28
5 28
6 28
7 28
8 28
9 28
0
Yes
35 17
36 17
36 18
35 18
34 18
33 18
37 18
38 18
38 19
37 19
36 19
35 19
34 19
33 19
32 19
38 20
37 20
36 20
35 20
34 20
33 20
32 20
37 21
36 21
35 21
34 21
33 21
32 21
37 22
36 22
35 22
34 22
33 22
0
Yes
25 12
26 12
26 11
25 11
24 11
27 11
28 11
29 11
30 11
31 11
31 12
32 12
32 11
33 12
33 11
33 10
32 10
31 10
30 10
29 10
28 10
27 10
26 10
25 10
24 10
23 10
22 10
21 10
20 10
20 9
21 9
22 9
23 9
24 9
25 9
26 9
27 9
28 9
29 9
30 9
31 9
32 9
33 9
20 8
21 8
22 8
23 8
24 8
25 8
26 8
27 8
28 8
29 8
30 8
31 8
32 8
33 8
22 7
23 7
24 7
25 7
26 7
27 7
28 7
29 7
30 7
31 7
32 7
33 7
23 6
24 6
25 6
26 6
27 6
28 6
29 6
30 6
31 6
32 6
0
Yes
42 0
42 1
42 2
41 2
41 1
41 0
41 3
40 3
40 2
40 1
40 0
39 0
39 1
39 2
39 3
38 3
38 2
38 1
38 0
0
Yes
26 44
27 44
27 43
26 43
27 42
26 42
27 41
26 41
25 44
25 43
25 42
25 41
24 44
24 43
24 42
24 41
24 40
25 40
26 40
27 40
23 40
28 40
29 40
30 40
31 40
32 40
33 40
34 40
34 39
33 39
32 39
31 39
30 39
29 39
28 39
27 39
26 39
25 39
24 39
23 39
22 39
22 38
23 38
24 38
25 38
26 38
27 38
28 38
29 38
30 38
31 38
32 38
33 38
34 38
34 37
33 37
32 37
31 37
30 37
29 37
28 37
27 37
26 37
25 37
24 37
23 37
22 37
22 36
23 36
24 36
25 36
26 36
27 36
28 36
29 36
30 36
31 36
32 36
33 36
34 36
27 35
26 35
25 35
24 35
23 35
22 35
28 35
29 35
30 35
31 35
0
Yes
8 46
7 46
6 46
5 46
8 47
7 47
6 47
5 47
4 47
4 48
5 48
6 48
7 48
8 48
8 49
7 49
6 49
5 49
0
Yes
33 6
34 6
34 7
34 8
34 9
34 10
35 10
35 9
35 8
35 7
35 6
35 11
35 12
35 13
35 14
36 14
36 13
36 12
36 11
36 10
36 9
36 8
36 7
36 6
37 6
37 7
37 8
37 9
37 10
37 11
37 12
37 13
37 14
37 5
36 5
35 5
34 5
33 5
32 5
31 5
30 5
29 5
35 15
36 15
37 15
29 4
30 4
31 4
32 4
33 4
34 4
35 4
36 4
37 4
29 3
30 3
31 3
32 3
33 3
34 3
35 3
36 3
37 3
37 2
36 2
35 2
34 2
33 2
32 2
31 2
30 2
30 1
31 1
32 1
33 1
34 1
35 1
36 1
37 1
37 0
36 0
35 0
34 0
33 0
32 0
31 0
30 0
38 4
38 5
38 6
38 7
38 8
38 9
38 10
38 11
38 12
38 13
38 14
38 15
38 16
39 14
39 15
39 16
39 13
39 12
39 11
39 10
39 9
39 8
39 7
39 6
39 5
39 4
40 4
40 5
40 7
40 8
40 9
40 10
40 11
40 12
40 13
41 13
41 12
41 11
41 10
41 9
41 8
39 17
40 17
40 16
40 15
42 8
42 9
42 10
42 11
42 12
43 8
43 9
43 10
43 11
0
Yes
3 9
3 10
4 10
4 9
5 9
5 10
5 11
6 11
6 10
6 9
7 11
7 10
7 9
5 8
4 8
3 8
6 8
7 8
0
Yes
37 33
38 33
36 33
36 32
37 32
38 32
38 31
37 31
36 31
35 31
35 32
35 33
35 34
35 35
34 35
34 34
34 33
34 32
34 31
33 35
33 34
33 33
33 32
33 31
32 35
32 34
32 33
32 32
32 31
31 34
31 33
31 32
31 31
30 34
30 33
30 32
30 31
29 31
29 32
29 33
29 34
28 34
28 33
39 33
39 32
39 31
39 30
38 30
37 30
36 30
35 30
34 30
33 30
32 30
31 30
30 30
29 30
39 29
38 29
37 29
36 29
35 29
34 29
33 29
32 29
31 29
30 29
29 29
38 28
37 28
36 28
35 28
34 28
33 28
32 28
31 28
30 28
29 28
36 27
35 27
34 27
33 27
32 27
31 27
30 27
29 27
35 26
34 26
33 26
32 26
31 26
0
Yes
24 19
24 18
23 19
23 20
24 20
24 21
23 21
23 22
24 22
24 23
23 23
23 24
24 24
25 24
25 23
25 22
25 21
25 20
25 19
25 18
25 17
25 16
26 16
26 17
26 18
26 19
26 20
26 21
26 22
26 23
26 24
27 16
27 17
27 18
27 19
27 20
27 21
27 22
27 23
27 24
28 18
28 19
28 20
28 21
28 22
28 23
28 24
29 19
29 20
29 21
29 22
29 23
29 24
22 20
22 21
22 22
22 23
22 24
21 21
21 22
21 23
0
Yes
19 41
19 42
20 42
20 41
21 41
21 42
19 40
18 40
17 40
17 39
18 39
19 39
20 39
21 39
21 38
20 38
19 38
18 38
17 38
16 38
16 39
16 40
16 41
15 41
15 40
15 39
15 38
15 42
15 43
15 44
14 44
14 43
14 42
14 41
14 40
14 39
14 38
13 41
13 40
13 39
13 38
13 43
13 44
12 39
12 38
11 38
10 38
9 38
9 37
10 37
11 37
12 37
13 37
14 37
15 37
16 37
17 37
18 37
19 37
20 37
21 37
21 36
20 36
19 36
18 36
17 36
16 36
15 36
14 36
13 36
12 36
11 36
10 36
9 36
9 35
10 35
11 35
12 35
13 35
14 35
15 35
16 35
17 35
18 35
19 35
20 35
21 35
10 34
11 34
12 34
13 34
14 34
15 34
16 34
17 34
0
Yes
22 34
23 34
23 33
22 33
22 32
24 33
24 34
0
Yes
47 21
47 20
48 20
48 21
49 21
49 20
0
Yes
34 37
34 38
34 39
34 40
33 40
33 39
33 38
33 37
32 40
32 39
32 38
32 37
31 40
31 39
31 38
31 37
30 40
30 39
30 38
30 37
0
No
0
No
0
Yes
3 18
3 19
2 19
2 18
1 18
1 19
0
Yes
18 25
18 26
18 27
19 27
19 26
19 25
20 25
20 26
20 27
21 27
21 26
21 25
21 24
20 24
19 24
18 24
20 23
19 23
18 23
20 22
19 22
18 22
17 22
17 23
17 24
17 25
17 26
17 27
16 27
16 26
16 25
16 24
16 23
16 22
15 22
15 23
15 24
15 25
15 26
15 27
14 27
14 26
14 25
14 24
14 23
14 22
13 22
13 23
13 24
13 25
13 26
13 27
20 21
19 21
18 21
17 21
16 21
15 21
14 21
13 21
20 20
19 20
18 20
17 20
16 20
15 20
14 20
13 20
19 19
18 19
17 19
16 19
15 19
14 19
13 19
0
Yes
27 44
27 43
27 42
27 41
26 44
26 43
26 42
26 41
25 44
25 43
25 42
25 41
24 44
24 43
24 42
24 41
24 40
25 40
26 40
27 40
23 40
28 40
28 39
27 39
26 39
25 39
24 39
23 39
22 39
29 40
29 39
29 38
28 38
27 38
26 38
25 38
24 38
23 38
22 38
22 37
23 37
24 37
25 37
26 37
27 37
28 37
29 37
22 36
23 36
24 36
25 36
26 36
27 36
28 36
29 36
30 36
31 36
31 35
30 35
29 35
28 35
27 35
26 35
25 35
24 35
23 35
22 35
24 34
23 34
22 34
24 33
23 33
22 33
0
Yes
49 49
49 48
49 47
49 46
49 45
49 44
48 44
48 45
48 46
48 47
48 48
48 49
47 49
47 48
47 47
47 46
47 45
47 44
46 44
46 45
46 46
46 47
46 48
46 49
45 49
45 48
45 47
45 46
45 45
45 44
44 44
44 45
44 46
44 47
44 48
44 49
43 49
43 48
43 47
0
Yes
26 23
26 24
26 25
26 26
26 27
26 28
26 29
26 30
25 29
25 28
25 27
25 26
25 25
25 24
25 23
24 29
24 28
24 27
24 26
24 25
24 24
24 23
23 29
23 28
23 27
23 26
23 25
23 24
23 23
22 28
22 27
22 26
22 25
22 24
22 23
21 23
27 30
27 29
27 28
27 27
27 26
27 25
27 24
27 23
28 29
28 28
28 27
28 26
28 25
28 24
28 23
29 26
29 25
29 24
29 23
30 26
30 25
30 24
30 23
31 25
31 24
31 23
32 25
32 24
32 23
32 22
31 22
30 22
29 22
28 22
27 22
26 22
25 22
24 22
23 22
22 22
21 22
21 21
22 21
23 21
24 21
25 21
26 21
27 21
28 21
29 21
30 21
31 21
22 20
23 20
24 20
25 20
26 20
27 20
28 20
29 20
29 19
28 19
27 19
26 19
25 19
24 19
23 19
24 18
25 18
26 18
27 18
28 18
27 17
26 17
25 17
25 16
26 16
27 16
33 23
33 24
33 25
34 25
34 24
1
552
42 41
42 42
41 42
41 41
40 41
39 41
41 43
42 43
43 43
43 42
43 41
43 40
42 40
41 40
40 40
39 40
42 39
41 39
40 39
39 39
42 38
41 38
40 38
39 38
42 37
41 37
40 37
39 37
42 36
41 36
40 36
39 36
41 35
40 35
39 35
41 34
40 34
39 34
44 40
44 41
44 42
44 43
45 40
45 41
45 42
45 43
38 41
38 40
38 39
38 38
38 37
38 36
38 35
38 34
37 34
37 35
37 36
37 37
37 38
37 39
37 40
36 34
36 35
36 36
36 37
36 38
36 39
36 40
35 40
35 39
35 38
35 37
35 36
Yes
0 5
0 6
0 4
1 4
1 3
0 3
0 7
1 7
2 7
2 8
3 8
3 9
3 10
4 10
4 9
4 8
5 8
5 9
5 10
5 11
6 11
6 10
6 9
6 8
6 7
7 7
7 8
7 9
7 10
7 11
8 7
8 8
8 9
8 10
8 11
8 12
8 13
8 14
9 14
9 13
9 12
9 11
9 10
9 9
9 8
9 7
10 7
10 8
10 9
10 10
10 11
11 10
11 9
9 15
10 15
10 16
9 16
8 16
11 16
8 17
9 17
10 17
11 17
12 17
13 17
14 17
14 18
13 18
12 18
11 18
10 18
9 18
8 18
8 19
9 19
10 19
11 19
12 19
2 3
0
No
0
No
0
No
0
Yes
25 48
25 47
25 49
26 49
26 48
26 47
26 46
27 46
27 47
27 48
0
No
0
Yes
0 38
1 38
2 38
3 38
3 39
2 39
1 39
0 39
0 40
1 40
2 40
3 40
3 41
2 41
1 41
0 41
0
No
0
No
0
Yes
18 4
18 3
18 2
18 1
18 0
17 0
17 1
17 2
17 3
17 4
17 5
16 5
16 4
16 3
16 2
16 1
16 0
15 0
15 1
15 2
15 3
15 4
15 5
14 5
14 4
14 3
14 2
14 1
14 0
13 4
13 5
13 3
13 2
13 1
13 0
12 3
12 2
12 1
12 0
11 3
11 2
11 1
11 0
0
Yes
22 35
22 36
22 37
22 38
22 39
23 39
23 38
23 37
23 36
23 35
24 35
24 36
24 37
24 38
24 39
25 35
25 36
25 37
25 38
25 39
26 35
26 36
26 37
26 38
26 39
27 35
27 36
27 37
27 38
27 39
28 35
28 36
28 37
28 38
28 39
23 40
24 40
25 40
26 40
27 40
28 40
24 41
25 41
26 41
27 41
28 41
0
No
0
Yes
26 43
26 44
25 44
25 43
24 44
24 43
24 42
25 42
26 42
27 42
27 43
27 44
28 42
28 43
0
Yes
14 7
14 6
13 6
13 7
12 7
12 6
12 5
11 5
11 6
11 7
11 8
12 8
13 8
0
Yes
48 5
48 4
49 4
49 5
47 4
47 5
46 4
46 5
46 6
47 6
48 6
49 6
49 7
48 7
47 7
46 7
47 8
48 8
49 8
46 8
45 6
45 5
45 4
45 7
45 8
49 9
0
Yes
3 41
3 42
3 43
3 44
3 45
4 45
4 44
4 43
4 42
4 41
5 45
5 44
5 43
5 42
5 41
6 45
6 44
6 43
6 42
6 41
7 43
7 42
7 41
7 40
6 40
5 40
4 40
3 40
2 40
2 41
2 42
2 43
2 44
2 45
1 45
1 44
1 43
1 42
1 41
1 40
0 40
0 41
0 42
0 43
0 44
0 45
4 46
3 46
2 46
1 46
0 46
3 47
2 47
1 47
0 47
0 39
1 39
0
Yes
0 32
0 33
0 34
0 35
0 36
0 37
0 38
1 38
1 37
1 36
1 35
1 34
1 33
1 32
2 32
2 33
2 34
2 35
2 36
2 37
2 38
2 39
3 39
3 38
3 37
3 36
3 35
3 34
3 33
3 32
4 39
4 38
4 37
4 36
4 35
4 34
4 33
4 32
5 39
5 38
5 37
5 36
5 35
5 34
5 33
5 32
6 39
6 38
6 37
6 36
6 35
6 34
6 33
6 32
6 31
5 31
4 31
3 31
2 31
1 31
0 31
7 39
7 38
7 37
7 36
7 35
7 34
7 33
7 32
7 31
8 39
8 38
8 37
8 36
8 35
0
Yes
33 45
34 45
35 45
36 45
37 45
37 44
36 44
35 44
34 44
33 44
33 43
34 43
35 43
36 43
37 43
37 42
36 42
35 42
34 42
33 42
33 41
34 41
35 41
36 41
37 41
37 40
36 40
35 40
34 40
33 40
33 39
34 39
35 39
36 39
37 39
37 38
36 38
35 38
34 38
33 38
33 37
34 37
35 37
36 37
37 37
35 36
34 36
33 36
36 36
37 36
32 36
32 37
32 38
32 39
32 40
32 41
32 42
32 43
32 44
32 45
31 45
31 44
31 43
31 42
31 41
31 40
31 39
31 38
31 37
31 36
30 36
30 37
30 38
30 39
30 40
30 41
30 42
30 43
30 44
30 45
29 43
29 42
29 41
29 40
29 39
29 38
29 37
29 36
29 44
29 45
28 44
28 45
29 35
30 35
31 35
28 46
29 46
30 46
31 46
32 46
33 46
34 46
35 46
36 46
37 46
28 47
29 47
30 47
31 47
32 47
33 47
34 47
35 47
36 47
37 47
28 48
29 48
30 48
31 48
32 48
33 48
34 48
35 48
36 48
37 48
28 49
29 49
30 49
31 49
32 49
33 49
34 49
35 49
36 49
0
Yes
22 34
22 33
22 32
23 33
23 34
24 34
24 33
21 34
21 33
21 32
20 34
20 33
20 32
0
Yes
47 21
48 21
49 21
47 20
48 20
49 20
0
Yes
36 17
35 17
35 18
36 18
37 18
38 18
38 19
37 19
36 19
35 19
38 20
37 20
36 20
0
Yes
20 4
20 5
19 4
19 3
20 3
19 2
20 2
19 1
20 1
19 0
20 0
21 5
21 4
21 3
21 2
21 1
21 0
22 5
22 4
22 3
22 2
22 1
22 0
23 5
23 4
23 3
23 2
23 1
23 0
0
Yes
25 5
24 5
24 4
25 4
24 3
25 3
24 2
25 2
24 1
25 1
24 0
25 0
26 5
26 4
26 3
26 2
26 1
26 0
27 5
27 4
27 3
27 2
27 1
27 0
28 5
28 4
28 3
28 2
28 1
28 0
29 5
29 4
29 3
29 2
29 1
29 0
30 5
30 4
30 3
30 2
30 1
30 0
31 5
31 4
31 3
31 2
31 1
31 0
32 5
32 4
32 3
32 2
32 1
32 0
33 0
33 1
33 2
33 3
33 4
33 5
33 6
34 6
34 5
34 4
34 3
34 2
34 1
34 0
34 7
35 7
35 6
35 5
35 4
35 3
35 2
35 1
35 0
36 0
36 1
36 2
36 3
36 4
36 5
36 6
36 7
37 7
37 6
37 5
37 4
37 3
37 2
37 1
37 0
38 0
38 1
38 2
38 3
38 4
38 5
38 6
38 7
39 6
39 7
39 5
39 4
39 3
39 2
39 1
39 0
40 5
40 4
40 3
40 2
40 1
40 0
41 4
41 3
41 2
41 1
41 0
40 7
42 2
42 1
0
Yes
32 46
32 47
32 48
32 49
33 49
33 48
33 47
33 46
34 46
34 47
34 48
34 49
35 49
35 48
35 47
35 46
36 46
36 47
36 48
36 49
37 49
37 48
37 47
37 46
38 46
38 47
38 48
38 49
39 49
39 48
39 47
39 46
40 46
40 47
40 48
40 49
41 49
41 48
41 47
41 46
42 47
42 48
42 49
42 46
43 46
43 45
42 45
41 45
40 45
39 45
38 45
37 45
36 45
35 45
34 45
33 45
32 45
43 44
42 44
41 44
40 44
39 44
38 44
37 44
36 44
35 44
34 44
33 44
32 44
32 43
33 43
34 43
35 43
36 43
37 43
38 43
39 43
40 43
41 43
42 43
43 43
43 42
42 42
41 42
40 42
39 42
38 42
37 42
36 42
35 42
34 42
33 42
32 42
0
Yes
28 49
29 49
30 49
31 49
31 48
30 48
29 48
28 48
28 47
29 47
30 47
31 47
31 46
30 46
29 46
28 46
0
Yes
27 42
27 43
27 44
26 44
26 43
26 42
25 44
25 43
25 42
24 44
24 43
24 42
24 41
25 41
26 41
27 41
28 41
28 42
28 43
28 44
28 45
29 45
29 44
29 43
29 42
29 41
30 45
30 44
30 43
30 42
30 41
31 45
31 44
31 43
31 42
31 41
31 40
30 40
29 40
28 40
27 40
26 40
25 40
24 40
24 39
25 39
26 39
27 39
28 39
29 39
30 39
31 39
31 38
30 38
29 38
28 38
27 38
26 38
25 38
24 38
24 37
25 37
26 37
27 37
28 37
29 37
30 37
31 37
31 36
30 36
29 36
28 36
27 36
26 36
25 36
24 36
31 35
30 35
29 35
28 35
27 35
26 35
25 35
24 35
23 40
23 39
23 38
0
Yes
38 16
39 16
39 17
39 15
38 15
39 14
38 14
40 15
40 16
40 17
0
Yes
33 27
33 28
33 29
33 30
33 31
34 31
34 30
34 29
34 28
34 27
35 27
35 28
35 29
35 30
35 31
36 27
36 28
36 29
36 30
36 31
32 31
32 30
32 29
32 28
32 27
31 27
31 28
31 29
31 30
31 31
30 27
30 28
30 29
30 30
30 31
29 27
29 28
29 29
29 30
29 31
29 32
30 32
31 32
32 32
33 32
34 32
35 32
36 32
36 33
35 33
34 33
33 33
32 33
31 33
30 33
29 33
29 34
30 34
31 34
32 34
0
Yes
7 40
7 41
7 42
7 43
6 40
6 41
6 42
6 43
6 44
5 40
5 41
5 42
5 43
5 44
4 40
4 41
4 42
4 43
4 44
0
Yes
49 0
49 1
49 2
49 3
48 3
48 2
48 1
48 0
47 3
47 2
0
Yes
35 35
35 34
36 34
36 35
34 34
34 35
34 36
35 36
36 36
36 37
35 37
34 37
34 38
35 38
36 38
36 39
35 39
34 39
34 40
35 40
36 40
36 41
35 41
34 41
37 41
37 40
37 39
37 38
37 37
37 36
37 35
37 34
38 41
38 40
38 39
38 38
38 37
38 36
38 35
38 34
39 41
39 40
39 39
39 38
39 37
39 36
39 35
39 34
33 34
33 35
33 36
33 37
33 38
33 39
33 40
33 41
32 41
32 40
32 39
32 38
32 37
32 36
32 35
40 41
40 40
40 39
40 38
40 37
40 36
40 35
40 34
41 34
41 35
41 36
41 37
41 38
0
Yes
37 33
38 33
39 33
40 33
37 32
38 32
39 32
40 32
37 31
38 31
39 31
40 31
37 30
38 30
39 30
40 30
40 29
39 29
38 29
0
Yes
49 9
48 9
48 8
49 8
47 8
47 7
48 7
49 7
49 6
48 6
47 6
47 5
48 5
49 5
49 4
48 4
47 4
47 3
48 3
49 3
49 2
48 2
47 2
47 1
48 1
49 1
49 0
48 0
47 0
46 0
46 1
46 2
46 3
46 4
46 5
46 6
46 7
46 8
46 9
46 10
45 10
45 9
45 8
45 7
45 6
45 5
45 4
45 3
45 2
45 1
45 0
44 3
44 2
44 1
44 0
43 2
43 1
43 0
44 7
44 8
44 9
44 10
44 11
44 12
44 13
43 13
43 12
43 11
43 10
43 9
43 8
42 8
42 9
42 10
42 11
42 12
41 8
41 9
41 10
41 11
41 12
41 13
40 13
40 12
40 11
40 10
40 9
40 8
39 8
39 9
39 10
39 11
39 12
39 13
38 13
38 12
38 11
38 10
38 9
38 8
37 8
37 9
37 10
37 11
37 12
0
Yes
21 21
21 22
21 23
22 23
22 22
22 21
22 20
22 24
22 25
22 26
22 27
22 28
23 28
23 27
23 26
23 25
23 24
23 23
23 22
23 21
23 20
23 19
23 29
24 29
24 28
24 27
24 26
24 25
24 24
24 23
24 22
24 21
24 20
24 19
24 18
25 29
25 28
25 27
25 26
25 25
25 24
25 23
25 22
25 21
25 20
25 19
25 18
25 17
25 16
26 16
26 17
26 18
26 19
26 20
26 21
26 22
26 23
26 24
26 25
26 26
26 27
26 28
26 29
26 30
27 30
27 29
27 28
27 27
27 26
27 25
27 24
27 23
27 22
27 21
27 20
27 19
27 18
27 17
27 16
28 18
28 19
28 20
28 21
28 22
28 23
28 24
28 25
28 26
28 27
28 28
28 29
29 19
29 20
29 21
29 22
29 23
29 24
29 25
29 26
30 26
30 25
0
Yes
32 36
32 35
32 37
32 38
32 39
32 40
33 40
33 39
33 38
33 37
33 36
33 35
33 34
34 34
34 35
34 36
34 37
34 38
34 39
34 40
35 34
35 35
35 36
35 37
35 38
35 39
35 40
36 34
36 35
36 36
36 37
36 38
36 39
36 40
37 34
37 35
37 36
37 37
37 38
37 39
37 40
38 34
38 35
38 36
38 37
38 38
38 39
38 40
39 34
39 35
39 36
39 37
39 38
39 39
39 40
32 41
33 41
34 41
35 41
36 41
37 41
38 41
39 41
40 41
40 40
40 39
40 38
40 37
40 36
40 35
40 34
0
Yes
6 48
6 49
7 49
7 48
8 48
8 49
8 47
7 47
6 47
8 46
7 46
6 46
6 45
6 44
6 43
7 43
5 43
5 44
5 45
5 46
5 47
5 48
5 49
4 49
4 48
4 47
4 46
4 45
4 44
4 43
3 47
3 46
3 45
3 44
3 43
2 47
2 46
2 45
2 44
2 43
1 47
1 46
1 45
1 44
1 43
0 47
0 46
0 45
0 44
0 43
7 42
6 42
5 42
4 42
3 42
2 42
1 42
0 42
7 41
6 41
5 41
4 41
3 41
2 41
1 41
0 41
7 40
6 40
5 40
4 40
3 40
0
Yes
10 26
9 26
9 25
10 25
11 25
11 26
12 26
12 25
12 24
11 24
10 24
9 24
9 23
10 23
11 23
12 23
12 22
11 22
10 22
9 22
12 21
11 21
10 21
9 21
12 20
11 20
10 20
9 20
0
No
0
Yes
48 28
48 29
48 30
48 31
47 31
47 30
47 29
47 28
46 31
46 30
46 29
46 28
45 31
45 30
45 29
45 28
45 27
46 27
47 27
48 27
45 26
46 26
47 26
48 26
46 25
47 25
48 25
48 24
49 24
49 25
49 26
49 27
49 28
49 29
49 30
49 31
44 27
44 28
44 29
44 30
44 31
43 28
43 29
43 30
0
No
0
No
0
Yes
19 42
19 41
20 41
20 42
21 42
21 41
0
Yes
15 4
16 4
17 4
18 4
18 3
17 3
16 3
15 3
18 2
17 2
16 2
15 2
18 1
17 1
16 1
15 1
18 0
17 0
16 0
15 0
14 0
14 1
14 2
14 3
14 4
13 4
13 3
13 2
13 1
13 0
12 3
12 2
12 1
12 0
11 3
11 2
11 1
11 0
10 1
10 0
17 5
16 5
15 5
14 5
13 5
16 6
15 6
14 6
0
Yes
28 21
28 22
29 22
29 21
30 21
30 22
31 21
31 22
29 20
28 20
29 19
28 19
28 18
27 18
27 19
27 20
27 21
27 22
27 17
27 16
26 16
26 17
26 18
26 19
26 20
26 21
26 22
25 16
25 17
25 18
25 19
25 20
25 21
25 22
24 18
24 19
24 20
24 21
24 22
23 19
23 20
23 21
23 22
22 20
22 21
22 22
21 21
21 22
21 23
22 23
23 23
24 23
25 23
26 23
27 23
28 23
29 23
30 23
31 23
31 24
30 24
29 24
28 24
27 24
26 24
25 24
24 24
23 24
22 24
21 24
21 25
22 25
23 25
24 25
25 25
26 25
27 25
28 25
29 25
30 25
31 25
31 26
30 26
29 26
28 26
27 26
26 26
25 26
24 26
23 26
22 26
21 26
21 27
22 27
23 27
24 27
25 27
26 27
27 27
28 27
29 27
30 27
31 27
22 28
23 28
24 28
25 28
26 28
27 28
28 28
29 28
30 28
31 28
23 29
24 29
25 29
26 29
27 29
28 29
29 29
30 29
31 29
27 30
26 30
0
Yes
16 20
16 21
16 22
16 23
17 23
17 22
17 21
17 20
18 20
18 21
18 22
18 23
19 23
19 22
19 21
19 20
20 20
20 21
20 22
20 23
19 19
18 19
17 19
16 19
20 24
19 24
18 24
17 24
16 24
20 25
19 25
18 25
17 25
16 25
20 26
19 26
18 26
17 26
16 26
0
Yes
48 46
48 47
48 48
48 49
47 49
47 48
47 47
47 46
47 45
48 45
49 45
49 46
49 47
49 48
49 49
46 45
46 46
46 47
46 48
46 49
45 49
45 48
45 47
45 46
45 45
44 45
44 46
44 47
1
589
33 9
33 10
32 10
32 9
32 8
33 8
33 7
32 7
32 6
31 6
31 7
31 8
31 9
31 10
30 6
30 7
30 8
30 9
30 10
29 6
29 7
29 8
29 9
29 10
28 6
28 7
28 8
28 9
28 10
27 6
27 7
27 8
27 9
27 10
26 6
26 7
26 8
26 9
26 10
25 6
25 7
25 8
25 9
25 10
24 6
24 7
24 8
24 9
24 10
24 11
25 11
26 11
27 11
28 11
29 11
30 11
31 11
32 11
33 11
33 12
32 12
31 12
26 12
25 12
23 6
23 7
23 8
23 9
23 10
22 7
22 8
Yes
35 20
35 21
36 21
37 21
37 22
36 22
35 22
36 23
35 23
36 24
35 24
35 25
35 26
35 27
36 27
36 28
35 28
37 28
38 28
38 29
37 29
36 29
35 29
39 29
40 29
40 30
39 30
38 30
37 30
36 30
35 30
35 31
36 31
37 31
38 31
39 31
40 31
40 32
39 32
38 32
37 32
36 32
35 32
34 32
34 31
34 30
34 29
34 28
34 27
34 26
34 25
34 24
34 23
34 22
34 21
34 20
34 19
34 18
33 18
33 19
33 20
33 21
33 22
33 23
33 24
33 25
33 26
33 27
33 28
33 29
33 30
33 31
33 32
32 19
32 20
32 21
32 22
32 23
32 24
32 25
32 26
32 27
32 28
32 29
32 30
32 31
32 32
31 30
31 31
31 32
30 30
30 31
30 32
29 30
29 31
29 32
29 33
30 33
31 33
32 33
33 33
34 33
35 33
36 33
37 33
38 33
39 33
40 33
28 33
28 34
29 34
30 34
31 34
32 34
33 34
34 34
35 34
36 34
37 34
38 34
39 34
40 34
41 34
41 33
41 32
41 31
41 30
41 29
41 28
42 28
42 29
42 30
42 31
42 32
42 33
43 33
43 32
43 31
41 35
40 35
39 35
38 35
37 35
36 35
35 35
34 35
33 35
32 35
31 35
30 35
0
Yes
28 46
28 47
28 48
28 49
28 45
29 45
29 46
29 47
29 48
29 49
30 49
30 48
30 47
30 46
30 45
31 45
31 46
31 47
31 48
31 49
31 44
30 44
29 44
28 44
31 43
30 43
29 43
28 43
31 42
30 42
29 42
28 42
28 41
29 41
30 41
31 41
32 41
33 41
34 41
35 41
36 41
37 41
38 41
38 40
37 40
36 40
35 40
34 40
33 40
32 40
31 40
30 40
29 40
28 40
28 39
29 39
30 39
31 39
32 39
33 39
34 39
35 39
36 39
37 39
38 39
38 38
37 38
36 38
35 38
34 38
33 38
32 38
31 38
30 38
29 38
28 38
28 37
29 37
30 37
31 37
32 37
33 37
34 37
35 37
36 37
37 37
38 37
38 36
37 36
36 36
35 36
34 36
33 36
32 36
31 36
30 36
29 36
28 36
29 35
28 35
27 35
27 36
27 37
27 38
27 39
27 40
27 41
27 42
27 43
27 44
26 44
26 43
26 42
26 41
26 40
26 39
26 38
26 37
26 36
26 35
25 35
25 36
25 37
25 38
25 39
25 40
25 41
25 42
25 43
25 44
24 44
24 43
24 42
24 41
24 40
24 39
24 38
24 37
24 36
24 35
23 40
23 39
0
Yes
22 0
23 0
23 1
22 1
23 2
22 2
23 3
22 3
23 4
22 4
21 4
21 3
21 2
21 1
21 0
20 0
20 1
20 2
20 3
20 4
19 4
19 3
19 2
19 1
19 0
0
Yes
16 3
16 4
16 5
17 5
17 4
17 3
17 2
16 2
16 1
17 1
17 0
16 0
15 0
15 1
15 2
15 3
15 4
15 5
14 5
14 4
14 3
14 2
14 1
14 0
18 4
18 3
18 2
18 1
18 0
0
Yes
8 32
8 33
8 34
8 31
9 31
9 32
9 33
9 34
10 34
10 33
10 32
10 31
11 31
11 32
11 33
11 34
12 34
12 33
12 32
12 31
12 30
11 30
10 30
9 30
8 30
8 29
9 29
10 29
11 29
12 29
8 28
9 28
10 28
11 28
12 28
9 27
10 27
11 27
12 27
13 27
13 28
13 29
13 30
13 31
13 32
13 33
13 34
0
No
0
Yes
36 8
35 8
34 8
33 8
33 7
32 7
32 8
32 6
31 6
31 7
31 8
30 6
30 7
30 8
29 6
29 7
29 8
28 6
28 7
28 8
27 6
27 7
27 8
26 6
26 7
26 8
25 6
25 7
25 8
24 6
24 7
24 8
23 6
23 7
23 8
22 7
22 8
21 8
20 8
20 9
21 9
22 9
23 9
24 9
25 9
26 9
27 9
28 9
29 9
30 9
31 9
32 9
33 9
34 9
35 9
36 9
20 10
21 10
22 10
23 10
24 10
25 10
26 10
27 10
28 10
29 10
30 10
31 10
32 10
33 10
34 10
35 10
36 10
24 11
25 11
26 11
27 11
28 11
29 11
30 11
31 11
32 11
33 11
33 12
32 12
31 12
0
Yes
16 27
17 27
18 27
19 27
20 27
20 28
19 28
18 28
17 28
16 28
20 29
19 29
18 29
17 29
16 29
16 30
17 30
18 30
19 30
20 30
21 30
21 31
20 31
19 31
18 31
17 31
16 31
16 32
17 32
18 32
19 32
20 32
21 32
22 32
22 33
21 33
20 33
19 33
18 33
17 33
16 33
23 33
23 34
22 34
21 34
20 34
19 34
18 34
17 34
16 34
23 35
22 35
21 35
20 35
19 35
18 35
17 35
16 35
23 36
22 36
21 36
20 36
19 36
18 36
17 36
16 36
23 37
22 37
21 37
20 37
19 37
18 37
17 37
16 37
23 38
22 38
21 38
20 38
19 38
18 38
17 38
16 38
22 39
21 39
20 39
19 39
18 39
17 39
16 39
17 40
18 40
19 40
16 40
15 40
15 39
15 38
15 37
15 36
15 35
15 34
15 33
15 32
15 31
15 30
15 29
15 28
15 27
14 27
14 28
14 29
14 30
14 31
14 32
14 33
14 34
14 35
14 36
14 37
14 38
14 39
14 40
13 40
13 39
13 38
13 37
13 36
13 35
12 39
12 38
12 37
12 36
12 35
13 41
14 41
15 41
16 41
24 34
24 33
15 42
14 42
15 43
14 43
13 43
13 44
14 44
15 44
0
No
0
Yes
0 48
1 48
2 48
3 48
3 49
2 49
1 49
0 49
0
Yes
15 1
15 2
15 3
15 4
16 4
16 3
16 2
16 1
17 1
17 2
17 3
17 4
18 4
18 3
18 2
18 1
18 0
17 0
16 0
15 0
14 0
14 1
14 2
14 3
14 4
13 4
13 3
13 2
13 1
13 0
12 3
12 2
12 1
12 0
11 3
11 2
11 1
11 0
10 1
10 0
17 5
16 5
15 5
14 5
13 5
16 6
15 6
14 6
0
No
0
Yes
13 6
12 6
12 5
11 5
11 6
10 6
10 5
11 7
12 7
13 7
0
Yes
27 43
28 43
29 43
30 43
31 43
31 42
30 42
29 42
28 42
27 42
27 41
28 41
29 41
30 41
31 41
31 40
30 40
29 40
28 40
27 40
27 39
28 39
29 39
30 39
31 39
31 38
30 38
29 38
28 38
27 38
27 37
28 37
29 37
30 37
31 37
31 36
30 36
29 36
28 36
27 36
29 35
28 35
27 35
26 35
26 36
26 37
26 38
26 39
26 40
26 41
26 42
26 43
25 35
25 36
25 37
25 38
25 39
25 40
25 41
25 42
25 43
24 35
24 36
24 37
24 38
24 39
24 40
24 41
24 42
24 43
0
Yes
49 44
48 44
48 43
49 43
49 42
48 42
47 42
47 43
47 44
46 44
46 43
46 42
45 44
45 43
45 42
44 44
44 43
0
Yes
38 37
38 36
37 36
37 37
36 36
36 37
35 36
35 37
34 36
34 37
33 36
33 37
32 36
32 37
32 38
33 38
34 38
35 38
36 38
37 38
38 38
32 39
33 39
34 39
35 39
36 39
37 39
38 39
32 40
33 40
34 40
35 40
36 40
37 40
38 40
32 41
33 41
34 41
35 41
36 41
37 41
0
Yes
27 24
27 25
27 26
27 27
28 27
28 26
28 25
28 24
28 23
27 23
27 22
28 22
28 21
27 21
27 20
28 20
28 19
27 19
26 19
26 20
26 21
26 22
26 23
26 24
26 25
26 26
26 27
25 27
25 26
25 25
25 24
25 23
25 22
25 21
25 20
25 19
24 19
24 20
24 21
24 22
24 23
24 24
24 25
24 26
24 27
23 19
23 20
23 21
23 22
23 23
23 24
23 25
23 26
23 27
22 20
22 21
22 22
22 23
22 24
22 25
22 26
22 27
21 21
21 22
21 23
21 24
21 25
21 26
21 27
29 19
29 20
29 21
29 22
29 23
29 24
29 25
29 26
29 27
30 21
30 22
30 23
30 24
30 25
30 26
30 27
31 21
31 22
31 23
31 24
31 25
31 26
31 27
0
Yes
48 4
48 5
48 6
48 7
48 8
48 9
49 9
49 8
49 7
49 6
49 5
49 4
47 8
47 7
47 6
47 5
47 4
47 3
48 3
49 3
49 2
48 2
47 2
47 1
48 1
49 1
49 0
48 0
47 0
46 0
46 1
46 2
46 3
46 4
46 5
46 6
46 7
46 8
46 9
46 10
45 10
45 9
45 8
45 7
45 6
45 5
45 4
45 3
45 2
45 1
45 0
44 3
44 2
44 1
44 0
43 2
43 1
43 0
44 7
44 8
44 9
44 10
43 8
43 9
43 10
42 8
42 9
42 10
41 8
41 9
41 10
40 8
40 9
40 10
39 8
39 9
39 10
38 8
38 9
38 10
37 8
37 9
37 10
36 8
36 9
36 10
35 8
35 9
35 10
35 11
36 11
37 11
38 11
39 11
40 11
41 11
42 11
43 11
44 11
44 12
43 12
42 12
41 12
40 12
39 12
38 12
37 12
36 12
35 12
41 13
40 13
39 13
38 13
37 13
36 13
35 13
43 13
44 13
35 14
36 14
37 14
38 14
39 14
0
Yes
12 24
13 24
11 24
10 24
9 24
9 25
10 25
11 25
12 25
13 25
9 26
10 26
11 26
12 26
13 26
9 23
10 23
11 23
12 23
13 23
0
Yes
18 29
18 30
18 31
18 32
18 33
18 34
18 35
19 35
19 34
19 33
19 32
19 31
19 30
19 29
20 29
20 30
20 31
20 32
20 33
20 34
20 35
21 30
21 31
21 32
21 33
21 34
21 35
17 35
17 34
17 33
17 32
17 31
17 30
17 29
22 32
22 33
22 34
22 35
16 29
16 30
16 31
16 32
16 33
16 34
16 35
15 35
15 34
15 33
15 32
15 31
15 30
15 29
14 29
14 30
14 31
14 32
14 33
14 34
0
Yes
36 17
35 17
35 18
36 18
35 19
36 19
36 20
37 20
37 19
37 18
38 18
38 19
38 20
0
Yes
10 0
10 1
11 1
11 0
11 2
11 3
12 3
12 2
12 1
12 0
13 0
13 1
13 2
0
Yes
44 49
45 49
46 49
47 49
48 49
49 49
49 48
48 48
47 48
46 48
45 48
44 48
44 47
45 47
46 47
47 47
48 47
49 47
49 46
48 46
47 46
46 46
45 46
44 46
44 45
45 45
46 45
47 45
48 45
49 45
43 45
43 46
43 47
43 48
43 49
42 49
42 48
42 47
42 46
42 45
42 44
43 44
44 44
45 44
46 44
47 44
48 44
49 44
49 43
48 43
47 43
46 43
45 43
44 43
43 43
42 43
46 42
47 42
48 42
49 42
45 42
44 42
43 42
0
Yes
2 30
3 30
4 30
5 30
6 30
7 30
1 30
0 30
0 29
1 29
2 29
3 29
4 29
5 29
6 29
7 29
8 29
8 30
8 28
7 28
6 28
5 28
4 28
3 28
2 28
1 28
0 28
0 27
1 27
2 27
3 27
4 27
5 27
6 27
7 27
8 27
8 26
7 26
6 26
5 26
4 26
3 26
2 26
1 26
0 26
8 25
7 25
6 25
5 25
4 25
3 25
2 25
1 25
0 25
8 24
7 24
6 24
5 24
4 24
3 24
2 24
1 24
0 24
8 23
7 23
6 23
5 23
4 23
3 23
2 23
1 23
0 23
0 22
1 22
2 22
3 22
4 22
5 22
6 22
7 22
8 22
8 21
7 21
6 21
5 21
4 21
3 21
2 21
1 21
0 21
8 20
7 20
6 20
5 20
4 20
3 20
2 20
1 20
0 20
7 19
6 19
5 19
4 19
3 19
2 19
1 19
0 19
1 18
2 18
3 18
9 20
9 21
9 22
10 22
10 21
10 20
11 20
11 21
0
Yes
40 47
41 47
41 48
40 48
41 49
40 49
41 46
40 46
41 45
40 45
41 44
40 44
41 43
40 43
40 42
41 42
39 42
39 43
39 44
39 45
39 46
39 47
39 48
39 49
38 49
38 48
38 47
38 46
38 45
38 44
38 43
38 42
37 42
37 43
37 44
37 45
37 46
37 47
37 48
37 49
36 42
36 43
36 44
36 45
36 46
36 47
36 48
36 49
35 42
35 43
35 44
35 45
35 46
35 47
35 48
35 49
34 42
34 43
34 44
34 45
34 46
34 47
34 48
34 49
33 42
33 43
33 44
33 45
33 46
33 47
33 48
33 49
32 42
32 43
32 44
32 45
32 46
32 47
32 48
32 49
31 44
31 45
31 46
31 47
31 48
31 49
30 44
30 45
30 46
30 47
30 48
30 49
29 44
29 45
29 46
29 47
29 48
29 49
28 44
0
Yes
42 0
42 1
42 2
41 2
41 1
41 0
40 0
40 1
40 2
39 2
39 1
39 0
0
Yes
49 30
49 31
48 31
48 30
47 31
47 30
46 31
46 30
46 29
47 29
48 29
49 29
49 28
48 28
47 28
46 28
46 27
47 27
48 27
49 27
49 26
48 26
47 26
46 26
46 25
47 25
48 25
49 25
48 24
49 24
45 26
45 27
45 28
45 29
45 30
45 31
44 27
44 28
44 29
44 30
44 31
0
Yes
22 10
23 10
21 10
20 10
20 9
21 9
22 9
23 9
20 8
21 8
22 8
23 8
22 7
0
Yes
38 1
38 2
38 0
37 0
37 1
37 2
37 3
38 3
39 3
40 3
41 3
41 4
40 4
39 4
38 4
37 4
40 5
39 5
38 5
37 5
39 6
38 6
37 6
39 7
38 7
37 7
36 7
36 6
36 5
36 4
36 3
36 2
36 1
36 0
35 7
35 6
35 5
35 4
35 3
35 2
35 1
35 0
34 0
34 1
34 2
34 3
34 4
34 5
34 6
34 7
34 8
33 8
33 7
33 6
33 5
33 4
33 3
33 2
33 1
33 0
32 0
32 1
32 2
32 3
32 4
32 5
32 6
32 7
32 8
34 9
33 9
32 9
34 10
33 10
32 10
33 11
32 11
33 12
32 12
31 12
31 11
31 10
31 9
31 8
31 7
31 6
31 5
31 4
31 3
31 2
31 1
31 0
30 11
30 10
30 9
30 8
30 7
30 6
30 5
30 4
30 3
30 2
30 1
30 0
29 11
29 10
29 9
29 8
29 7
29 6
29 5
29 4
29 3
0
Yes
13 6
13 7
14 7
14 6
15 6
16 6
13 8
12 8
12 7
12 6
11 8
11 7
11 6
11 5
12 5
13 5
14 5
15 5
16 5
13 4
14 4
15 4
16 4
13 3
14 3
15 3
16 3
14 2
15 2
16 2
14 1
15 1
16 1
14 0
15 0
16 0
17 5
17 4
17 3
17 2
17 1
17 0
18 4
18 3
18 2
18 1
18 0
10 5
10 6
12 9
0
Yes
13 39
12 39
12 38
13 38
11 38
10 38
9 38
9 37
10 37
11 37
12 37
13 37
9 36
10 36
11 36
12 36
13 36
9 35
10 35
11 35
12 35
13 35
13 34
12 34
11 34
10 34
9 34
8 34
8 33
9 33
10 33
11 33
12 33
13 33
13 32
12 32
11 32
10 32
9 32
8 32
8 31
9 31
10 31
11 31
12 31
13 31
13 30
12 30
11 30
10 30
9 30
9 29
10 29
11 29
12 29
13 29
9 28
10 28
11 28
12 28
13 28
9 27
10 27
11 27
12 27
13 27
14 35
14 36
14 37
0
No
0
Yes
32 28
32 27
31 28
31 29
32 29
32 30
31 30
31 31
32 31
32 32
31 32
31 33
32 33
32 34
31 34
31 35
32 35
33 35
33 34
33 33
33 32
33 31
33 30
33 29
33 28
33 27
34 35
34 34
34 33
34 32
34 31
34 30
34 29
34 28
34 27
35 35
35 34
35 33
35 32
35 31
35 30
35 29
35 28
35 27
36 27
36 28
36 29
36 30
36 31
36 32
36 33
36 34
36 35
37 35
37 34
37 33
37 32
37 31
37 30
37 29
37 28
38 28
38 29
38 30
38 31
38 32
38 33
38 34
38 35
39 29
39 30
39 31
39 32
39 33
39 34
39 35
40 29
40 30
40 31
40 32
40 33
40 34
40 35
41 35
41 34
41 33
41 32
41 31
41 30
41 29
27 33
30 35
30 34
30 33
30 32
30 31
30 30
30 29
30 28
29 28
29 29
29 30
29 31
29 32
29 33
29 34
28 34
28 33
0
Yes
8 49
8 48
8 47
8 46
7 46
7 47
7 48
7 49
6 49
6 48
6 47
6 46
6 45
5 45
5 46
5 47
5 48
5 49
4 49
4 48
4 47
4 46
4 45
0
No
0
Yes
25 0
24 0
24 1
25 1
24 2
25 2
24 3
25 3
24 4
25 4
25 5
24 5
24 6
25 6
25 7
24 7
24 8
25 8
26 8
26 7
26 6
26 5
26 4
26 3
26 2
26 1
26 0
27 0
27 1
27 2
27 3
27 4
27 5
27 6
27 7
27 8
28 8
28 7
28 6
28 5
28 4
28 3
28 2
28 1
28 0
29 0
29 1
29 2
29 3
29 4
29 5
29 6
29 7
29 8
30 8
30 7
30 6
30 5
30 4
30 3
30 2
30 1
30 0
31 0
31 1
31 2
31 3
31 4
0
Yes
49 3
49 4
49 5
49 6
49 7
49 8
49 9
48 9
48 8
48 7
48 6
48 5
48 4
48 3
47 8
47 7
47 6
47 5
47 4
47 3
47 2
48 2
49 2
49 1
48 1
47 1
47 0
48 0
49 0
46 0
46 1
46 2
46 3
46 4
46 5
46 6
46 7
46 8
46 9
46 10
45 10
45 9
45 8
45 7
45 6
45 5
45 4
45 3
45 2
45 1
45 0
44 3
44 2
44 1
44 0
43 2
43 1
43 0
44 7
44 8
44 9
44 10
44 11
44 12
44 13
0
Yes
36 7
36 8
36 9
36 10
37 10
37 9
37 8
37 7
38 7
38 8
38 9
38 10
39 10
39 9
39 8
39 7
40 7
40 8
40 9
40 10
41 8
41 9
41 10
42 8
42 9
42 10
35 10
35 9
35 8
35 7
35 11
36 11
37 11
38 11
39 11
40 11
41 11
42 11
42 12
41 12
40 12
39 12
38 12
37 12
36 12
35 12
41 13
40 13
39 13
38 13
37 13
36 13
35 13
0
No
0
No
0
Yes
6 41
7 41
7 42
6 42
7 43
6 43
5 43
5 42
5 41
4 41
4 42
4 43
6 44
5 44
4 44
7 40
6 40
5 40
4 40
0
Yes
43 0
43 1
43 2
44 2
44 1
44 0
45 0
45 1
45 2
46 2
46 1
46 0
0
Yes
25 3
25 4
25 5
24 5
24 4
24 3
24 2
25 2
25 1
24 1
24 0
25 0
23 0
23 1
23 2
23 3
23 4
23 5
22 5
22 4
22 3
22 2
22 1
22 0
21 5
21 4
21 3
21 2
21 1
21 0
20 5
20 4
20 3
20 2
20 1
20 0
19 4
19 3
19 2
19 1
19 0
26 0
26 1
26 2
26 3
0
No
0
Yes
25 27
25 28
25 29
24 29
24 28
24 27
23 29
23 28
23 27
23 26
24 26
25 26
26 26
26 27
26 28
26 29
26 30
27 30
27 29
27 28
27 27
27 26
28 29
28 28
28 27
28 26
29 27
29 26
30 27
30 26
31 27
31 26
31 25
30 25
29 25
28 25
27 25
26 25
25 25
24 25
23 25
23 24
24 24
25 24
26 24
27 24
28 24
29 24
30 24
31 24
31 23
30 23
29 23
28 23
27 23
26 23
25 23
24 23
23 23
23 22
24 22
25 22
26 22
27 22
28 22
29 22
30 22
31 22
22 28
22 27
22 26
22 25
22 24
22 23
22 22
21 22
21 23
21 24
21 25
21 26
21 27
21 21
22 21
23 21
24 21
25 21
26 21
27 21
28 21
29 21
30 21
31 21
22 20
23 20
24 20
25 20
26 20
27 20
28 20
29 20
29 19
28 19
27 19
26 19
25 19
24 19
23 19
24 18
25 18
0
Yes
38 48
38 49
39 49
39 48
40 48
40 49
41 49
41 48
41 47
40 47
39 47
38 47
41 46
40 46
39 46
38 46
41 45
40 45
39 45
38 45
41 44
40 44
39 44
38 44
41 43
40 43
39 43
38 43
38 42
39 42
40 42
41 42
37 42
37 43
37 44
37 45
37 46
37 47
37 48
37 49
36 42
36 43
36 44
36 45
36 46
36 47
36 48
36 49
35 42
35 43
35 44
35 45
35 46
35 47
35 48
35 49
34 42
34 43
34 44
34 45
34 46
34 47
34 48
34 49
33 42
33 43
33 44
33 45
33 46
33 47
33 48
33 49
32 42
32 43
32 44
32 45
32 46
32 47
32 48
32 49
31 49
31 48
31 47
31 46
31 45
0
Yes
13 43
13 44
14 44
14 43
15 44
15 43
15 42
14 42
14 41
15 41
0
Yes
3 45
3 46
3 44
2 44
2 45
2 46
1 46
1 45
1 44
0 44
0 45
0 46
3 47
2 47
1 47
0 47
3 43
2 43
1 43
0 43
3 42
2 42
1 42
0 42
3 41
2 41
1 41
0 41
3 40
2 40
1 40
0
Yes
10 7
10 8
9 7
9 8
8 7
8 8
7 7
7 8
7 9
8 9
9 9
10 9
11 9
11 10
10 10
9 10
8 10
7 10
10 11
9 11
8 11
7 11
0
Yes
35 25
35 26
34 26
34 25
33 26
33 25
32 26
32 25
32 24
33 24
34 24
35 24
36 24
36 23
35 23
34 23
33 23
32 23
32 22
33 22
34 22
35 22
36 22
36 21
35 21
34 21
33 21
32 21
0
Yes
41 0
42 0
42 1
41 1
42 2
41 2
41 3
41 4
40 4
40 3
40 2
40 1
40 0
39 0
39 1
39 2
39 3
39 4
38 4
38 3
38 2
38 1
38 0
0
Yes
47 0
47 1
47 2
47 3
48 3
48 2
48 1
48 0
49 0
49 1
49 2
49 3
0
Yes
47 25
46 25
46 26
47 26
45 26
45 27
46 27
47 27
44 27
44 28
45 28
46 28
47 28
47 29
46 29
45 29
44 29
44 30
45 30
46 30
47 30
47 31
46 31
45 31
44 31
48 31
48 30
48 29
48 28
48 27
48 26
48 25
48 24
49 24
49 25
49 26
49 27
49 28
49 29
49 30
49 31
49 32
43 28
43 29
43 30
43 31
0
Yes
28 0
28 1
28 2
28 3
28 4
28 5
28 6
28 7
28 8
29 8
29 7
29 6
29 5
29 4
29 3
29 2
29 1
29 0
30 0
30 1
30 2
30 3
30 4
30 5
30 6
30 7
30 8
31 8
31 7
31 6
31 5
31 4
31 3
31 2
31 1
31 0
32 0
32 1
32 2
32 3
32 4
32 5
32 6
32 7
32 8
27 8
27 7
27 6
27 5
27 4
27 3
27 2
27 1
27 0
26 0
26 1
26 2
26 3
26 4
26 5
26 6
26 7
26 8
25 8
25 7
25 6
25 5
25 4
25 3
25 2
25 1
25 0
24 8
24 7
24 6
24 5
24 4
24 3
24 2
24 1
24 0
23 7
23 6
23 5
23 4
23 3
23 2
23 1
23 0
22 5
22 4
22 3
22 2
22 1
22 0
21 5
21 4
21 3
21 2
21 1
21 0
20 5
20 4
20 3
20 2
20 1
20 0
19 4
19 3
19 2
19 1
19 0
24 9
25 9
26 9
27 9
28 9
29 9
30 9
31 9
32 9
24 10
25 10
26 10
27 10
28 10
29 10
30 10
31 10
32 10
24 11
25 11
26 11
27 11
28 11
29 11
30 11
0
Yes
49 27
49 28
49 29
49 30
49 31
49 32
48 31
48 30
48 29
48 28
48 27
47 31
47 30
47 29
47 28
47 27
46 31
46 30
46 29
46 28
46 27
45 31
45 30
45 29
45 28
45 27
45 26
46 26
47 26
48 26
49 26
46 25
47 25
48 25
49 25
48 24
49 24
44 27
0
Yes
15 37
15 36
16 36
16 37
17 36
17 37
18 36
18 37
18 38
17 38
16 38
15 38
15 39
16 39
17 39
18 39
18 40
17 40
16 40
15 40
19 40
19 39
19 38
19 37
0
Yes
25 44
24 44
26 44
27 44
24 43
25 43
26 43
27 43
24 42
25 42
26 42
27 42
0
Yes
32 45
32 46
32 47
32 48
32 49
33 49
33 48
33 47
33 46
33 45
34 45
34 46
34 47
34 48
34 49
35 49
35 48
35 47
35 46
35 45
36 45
36 46
36 47
36 48
36 49
37 49
37 48
37 47
37 46
37 45
38 45
38 46
38 47
38 48
38 49
39 49
39 48
39 47
39 46
39 45
40 45
40 46
40 47
40 48
40 49
40 44
39 44
38 44
37 44
36 44
35 44
34 44
33 44
32 44
32 43
33 43
34 43
35 43
36 43
37 43
38 43
39 43
40 43
40 42
39 42
38 42
37 42
36 42
35 42
34 42
33 42
32 42
32 41
33 41
34 41
35 41
36 41
37 41
38 41
39 41
40 41
31 41
31 42
31 43
31 44
31 45
31 46
31 47
31 48
31 49
30 49
30 48
30 47
30 46
30 45
30 44
30 43
30 42
30 41
29 41
29 42
29 43
29 44
29 45
29 46
29 47
29 48
29 49
41 43
41 44
41 45
41 46
41 47
41 48
41 49
41 42
41 41
0
Yes
32 49
33 49
34 49
34 48
33 48
32 48
32 47
33 47
34 47
34 46
33 46
32 46
32 45
33 45
34 45
34 44
33 44
32 44
32 43
33 43
34 43
31 43
31 44
31 45
31 46
31 47
31 48
31 49
30 49
30 48
30 47
30 46
30 45
30 44
30 43
29 43
29 44
29 45
29 46
29 47
29 48
29 49
28 49
28 48
28 47
28 46
28 45
28 44
28 43
35 43
35 44
35 45
35 46
35 47
35 48
35 49
36 49
36 48
36 47
36 46
36 45
36 44
36 43
37 43
37 44
37 45
37 46
37 47
37 48
37 49
38 49
38 48
38 47
38 46
38 45
38 44
38 43
0
Yes
41 40
41 41
41 42
42 42
42 41
42 40
42 39
41 39
42 38
41 38
42 37
41 37
42 36
41 36
40 36
40 37
40 38
40 39
40 40
40 41
40 42
39 36
39 37
39 38
39 39
39 40
39 41
39 42
38 42
38 41
38 40
38 39
38 38
38 37
38 36
37 36
37 37
37 38
37 39
37 40
37 41
37 42
36 42
36 41
36 40
36 39
36 38
36 37
36 36
35 36
35 37
35 38
35 39
35 40
35 41
35 42
34 42
34 41
34 40
34 39
34 38
34 37
34 36
33 36
33 37
33 38
33 39
33 40
33 41
33 42
32 42
32 41
32 40
32 39
32 38
32 37
32 36
31 36
31 37
31 38
31 39
31 40
31 41
31 42
0
Yes
37 7
37 8
37 9
37 10
37 11
38 11
38 10
38 9
38 8
38 7
39 7
39 8
39 9
39 10
39 11
39 6
38 6
37 6
39 5
38 5
37 5
37 4
37 3
37 2
37 1
37 0
36 0
36 1
36 2
36 3
36 4
36 5
36 6
36 7
36 8
36 9
36 10
36 11
35 11
35 10
35 9
35 8
35 7
35 6
35 5
35 4
35 3
35 2
35 1
35 0
34 10
34 9
34 8
34 7
34 6
34 5
34 4
34 3
34 2
34 1
34 0
33 0
33 1
33 2
33 3
33 4
33 5
33 6
33 7
33 8
33 9
33 10
0
Yes
48 5
48 6
48 7
48 8
48 9
49 9
49 8
49 7
49 6
49 5
47 8
47 7
47 6
47 5
47 4
48 4
49 4
49 3
48 3
47 3
47 2
48 2
49 2
49 1
48 1
47 1
47 0
48 0
49 0
46 0
46 1
46 2
46 3
46 4
46 5
46 6
46 7
46 8
46 9
46 10
45 10
45 9
45 8
45 7
45 6
45 5
45 4
45 3
45 2
45 1
45 0
44 3
44 2
44 1
44 0
43 2
43 1
43 0
44 7
44 8
44 9
44 10
44 11
43 8
43 9
43 10
43 11
42 8
42 9
42 10
42 11
42 12
43 12
44 12
44 13
43 13
41 8
41 9
41 10
41 11
41 12
41 13
40 8
40 9
40 10
40 11
40 12
0
Yes
23 19
23 20
22 20
24 20
24 19
24 18
25 18
25 19
25 20
25 17
25 16
26 16
26 17
26 18
26 19
26 20
27 16
27 17
27 18
27 19
27 20
28 18
28 19
28 20
29 19
29 20
29 21
28 21
27 21
26 21
25 21
24 21
23 21
22 21
21 21
30 21
31 21
31 22
30 22
29 22
28 22
27 22
26 22
25 22
24 22
23 22
22 22
21 22
21 23
22 23
23 23
24 23
25 23
26 23
27 23
28 23
29 23
30 23
31 23
31 24
30 24
29 24
28 24
27 24
26 24
25 24
24 24
23 24
22 24
21 24
21 25
22 25
23 25
24 25
25 25
26 25
27 25
28 25
29 25
30 25
31 25
31 26
30 26
29 26
28 26
27 26
26 26
25 26
24 26
23 26
22 26
21 26
31 27
30 27
29 27
28 27
27 27
26 27
25 27
24 27
23 27
22 27
21 27
22 28
23 28
24 28
25 28
26 28
27 28
28 28
28 29
27 29
26 29
25 29
24 29
23 29
26 30
27 30
32 26
32 25
32 24
32 23
32 22
32 21
32 20
32 19
0
No
0
No
0
No
0
No
0
Yes
34 35
35 35
36 35
37 35
38 35
39 35
40 35
33 35
32 35
31 35
31 34
32 34
33 34
34 34
35 34
36 34
37 34
38 34
39 34
40 34
40 33
39 33
38 33
37 33
36 33
35 33
34 33
33 33
32 33
31 33
31 32
32 32
33 32
34 32
35 32
36 32
37 32
38 32
39 32
40 32
40 31
39 31
38 31
37 31
36 31
35 31
34 31
33 31
32 31
31 31
31 30
32 30
33 30
34 30
35 30
36 30
37 30
38 30
39 30
40 30
40 29
39 29
38 29
37 29
36 29
35 29
34 29
33 29
32 29
31 29
38 28
37 28
36 28
35 28
34 28
33 28
32 28
31 28
30 28
30 29
30 30
30 31
30 32
30 33
30 34
30 35
29 28
29 29
29 30
29 31
29 32
29 33
29 34
29 35
28 33
28 34
28 35
32 27
33 27
34 27
35 27
36 27
0
Yes
47 3
47 4
47 5
48 5
48 4
48 3
48 2
47 2
47 1
48 1
48 0
47 0
46 0
46 1
46 2
46 3
46 4
46 5
45 5
45 4
45 3
45 2
45 1
45 0
44 3
44 2
44 1
44 0
43 2
43 1
43 0
49 0
49 1
49 2
49 3
49 4
0
No
0
No
0
Yes
11 22
11 23
10 23
9 23
9 24
10 24
11 24
9 25
10 25
11 25
9 26
10 26
11 26
12 26
12 25
12 24
12 23
12 22
12 21
12 20
13 26
13 25
13 24
13 23
13 22
13 21
13 20
14 20
14 21
14 22
14 23
14 24
14 25
14 26
14 27
15 27
15 26
15 25
15 24
15 23
15 22
15 21
15 20
15 19
14 19
13 19
12 19
11 19
10 19
9 19
8 19
16 19
16 20
16 21
16 22
16 23
16 24
16 25
16 26
16 27
17 19
17 20
17 21
17 22
17 23
17 24
17 25
17 26
17 27
18 19
18 20
18 21
18 22
18 23
18 24
18 25
18 26
18 27
19 19
19 20
19 21
19 22
19 23
19 24
19 25
19 26
19 27
20 20
20 21
20 22
20 23
20 24
20 25
20 26
20 27
20 28
19 28
18 28
17 28
16 28
15 28
14 28
8 18
9 18
10 18
11 18
12 18
13 18
14 18
14 17
13 17
12 17
11 17
10 17
9 17
8 17
8 16
9 16
10 16
11 16
10 15
9 15
0
No
1
659
41 9
41 8
40 8
40 9
40 10
41 10
42 8
42 9
42 10
43 8
43 9
43 10
44 10
44 9
44 8
44 7
44 11
43 11
42 11
41 11
40 11
42 12
43 12
44 12
41 12
40 12
41 13
40 13
44 13
43 13
39 12
39 13
39 14
38 12
38 13
38 14
37 12
37 13
37 14
37 15
38 15
39 15
40 15
38 16
39 16
40 16
40 17
39 17
36 15
36 14
36 13
36 12
35 12
35 13
35 14
35 15
45 10
45 9
45 8
45 7
45 6
46 10
46 9
46 8
46 7
46 6
47 6
47 7
47 8
48 6
48 7
48 8
48 9
49 9
49 8
49 7
49 6
Yes
31 43
32 43
33 43
34 43
35 43
36 43
37 43
38 43
39 43
40 43
40 44
39 44
38 44
37 44
36 44
35 44
34 44
33 44
32 44
31 44
31 45
32 45
33 45
34 45
35 45
36 45
37 45
38 45
39 45
40 45
40 46
39 46
38 46
37 46
36 46
35 46
34 46
33 46
32 46
31 46
31 47
32 47
33 47
34 47
35 47
36 47
37 47
38 47
39 47
40 47
40 48
39 48
38 48
37 48
36 48
35 48
34 48
33 48
32 48
31 48
31 49
32 49
33 49
34 49
35 49
36 49
37 49
38 49
39 49
40 49
41 43
41 44
41 45
41 46
41 47
41 48
41 49
30 49
30 48
30 47
30 46
30 45
30 44
30 43
29 43
29 44
29 45
29 46
29 47
29 48
29 49
28 49
28 48
28 47
0
No
0
Yes
13 1
13 2
13 3
13 4
14 4
14 3
14 2
14 1
15 1
15 2
15 3
15 4
16 4
16 3
16 2
16 1
17 1
17 2
17 3
17 4
18 4
18 3
18 2
18 1
18 0
17 0
16 0
15 0
14 0
13 0
17 5
16 5
15 5
0
No
0
No
0
Yes
6 8
6 9
6 10
5 8
5 9
5 10
4 10
4 9
4 8
3 10
3 9
3 8
5 11
6 11
0
Yes
23 7
23 6
23 5
22 5
21 5
20 5
20 4
21 4
22 4
23 4
19 4
19 3
20 3
21 3
22 3
23 3
19 2
20 2
21 2
22 2
23 2
19 1
20 1
21 1
22 1
23 1
19 0
20 0
21 0
22 0
23 0
24 0
24 1
24 2
24 3
24 4
24 5
24 6
24 7
24 8
24 9
24 10
24 11
25 11
25 10
25 9
25 8
25 7
25 6
25 5
25 4
25 3
25 2
25 1
25 0
25 12
26 12
26 11
26 10
26 9
26 8
26 7
26 6
26 5
26 4
26 3
26 2
26 1
26 0
27 11
27 10
27 9
27 8
27 7
27 6
27 5
27 4
27 3
27 2
27 1
27 0
28 11
28 10
28 9
28 8
28 7
28 6
28 5
28 4
28 3
28 2
28 1
28 0
29 11
29 10
29 9
29 8
29 7
29 6
29 5
29 4
29 3
29 2
29 1
29 0
30 11
30 10
30 9
30 8
30 7
0
Yes
0 42
0 43
0 44
0 45
0 46
0 47
1 47
1 46
1 45
1 44
1 43
1 42
2 47
2 46
2 45
2 44
2 43
2 42
3 47
3 46
3 45
3 44
3 43
3 42
4 42
4 43
4 44
4 45
4 46
4 47
5 47
5 46
5 45
5 44
5 43
5 42
5 41
4 41
3 41
2 41
1 41
0 41
6 44
6 45
6 46
6 47
6 43
6 42
6 41
7 43
7 42
7 41
0
Yes
25 44
24 44
24 43
25 43
24 42
25 42
24 41
25 41
26 44
26 43
26 42
26 41
27 44
27 43
27 42
27 41
28 44
28 43
28 42
28 41
29 42
29 41
29 40
28 40
27 40
26 40
25 40
24 40
23 40
23 39
24 39
25 39
26 39
27 39
28 39
29 39
22 39
22 38
23 38
24 38
25 38
26 38
27 38
28 38
29 38
29 37
28 37
27 37
26 37
25 37
24 37
23 37
22 37
22 36
23 36
24 36
25 36
26 36
27 36
28 36
29 36
30 42
30 41
30 40
30 39
30 38
30 37
30 36
27 35
26 35
25 35
24 35
23 35
28 35
29 35
0
Yes
43 28
44 28
44 29
43 29
44 30
43 30
44 31
43 31
42 28
42 29
42 30
42 31
0
Yes
32 2
32 3
32 4
32 5
32 6
32 7
31 7
31 6
31 5
31 4
31 3
31 2
30 6
30 5
30 4
30 3
30 2
30 1
31 1
32 1
30 0
31 0
32 0
33 0
33 1
33 2
33 3
33 4
33 5
33 6
33 7
34 7
34 6
34 5
34 4
34 3
34 2
34 1
34 0
35 0
35 1
35 2
35 3
35 4
35 5
35 6
35 7
36 7
36 6
36 5
36 4
36 3
36 2
36 1
36 0
31 8
32 8
33 8
34 8
35 8
36 8
31 9
32 9
33 9
34 9
35 9
36 9
34 10
35 10
36 10
33 10
32 10
31 10
35 11
36 11
37 11
37 10
37 9
37 8
37 7
37 6
37 5
37 4
37 3
37 2
37 1
37 0
38 11
38 10
38 9
38 8
38 7
38 6
38 5
38 4
38 3
38 2
38 1
38 0
39 11
39 10
39 9
39 8
39 7
39 6
39 5
39 4
39 3
0
Yes
34 0
34 1
34 2
34 3
34 4
34 5
34 6
35 6
35 5
35 4
35 3
35 2
35 1
35 0
33 6
33 5
33 4
33 3
33 2
33 1
33 0
32 0
32 1
32 2
32 3
32 4
32 5
32 6
31 6
31 5
31 4
31 3
31 2
31 1
31 0
30 6
30 5
30 4
30 3
30 2
30 1
30 0
36 0
36 1
36 2
36 3
0
Yes
42 1
42 2
42 0
41 0
41 1
41 2
41 3
41 4
40 4
40 3
40 2
40 1
40 0
39 0
39 1
39 2
39 3
39 4
38 4
38 3
38 2
38 1
38 0
37 0
37 1
37 2
37 3
37 4
0
Yes
20 20
20 21
21 21
21 22
20 22
20 23
21 23
21 24
20 24
20 25
21 25
21 26
20 26
21 27
20 27
19 27
19 26
19 25
19 24
19 23
19 22
19 21
19 20
19 19
22 27
22 26
22 25
22 24
22 23
22 22
22 21
22 20
23 20
23 21
23 22
23 23
23 24
23 25
23 26
23 27
23 19
24 19
24 20
24 21
24 22
24 23
24 24
24 25
24 26
24 27
24 18
25 18
25 19
25 20
25 21
25 22
25 23
25 24
25 25
25 26
25 27
25 17
25 16
26 16
26 17
26 18
26 19
26 20
26 21
26 22
26 23
26 24
26 25
26 26
26 27
27 16
27 17
27 18
27 19
27 20
27 21
27 22
27 23
27 24
27 25
27 26
27 27
28 18
28 19
28 20
28 21
28 22
28 23
28 24
28 25
28 26
28 27
29 19
29 20
29 21
29 22
29 23
29 24
29 25
29 26
29 27
30 21
30 22
30 23
30 24
30 25
30 26
30 27
22 28
23 28
24 28
25 28
26 28
27 28
28 28
29 28
30 28
23 29
24 29
25 29
26 29
27 29
28 29
29 29
30 29
27 30
26 30
20 28
19 28
18 28
18 27
18 26
18 25
18 24
18 23
18 22
18 21
18 20
0
Yes
33 32
33 33
33 34
33 35
34 35
34 34
34 33
34 32
35 35
35 34
35 33
35 32
36 35
36 34
36 33
36 32
37 35
37 34
37 33
37 32
38 35
38 34
38 33
38 32
39 35
39 34
39 33
39 32
40 35
40 34
40 33
40 32
41 35
41 34
41 33
41 32
41 31
40 31
39 31
38 31
37 31
36 31
35 31
34 31
33 31
41 30
40 30
39 30
38 30
37 30
36 30
35 30
34 30
33 30
32 35
32 34
32 33
32 32
32 31
32 30
31 35
31 34
31 33
31 32
31 31
31 30
30 35
30 34
30 33
30 32
30 31
30 30
29 30
29 31
29 32
29 33
29 34
28 34
28 33
41 29
40 29
39 29
38 29
37 29
36 29
35 29
34 29
33 29
32 29
31 29
38 28
37 28
36 28
35 28
34 28
33 28
32 28
31 28
0
Yes
24 9
24 10
24 11
23 10
23 9
22 10
22 9
21 10
21 9
20 10
20 9
20 8
21 8
22 8
23 8
24 8
22 7
23 7
24 7
23 6
24 6
25 6
25 7
25 8
25 9
25 10
25 11
26 11
26 10
26 9
26 8
26 7
26 6
27 11
27 10
27 9
27 8
27 7
27 6
28 11
28 10
28 9
28 8
28 7
28 6
28 5
27 5
26 5
25 5
24 5
23 5
22 5
21 5
20 5
20 4
21 4
22 4
23 4
24 4
25 4
26 4
27 4
28 4
19 4
19 3
20 3
21 3
22 3
23 3
24 3
25 3
26 3
27 3
28 3
28 2
27 2
26 2
25 2
24 2
23 2
22 2
21 2
20 2
19 2
19 1
20 1
21 1
22 1
23 1
24 1
25 1
26 1
27 1
28 1
28 0
27 0
26 0
25 0
24 0
23 0
22 0
21 0
20 0
19 0
26 12
25 12
29 0
29 1
29 2
29 3
29 4
29 5
29 6
29 7
29 8
29 9
29 10
29 11
30 11
30 10
0
No
0
Yes
19 36
20 36
21 36
21 37
20 37
19 37
21 38
20 38
19 38
21 39
20 39
19 39
18 36
18 37
18 38
18 39
17 36
17 37
17 38
17 39
16 36
16 37
16 38
16 39
17 40
18 40
19 40
0
Yes
26 46
27 46
27 47
26 47
25 47
25 48
26 48
27 48
25 49
26 49
27 49
28 49
28 48
28 47
28 46
28 45
29 45
29 46
29 47
29 48
29 49
0
Yes
16 0
16 1
16 2
16 3
16 4
17 4
17 3
17 2
17 1
17 0
18 4
18 3
18 2
18 1
18 0
15 4
15 3
15 2
15 1
15 0
14 0
14 1
14 2
14 3
14 4
13 4
13 3
13 2
13 1
13 0
12 3
12 2
12 1
12 0
11 3
11 2
11 1
11 0
10 1
10 0
17 5
16 5
15 5
0
Yes
46 48
46 49
47 49
47 48
48 48
48 49
49 49
49 48
49 47
48 47
47 47
46 47
46 46
47 46
48 46
49 46
49 45
48 45
47 45
46 45
46 44
47 44
48 44
49 44
49 43
48 43
47 43
46 43
46 42
47 42
48 42
49 42
45 42
45 43
45 44
45 45
45 46
45 47
45 48
45 49
44 49
44 48
44 47
44 46
44 45
44 44
44 43
44 42
43 42
43 43
43 44
43 45
43 46
43 47
43 48
43 49
42 49
42 48
42 47
42 46
42 45
42 44
42 43
42 42
0
Yes
48 4
49 4
49 3
48 3
48 2
49 2
49 1
48 1
48 0
49 0
47 0
47 1
47 2
47 3
47 4
46 4
46 3
46 2
46 1
46 0
45 4
45 3
45 2
45 1
45 0
44 3
44 2
44 1
44 0
43 2
43 1
43 0
45 5
46 5
47 5
48 5
49 5
45 6
46 6
47 6
48 6
49 6
49 7
0
Yes
45 47
45 48
45 49
46 49
46 48
46 47
47 47
47 48
47 49
48 49
48 48
48 47
49 47
49 48
49 49
49 46
48 46
47 46
46 46
45 46
45 45
46 45
47 45
48 45
49 45
49 44
48 44
47 44
46 44
45 44
45 43
46 43
47 43
48 43
49 43
44 43
44 44
44 45
44 46
44 47
44 48
44 49
43 49
43 48
43 47
43 46
43 45
43 44
43 43
42 43
42 44
42 45
42 46
42 47
42 48
42 49
49 42
48 42
47 42
46 42
0
Yes
42 40
42 39
42 38
42 37
41 37
41 38
41 39
41 40
41 41
42 41
42 42
41 42
40 42
40 41
40 40
40 39
40 38
40 37
39 37
39 38
39 39
39 40
39 41
39 42
38 42
38 41
38 40
38 39
38 38
38 37
37 37
37 38
37 39
37 40
37 41
37 42
36 42
36 41
36 40
36 39
36 38
36 37
35 37
35 38
35 39
35 40
35 41
35 42
34 42
34 41
34 40
34 39
34 38
34 37
42 36
41 36
40 36
39 36
38 36
37 36
36 36
35 36
34 36
41 43
40 43
39 43
38 43
37 43
36 43
35 43
34 43
41 44
40 44
39 44
38 44
37 44
36 44
35 44
34 44
41 45
40 45
39 45
0
Yes
37 19
38 19
38 20
37 20
37 21
37 22
38 18
37 18
36 18
36 19
36 20
36 21
36 22
36 17
35 17
35 18
35 19
35 20
35 21
35 22
34 18
34 19
34 20
34 21
34 22
33 18
33 19
33 20
33 21
33 22
32 19
32 20
32 21
32 22
31 21
31 22
31 23
32 23
33 23
34 23
35 23
36 23
36 24
35 24
0
Yes
37 46
37 47
37 48
37 49
38 49
38 48
38 47
38 46
39 46
39 47
39 48
39 49
40 46
40 47
40 48
40 49
41 46
41 47
41 48
41 49
36 49
36 48
36 47
36 46
35 46
35 47
35 48
35 49
0
Yes
1 4
1 3
0 3
0 4
0 5
0
Yes
44 7
45 7
46 7
47 7
48 7
47 8
48 8
46 8
45 8
44 8
48 9
49 9
49 8
43 8
42 8
41 8
46 9
45 9
44 9
43 9
42 9
41 9
46 10
45 10
44 10
43 10
42 10
41 10
44 11
43 11
42 11
41 11
42 12
43 12
44 12
41 12
40 12
40 11
40 10
40 9
40 8
40 7
39 7
39 8
39 9
39 10
39 11
39 12
39 6
38 6
38 7
38 8
38 9
38 10
38 11
38 12
37 12
37 11
37 10
37 9
37 8
37 7
37 6
36 6
36 7
36 8
36 9
36 10
36 11
36 12
35 12
35 11
35 10
35 9
35 8
35 7
36 5
37 5
38 5
39 5
41 13
40 13
39 13
38 13
37 13
36 13
35 13
44 13
43 13
35 14
36 14
37 14
38 14
39 14
35 15
36 15
37 15
38 15
39 15
0
No
0
Yes
9 36
9 37
9 38
10 38
10 37
10 36
11 38
11 37
11 36
9 35
10 35
11 35
12 35
12 36
12 37
12 38
12 39
13 39
13 38
13 37
13 36
13 35
14 35
14 36
14 37
14 38
14 39
15 36
15 37
15 38
15 39
16 36
16 37
16 38
16 39
17 36
17 37
17 38
17 39
17 40
16 40
15 40
14 40
13 40
13 41
14 41
15 41
16 41
15 42
14 42
15 43
14 43
13 43
13 44
14 44
15 44
13 45
14 45
15 45
16 45
14 46
15 46
16 46
17 46
18 46
18 47
17 47
16 47
15 47
18 48
17 48
16 48
15 48
14 48
14 49
15 49
16 49
17 49
18 49
18 40
18 39
18 38
18 37
18 36
19 36
19 37
19 38
19 39
19 40
19 41
19 42
20 42
20 41
21 41
21 42
20 39
20 38
20 37
20 36
21 36
21 37
21 38
21 39
13 34
12 34
11 34
10 34
9 34
8 34
8 33
9 33
10 33
11 33
12 33
13 33
13 32
12 32
11 32
10 32
9 32
8 32
8 31
9 31
10 31
11 31
12 31
13 31
13 30
12 30
11 30
10 30
9 30
9 29
10 29
11 29
12 29
13 29
9 28
10 28
11 28
12 28
13 28
12 41
0
Yes
45 40
45 41
45 42
44 42
44 41
44 40
43 40
43 41
43 42
0
Yes
8 49
8 48
8 47
8 46
7 46
7 47
7 48
7 49
6 49
6 48
6 47
6 46
5 46
5 47
5 48
5 49
4 49
4 48
4 47
4 46
3 46
3 47
3 48
3 49
2 49
2 48
2 47
2 46
1 46
1 47
1 48
1 49
0 49
0 48
0 47
0 46
6 45
5 45
4 45
3 45
2 45
1 45
0 45
6 44
0
Yes
35 1
36 1
36 2
35 2
36 3
35 3
36 0
35 0
34 0
34 1
34 2
34 3
33 3
33 2
33 1
33 0
32 0
32 1
32 2
32 3
31 3
31 2
31 1
31 0
30 0
30 1
30 2
30 3
36 4
35 4
34 4
33 4
32 4
31 4
30 4
30 5
31 5
32 5
33 5
34 5
0
Yes
0 25
0 26
0 27
1 27
1 26
1 25
2 25
2 26
2 27
3 27
3 26
3 25
4 25
4 26
4 27
5 27
5 26
5 25
6 25
6 26
6 27
6 24
5 24
4 24
3 24
2 24
1 24
0 24
0 23
1 23
2 23
3 23
4 23
5 23
6 23
6 22
5 22
4 22
3 22
2 22
1 22
0 22
0 21
1 21
2 21
3 21
4 21
5 21
6 21
6 20
5 20
4 20
3 20
2 20
1 20
0 20
0 19
1 19
2 19
3 19
4 19
5 19
6 19
3 18
2 18
1 18
6 28
5 28
4 28
3 28
2 28
1 28
0 28
0 29
1 29
2 29
0
Yes
0 38
0 39
0 40
0 41
0 42
0 43
1 43
1 42
1 41
1 40
1 39
1 38
2 38
2 39
2 40
2 41
2 42
2 43
3 43
3 42
3 41
3 40
3 39
3 38
4 38
4 39
4 40
4 41
4 42
4 43
5 43
5 42
5 41
5 40
5 39
5 38
6 43
6 42
6 41
6 40
6 39
6 38
7 43
7 42
7 41
7 40
7 39
7 38
8 40
8 39
8 38
9 38
9 37
8 37
7 37
6 37
5 37
4 37
3 37
2 37
1 37
0 37
0 36
1 36
2 36
3 36
4 36
5 36
6 36
7 36
8 36
9 36
9 35
8 35
7 35
6 35
5 35
4 35
3 35
2 35
1 35
0 35
0 34
1 34
2 34
3 34
4 34
5 34
6 34
7 34
8 34
9 34
9 33
8 33
7 33
6 33
5 33
4 33
3 33
2 33
1 33
0 33
0 32
1 32
2 32
3 32
4 32
5 32
6 32
7 32
8 32
9 32
9 31
8 31
7 31
6 31
5 31
4 31
3 31
2 31
1 31
0 31
0 30
1 30
2 30
3 30
4 30
5 30
6 30
7 30
8 30
9 30
3 29
4 29
5 29
6 29
7 29
8 29
9 29
10 38
10 37
10 36
10 35
10 34
10 33
10 32
10 31
10 30
10 29
0
Yes
37 21
37 22
36 22
36 21
36 20
37 20
38 20
38 19
37 19
36 19
38 18
37 18
36 18
35 18
35 19
35 20
35 21
35 22
34 18
34 19
34 20
34 21
34 22
33 18
33 19
33 20
33 21
33 22
32 19
32 20
32 21
32 22
0
Yes
32 45
32 46
32 47
32 48
32 49
31 49
31 48
31 47
31 46
31 45
30 45
30 46
30 47
30 48
30 49
30 44
31 44
32 44
33 44
33 45
33 46
33 47
33 48
33 49
0
Yes
42 32
42 33
43 33
43 32
0
Yes
36 23
36 24
35 23
35 24
35 25
35 26
35 27
34 27
34 26
34 25
34 24
34 23
33 23
33 24
33 25
33 26
33 27
32 27
32 26
32 25
32 24
32 23
31 23
31 24
31 25
31 26
31 27
0
Yes
1 31
1 30
2 30
2 31
0 30
0 31
0 32
1 32
2 32
2 33
1 33
0 33
0 34
1 34
2 34
2 35
1 35
0 35
3 35
3 34
3 33
3 32
3 31
3 30
3 29
4 29
4 30
4 31
4 32
4 33
4 34
4 35
5 29
5 30
5 31
5 32
5 33
5 34
5 35
6 29
6 30
6 31
6 32
6 33
6 34
6 35
7 35
7 34
7 33
7 32
7 31
7 30
0
Yes
14 17
14 18
13 17
13 18
12 17
12 18
12 19
13 19
14 19
15 19
16 19
17 19
11 19
11 18
11 17
11 16
10 16
10 17
10 18
10 19
10 15
9 15
9 16
9 17
9 18
9 19
9 14
9 13
9 12
8 12
8 13
8 14
8 16
8 17
8 18
8 19
7 19
7 20
8 20
9 20
10 20
11 20
12 20
13 20
14 20
15 20
16 20
17 20
17 21
16 21
15 21
14 21
13 21
12 21
11 21
10 21
9 21
8 21
7 21
7 22
8 22
9 22
10 22
11 22
12 22
13 22
14 22
15 22
16 22
17 22
17 23
16 23
15 23
14 23
13 23
12 23
11 23
10 23
9 23
8 23
7 23
7 24
8 24
9 24
10 24
11 24
12 24
13 24
14 24
15 24
16 24
17 24
17 25
16 25
15 25
14 25
13 25
12 25
11 25
10 25
9 25
8 25
7 25
7 26
8 26
9 26
10 26
11 26
12 26
13 26
14 26
15 26
16 26
17 26
17 27
16 27
15 27
14 27
13 27
12 27
11 27
10 27
9 27
8 27
7 27
7 28
8 28
9 28
10 28
11 28
12 28
13 28
14 28
15 28
16 28
17 28
7 29
8 29
9 29
10 29
11 29
12 29
13 29
14 29
0
No
0
Yes
20 34
20 35
20 36
21 36
21 35
21 34
21 37
20 37
21 38
20 38
21 39
20 39
19 39
19 38
19 37
19 36
19 35
19 34
19 40
19 41
19 42
20 42
20 41
21 41
21 42
18 40
18 39
18 38
18 37
18 36
18 35
18 34
17 40
17 39
17 38
17 37
17 36
17 35
17 34
17 33
18 33
19 33
20 33
21 33
21 32
20 32
19 32
18 32
17 32
21 31
20 31
19 31
18 31
17 31
21 30
20 30
19 30
18 30
17 30
20 29
19 29
18 29
17 29
16 29
16 30
16 31
16 32
16 33
16 34
16 35
16 36
16 37
16 38
16 39
16 40
16 41
15 29
15 30
15 31
15 32
15 33
15 34
15 35
15 36
15 37
15 38
15 39
15 40
15 41
15 42
14 42
14 41
14 40
14 39
14 38
14 37
14 36
14 35
14 34
14 33
14 32
14 31
14 30
13 41
13 40
13 39
13 38
13 37
13 36
13 35
13 34
13 33
13 32
13 31
13 30
12 39
12 38
12 37
12 36
12 35
12 34
12 33
12 32
12 31
12 30
22 32
22 33
22 34
22 35
23 34
23 33
24 33
24 34
11 30
11 31
11 32
11 33
11 34
11 35
11 36
11 37
11 38
0
Yes
49 28
49 29
49 30
49 31
49 23
48 31
48 30
48 29
48 28
47 31
47 30
47 29
47 28
46 31
46 30
46 29
46 28
45 31
45 30
45 29
45 28
44 31
44 30
44 29
44 28
44 27
45 27
46 27
47 27
48 27
49 27
45 26
46 26
47 26
48 26
49 26
46 25
47 25
48 25
49 25
48 24
49 24
0
No
0
Yes
3 39
3 40
3 41
3 42
3 43
3 44
4 44
4 43
4 42
4 41
4 40
4 39
5 44
5 43
5 42
5 41
5 40
5 39
2 44
2 43
2 42
2 41
2 40
2 39
1 44
1 43
1 42
1 41
1 40
1 39
0 44
0 43
0 42
0 41
0 40
0 39
0 38
1 38
2 38
3 38
4 38
5 38
5 37
4 37
3 37
2 37
1 37
0 37
0 36
1 36
2 36
3 36
4 36
5 36
6 36
6 37
6 38
6 39
6 40
6 41
6 42
6 43
7 43
7 42
7 41
7 40
7 39
7 38
7 37
7 36
8 40
0
No
0
No
0
No
0
Yes
12 20
12 21
12 22
12 23
12 24
12 25
12 26
12 27
12 28
12 29
13 29
13 28
13 27
13 26
13 25
13 24
13 23
13 22
13 21
13 20
14 29
14 28
14 27
14 26
14 25
14 24
14 23
14 22
14 21
14 20
15 28
15 27
15 26
15 25
15 24
15 23
15 22
15 21
15 20
16 28
16 27
16 26
16 25
16 24
16 23
16 22
16 21
16 20
17 28
17 27
17 26
17 25
17 24
17 23
17 22
17 21
17 20
11 29
11 28
11 27
11 26
11 25
11 24
11 23
11 22
11 21
11 20
10 20
10 21
10 22
10 23
10 24
10 25
10 26
10 27
10 28
10 29
9 29
9 28
9 27
9 26
9 25
9 24
9 23
9 22
9 21
9 20
1
707
34 45
35 45
36 45
37 45
38 45
38 46
37 46
36 46
35 46
34 46
39 46
40 46
41 46
41 47
40 47
39 47
38 47
37 47
36 47
35 47
34 47
41 48
40 48
39 48
38 48
37 48
36 48
35 48
34 48
41 49
40 49
39 49
38 49
37 49
36 49
35 49
34 49
33 49
33 48
33 47
33 46
33 45
33 44
32 44
32 45
32 46
32 47
32 48
32 49
31 49
31 48
31 47
31 46
31 45
31 44
30 45
30 46
30 47
30 48
30 49
30 44
29 44
29 43
30 43
31 43
32 43
33 43
33 42
32 42
31 42
31 41
32 41
33 41
33 40
32 40
31 40
Yes
0 22
0 23
0 24
0 25
0 26
0 27
0 28
0 29
1 29
1 28
1 27
1 26
1 25
1 24
1 23
1 22
2 29
2 28
2 27
2 26
2 25
2 24
2 23
2 22
3 28
3 27
3 26
3 25
3 24
3 23
3 22
4 28
4 27
4 26
4 25
4 24
4 23
4 22
5 28
5 27
5 26
5 25
5 24
5 23
5 22
6 28
6 27
6 26
6 25
6 24
6 23
6 22
7 22
7 23
7 24
7 25
7 26
7 27
7 28
7 29
7 21
6 21
5 21
4 21
3 21
2 21
1 21
0 21
0 20
1 20
2 20
3 20
4 20
5 20
6 20
7 20
7 19
6 19
5 19
4 19
3 19
2 19
1 19
0 19
1 18
2 18
3 18
8 20
8 21
8 22
8 23
8 24
8 25
8 26
8 27
8 28
8 29
8 19
9 19
8 18
9 18
0
No
0
No
0
Yes
36 1
36 2
36 3
36 4
36 0
35 0
35 1
35 2
35 3
35 4
35 5
34 5
34 4
34 3
34 2
34 1
34 0
33 0
33 1
33 2
33 3
33 4
33 5
32 5
32 4
32 3
32 2
32 1
32 0
0
No
0
Yes
11 19
10 19
10 18
11 18
12 19
12 18
13 19
13 18
14 19
14 18
14 17
13 17
12 17
11 17
10 17
0
No
0
No
0
No
0
Yes
32 21
32 22
33 22
33 21
34 22
34 21
35 22
35 21
32 20
33 20
34 20
35 20
32 19
33 19
34 19
35 19
33 18
34 18
35 18
35 17
36 17
36 18
36 19
36 20
36 21
36 22
0
No
0
No
0
Yes
8 12
9 12
9 13
8 13
8 14
9 14
7 13
0
No
0
Yes
5 11
6 11
6 10
5 10
6 9
5 9
6 8
5 8
0
No
0
Yes
15 44
15 45
16 45
16 46
15 46
14 46
14 45
14 44
13 45
13 44
13 43
14 43
15 43
0
Yes
0 42
0 43
0 44
1 44
1 43
1 42
2 44
2 43
2 42
3 44
3 43
3 42
4 44
4 43
4 42
5 44
5 43
5 42
6 43
6 42
6 41
5 41
4 41
3 41
2 41
1 41
0 41
0 40
1 40
2 40
3 40
4 40
5 40
6 40
6 39
5 39
4 39
3 39
2 39
1 39
0 39
0 38
1 38
2 38
3 38
4 38
5 38
6 38
6 37
5 37
4 37
3 37
2 37
1 37
0 37
0 36
1 36
2 36
3 36
4 36
5 36
6 36
7 43
7 42
7 41
7 40
7 39
0
Yes
46 28
46 29
46 30
46 31
47 31
47 30
47 29
47 28
48 31
48 30
48 29
48 28
45 31
45 30
45 29
45 28
45 27
46 27
47 27
48 27
45 26
46 26
47 26
48 26
46 25
47 25
48 25
48 24
49 24
49 25
49 26
49 27
49 28
49 29
49 30
49 31
49 32
44 27
44 28
44 29
44 30
44 31
0
Yes
40 17
40 16
39 16
39 17
0
Yes
24 22
24 23
24 24
24 25
24 26
24 27
24 28
24 29
23 29
23 28
23 27
23 26
23 25
23 24
23 23
23 22
22 28
22 27
22 26
22 25
22 24
22 23
22 22
21 27
21 26
21 25
21 24
21 23
21 22
21 21
22 21
23 21
24 21
25 29
25 28
25 27
25 26
25 25
25 24
25 23
25 22
25 21
26 21
26 22
26 23
26 24
26 25
26 26
26 27
26 28
26 29
27 29
27 28
27 27
27 26
27 25
27 24
27 23
27 22
27 21
28 29
28 28
28 27
28 26
28 25
28 24
28 23
28 22
28 21
29 29
29 28
29 27
29 26
29 25
29 24
29 23
29 22
29 21
30 29
30 28
30 27
30 26
30 25
30 24
30 23
30 22
30 21
0
Yes
24 0
24 1
24 2
24 3
24 4
25 4
25 3
25 2
25 1
25 0
26 0
26 1
26 2
26 3
26 4
27 4
27 3
27 2
27 1
27 0
28 0
28 1
28 2
28 3
28 4
29 4
29 3
29 2
29 1
29 0
30 0
30 1
30 2
30 3
30 4
31 4
31 3
31 2
31 1
31 0
23 4
23 3
23 2
23 1
23 0
22 0
22 1
22 2
22 3
22 4
21 4
21 3
21 2
21 1
21 0
20 0
20 1
20 2
20 3
20 4
19 4
19 3
19 2
19 1
19 0
20 5
21 5
22 5
23 5
24 5
25 5
0
Yes
38 45
37 45
36 45
35 45
34 45
34 46
35 46
36 46
37 46
38 46
38 47
37 47
36 47
35 47
34 47
34 48
35 48
36 48
37 48
38 48
38 49
37 49
36 49
35 49
34 49
33 49
33 48
33 47
33 46
33 45
32 45
32 46
32 47
32 48
32 49
31 49
31 48
31 47
31 46
31 45
30 45
30 46
30 47
30 48
30 49
0
Yes
19 27
20 27
20 28
19 28
20 29
19 29
20 26
19 26
20 25
19 25
20 24
19 24
20 23
19 23
20 22
19 22
20 21
19 21
18 21
18 22
18 23
18 24
18 25
18 26
18 27
18 28
18 29
17 29
17 28
17 27
17 26
17 25
17 24
17 23
17 22
17 21
16 21
16 22
16 23
16 24
16 25
16 26
16 27
16 28
16 29
15 29
15 28
15 27
15 26
15 25
15 24
15 23
15 22
15 21
14 21
14 22
14 23
14 24
14 25
14 26
14 27
14 28
14 29
13 29
13 28
13 27
13 26
13 25
13 24
13 23
13 22
13 21
12 21
12 22
12 23
12 24
12 25
12 26
12 27
12 28
12 29
11 29
11 28
11 27
11 26
11 25
11 24
11 23
11 22
11 21
10 21
10 22
10 23
10 24
10 25
10 26
10 27
10 28
10 29
9 29
9 28
9 27
9 26
9 25
9 24
9 23
9 22
9 21
9 20
10 20
11 20
12 20
13 20
14 20
15 20
16 20
17 20
18 20
19 20
20 20
19 19
18 19
17 19
16 19
15 19
0
Yes
18 30
19 30
20 30
21 30
21 31
20 31
19 31
18 31
17 30
17 31
16 30
16 31
15 30
15 31
14 30
14 31
13 30
13 31
12 30
12 31
12 32
13 32
14 32
15 32
16 32
17 32
18 32
19 32
20 32
21 32
22 32
22 33
21 33
20 33
19 33
18 33
17 33
16 33
15 33
14 33
13 33
12 33
23 33
23 34
22 34
21 34
20 34
19 34
18 34
17 34
16 34
15 34
14 34
13 34
12 34
22 35
21 35
20 35
19 35
18 35
17 35
16 35
15 35
14 35
13 35
12 35
21 36
20 36
19 36
18 36
17 36
16 36
15 36
14 36
13 36
12 36
21 37
20 37
19 37
18 37
17 37
16 37
15 37
14 37
13 37
12 37
24 34
24 33
21 38
20 38
19 38
18 38
17 38
16 38
15 38
14 38
13 38
12 38
12 39
13 39
14 39
15 39
16 39
17 39
18 39
19 39
20 39
21 39
19 40
18 40
17 40
16 40
15 40
14 40
13 40
13 41
14 41
15 41
16 41
15 42
14 42
0
Yes
19 42
19 41
20 41
20 42
21 42
21 41
0
Yes
8 16
8 17
9 17
9 16
9 15
10 15
10 16
10 17
11 16
11 17
0
Yes
30 47
30 48
30 49
30 46
30 45
31 45
31 46
31 47
31 48
31 49
32 49
32 48
32 47
32 46
32 45
33 45
33 46
33 47
33 48
33 49
34 45
34 46
34 47
34 48
34 49
35 45
35 46
35 47
35 48
35 49
0
Yes
25 6
24 6
23 6
23 7
24 7
25 7
25 8
24 8
23 8
23 9
24 9
25 9
23 10
24 10
25 10
24 11
25 11
26 11
26 10
26 9
26 8
26 7
26 6
26 5
27 5
27 6
27 7
27 8
27 9
27 10
27 11
28 11
28 10
28 9
28 8
28 7
28 6
28 5
29 5
29 6
29 7
29 8
29 9
29 10
29 11
30 11
30 10
30 9
30 8
30 7
30 6
30 5
31 5
31 6
31 7
31 8
31 9
31 10
31 11
32 6
32 7
32 8
32 9
32 10
32 11
33 11
33 10
33 9
33 8
33 7
33 6
34 6
34 7
34 8
34 9
34 10
33 12
32 12
31 12
0
No
0
No
0
No
0
No
0
No
0
Yes
27 17
27 16
26 16
26 17
26 18
27 18
27 19
26 19
26 20
27 20
28 18
28 19
28 20
29 20
29 19
25 16
25 17
25 18
25 19
25 20
26 15
0
No
0
No
0
Yes
2 8
3 8
4 8
4 9
3 9
3 10
4 10
0
No
0
Yes
49 0
49 1
49 2
49 3
49 4
49 5
49 6
49 7
49 8
49 9
48 9
48 8
48 7
48 6
48 5
48 4
48 3
48 2
48 1
48 0
47 8
47 7
47 6
47 5
47 4
47 3
47 2
47 1
47 0
46 0
46 1
46 2
46 3
46 4
46 5
46 6
46 7
46 8
46 9
46 10
45 10
45 9
45 8
45 7
45 6
45 5
45 4
45 3
45 2
45 1
45 0
44 3
44 2
44 1
44 0
43 2
43 1
43 0
44 7
44 8
44 9
44 10
43 8
43 9
43 10
42 8
42 9
42 10
41 8
41 9
41 10
44 11
43 11
42 11
41 11
42 12
43 12
44 12
41 12
41 13
44 13
43 13
40 13
40 12
40 11
40 10
40 9
40 8
40 7
39 7
39 8
39 9
39 10
39 11
0
Yes
43 40
43 41
43 42
44 40
44 41
44 42
45 40
45 41
45 42
46 42
47 42
47 43
46 43
45 43
44 43
43 43
42 43
42 44
43 44
44 44
45 44
46 44
47 44
42 45
43 45
44 45
45 45
46 45
47 45
48 42
48 43
48 44
48 45
49 42
49 43
49 44
49 45
49 46
48 46
47 46
46 46
45 46
44 46
43 46
42 46
41 46
40 46
39 46
39 47
40 47
41 47
42 47
43 47
44 47
45 47
46 47
47 47
48 47
49 47
49 48
48 48
47 48
46 48
45 48
44 48
43 48
42 48
41 48
40 48
39 48
39 49
40 49
41 49
42 49
43 49
44 49
45 49
46 49
47 49
48 49
49 49
38 49
38 48
38 47
38 46
38 45
37 45
37 46
37 47
37 48
37 49
36 45
36 46
36 47
36 48
36 49
0
No
0
Yes
30 49
30 48
30 47
30 46
31 46
31 47
31 48
31 49
32 49
32 48
32 47
32 46
33 46
33 47
33 48
33 49
34 49
34 48
34 47
34 46
35 46
35 47
35 48
35 49
35 45
34 45
33 45
32 45
0
No
0
Yes
22 1
22 2
22 3
22 4
22 5
23 5
23 4
23 3
23 2
23 1
24 5
24 4
24 3
24 2
24 1
21 5
21 4
21 3
21 2
21 1
20 5
20 4
20 3
20 2
20 1
20 0
21 0
22 0
23 0
24 0
19 4
19 3
19 2
19 1
19 0
25 5
25 4
25 3
25 2
25 1
25 0
26 4
26 3
26 2
26 1
26 0
27 4
27 3
27 2
0
No
0
No
0
Yes
48 34
49 34
48 33
49 33
0
No
0
Yes
25 49
25 48
25 47
26 47
26 48
26 49
26 46
27 46
27 47
27 48
27 49
28 49
28 48
28 47
28 46
0
Yes
1 49
2 49
3 49
4 49
5 49
6 49
6 48
5 48
4 48
3 48
2 48
1 48
1 47
2 47
3 47
4 47
5 47
6 47
6 46
5 46
4 46
3 46
2 46
1 46
6 45
5 45
4 45
3 45
2 45
1 45
6 44
5 44
4 44
3 44
2 44
1 44
1 43
2 43
3 43
4 43
5 43
6 43
6 42
5 42
4 42
3 42
2 42
1 42
0 42
0 43
0 44
0 45
0 46
0 47
0 48
0 49
0
No
0
Yes
35 22
35 23
35 24
35 25
35 26
35 27
34 27
34 26
34 25
34 24
34 23
34 22
33 27
33 26
33 25
33 24
33 23
33 22
32 27
32 26
32 25
32 24
32 23
32 22
31 27
31 26
31 25
31 24
31 23
31 22
31 21
32 21
33 21
34 21
35 21
32 20
33 20
34 20
35 20
30 21
30 22
30 23
30 24
30 25
30 26
30 27
30 28
30 29
29 29
29 28
29 27
29 26
29 25
29 24
29 23
29 22
29 21
28 21
28 22
28 23
28 24
28 25
28 26
28 27
28 28
28 29
27 21
27 22
27 23
27 24
27 25
27 26
27 27
27 28
27 29
27 30
26 30
26 29
26 28
26 27
26 26
26 25
26 24
26 23
26 22
26 21
32 19
33 19
34 19
35 19
33 18
34 18
35 18
35 17
36 17
36 18
36 19
36 20
36 21
36 22
36 23
36 24
37 22
37 21
37 20
37 19
37 18
38 18
38 19
38 20
0
Yes
0 40
0 41
1 41
1 40
2 41
2 40
3 41
3 40
4 41
4 40
5 41
5 40
5 39
4 39
3 39
2 39
1 39
0 39
0 38
1 38
2 38
3 38
4 38
5 38
5 37
4 37
3 37
2 37
1 37
0 37
0 36
1 36
2 36
3 36
4 36
5 36
6 36
6 37
6 38
6 39
6 40
6 41
7 41
7 40
7 39
7 38
0
Yes
25 27
25 28
25 29
24 29
24 28
24 27
23 29
23 28
23 27
22 28
22 27
21 27
21 26
22 26
23 26
24 26
25 26
25 25
24 25
23 25
22 25
21 25
21 24
22 24
23 24
24 24
25 24
25 23
24 23
23 23
22 23
21 23
21 22
22 22
23 22
24 22
25 22
25 21
24 21
23 21
22 21
21 21
22 20
23 20
24 20
24 19
23 19
0
Yes
23 0
23 1
23 2
23 3
23 4
23 5
24 5
24 4
24 3
24 2
24 1
24 0
22 5
22 4
22 3
22 2
22 1
22 0
21 5
21 4
21 3
21 2
21 1
21 0
20 5
20 4
20 3
20 2
20 1
20 0
19 4
19 3
19 2
19 1
19 0
25 5
25 4
25 3
25 2
25 1
25 0
26 4
26 3
26 2
26 1
26 0
27 4
0
Yes
0 22
0 23
0 24
0 25
0 26
0 27
0 28
0 29
1 29
1 28
1 27
1 26
1 25
1 24
1 23
1 22
2 29
2 28
2 27
2 26
2 25
2 24
2 23
2 22
3 28
3 27
3 26
3 25
3 24
3 23
3 22
4 28
4 27
4 26
4 25
4 24
4 23
4 22
5 28
5 27
5 26
5 25
5 24
5 23
5 22
6 28
6 27
6 26
6 25
6 24
6 23
6 22
6 21
5 21
4 21
3 21
2 21
1 21
0 21
0 20
1 20
2 20
3 20
4 20
5 20
6 20
6 19
5 19
4 19
3 19
2 19
1 19
0 19
1 18
2 18
3 18
7 19
0
Yes
8 12
8 13
9 13
9 12
8 14
9 14
0
Yes
1 3
0 3
1 4
0 4
0 5
0
Yes
42 45
42 44
42 43
43 43
43 44
43 45
43 42
43 41
43 40
44 40
44 41
44 42
44 43
44 44
44 45
45 40
45 41
45 42
45 43
45 44
45 45
46 42
46 43
46 44
46 45
47 42
47 43
47 44
47 45
47 46
46 46
45 46
44 46
43 46
42 46
41 46
40 46
39 46
39 47
40 47
41 47
42 47
43 47
44 47
45 47
46 47
47 47
47 48
46 48
45 48
44 48
43 48
42 48
41 48
40 48
39 48
39 49
40 49
41 49
42 49
43 49
44 49
45 49
46 49
47 49
48 42
48 43
48 44
48 45
48 46
48 47
48 48
48 49
49 42
49 43
49 44
49 45
49 46
49 47
49 48
49 49
38 49
38 48
38 47
38 46
38 45
37 45
37 46
37 47
37 48
37 49
36 45
36 46
36 47
36 48
36 49
35 45
35 46
35 47
35 48
0
No
0
Yes
49 0
49 1
49 2
49 3
49 4
49 5
49 6
48 6
48 5
48 4
48 3
48 2
48 1
48 0
47 0
47 1
47 2
47 3
47 4
47 5
47 6
46 6
46 5
46 4
46 3
46 2
46 1
46 0
45 4
45 5
45 6
45 3
45 2
45 1
0
Yes
41 4
41 3
41 2
41 1
41 0
40 0
40 1
40 2
40 3
40 4
40 5
39 5
39 4
39 3
39 2
39 1
39 0
38 0
38 1
38 2
38 3
38 4
38 5
37 5
37 4
37 3
37 2
37 1
37 0
36 0
36 1
36 2
36 3
36 4
36 5
35 5
35 4
35 3
35 2
35 1
35 0
34 0
34 1
34 2
34 3
34 4
34 5
0
Yes
49 9
48 9
48 8
49 8
49 7
48 7
47 7
47 8
46 7
46 8
0
Yes
12 5
13 5
14 5
14 6
13 6
12 6
14 7
13 7
12 7
13 8
12 8
11 5
11 6
11 7
11 8
10 5
10 6
10 7
10 8
13 9
12 9
0
Yes
43 32
43 33
42 33
42 32
43 31
42 31
41 31
41 32
41 33
40 33
40 32
40 31
39 31
39 32
39 33
43 30
42 30
41 30
40 30
39 30
39 29
40 29
41 29
42 29
43 29
0
Yes
7 25
7 26
7 24
7 23
7 22
7 21
7 20
8 20
8 21
8 22
8 23
8 24
8 25
8 26
8 19
8 18
9 18
9 19
9 20
9 21
9 22
9 23
9 24
9 25
9 26
10 26
10 25
10 24
10 23
10 22
10 21
10 20
10 19
10 18
11 18
11 19
11 20
11 21
11 22
11 23
11 24
11 25
11 26
12 26
12 25
12 24
12 23
12 22
12 21
12 20
12 19
12 18
13 18
13 19
13 20
13 21
13 22
13 23
13 24
13 25
13 26
14 18
14 19
14 20
14 21
14 22
14 23
14 24
14 25
14 26
15 19
15 20
15 21
15 22
15 23
15 24
15 25
15 26
16 19
16 20
16 21
16 22
16 23
16 24
16 25
16 26
17 19
17 20
17 21
17 22
17 23
17 24
17 25
17 26
18 19
18 20
18 21
18 22
18 23
18 24
18 25
18 26
19 19
19 20
19 21
19 22
19 23
19 24
19 25
19 26
20 20
20 21
20 22
20 23
20 24
20 25
20 26
14 17
13 17
12 17
11 17
10 17
9 17
8 17
8 16
9 16
10 16
11 16
10 15
9 15
20 27
19 27
18 27
17 27
16 27
15 27
14 27
13 27
12 27
11 27
10 27
9 27
8 27
7 27
0
Yes
27 49
27 48
27 47
26 47
26 48
26 49
25 47
25 48
25 49
26 46
27 46
0
Yes
47 42
48 42
49 42
46 42
46 43
47 43
48 43
49 43
49 44
48 44
47 44
46 44
46 45
47 45
48 45
49 45
49 46
48 46
47 46
46 46
46 47
47 47
48 47
49 47
49 48
48 48
47 48
46 48
46 49
47 49
48 49
49 49
45 49
45 48
45 47
45 46
45 45
45 44
45 43
45 42
45 41
44 41
44 42
44 43
44 44
44 45
44 46
44 47
44 48
44 49
43 49
43 48
43 47
43 46
43 45
43 44
43 43
0
Yes
14 48
14 49
15 49
15 48
15 47
16 47
16 48
16 49
17 49
17 48
17 47
18 47
18 48
18 49
18 46
17 46
16 46
0
Yes
30 0
30 1
30 2
30 3
30 4
30 5
30 6
30 7
30 8
30 9
30 10
30 11
29 11
29 10
29 9
29 8
29 7
29 6
29 5
29 4
29 3
29 2
29 1
29 0
28 4
28 5
28 6
28 7
28 8
28 9
28 10
28 11
28 3
28 2
28 1
28 0
27 3
27 2
27 1
27 0
27 11
27 10
27 9
27 8
27 7
27 6
27 5
26 5
26 6
26 7
26 8
26 9
26 10
26 11
25 6
25 7
25 8
25 9
25 10
25 11
24 11
24 10
24 9
24 8
24 7
24 6
23 6
23 7
23 8
23 9
23 10
31 11
31 10
31 9
31 8
31 7
31 6
31 5
31 4
31 3
31 2
31 1
31 0
32 0
32 1
32 2
32 3
32 4
32 5
32 6
32 7
32 8
32 9
32 10
32 11
31 12
32 12
33 12
33 11
33 10
33 9
33 8
33 7
33 6
33 5
33 4
33 3
33 2
33 1
33 0
22 7
22 8
22 9
22 10
25 12
26 12
21 10
21 9
0
Yes
31 21
30 21
30 22
31 22
31 23
30 23
30 24
31 24
31 25
30 25
29 25
29 24
29 23
29 22
29 21
29 20
29 19
28 19
28 20
28 21
28 22
28 23
28 24
28 25
28 18
27 18
27 19
27 20
27 21
27 22
27 23
27 24
27 25
26 25
26 24
26 23
26 22
26 21
26 20
26 19
26 18
25 20
25 19
25 18
25 17
26 17
27 17
27 16
26 16
25 16
32 25
32 24
32 23
32 22
32 21
32 20
32 19
33 19
33 20
33 21
33 22
33 23
33 24
33 25
33 18
34 18
34 19
34 20
34 21
34 22
34 23
34 24
34 25
35 25
35 24
35 23
35 22
35 21
35 20
35 19
35 18
35 17
36 17
36 18
36 19
36 20
36 21
36 22
36 23
36 24
37 22
37 21
37 20
37 19
37 18
38 18
38 19
38 20
35 26
34 26
33 26
32 26
31 26
0
Yes
36 8
36 9
36 10
36 11
35 11
35 10
35 9
35 8
34 10
34 9
34 8
35 12
36 12
35 13
36 13
35 14
36 14
37 14
37 13
37 12
37 11
37 10
37 9
37 8
38 8
38 9
38 10
38 11
38 12
38 13
38 14
39 14
39 13
39 12
39 11
39 10
39 9
39 8
40 13
40 12
40 11
40 10
40 9
40 8
41 13
41 12
41 11
41 10
41 9
41 8
40 7
39 7
38 7
37 7
36 7
35 7
34 7
35 15
36 15
37 15
38 15
39 15
0
Yes
28 45
28 46
27 46
27 47
28 47
28 48
27 48
27 49
28 49
29 49
29 48
29 47
29 46
29 45
29 44
30 44
30 45
30 46
30 47
30 48
30 49
31 49
31 48
31 47
31 46
31 45
31 44
32 44
32 45
32 46
32 47
32 48
32 49
26 46
26 47
26 48
26 49
25 47
25 48
25 49
33 49
33 48
33 47
33 46
33 45
33 44
34 44
34 45
34 46
34 47
34 48
34 49
35 49
35 48
35 47
35 46
35 45
35 44
36 44
36 45
36 46
36 47
36 48
36 49
0
Yes
1 21
2 21
2 20
1 20
1 19
2 19
1 18
2 18
0 19
0 20
0 21
3 18
3 19
3 20
3 21
4 19
4 20
0
Yes
37 49
37 48
37 47
37 46
37 45
37 44
38 44
38 45
38 46
38 47
38 48
38 49
39 49
39 48
39 47
39 46
39 45
39 44
40 44
40 45
40 46
40 47
40 48
40 49
41 49
41 48
41 47
41 46
41 45
41 44
42 44
42 45
42 46
42 47
42 48
42 49
42 43
41 43
40 43
39 43
38 43
37 43
36 43
36 42
37 42
38 42
39 42
40 42
41 42
42 42
43 42
43 41
42 41
41 41
40 41
39 41
38 41
37 41
36 41
43 40
42 40
41 40
40 40
39 40
38 40
37 40
36 40
42 39
41 39
40 39
39 39
38 39
37 39
36 39
42 38
41 38
40 38
39 38
38 38
37 38
36 38
42 37
41 37
40 37
39 37
38 37
37 37
36 37
42 36
41 36
40 36
39 36
38 36
37 36
36 36
41 35
40 35
39 35
38 35
37 35
36 35
41 34
40 34
39 34
38 34
37 34
36 34
38 33
0
Yes
35 39
35 40
35 38
34 38
34 39
34 40
33 40
33 39
33 38
32 38
32 39
32 40
31 40
31 39
31 38
31 37
32 37
33 37
34 37
35 37
35 36
34 36
33 36
32 36
31 36
31 41
32 41
33 41
34 41
35 41
35 42
34 42
33 42
32 42
31 42
31 43
32 43
33 43
34 43
35 43
0
Yes
7 11
6 11
5 11
5 10
6 10
7 10
4 10
3 10
3 9
4 9
5 9
6 9
7 9
3 8
4 8
5 8
6 8
0
Yes
21 42
20 42
19 42
19 41
20 41
0
Yes
2 34
2 35
3 35
3 34
4 35
4 34
5 35
5 34
6 35
6 34
1 35
1 34
0 35
0 34
0 33
1 33
2 33
3 33
4 33
5 33
6 33
7 33
7 34
7 35
8 35
8 34
8 33
9 33
9 34
9 35
10 35
10 34
10 33
11 33
11 34
11 35
11 32
10 32
9 32
8 32
7 32
6 32
5 32
4 32
3 32
2 32
1 32
0 32
11 31
10 31
9 31
8 31
7 31
6 31
5 31
4 31
3 31
2 31
1 31
0 31
11 30
10 30
9 30
8 30
7 30
6 30
5 30
4 30
3 30
2 30
1 30
0 30
0 29
1 29
2 29
3 29
4 29
5 29
6 29
7 29
8 29
9 29
10 29
11 29
11 28
10 28
9 28
8 28
7 28
6 28
5 28
4 28
3 28
2 28
1 28
0 28
0 27
1 27
2 27
3 27
4 27
5 27
6 27
7 27
8 27
9 27
10 27
11 27
11 26
10 26
9 26
8 26
7 26
6 26
5 26
4 26
3 26
2 26
1 26
0 26
0 25
1 25
2 25
3 25
4 25
5 25
6 25
7 25
8 25
9 25
10 25
11 25
11 24
10 24
9 24
8 24
7 24
6 24
5 24
4 24
3 24
2 24
1 24
0 24
0 23
1 23
0
Yes
18 1
18 2
18 3
18 4
19 4
19 3
19 2
19 1
20 1
20 2
20 3
20 4
20 5
21 5
21 4
21 3
21 2
21 1
21 0
20 0
19 0
18 0
22 5
22 4
22 3
22 2
22 1
22 0
23 5
23 4
23 3
23 2
23 1
23 0
24 5
24 4
24 3
24 2
24 1
0
Yes
34 7
34 6
35 6
35 7
36 6
36 7
37 6
37 7
38 6
38 7
39 6
39 7
40 7
34 8
35 8
36 8
37 8
38 8
39 8
40 8
41 8
34 9
35 9
36 9
37 9
38 9
39 9
40 9
41 9
34 10
35 10
36 10
37 10
38 10
39 10
40 10
41 10
35 11
36 11
37 11
38 11
39 11
40 11
41 11
35 12
36 12
37 12
38 12
39 12
40 12
41 12
41 13
40 13
39 13
38 13
37 13
36 13
35 13
35 14
36 14
37 14
38 14
39 14
35 15
36 15
37 15
38 15
39 15
0
No
0
No
0
Yes
7 37
7 36
8 36
8 37
9 36
9 37
10 36
10 37
11 36
11 37
11 38
10 38
9 38
8 38
0
No
0
Yes
19 29
20 29
20 28
19 28
18 29
18 28
17 29
17 28
16 29
16 28
15 29
15 28
14 29
14 28
13 29
13 28
12 29
12 28
12 27
13 27
14 27
15 27
16 27
17 27
18 27
19 27
20 27
12 26
13 26
14 26
15 26
16 26
17 26
18 26
19 26
20 26
12 25
13 25
14 25
15 25
16 25
17 25
18 25
19 25
20 25
12 24
13 24
14 24
15 24
16 24
17 24
18 24
19 24
20 24
20 23
19 23
18 23
17 23
16 23
15 23
14 23
13 23
12 23
12 22
13 22
14 22
15 22
16 22
17 22
18 22
19 22
20 22
20 21
19 21
18 21
17 21
16 21
15 21
14 21
13 21
0
Yes
10 1
10 0
11 0
11 1
11 2
11 3
12 3
12 2
12 1
12 0
13 0
13 1
13 2
13 3
13 4
14 4
14 3
14 2
14 1
14 0
15 0
15 1
15 2
15 3
15 4
16 4
16 3
16 2
16 1
16 0
17 0
17 1
17 2
17 3
17 4
0
No
0
Yes
25 21
25 22
25 23
25 24
25 25
24 25
24 24
24 23
24 22
24 21
24 20
23 20
23 21
23 22
23 23
23 24
23 25
22 20
22 21
22 22
22 23
22 24
22 25
21 21
21 22
21 23
21 24
21 25
0
Yes
36 28
36 27
35 27
35 28
34 27
34 28
33 27
33 28
37 28
38 28
38 29
37 29
36 29
35 29
34 29
33 29
38 30
37 30
36 30
35 30
34 30
33 30
38 31
37 31
36 31
35 31
34 31
33 31
38 32
37 32
36 32
35 32
34 32
33 32
37 33
36 33
35 33
34 33
33 33
35 34
34 34
33 34
35 35
34 35
33 35
32 35
32 34
32 33
32 32
32 31
32 30
32 29
32 28
32 27
31 27
31 28
31 29
31 30
31 31
31 32
31 33
31 34
31 35
30 35
30 34
0
Yes
31 0
31 1
31 2
31 3
32 3
32 2
32 1
32 0
33 0
33 1
33 2
33 3
30 3
30 2
30 1
30 0
29 0
29 1
29 2
0
Yes
48 34
48 33
49 33
49 34
0
Yes
32 9
32 10
32 11
32 12
33 12
33 11
33 10
33 9
31 12
31 11
31 10
31 9
30 11
30 10
30 9
29 11
29 10
29 9
28 11
28 10
28 9
34 10
34 9
34 8
33 8
32 8
31 8
30 8
29 8
28 8
28 7
29 7
30 7
31 7
32 7
33 7
34 7
34 6
33 6
32 6
31 6
30 6
29 6
28 6
33 5
32 5
31 5
30 5
29 5
28 5
33 4
32 4
31 4
30 4
29 4
0
Yes
5 25
5 26
5 27
5 28
5 29
5 30
5 31
5 32
5 33
5 34
5 35
6 35
6 34
6 33
6 32
6 31
6 30
6 29
6 28
6 27
6 26
6 25
7 35
7 34
7 33
7 32
7 31
7 30
7 29
7 28
7 27
7 26
7 25
8 35
8 34
8 33
8 32
8 31
8 30
8 29
8 28
8 27
8 26
8 25
4 35
4 34
4 33
4 32
4 31
4 30
4 29
4 28
4 27
4 26
4 25
3 35
3 34
3 33
3 32
3 31
3 30
3 29
3 28
3 27
3 26
3 25
2 35
2 34
2 33
2 32
2 31
2 30
2 29
2 28
2 27
2 26
2 25
1 35
1 34
1 33
1 32
1 31
1 30
1 29
1 28
1 27
1 26
1 25
0 35
0 34
0 33
0 32
0 31
0 30
0 29
0 28
0 27
0 26
0 25
0 24
1 24
2 24
3 24
4 24
5 24
6 24
7 24
8 24
8 23
7 23
6 23
5 23
4 23
3 23
2 23
1 23
0 23
9 35
9 34
9 33
9 32
9 31
9 30
9 29
9 28
0
Yes
46 10
46 9
45 10
45 9
45 8
45 7
44 7
44 8
44 9
44 10
44 11
44 12
44 13
43 13
43 12
43 11
43 10
43 9
43 8
42 8
42 9
42 10
42 11
42 12
41 8
41 9
41 10
41 11
41 12
41 13
40 13
40 12
40 11
40 10
40 9
40 8
40 7
39 7
39 8
39 9
39 10
39 11
39 12
39 13
39 6
38 6
38 7
38 8
38 9
38 10
38 11
38 12
38 13
37 6
37 7
37 8
37 9
37 10
37 11
37 12
37 13
39 14
38 14
37 14
37 15
38 15
39 15
40 15
38 16
39 16
40 16
40 17
39 17
36 15
36 14
36 13
36 12
36 11
36 10
36 9
36 8
36 7
36 6
35 15
35 14
35 13
35 12
35 11
35 10
35 9
35 8
35 7
0
Yes
33 33
33 34
33 35
34 35
34 34
34 33
35 35
35 34
35 33
36 33
37 33
32 35
32 34
32 33
31 35
31 34
31 33
30 35
30 34
30 33
29 34
29 33
29 32
30 32
31 32
32 32
33 32
34 32
35 32
36 32
37 32
38 32
29 31
30 31
31 31
32 31
33 31
34 31
35 31
36 31
37 31
38 31
29 30
30 30
31 30
32 30
33 30
34 30
35 30
36 30
37 30
38 30
39 30
39 31
39 32
39 33
40 33
40 32
40 31
40 30
41 33
41 32
41 31
41 30
42 33
42 32
42 31
42 30
43 33
43 32
43 31
43 30
28 33
28 34
44 31
44 30
45 31
45 30
46 31
46 30
47 31
47 30
48 31
48 30
49 31
49 30
40 29
39 29
38 29
37 29
36 29
35 29
34 29
33 29
32 29
31 29
30 29
29 29
41 29
42 29
43 29
44 29
45 29
46 29
47 29
48 29
49 29
41 28
42 28
43 28
44 28
45 28
46 28
47 28
48 28
49 28
44 27
45 27
46 27
47 27
48 27
49 27
45 26
46 26
47 26
48 26
49 26
46 25
47 25
48 25
49 25
48 24
49 24
38 28
37 28
36 28
35 28
34 28
33 28
32 28
31 28
30 28
29 28
36 27
35 27
34 27
33 27
0
Yes
47 43
47 42
48 42
48 43
46 42
46 43
46 44
47 44
48 44
48 45
47 45
46 45
46 46
47 46
48 46
49 42
49 43
49 44
49 45
49 46
49 47
48 47
47 47
46 47
46 48
47 48
48 48
49 48
49 49
48 49
47 49
46 49
45 49
45 48
45 47
45 46
45 45
0
Yes
38 46
38 47
38 48
38 49
39 49
39 48
39 47
39 46
40 46
40 47
40 48
40 49
41 49
41 48
41 47
41 46
42 46
42 47
42 48
42 49
43 49
43 48
43 47
43 46
44 46
44 47
44 48
44 49
44 45
43 45
42 45
41 45
40 45
39 45
38 45
38 44
39 44
40 44
41 44
42 44
43 44
44 44
44 43
43 43
42 43
41 43
40 43
39 43
38 43
38 42
39 42
0
Yes
45 40
45 41
45 42
44 42
44 41
44 40
43 40
43 41
43 42
42 42
42 41
42 40
42 39
42 38
42 37
42 36
41 42
41 41
41 40
41 39
41 38
41 37
41 36
40 42
40 41
40 40
40 39
40 38
40 37
40 36
41 35
40 35
41 34
40 34
39 34
39 35
39 36
39 37
39 38
39 39
39 40
39 41
38 41
38 40
38 39
38 38
38 37
38 36
38 35
38 34
37 34
37 35
37 36
37 37
37 38
37 39
37 40
37 41
36 34
36 35
36 36
36 37
36 38
36 39
36 40
0
Yes
33 11
33 12
32 12
32 11
32 10
33 10
34 10
34 9
33 9
32 9
34 8
33 8
32 8
34 7
33 7
32 7
34 6
33 6
32 6
31 12
31 11
31 10
31 9
31 8
31 7
31 6
30 11
30 10
30 9
30 8
30 7
30 6
29 11
29 10
29 9
29 8
29 7
29 6
28 11
28 10
28 9
28 8
28 7
28 6
27 11
27 10
27 9
27 8
27 7
27 6
33 5
32 5
31 5
30 5
29 5
28 5
27 5
33 4
32 4
31 4
30 4
29 4
28 4
27 4
0
Yes
15 21
15 22
15 23
15 24
15 25
14 25
14 24
14 23
14 22
14 21
14 20
15 20
15 19
14 19
14 18
14 17
13 17
13 18
13 19
13 20
13 21
13 22
13 23
13 24
13 25
12 17
12 18
12 19
12 20
12 21
12 22
12 23
12 24
12 25
11 25
11 24
11 23
11 22
11 21
11 20
11 19
11 18
11 17
11 16
10 16
10 17
10 18
10 19
10 20
10 21
10 22
10 23
10 24
10 25
9 25
9 24
9 23
9 22
9 21
9 20
9 19
9 18
9 17
9 16
8 16
8 17
8 18
8 19
8 20
8 21
8 22
7 22
7 21
7 20
7 19
6 19
6 20
6 21
6 22
0
Yes
14 44
15 44
15 43
14 43
13 43
13 44
13 45
14 45
15 45
14 46
15 46
14 42
15 42
0
Yes
0 27
0 28
0 29
0 30
0 31
0 32
0 33
0 34
1 34
1 33
1 32
1 31
1 30
1 29
1 28
1 27
2 27
2 28
2 29
2 30
2 31
2 32
2 33
2 34
3 34
3 33
3 32
3 31
3 30
3 29
3 28
3 27
4 27
4 28
4 29
4 30
4 31
4 32
4 33
4 34
5 34
5 33
5 32
5 31
5 30
5 29
5 28
5 27
6 27
6 28
6 29
6 30
6 31
6 32
6 33
6 34
7 34
7 33
7 32
7 31
7 30
7 29
7 28
7 27
7 26
6 26
5 26
4 26
3 26
2 26
1 26
0 26
6 35
5 35
4 35
3 35
2 35
1 35
0 35
7 35
1
802
47 21
47 20
48 20
48 21
49 21
Yes
15 6
16 6
16 5
15 5
14 5
14 6
14 7
13 5
13 6
13 7
13 8
13 9
12 9
12 8
12 7
12 6
12 5
11 5
11 6
11 7
11 8
11 9
11 10
10 5
10 6
10 7
10 8
10 9
10 10
10 11
9 7
9 8
9 9
9 10
9 11
9 12
9 13
9 14
8 14
8 13
8 12
8 11
8 10
8 9
8 8
8 7
7 7
7 8
9 15
10 15
10 16
9 16
8 16
13 10
8 17
9 17
10 17
0
Yes
42 0
42 1
42 2
43 2
43 1
43 0
44 2
44 1
44 0
0
Yes
21 41
20 41
21 42
20 42
0
Yes
32 0
33 0
33 1
32 1
33 2
32 2
33 3
32 3
33 4
32 4
33 5
32 5
32 6
33 6
33 7
32 7
32 8
33 8
33 9
32 9
32 10
33 10
33 11
32 11
31 11
31 10
31 9
31 8
31 7
31 6
31 5
31 4
31 3
31 2
31 1
31 0
30 11
30 10
30 9
30 8
30 7
30 6
30 5
30 4
30 3
30 2
30 1
30 0
29 11
29 10
29 9
29 8
29 7
29 6
29 5
29 4
29 3
29 2
29 1
29 0
28 11
28 10
28 9
28 8
28 7
28 6
28 5
28 4
28 3
28 2
28 1
28 0
27 11
27 10
27 9
27 8
27 7
27 6
27 5
27 4
27 3
27 2
27 1
27 0
26 0
26 1
26 2
26 3
26 4
26 5
26 6
26 7
26 8
26 9
26 10
26 11
25 5
25 4
25 3
25 2
25 1
25 0
25 6
25 7
25 8
25 9
25 10
25 11
0
No
0
Yes
20 21
20 20
20 22
20 23
20 24
20 25
20 26
20 27
19 27
19 26
19 25
19 24
19 23
19 22
19 21
19 20
19 19
18 19
18 20
18 21
18 22
18 23
18 24
18 25
18 26
18 27
17 19
17 20
17 21
17 22
17 23
17 24
17 25
17 26
17 27
16 19
16 20
16 21
16 22
16 23
16 24
16 25
16 26
16 27
15 19
15 20
15 21
15 22
15 23
15 24
15 25
15 26
15 27
14 27
14 26
14 25
14 24
14 23
14 22
14 21
14 20
14 19
13 19
13 20
13 21
13 22
13 23
13 24
13 25
13 26
13 27
12 27
12 26
12 25
12 24
12 23
12 22
12 21
12 20
0
Yes
1 49
2 49
3 49
4 49
5 49
6 49
6 48
5 48
4 48
3 48
2 48
1 48
1 47
2 47
3 47
4 47
5 47
6 47
6 46
5 46
4 46
3 46
2 46
1 46
6 45
5 45
4 45
3 45
2 45
1 45
6 44
5 44
4 44
3 44
2 44
1 44
0 44
0 45
0 46
0 47
0 48
0 49
7 46
7 47
7 48
7 49
0
Yes
36 9
36 10
36 11
35 11
35 10
35 9
34 10
34 9
34 8
35 8
36 8
34 7
35 7
36 7
34 6
35 6
36 6
34 5
35 5
36 5
34 4
35 4
36 4
34 3
35 3
36 3
34 2
35 2
36 2
34 1
35 1
36 1
34 0
35 0
36 0
35 12
36 12
37 12
37 11
37 10
37 9
37 8
37 7
37 6
37 5
37 4
37 3
37 2
37 1
37 0
38 0
38 1
38 2
38 3
38 4
38 5
38 6
38 7
38 8
38 9
38 10
38 11
38 12
39 6
39 7
39 8
39 9
39 10
39 11
39 12
39 5
39 4
39 3
39 2
39 1
39 0
40 5
40 4
40 3
40 2
40 1
40 0
41 4
41 3
41 2
41 1
41 0
40 7
40 8
40 9
40 10
40 11
40 12
41 8
41 9
41 10
41 11
41 12
42 12
42 11
42 10
42 9
42 8
43 8
43 9
43 10
43 11
43 12
43 13
44 13
44 12
44 11
44 10
44 9
44 8
44 7
45 7
45 8
45 9
45 10
46 10
46 9
41 13
40 13
39 13
38 13
37 13
36 13
35 13
35 14
36 14
37 14
38 14
39 14
35 15
36 15
37 15
38 15
39 15
0
Yes
2 38
2 39
2 40
2 41
2 42
2 43
3 43
3 42
3 41
3 40
3 39
3 38
1 43
1 42
1 41
1 40
1 39
1 38
0 43
0 42
0 41
0 40
0 39
0 38
0 37
1 37
2 37
3 37
4 43
4 42
4 41
4 40
4 39
4 38
4 37
5 43
5 42
5 41
5 40
5 39
5 38
5 37
6 43
6 42
6 41
6 40
6 39
6 38
6 37
7 43
7 42
7 41
0
Yes
12 35
12 36
12 37
12 38
12 39
13 39
13 38
13 37
13 36
13 35
13 40
14 40
14 39
14 38
14 37
14 36
14 35
15 35
15 36
15 37
15 38
15 39
15 40
16 40
16 39
16 38
16 37
16 36
16 35
17 40
17 39
17 38
17 37
17 36
17 35
18 40
18 39
18 38
18 37
18 36
18 35
18 34
17 34
16 34
15 34
14 34
13 34
12 34
12 33
13 33
14 33
15 33
16 33
17 33
18 33
18 32
17 32
16 32
15 32
14 32
13 32
12 32
19 40
19 39
19 38
19 37
19 36
19 35
19 34
19 33
19 32
20 39
20 38
20 37
20 36
20 35
20 34
20 33
20 32
21 39
21 38
21 37
21 36
21 35
21 34
21 33
21 32
0
Yes
27 30
26 30
26 29
27 29
28 29
28 28
27 28
26 28
26 27
27 27
28 27
29 27
30 27
31 27
32 27
32 26
31 26
30 26
29 26
28 26
27 26
26 26
33 26
34 26
35 26
35 25
34 25
33 25
32 25
31 25
30 25
29 25
28 25
27 25
26 25
26 24
27 24
28 24
29 24
30 24
31 24
32 24
33 24
34 24
35 24
36 24
36 23
35 23
34 23
33 23
32 23
31 23
30 23
29 23
28 23
27 23
26 23
26 22
27 22
28 22
29 22
30 22
31 22
32 22
33 22
34 22
35 22
36 22
37 22
37 21
36 21
35 21
34 21
33 21
32 21
31 21
30 21
29 21
28 21
27 21
26 21
29 20
28 20
27 20
26 20
32 20
33 20
34 20
35 20
36 20
37 20
38 20
32 19
33 19
34 19
35 19
36 19
37 19
38 19
38 18
37 18
36 18
35 18
34 18
33 18
35 17
36 17
29 19
28 19
27 19
26 19
28 18
27 18
26 18
27 17
26 17
27 16
26 16
25 16
25 17
25 18
25 19
25 20
25 21
25 22
25 23
25 24
25 25
25 26
25 27
25 28
25 29
24 18
24 19
24 20
24 21
24 22
24 23
24 24
24 25
24 26
24 27
24 28
24 29
23 29
23 28
23 27
0
Yes
4 21
4 22
4 23
4 24
4 25
5 25
5 24
5 23
5 22
5 21
6 25
6 24
6 23
6 22
6 21
3 25
3 24
3 23
3 22
3 21
2 25
2 24
2 23
2 22
2 21
1 25
1 24
1 23
1 22
1 21
0 25
0 24
0 23
0 22
0 21
0 20
1 20
2 20
3 20
4 20
5 20
6 20
6 19
5 19
4 19
3 19
2 19
1 19
0 19
1 18
2 18
3 18
7 19
7 20
7 21
7 22
7 23
7 24
7 25
8 25
8 24
8 23
8 22
8 21
8 20
8 19
5 18
0
Yes
3 43
2 43
1 43
0 43
0 42
1 42
2 42
3 42
3 41
2 41
1 41
0 41
0 40
1 40
2 40
3 40
0
Yes
49 49
49 48
49 47
49 46
49 45
49 44
49 43
49 42
48 42
48 43
48 44
48 45
48 46
48 47
48 48
48 49
47 42
47 43
47 44
47 45
47 46
47 47
47 48
47 49
46 42
46 43
46 44
46 45
46 46
46 47
46 48
46 49
45 49
45 48
45 47
45 46
45 45
45 44
45 43
45 42
45 41
44 41
44 42
44 43
44 44
44 45
44 46
44 47
44 48
44 49
43 49
43 48
43 47
43 46
43 45
43 44
43 43
43 42
43 41
42 41
42 42
42 43
42 44
42 45
42 46
42 47
42 48
42 49
41 49
41 48
41 47
41 46
41 45
41 44
0
Yes
49 7
48 7
48 8
49 8
48 9
49 9
0
Yes
4 30
4 31
4 32
4 33
4 34
4 35
4 36
4 37
4 38
4 39
4 40
3 39
3 38
3 37
3 36
3 35
3 34
3 33
3 32
3 31
3 30
2 39
2 38
2 37
2 36
2 35
2 34
2 33
2 32
2 31
2 30
1 39
1 38
1 37
1 36
1 35
1 34
1 33
1 32
1 31
1 30
0 39
0 38
0 37
0 36
0 35
0 34
0 33
0 32
0 31
0 30
0 29
1 29
2 29
3 29
4 29
5 29
5 30
5 31
5 32
5 33
5 34
5 35
5 36
5 37
5 38
5 39
5 40
6 40
6 39
6 38
6 37
6 36
6 35
6 34
6 33
6 32
6 31
6 30
6 29
7 29
7 30
7 31
7 32
7 33
7 34
7 35
7 36
7 37
7 38
7 39
7 40
8 40
8 39
8 38
8 37
8 36
8 35
8 34
8 33
8 32
8 31
8 30
8 29
9 38
9 37
9 36
9 35
9 34
9 33
9 32
9 31
9 30
9 29
10 38
10 37
10 36
10 35
10 34
10 33
10 32
10 31
10 30
10 29
11 38
11 37
11 36
11 35
11 34
11 33
11 32
11 31
11 30
11 29
0
Yes
49 24
48 24
48 25
49 25
47 25
46 25
46 26
47 26
48 26
49 26
49 27
48 27
47 27
46 27
46 28
47 28
48 28
49 28
49 29
48 29
47 29
46 29
46 30
47 30
48 30
49 30
49 31
48 31
47 31
46 31
45 26
45 27
45 28
45 29
45 30
45 31
44 27
44 28
44 29
44 30
44 31
43 28
43 29
43 30
43 31
0
Yes
1 25
2 25
3 25
4 25
4 24
3 24
2 24
1 24
1 23
2 23
3 23
4 23
4 22
3 22
2 22
1 22
0 22
0 23
0 24
0 25
0 26
1 26
2 26
3 26
4 26
4 27
3 27
2 27
1 27
0 27
0 28
1 28
2 28
3 28
4 28
0 21
1 21
2 21
3 21
0
Yes
8 9
8 10
8 11
7 11
7 10
7 9
7 8
8 8
8 7
7 7
9 7
9 8
9 9
9 10
9 11
10 11
10 10
10 9
10 8
10 7
11 10
11 9
11 8
0
Yes
0 3
1 3
1 4
0 4
0 5
0
Yes
20 20
20 21
21 21
21 22
20 22
20 23
21 23
21 24
20 24
20 25
21 25
21 26
20 26
21 27
20 27
22 27
22 26
22 25
22 24
22 23
22 22
22 21
22 20
23 20
23 21
23 22
23 23
23 24
23 25
23 26
20 28
20 29
20 30
21 30
21 31
20 31
19 31
19 30
19 29
19 28
19 27
19 26
19 25
19 24
19 23
19 22
19 21
19 20
19 19
18 19
18 20
18 21
18 22
18 23
18 24
18 25
18 26
18 27
18 28
18 29
18 30
18 31
17 31
17 30
17 29
17 28
17 27
17 26
17 25
17 24
17 23
17 22
17 21
17 20
17 19
16 19
16 20
16 21
16 22
16 23
16 24
16 25
16 26
16 27
16 28
16 29
16 30
16 31
15 31
15 30
15 29
15 28
15 27
15 26
15 25
15 24
15 23
15 22
15 21
15 20
15 19
14 31
14 30
14 29
14 28
14 27
14 26
14 25
14 24
14 23
14 22
14 21
14 20
14 19
14 18
14 17
13 17
13 18
13 19
13 20
13 21
13 22
13 23
13 24
13 25
13 26
13 27
13 28
13 29
13 30
13 31
12 31
12 30
12 29
12 28
12 27
12 26
12 25
12 24
12 23
12 22
12 21
12 20
12 19
12 18
12 17
11 28
11 27
0
Yes
10 18
11 18
11 19
10 19
11 20
10 20
11 21
10 21
11 22
10 22
11 23
10 23
11 24
10 24
11 25
10 25
11 26
10 26
10 27
11 17
10 17
11 16
10 16
9 16
9 17
9 18
9 19
9 20
9 21
9 22
9 23
9 24
9 25
9 26
9 27
8 16
8 17
8 18
8 19
8 20
8 21
8 22
8 23
8 24
8 25
8 26
8 27
7 19
7 20
7 21
7 22
7 23
7 24
7 25
7 26
7 27
6 19
6 20
6 21
6 22
6 23
6 24
6 25
6 26
6 27
10 28
9 28
8 28
7 28
6 28
5 28
5 27
5 26
5 25
5 24
5 23
5 22
5 21
5 20
0
Yes
47 21
47 20
48 20
48 21
49 21
0
Yes
2 49
3 49
4 49
5 49
6 49
7 49
8 49
8 48
7 48
6 48
5 48
4 48
3 48
2 48
8 47
7 47
6 47
5 47
4 47
3 47
2 47
8 46
7 46
6 46
5 46
4 46
3 46
2 46
6 45
5 45
4 45
3 45
2 45
6 44
5 44
4 44
3 44
2 44
2 43
3 43
4 43
5 43
6 43
7 43
7 42
6 42
5 42
4 42
3 42
2 42
1 42
1 43
1 44
1 45
1 46
1 47
1 48
1 49
0 49
0 48
0 47
0 46
0 45
0 44
0 43
0 42
7 41
0
Yes
3 29
4 29
5 29
6 29
7 29
8 29
2 29
1 29
0 29
0 30
1 30
2 30
3 30
4 30
5 30
6 30
7 30
8 30
8 31
7 31
6 31
5 31
4 31
3 31
2 31
1 31
0 31
0 32
1 32
2 32
3 32
4 32
5 32
6 32
7 32
8 32
8 33
7 33
6 33
5 33
4 33
3 33
2 33
1 33
0 33
0 34
1 34
2 34
3 34
4 34
5 34
6 34
7 34
8 34
8 35
7 35
6 35
5 35
4 35
3 35
2 35
1 35
0 35
0 36
1 36
2 36
3 36
4 36
5 36
6 36
7 36
8 36
8 37
7 37
6 37
5 37
4 37
3 37
2 37
1 37
0 37
0 38
1 38
2 38
3 38
4 38
5 38
6 38
7 38
8 38
8 39
7 39
6 39
5 39
4 39
3 39
2 39
1 39
0 39
9 38
9 37
0
Yes
43 0
43 1
43 2
44 2
44 1
44 0
44 3
45 3
45 2
45 1
45 0
45 4
45 5
45 6
46 6
46 5
46 4
46 3
46 2
46 1
46 0
46 7
46 8
47 8
47 7
47 6
47 5
47 4
47 3
47 2
47 1
47 0
48 0
48 1
48 2
48 3
48 4
48 5
48 6
48 7
48 8
49 8
49 7
49 6
49 5
49 4
49 3
49 2
49 1
49 0
0
Yes
21 42
21 41
20 41
20 42
19 42
0
Yes
26 44
25 44
25 43
26 43
26 42
25 42
25 41
26 41
24 44
24 43
24 42
24 41
27 44
27 43
27 42
27 41
0
Yes
30 2
30 3
30 4
30 5
31 5
31 4
31 3
31 2
32 2
32 3
32 4
32 5
33 5
33 4
33 3
33 2
33 1
32 1
31 1
30 1
33 0
32 0
31 0
30 0
29 0
29 1
29 2
29 3
29 4
29 5
28 5
28 4
28 3
28 2
28 1
28 0
27 0
27 1
27 2
27 3
27 4
27 5
26 5
26 4
26 3
26 2
26 1
26 0
0
Yes
0 41
1 41
2 41
3 41
4 41
5 41
6 41
6 40
5 40
4 40
3 40
2 40
1 40
0 40
7 40
8 40
8 39
7 39
6 39
5 39
4 39
3 39
2 39
1 39
0 39
0 38
1 38
2 38
3 38
4 38
5 38
6 38
7 38
8 38
8 37
7 37
6 37
5 37
4 37
3 37
2 37
1 37
0 37
0 36
1 36
2 36
3 36
4 36
5 36
6 36
7 36
8 36
8 35
7 35
6 35
5 35
4 35
3 35
2 35
1 35
0 35
0 34
1 34
2 34
3 34
4 34
5 34
6 34
7 34
8 34
8 33
7 33
6 33
5 33
4 33
3 33
2 33
1 33
0 33
0 32
1 32
2 32
3 32
4 32
5 32
6 32
7 32
8 32
0
Yes
32 11
33 11
33 10
32 10
33 9
32 9
31 9
31 10
31 11
30 11
30 10
30 9
31 12
32 12
33 12
33 8
32 8
31 8
30 8
0
Yes
9 9
9 10
9 11
10 11
10 10
10 9
11 10
11 9
12 9
13 9
13 8
12 8
11 8
10 8
9 8
9 7
10 7
11 7
12 7
13 7
14 7
10 6
11 6
12 6
13 6
14 6
10 5
11 5
12 5
13 5
14 5
15 6
15 5
16 6
16 5
17 5
17 4
16 4
15 4
14 4
13 4
17 3
16 3
15 3
14 3
13 3
12 3
11 3
11 2
12 2
13 2
14 2
15 2
16 2
17 2
17 1
16 1
15 1
14 1
13 1
12 1
11 1
10 1
10 0
11 0
12 0
13 0
14 0
15 0
16 0
17 0
8 7
8 8
0
Yes
6 7
7 7
7 8
6 8
5 8
5 9
6 9
7 9
7 10
6 10
5 10
5 11
6 11
7 11
8 9
8 10
8 11
0
Yes
45 0
45 1
45 2
45 3
44 3
44 2
44 1
44 0
46 3
46 2
46 1
46 0
47 0
47 1
47 2
47 3
48 3
48 2
48 1
48 0
49 0
49 1
49 2
49 3
0
Yes
43 32
43 33
42 33
42 32
42 31
42 30
42 29
42 28
41 28
41 29
41 30
41 31
41 32
41 33
41 34
41 35
40 29
40 30
40 31
40 32
40 33
40 34
40 35
39 29
39 30
39 31
39 32
39 33
39 34
39 35
39 36
40 36
41 36
42 36
38 36
38 35
38 34
38 33
38 32
38 31
38 30
38 29
38 28
37 28
37 29
37 30
37 31
37 32
37 33
37 34
37 35
37 36
36 36
36 35
36 34
36 33
36 32
36 31
36 30
36 29
36 28
36 27
35 27
35 28
35 29
35 30
35 31
35 32
35 33
35 34
35 35
35 36
34 27
34 28
34 29
34 30
34 31
34 32
34 33
34 34
34 35
34 36
33 27
33 28
33 29
33 30
33 31
33 32
33 33
33 34
33 35
33 36
32 28
32 29
32 30
32 31
32 32
32 33
32 34
32 35
32 36
31 28
31 29
31 30
31 31
31 32
31 33
31 34
31 35
31 36
30 28
30 29
30 30
30 31
30 32
30 33
30 34
30 35
30 36
29 28
29 29
29 30
29 31
29 32
0
No
0
No
0
No
0
Yes
48 4
49 4
47 4
46 4
45 4
45 5
46 5
47 5
48 5
49 5
45 6
46 6
47 6
48 6
49 6
46 7
47 7
48 7
49 7
46 8
47 8
0
Yes
33 1
33 2
33 3
33 4
33 5
33 6
33 7
32 7
32 6
32 5
32 4
32 3
32 2
32 1
31 7
31 6
31 5
31 4
31 3
31 2
31 1
30 7
30 6
30 5
30 4
30 3
30 2
30 1
33 0
32 0
31 0
30 0
29 0
29 1
29 2
29 3
29 4
29 5
29 6
29 7
29 8
29 9
29 10
29 11
28 11
28 10
28 9
28 8
28 7
28 6
28 5
28 4
28 3
28 2
28 1
28 0
27 11
27 10
27 9
27 8
27 7
27 6
27 5
27 4
27 3
27 2
27 1
27 0
26 0
26 1
26 2
26 3
26 4
26 5
26 6
26 7
26 8
26 9
26 10
26 11
26 12
25 12
25 11
25 10
25 9
25 8
25 7
25 6
25 5
25 4
25 3
25 2
25 1
25 0
24 11
24 10
24 9
24 8
24 7
24 6
24 5
24 4
24 3
24 2
24 1
24 0
23 6
23 7
23 8
23 9
23 10
23 5
23 4
0
Yes
8 13
8 12
9 12
9 13
8 14
9 14
9 15
0
Yes
3 22
3 23
4 23
4 22
5 22
5 23
6 23
6 22
6 21
5 21
4 21
3 21
3 20
4 20
5 20
6 20
6 19
5 19
4 19
3 19
3 18
2 18
2 19
2 20
2 21
2 22
2 23
1 18
1 19
1 20
1 21
1 22
1 23
0 19
0 20
0 21
0 22
0 23
0 24
1 24
2 24
3 24
4 24
5 24
6 24
6 25
5 25
4 25
3 25
2 25
1 25
0 25
0 26
1 26
2 26
3 26
4 26
5 26
6 26
6 27
5 27
4 27
3 27
2 27
1 27
0 27
0 28
1 28
2 28
3 28
0
No
0
No
0
Yes
38 47
38 48
38 49
39 49
39 48
39 47
39 46
38 46
38 45
39 45
39 44
38 44
38 43
39 43
39 42
38 42
38 41
39 41
39 40
38 40
38 39
39 39
39 38
38 38
38 37
39 37
37 37
37 38
37 39
37 40
37 41
37 42
37 43
37 44
37 45
37 46
37 47
37 48
37 49
36 37
36 38
36 39
36 40
36 41
36 42
36 43
36 44
36 45
36 46
36 47
36 48
36 49
35 37
35 38
35 39
35 40
35 41
35 42
35 43
35 44
35 45
35 46
35 47
35 48
35 49
34 37
34 38
34 39
34 40
34 41
34 42
34 43
34 44
34 45
34 46
34 47
34 48
34 49
33 37
33 38
33 39
33 40
33 41
33 42
33 43
33 44
33 45
33 46
33 47
33 48
33 49
32 37
32 38
32 39
32 40
32 41
32 42
32 43
32 44
32 45
32 46
32 47
32 48
32 49
31 37
31 38
31 39
31 40
31 41
31 42
31 43
31 44
31 45
31 46
31 47
31 48
31 49
30 37
30 38
30 39
30 40
30 41
30 42
30 43
30 44
30 45
30 46
30 47
30 48
30 49
29 49
29 48
29 47
29 46
29 45
29 44
29 43
29 42
29 41
29 40
29 39
29 38
29 37
28 45
28 46
28 47
28 48
28 49
28 44
0
Yes
27 49
27 48
27 47
27 46
26 46
26 47
26 48
26 49
0
No
0
Yes
14 45
15 45
15 44
14 44
15 43
14 43
14 42
15 42
13 43
13 44
13 45
0
No
0
Yes
8 40
8 39
7 40
7 39
7 38
8 38
9 38
10 38
10 37
9 37
8 37
7 37
7 36
8 36
9 36
10 36
10 35
9 35
8 35
7 35
7 34
8 34
9 34
10 34
10 33
9 33
8 33
7 33
7 32
8 32
9 32
10 32
10 31
9 31
8 31
7 31
7 30
8 30
9 30
10 30
6 30
6 31
6 32
6 33
6 34
6 35
6 36
6 37
6 38
6 39
6 40
6 41
5 41
5 40
5 39
5 38
5 37
5 36
5 35
5 34
5 33
5 32
5 31
5 30
4 41
4 40
4 39
4 38
4 37
4 36
4 35
4 34
4 33
4 32
4 31
4 30
3 41
3 40
3 39
3 38
3 37
3 36
3 35
3 34
3 33
3 32
3 31
3 30
2 41
2 40
2 39
2 38
2 37
2 36
2 35
2 34
2 33
2 32
2 31
2 30
1 41
1 40
1 39
1 38
1 37
1 36
1 35
1 34
1 33
1 32
1 31
1 30
0 41
0 40
0 39
0 38
0 37
0 36
0 35
0 34
0 33
0 32
0 31
0 30
0 29
1 29
2 29
3 29
4 29
5 29
6 29
7 29
8 29
9 29
0
Yes
35 4
34 4
34 5
35 5
34 6
35 6
34 3
35 3
34 2
35 2
34 1
35 1
34 0
35 0
36 0
36 1
36 2
36 3
36 4
36 5
36 6
37 6
37 5
37 4
37 3
37 2
37 1
37 0
38 0
38 1
38 2
38 3
38 4
38 5
38 6
39 6
39 5
39 4
39 3
39 2
39 1
39 0
40 5
40 4
40 3
40 2
40 1
40 0
41 4
41 3
41 2
41 1
41 0
34 7
35 7
36 7
37 7
38 7
0
Yes
47 31
48 31
49 31
46 31
45 31
44 31
44 30
45 30
46 30
47 30
48 30
49 30
49 29
48 29
47 29
46 29
45 29
44 29
44 28
45 28
46 28
47 28
48 28
49 28
44 27
45 27
46 27
47 27
48 27
49 27
45 26
46 26
47 26
48 26
49 26
46 25
47 25
0
Yes
0 3
0 4
0 5
1 4
1 3
0
Yes
11 3
11 2
11 1
10 1
10 0
11 0
12 3
12 2
12 1
12 0
13 0
13 1
13 2
0
No
0
Yes
49 7
49 6
49 5
49 4
48 4
48 5
48 6
48 7
47 4
47 5
47 6
47 7
46 4
46 5
46 6
46 7
45 4
45 5
45 6
45 7
44 7
47 8
48 8
49 8
46 8
45 8
0
Yes
19 1
19 2
19 3
19 4
18 4
18 3
18 2
18 1
18 0
19 0
20 0
20 1
20 2
20 3
20 4
20 5
21 5
21 4
21 3
21 2
21 1
21 0
17 0
17 1
17 2
17 3
17 4
17 5
16 5
16 4
16 3
16 2
16 1
16 0
16 6
15 6
15 5
15 4
15 3
15 2
15 1
15 0
14 0
14 1
14 2
14 3
14 4
14 5
14 6
14 7
13 3
13 4
13 5
13 6
13 7
12 5
12 6
12 7
11 5
11 6
11 7
10 5
10 6
10 7
22 5
22 4
22 3
22 2
22 1
22 0
23 3
23 2
23 1
23 0
9 7
8 7
8 8
9 8
10 8
11 8
12 8
13 8
13 9
12 9
11 9
10 9
0
Yes
27 16
27 17
27 18
28 18
28 19
27 19
29 19
29 20
28 20
27 20
27 21
28 21
29 21
30 21
31 21
31 22
30 22
29 22
28 22
27 22
27 23
28 23
29 23
30 23
31 23
31 24
30 24
29 24
28 24
27 24
27 25
28 25
29 25
30 25
31 25
31 26
30 26
29 26
28 26
27 26
29 27
30 27
31 27
28 27
27 27
32 27
32 26
32 25
32 24
32 23
32 22
32 21
32 20
32 19
33 26
33 25
33 24
33 23
33 22
33 21
33 20
33 19
33 18
34 18
34 19
34 20
34 21
34 22
34 23
34 24
34 25
34 26
35 26
35 25
35 24
35 23
35 22
35 21
35 20
35 19
35 18
35 17
36 17
36 18
36 19
36 20
36 21
36 22
36 23
36 24
37 22
37 21
37 20
37 19
37 18
38 18
38 19
38 20
28 28
27 28
28 29
27 29
27 30
26 30
26 29
26 28
26 27
26 26
26 25
26 24
26 23
26 22
26 21
26 20
26 19
26 18
26 17
26 16
25 16
25 17
25 18
25 19
25 20
25 21
25 22
25 23
25 24
25 25
25 26
25 27
25 28
25 29
24 18
24 19
24 20
24 21
24 22
24 23
24 24
24 25
24 26
24 27
24 28
24 29
23 29
0
Yes
1 47
1 48
1 49
2 49
2 48
2 47
2 46
1 46
0 46
0 47
0 48
0 49
3 46
3 47
3 48
3 49
4 49
4 48
4 47
4 46
5 46
5 47
5 48
5 49
6 49
6 48
6 47
0
No
0
No
0
Yes
24 44
25 44
26 44
27 44
24 43
25 43
26 43
27 43
28 43
28 42
27 42
26 42
25 42
24 42
24 41
25 41
26 41
27 41
28 41
28 40
27 40
26 40
0
Yes
4 8
3 8
2 8
3 9
4 9
4 10
3 10
0
Yes
42 0
43 0
41 0
40 0
43 1
42 1
41 1
40 1
43 2
42 2
0
Yes
23 4
23 5
23 6
23 7
22 7
22 8
23 8
21 8
21 9
22 9
23 9
24 9
24 8
24 7
24 6
24 5
24 4
24 3
24 2
24 1
24 0
25 0
25 1
25 2
25 3
25 4
25 5
25 6
25 7
25 8
25 9
26 9
26 8
26 7
26 6
26 5
26 4
26 3
26 2
26 1
26 0
27 0
27 1
27 2
27 3
27 4
27 5
27 6
27 7
27 8
27 9
28 9
28 8
28 7
28 6
28 5
28 4
28 3
28 2
28 1
28 0
29 8
29 9
29 7
29 6
29 5
29 4
29 3
29 2
29 1
29 0
30 7
30 6
30 5
30 4
30 3
30 2
30 1
30 0
31 7
31 6
31 5
31 4
31 3
31 2
31 1
31 0
32 7
32 6
32 5
32 4
32 3
32 2
32 1
32 0
20 8
20 9
20 10
21 10
22 10
23 10
24 10
25 10
26 10
27 10
28 10
29 10
29 11
28 11
27 11
26 11
25 11
24 11
0
Yes
35 3
36 3
37 3
38 3
39 3
39 2
38 2
37 2
36 2
35 2
35 1
36 1
37 1
38 1
39 1
34 1
34 2
34 3
33 3
33 2
33 1
33 0
34 0
35 0
36 0
37 0
38 0
39 0
33 4
34 4
35 4
36 4
37 4
38 4
39 4
33 5
34 5
35 5
36 5
37 5
38 5
0
Yes
18 49
18 48
18 47
18 46
17 46
17 47
17 48
17 49
16 46
16 47
16 48
16 49
15 46
15 47
15 48
15 49
14 48
0
Yes
41 31
41 32
41 33
41 34
41 35
42 33
42 32
42 31
43 33
43 32
43 31
43 30
42 30
41 30
43 29
42 29
41 29
41 28
42 28
43 28
40 29
40 30
40 31
40 32
40 33
40 34
40 35
39 29
39 30
39 31
39 32
39 33
39 34
39 35
39 36
40 36
41 36
42 36
42 37
41 37
40 37
38 36
38 35
38 34
38 33
38 32
38 31
38 30
38 29
38 28
37 28
37 29
37 30
37 31
37 32
37 33
37 34
37 35
37 36
36 36
36 35
36 34
36 33
36 32
36 31
36 30
36 29
36 28
36 27
35 27
35 28
35 29
35 30
35 31
35 32
35 33
35 34
35 35
35 36
34 36
34 35
34 34
34 33
34 32
34 31
34 30
34 29
34 28
34 27
33 27
33 28
33 29
33 30
33 31
33 32
33 33
33 34
33 35
33 36
32 36
32 35
32 34
32 33
32 32
32 31
32 30
32 29
32 28
31 28
31 29
31 30
31 31
31 32
31 33
31 34
31 35
31 36
30 36
30 35
30 34
30 33
30 32
30 31
30 30
30 29
30 28
29 28
29 29
29 30
29 31
29 32
29 33
29 34
29 35
29 36
0
No
0
Yes
26 44
27 44
27 43
26 43
28 43
28 42
27 42
26 42
28 41
27 41
26 41
28 40
27 40
26 40
28 39
27 39
26 39
28 38
27 38
26 38
28 37
27 37
26 37
28 36
27 36
26 36
28 35
27 35
26 35
25 35
25 36
25 37
25 38
25 39
25 40
25 41
25 42
25 43
25 44
24 44
24 43
24 42
24 41
24 40
24 39
24 38
24 37
0
Yes
39 10
39 11
39 12
38 12
38 11
38 10
38 9
39 9
39 8
38 8
38 7
39 7
39 6
38 6
37 6
37 7
37 8
37 9
37 10
37 11
37 12
36 6
36 7
36 8
36 9
36 10
36 11
36 12
35 12
35 11
35 10
35 9
35 8
35 7
35 6
34 6
34 7
34 8
34 9
34 10
33 6
33 7
33 8
33 9
33 10
0
Yes
0 44
0 45
1 45
1 44
2 45
2 44
3 45
3 44
4 45
4 44
5 45
5 44
5 43
4 43
3 43
2 43
1 43
0 43
0 42
1 42
2 42
3 42
4 42
5 42
6 42
6 43
6 44
6 45
0
Yes
14 20
14 21
14 22
14 23
14 24
14 25
14 26
14 27
14 28
15 28
15 27
15 26
15 25
15 24
15 23
15 22
15 21
15 20
15 19
14 19
13 19
13 20
13 21
13 22
13 23
13 24
13 25
13 26
13 27
13 28
12 28
12 27
12 26
12 25
12 24
12 23
12 22
12 21
12 20
12 19
11 19
11 20
11 21
11 22
11 23
11 24
11 25
11 26
11 27
11 28
10 28
10 27
10 26
10 25
10 24
10 23
10 22
10 21
10 20
10 19
9 28
9 27
9 26
9 25
9 24
9 23
9 22
9 21
9 20
9 19
8 28
8 27
8 26
8 25
8 24
8 23
8 22
8 21
8 20
8 19
7 19
7 20
7 21
7 22
7 23
7 24
7 25
7 26
7 27
7 28
0
Yes
11 38
11 37
11 36
11 35
11 34
11 33
11 32
12 32
12 33
12 34
12 35
12 36
12 37
12 38
12 39
13 39
13 38
13 37
13 36
13 35
13 34
13 33
13 32
13 40
13 41
14 41
14 40
14 39
14 38
14 37
14 36
14 35
14 34
14 33
14 32
15 41
15 40
15 39
15 38
15 37
15 36
15 35
15 34
15 33
15 32
16 41
16 40
16 39
16 38
16 37
16 36
16 35
16 34
16 33
16 32
17 40
17 39
17 38
17 37
17 36
17 35
17 34
17 33
17 32
18 40
18 39
18 38
18 37
18 36
18 35
18 34
18 33
18 32
19 40
19 39
19 38
19 37
19 36
19 35
19 34
19 33
19 32
20 39
20 38
20 37
20 36
20 35
20 34
20 33
20 32
21 39
21 38
21 37
21 36
21 35
21 34
21 33
21 32
22 32
22 33
22 34
22 35
22 36
22 37
22 38
22 39
23 39
23 38
23 37
23 36
23 35
23 34
23 33
24 33
24 34
24 35
24 36
21 31
20 31
19 31
18 31
17 31
16 31
15 31
14 31
13 31
12 31
11 31
12 41
0
No
0
No
0
Yes
36 15
37 15
38 15
38 16
38 14
37 14
36 14
35 15
35 14
35 13
36 13
37 13
38 13
39 13
39 14
39 15
39 16
0
No
0
Yes
44 3
45 3
46 3
47 3
48 3
48 2
47 2
46 2
45 2
44 2
43 2
43 1
44 1
45 1
46 1
47 1
48 1
48 0
47 0
46 0
45 0
44 0
43 0
42 2
42 1
42 0
49 3
49 2
49 1
49 0
41 0
41 1
41 2
41 3
40 3
40 2
40 1
40 0
0
Yes
21 41
21 42
20 42
20 41
19 41
0
Yes
7 49
8 49
8 48
7 48
7 47
8 47
8 46
7 46
0
Yes
2 24
2 25
2 26
2 27
3 27
3 26
3 25
3 24
4 24
4 25
4 26
4 27
5 27
5 26
5 25
5 24
6 24
6 25
6 26
6 27
7 27
7 26
7 25
7 24
8 24
8 25
8 26
8 27
9 27
9 26
9 25
9 24
9 23
8 23
7 23
6 23
5 23
4 23
3 23
2 23
2 22
3 22
4 22
5 22
6 22
7 22
8 22
9 22
9 21
8 21
7 21
6 21
5 21
4 21
3 21
2 21
2 20
3 20
4 20
5 20
6 20
7 20
8 20
9 20
7 19
6 19
5 19
4 19
3 19
2 19
8 19
9 19
1 19
1 20
1 21
1 22
1 23
1 24
1 25
1 26
1 27
0 19
0 20
0 21
0 22
0 23
0 24
0 25
0 26
0 27
1 18
2 18
3 18
0 28
1 28
2 28
3 28
4 28
5 28
6 28
7 28
8 28
0
No
0
Yes
18 30
19 30
20 30
20 29
19 29
18 29
20 28
19 28
18 28
17 30
17 29
17 28
16 30
16 29
16 28
15 30
15 29
15 28
14 30
14 29
14 28
13 30
13 29
13 28
12 30
12 29
12 28
11 30
11 29
11 28
10 29
10 28
10 27
11 27
12 27
13 27
14 27
15 27
16 27
17 27
18 27
19 27
20 27
10 26
11 26
12 26
13 26
14 26
15 26
16 26
17 26
18 26
19 26
20 26
10 25
11 25
12 25
13 25
14 25
15 25
16 25
17 25
18 25
19 25
20 25
10 24
11 24
12 24
13 24
14 24
15 24
16 24
17 24
18 24
19 24
20 24
10 23
11 23
12 23
13 23
14 23
0
No
0
Yes
7 10
7 11
6 11
6 10
5 11
5 10
4 10
3 10
3 9
4 9
5 9
6 9
7 9
8 9
8 10
8 11
9 9
9 10
9 11
10 11
10 10
9 12
8 12
8 13
9 13
8 14
9 14
9 15
10 15
7 8
6 8
5 8
4 8
3 8
2 8
2 7
1 7
6 7
7 7
0 7
0 6
0 5
0 4
1 4
1 3
0 3
10 16
9 16
8 16
11 16
8 17
9 17
10 17
11 17
8 18
9 18
10 18
11 18
10 19
11 19
10 20
11 20
10 21
11 21
10 22
11 22
12 22
12 21
12 20
12 19
12 18
12 17
13 17
13 18
13 19
13 20
13 21
13 22
14 17
14 18
14 19
14 20
14 21
14 22
15 19
15 20
15 21
15 22
15 23
16 23
16 22
16 21
16 20
16 19
17 19
17 20
17 21
17 22
17 23
18 23
18 22
18 21
18 20
18 19
19 19
19 20
19 21
19 22
19 23
20 20
20 21
20 22
20 23
7 13
0
No
0
Yes
39 43
39 44
40 44
40 43
40 45
39 45
40 46
39 46
40 47
39 47
40 48
39 48
40 49
39 49
38 49
38 48
38 47
38 46
38 45
38 44
38 43
37 43
37 44
37 45
37 46
37 47
37 48
37 49
36 49
36 48
36 47
36 46
36 45
36 44
36 43
35 43
35 44
35 45
35 46
35 47
35 48
35 49
34 49
34 48
34 47
34 46
34 45
34 44
34 43
33 43
33 44
33 45
33 46
33 47
33 48
33 49
32 49
32 48
32 47
32 46
32 45
1
893
49 25
49 24
48 24
48 25
47 25
46 25
46 26
47 26
48 26
49 26
45 26
45 27
46 27
47 27
48 27
49 27
44 27
44 28
45 28
46 28
47 28
48 28
49 28
44 29
45 29
46 29
47 29
48 29
49 29
44 30
45 30
46 30
47 30
48 30
49 30
44 31
45 31
46 31
47 31
48 31
49 31
Yes
39 0
39 1
39 2
39 3
39 4
40 4
40 5
39 5
39 6
39 7
40 7
40 8
39 8
39 9
40 9
38 9
38 8
38 7
38 6
38 5
38 4
38 3
38 2
38 1
38 0
37 0
37 1
37 2
37 3
37 4
37 5
37 6
37 7
37 8
37 9
36 9
36 8
36 7
36 6
36 5
36 4
36 3
36 2
36 1
36 0
35 0
35 1
35 2
35 3
35 4
35 5
35 6
35 7
35 8
35 9
34 9
34 8
34 7
34 6
34 5
34 4
34 3
34 2
34 1
34 0
33 0
33 1
33 2
33 3
33 4
33 5
33 6
33 7
33 8
33 9
32 8
32 9
31 8
31 9
30 8
30 9
30 10
31 10
32 10
33 10
34 10
35 10
36 10
37 10
38 10
39 10
40 10
30 11
31 11
32 11
33 11
33 12
32 12
31 12
35 11
36 11
37 11
38 11
39 11
40 11
35 12
36 12
37 12
38 12
39 12
40 12
40 13
41 13
41 12
41 11
41 10
41 9
41 8
0
Yes
46 0
46 1
46 2
46 3
46 4
45 4
45 3
45 2
45 1
45 0
44 3
44 2
44 1
44 0
45 5
46 5
45 6
46 6
47 6
47 5
47 4
47 3
47 2
47 1
47 0
48 0
48 1
48 2
48 3
48 4
48 5
48 6
49 6
49 5
49 4
49 3
49 2
49 1
49 0
49 7
48 7
47 7
46 7
45 7
44 7
47 8
48 8
49 8
46 8
45 8
44 8
48 9
49 9
46 9
45 9
44 9
46 10
45 10
0
Yes
26 49
25 49
25 48
26 48
25 47
26 47
26 46
27 46
27 47
27 48
27 49
28 49
28 48
28 47
28 46
28 45
28 44
29 44
29 45
29 46
29 47
29 48
29 49
30 49
30 48
30 47
30 46
30 45
30 44
31 44
31 45
31 46
31 47
31 48
31 49
29 43
30 43
0
No
0
Yes
47 44
47 45
47 46
47 47
47 48
47 49
48 49
48 48
48 47
48 46
48 45
48 44
49 44
49 45
49 46
49 47
49 48
49 49
49 43
48 43
47 43
47 42
48 42
49 42
46 42
46 43
46 44
46 45
46 46
46 47
46 48
46 49
45 49
45 48
45 47
45 46
45 45
45 44
45 43
45 42
45 41
45 40
44 40
44 41
44 42
44 43
44 44
44 45
44 46
44 47
44 48
44 49
43 40
43 41
43 42
43 43
43 44
43 45
43 46
43 47
43 48
43 49
0
Yes
4 49
5 49
6 49
6 48
5 48
4 48
3 48
3 49
2 49
2 48
6 47
5 47
4 47
3 47
2 47
6 46
5 46
4 46
3 46
0
Yes
2 34
2 35
3 35
3 34
4 34
4 35
5 35
5 34
6 34
6 35
6 33
5 33
4 33
3 33
2 33
2 32
3 32
4 32
5 32
6 32
6 31
5 31
4 31
3 31
2 31
2 30
3 30
4 30
5 30
6 30
6 29
5 29
4 29
3 29
2 29
1 29
1 30
1 31
1 32
1 33
1 34
1 35
0 29
0 30
0 31
0 32
0 33
0 34
0 35
0
Yes
31 10
30 10
30 11
31 11
30 9
31 9
30 8
31 8
32 8
32 9
32 10
32 11
31 12
32 12
0
Yes
39 1
39 2
39 3
40 3
40 2
40 1
41 3
41 2
41 1
41 0
40 0
39 0
38 0
38 1
38 2
38 3
37 3
37 2
37 1
37 0
41 4
40 4
39 4
38 4
37 4
0
Yes
5 8
4 8
3 8
2 8
2 7
1 7
0 7
0 6
0 5
3 9
4 9
5 9
6 9
6 8
6 7
7 7
7 8
7 9
8 9
9 9
0 4
1 4
1 3
0 3
3 10
4 10
5 10
6 10
7 10
8 10
9 10
10 10
10 11
9 11
8 11
7 11
6 11
5 11
8 12
9 12
9 13
8 13
8 14
9 14
9 15
10 15
10 16
9 16
8 16
11 16
8 17
9 17
10 17
11 17
8 18
9 18
10 18
11 18
10 19
11 19
10 20
11 20
10 21
11 21
10 22
11 22
12 22
12 21
12 20
12 19
12 18
12 17
13 17
13 18
13 19
13 20
13 21
13 22
14 17
14 18
14 19
14 20
14 21
14 22
15 19
15 20
15 21
15 22
15 23
16 23
16 22
16 21
16 20
16 19
17 19
17 20
0
Yes
40 44
40 45
40 46
40 47
40 48
40 49
41 49
41 48
41 47
41 46
41 45
41 44
42 44
42 45
42 46
42 47
42 48
42 49
42 43
41 43
40 43
42 42
41 42
40 42
39 42
39 43
39 44
39 45
39 46
39 47
39 48
39 49
38 49
38 48
38 47
38 46
38 45
38 44
38 43
38 42
37 42
37 43
37 44
37 45
37 46
37 47
37 48
37 49
36 49
36 48
36 47
36 46
36 45
36 44
36 43
36 42
35 42
35 43
35 44
35 45
35 46
35 47
35 48
35 49
34 49
34 48
34 47
34 46
34 45
34 44
34 43
34 42
33 42
33 43
33 44
33 45
33 46
33 47
33 48
33 49
32 49
32 48
32 47
32 46
32 45
32 44
32 43
32 42
42 41
41 41
40 41
39 41
38 41
37 41
36 41
35 41
34 41
33 41
32 41
42 40
41 40
40 40
39 40
38 40
37 40
36 40
35 40
34 40
33 40
32 40
42 39
41 39
40 39
39 39
38 39
37 39
36 39
35 39
0
Yes
0 28
1 28
2 28
3 28
4 28
5 28
6 28
7 28
7 29
7 27
6 27
5 27
4 27
3 27
2 27
1 27
0 27
0 26
1 26
2 26
3 26
4 26
5 26
6 26
7 26
7 25
6 25
5 25
4 25
3 25
2 25
1 25
0 25
0 24
1 24
2 24
3 24
4 24
5 24
6 24
7 24
7 23
6 23
5 23
4 23
3 23
2 23
1 23
0 23
0 22
1 22
2 22
3 22
4 22
5 22
6 22
7 22
7 21
6 21
5 21
4 21
3 21
2 21
1 21
0 21
0 20
1 20
2 20
3 20
4 20
5 20
6 20
7 20
7 19
6 19
5 19
4 19
3 19
2 19
1 19
0 19
1 18
2 18
3 18
8 19
8 20
8 21
8 22
8 23
8 24
8 25
8 26
0
Yes
45 30
45 31
44 31
44 30
46 31
46 30
47 31
47 30
48 31
48 30
44 29
45 29
46 29
47 29
48 29
44 28
45 28
46 28
47 28
48 28
44 27
45 27
46 27
47 27
48 27
45 26
46 26
47 26
48 26
46 25
47 25
48 25
48 24
49 24
49 25
49 26
49 27
49 28
0
Yes
5 39
5 40
5 41
4 41
4 40
4 39
3 41
3 40
3 39
2 41
2 40
2 39
1 41
1 40
1 39
0 41
0 40
0 39
0 38
1 38
2 38
3 38
4 38
5 38
5 37
4 37
3 37
2 37
1 37
0 37
0 36
1 36
2 36
3 36
4 36
5 36
6 36
6 37
6 38
6 39
6 40
6 41
7 41
7 40
7 39
7 38
7 37
7 36
8 40
8 39
8 38
8 37
8 36
0
Yes
30 41
30 42
31 42
31 41
29 42
29 41
29 40
30 40
31 40
29 39
30 39
31 39
29 38
30 38
31 38
29 37
30 37
31 37
0
Yes
48 34
48 33
49 34
49 33
49 32
49 31
48 31
47 31
46 31
45 31
44 31
44 30
45 30
46 30
47 30
48 30
49 30
44 29
45 29
46 29
47 29
48 29
49 29
44 28
45 28
46 28
47 28
48 28
49 28
44 27
45 27
46 27
47 27
48 27
49 27
45 26
46 26
47 26
48 26
49 26
46 25
47 25
48 25
49 25
48 24
0
Yes
0 48
0 49
0 47
0 46
1 46
1 47
1 48
0
Yes
11 16
10 16
9 16
8 16
8 17
9 17
10 17
11 17
8 18
9 18
10 18
11 18
0
Yes
38 19
38 18
37 18
37 19
36 19
36 18
36 17
35 17
35 18
35 19
34 18
34 19
33 18
33 19
32 19
38 20
37 20
36 20
35 20
34 20
33 20
32 20
37 21
36 21
35 21
34 21
33 21
32 21
37 22
36 22
35 22
34 22
33 22
32 22
36 23
35 23
34 23
33 23
32 23
36 24
35 24
34 24
33 24
32 24
0
Yes
35 0
36 0
36 1
35 1
36 2
35 2
36 3
35 3
36 4
35 4
34 4
34 3
34 2
34 1
34 0
33 0
33 1
33 2
33 3
33 4
32 4
32 3
32 2
32 1
32 0
31 0
31 1
31 2
31 3
31 4
30 4
30 3
30 2
30 1
30 0
30 5
31 5
32 5
33 5
34 5
35 5
36 5
1
922
26 4
27 4
28 4
29 4
29 3
28 3
27 3
26 3
29 2
28 2
27 2
26 2
29 1
28 1
27 1
26 1
25 1
25 2
25 3
25 4
24 4
24 3
24 2
24 1
23 1
23 2
23 3
23 4
29 0
28 0
27 0
26 0
25 0
24 0
23 0
29 5
28 5
27 5
26 5
25 5
24 5
23 5
23 6
24 6
25 6
26 6
27 6
28 6
29 6
Yes
0 31
0 32
0 33
0 34
0 35
0 36
0 37
0 38
0 39
0 40
0 41
1 41
1 40
1 39
1 38
1 37
1 36
1 35
1 34
1 33
1 32
1 31
2 41
2 40
2 39
2 38
2 37
2 36
2 35
2 34
2 33
2 32
2 31
3 41
3 40
3 39
3 38
3 37
3 36
3 35
3 34
3 33
3 32
3 31
4 41
4 40
4 39
4 38
4 37
4 36
4 35
4 34
4 33
4 32
4 31
5 41
5 40
5 39
5 38
5 37
5 36
5 35
5 34
5 33
5 32
5 31
6 41
6 40
6 39
6 38
6 37
6 36
6 35
6 34
6 33
6 32
6 31
7 41
7 40
7 39
7 38
7 37
7 36
7 35
7 34
7 33
7 32
7 31
8 40
8 39
0
Yes
16 2
16 3
16 4
16 5
16 6
17 5
17 4
17 3
17 2
18 4
18 3
18 2
19 4
19 3
19 2
20 2
20 3
20 4
20 5
21 5
21 4
21 3
21 2
22 5
22 4
22 3
22 2
22 1
21 1
20 1
19 1
18 1
17 1
16 1
22 0
21 0
20 0
19 0
18 0
17 0
16 0
15 6
15 5
15 4
15 3
15 2
15 1
15 0
14 0
14 1
14 2
14 3
14 4
0
Yes
4 10
3 10
5 10
5 11
6 11
6 10
7 11
7 10
3 9
4 9
5 9
6 9
7 9
5 8
4 8
3 8
6 8
7 8
0
Yes
13 43
13 44
14 44
14 43
15 43
15 44
15 42
14 42
0
Yes
25 2
25 3
25 4
25 5
25 6
25 7
25 8
25 9
25 10
25 11
24 11
24 10
24 9
24 8
24 7
24 6
24 5
24 4
24 3
24 2
23 2
23 3
23 4
23 5
23 6
23 7
23 8
23 9
23 10
23 1
24 1
25 1
23 0
24 0
25 0
26 0
26 1
26 2
26 3
26 4
26 5
26 6
26 7
26 8
26 9
26 10
26 11
27 11
27 10
27 9
27 8
27 7
27 6
27 5
27 4
27 3
27 2
27 1
27 0
28 11
28 10
28 9
28 8
28 7
28 6
28 5
28 4
28 3
28 2
28 1
28 0
29 0
29 1
29 2
29 3
29 4
29 5
29 6
0
Yes
10 0
10 1
11 1
11 0
11 2
11 3
12 3
12 2
12 1
12 0
0
Yes
43 2
43 1
43 0
42 2
42 1
42 0
41 0
41 1
41 2
41 3
0
Yes
43 10
44 10
44 11
43 11
44 12
43 12
43 13
44 13
42 12
42 11
42 10
43 9
42 9
43 8
42 8
41 8
41 9
41 10
41 11
41 12
41 13
40 13
40 12
40 11
40 10
40 9
40 8
39 12
39 11
39 10
39 9
39 8
0
Yes
23 9
22 9
21 9
20 9
20 10
21 10
22 10
23 10
20 8
21 8
22 8
0
Yes
23 5
23 6
23 7
23 8
23 4
23 3
23 2
23 1
23 0
24 0
24 1
24 2
24 3
24 4
24 5
24 6
24 7
24 8
24 9
24 10
24 11
25 11
25 10
25 9
25 8
25 7
25 6
25 5
25 4
25 3
25 2
25 1
25 0
25 12
26 12
26 11
26 10
26 9
26 8
26 7
26 6
26 5
26 4
26 3
26 2
26 1
26 0
27 11
27 10
27 9
27 8
27 7
27 6
27 5
27 4
27 3
27 2
27 1
27 0
28 11
28 10
28 9
28 8
28 7
28 6
28 5
28 4
28 3
28 2
28 1
28 0
29 0
29 1
29 2
29 3
29 4
29 5
29 6
29 7
0
Yes
31 12
32 12
33 12
33 11
32 11
31 11
30 11
29 11
29 10
30 10
31 10
32 10
33 10
29 9
30 9
31 9
32 9
33 9
29 8
30 8
31 8
32 8
33 8
30 7
31 7
32 7
33 7
30 6
31 6
32 6
0
Yes
35 25
35 26
34 26
34 25
33 25
33 26
32 25
32 26
0
Yes
31 21
31 22
31 23
31 24
31 25
31 26
31 27
30 27
30 26
30 25
30 24
30 23
30 22
30 21
29 27
29 26
29 25
29 24
29 23
29 22
29 21
29 20
28 20
28 21
28 22
28 23
28 24
28 25
28 26
28 27
27 27
27 26
27 25
27 24
27 23
27 22
27 21
27 20
26 20
26 21
26 22
26 23
26 24
26 25
26 26
26 27
25 27
25 26
25 25
25 24
25 23
25 22
25 21
25 20
24 20
24 21
24 22
24 23
24 24
24 25
24 26
24 27
29 19
28 19
27 19
26 19
25 19
24 19
24 18
25 18
26 18
27 18
28 18
27 17
26 17
25 17
25 16
26 16
27 16
0
Yes
9 21
9 22
9 23
9 24
9 25
9 26
9 20
9 19
10 19
10 20
10 21
10 22
10 23
10 24
10 25
10 26
11 19
11 20
11 21
11 22
11 23
11 24
11 25
11 26
12 26
12 25
12 24
12 23
12 22
12 21
12 20
12 19
13 19
13 20
13 21
13 22
13 23
13 24
13 25
13 26
14 26
14 25
14 24
14 23
14 22
14 21
14 20
14 19
15 19
15 20
15 21
15 22
15 23
15 24
15 25
15 26
16 19
16 20
16 21
16 22
16 23
16 24
16 25
16 26
17 19
17 20
17 21
17 22
17 23
17 24
17 25
17 26
18 19
18 20
18 21
18 22
18 23
18 24
18 25
18 26
19 19
19 20
19 21
19 22
19 23
19 24
19 25
19 26
20 20
20 21
20 22
20 23
20 24
20 25
20 26
21 21
21 22
21 23
21 24
21 25
21 26
21 27
20 27
19 27
18 27
17 27
16 27
15 27
14 27
13 27
12 27
11 27
10 27
9 27
0
Yes
15 40
16 40
17 40
18 40
19 40
19 39
18 39
17 39
16 39
15 39
20 39
21 39
21 38
20 38
19 38
18 38
17 38
16 38
15 38
15 37
16 37
17 37
18 37
19 37
20 37
21 37
21 36
20 36
19 36
18 36
17 36
16 36
15 36
15 35
16 35
17 35
18 35
19 35
20 35
21 35
21 34
20 34
19 34
18 34
17 34
16 34
15 34
15 33
16 33
17 33
18 33
19 33
20 33
21 33
21 32
20 32
19 32
18 32
17 32
16 32
15 32
21 31
20 31
19 31
18 31
17 31
16 31
15 31
21 30
20 30
19 30
18 30
17 30
16 30
15 30
20 29
19 29
18 29
17 29
16 29
15 29
20 28
19 28
18 28
17 28
16 28
15 28
14 28
14 29
14 30
14 31
14 32
14 33
14 34
14 35
14 36
14 37
14 38
14 39
14 40
13 40
13 39
13 38
13 37
13 36
13 35
13 34
13 33
13 32
13 31
13 30
13 29
13 28
12 39
12 38
12 37
12 36
12 35
12 34
12 33
0
No
0
Yes
34 0
34 1
34 2
34 3
34 4
34 5
34 6
33 6
33 5
33 4
33 3
33 2
33 1
33 0
32 5
32 4
32 3
32 2
32 1
32 0
31 5
31 4
31 3
31 2
31 1
31 0
30 5
30 4
30 3
30 2
30 1
30 0
34 7
35 7
35 6
35 5
35 4
35 3
35 2
35 1
35 0
36 0
36 1
36 2
36 3
36 4
36 5
36 6
36 7
37 7
37 6
37 5
37 4
37 3
37 2
37 1
37 0
38 0
38 1
38 2
38 3
38 4
38 5
38 6
38 7
39 7
39 6
39 5
39 4
39 3
39 2
39 1
39 0
40 5
40 4
40 3
40 2
40 1
40 0
0
Yes
10 29
10 28
11 28
11 29
12 28
12 29
12 30
11 30
10 30
12 31
11 31
10 31
12 32
11 32
10 32
9 28
9 29
9 30
9 31
9 32
8 28
8 29
8 30
8 31
8 32
0
Yes
23 36
23 37
23 38
23 39
24 39
24 38
24 37
24 36
25 36
25 37
25 38
25 39
25 35
24 35
23 35
24 34
23 34
24 33
23 33
26 35
26 36
26 37
26 38
26 39
27 35
27 36
27 37
27 38
27 39
28 35
28 36
28 37
28 38
28 39
29 37
29 38
29 39
30 37
30 38
30 39
31 37
31 38
31 39
22 33
22 34
22 35
22 36
22 37
22 38
22 39
23 40
24 40
25 40
26 40
27 40
28 40
29 40
30 40
31 40
31 41
30 41
29 41
28 41
27 41
26 41
25 41
24 41
31 42
30 42
29 42
28 42
27 42
26 42
25 42
24 42
28 43
27 43
26 43
25 43
24 43
24 44
25 44
26 44
27 44
32 39
32 38
32 37
33 37
33 38
33 39
22 32
0
No
0
Yes
9 37
9 38
8 38
8 37
8 36
9 36
8 35
9 35
8 34
9 34
8 33
9 33
10 33
10 34
10 35
10 36
10 37
10 38
11 38
11 37
11 36
0
Yes
9 11
10 11
10 10
9 10
11 10
11 9
10 9
9 9
9 8
10 8
11 8
9 7
10 7
11 7
8 7
8 8
8 9
8 10
8 11
7 11
7 10
7 9
7 8
7 7
6 7
6 8
6 9
6 10
6 11
5 11
5 10
5 9
5 8
4 8
4 9
4 10
3 10
3 9
3 8
12 9
12 8
12 7
13 9
13 8
13 7
0
No
1
953
9 14
8 14
8 13
9 13
9 12
8 12
9 15
10 15
10 16
9 16
8 16
11 16
8 17
9 17
10 17
11 17
8 18
9 18
10 18
11 18
12 18
12 17
13 17
13 18
7 13
Yes
18 35
18 36
18 37
18 38
19 38
19 37
19 36
19 35
20 35
20 36
20 37
20 38
21 38
21 37
21 36
21 35
21 34
20 34
19 34
18 34
21 33
20 33
19 33
18 33
21 32
20 32
19 32
18 32
21 31
20 31
19 31
18 31
21 30
20 30
19 30
18 30
20 29
19 29
18 29
17 29
17 30
17 31
17 32
17 33
17 34
17 35
17 36
17 37
17 38
16 38
16 37
16 36
16 35
16 34
16 33
16 32
16 31
16 30
16 29
15 29
15 30
15 31
15 32
15 33
15 34
15 35
15 36
15 37
15 38
14 38
14 37
14 36
14 35
14 34
14 33
14 32
14 31
14 30
14 29
13 29
13 30
13 31
13 32
13 33
13 34
13 35
13 36
13 37
13 38
12 38
12 37
12 36
12 35
12 34
12 33
12 32
12 31
12 30
12 29
11 35
11 34
11 33
11 32
11 31
11 30
11 29
10 32
10 31
10 30
10 29
9 32
9 31
9 30
9 29
8 32
8 31
8 30
8 29
8 28
9 28
10 28
11 28
12 28
13 28
14 28
15 28
16 28
17 28
18 28
19 28
20 28
7 30
12 39
13 39
14 39
15 39
16 39
17 39
18 39
19 39
20 39
21 39
19 40
18 40
17 40
16 40
15 40
14 40
13 40
13 41
0
No
0
Yes
22 25
22 26
22 27
22 28
22 24
22 23
22 22
23 22
23 23
23 24
23 25
23 26
23 27
23 28
23 29
24 29
24 28
24 27
24 26
24 25
24 24
24 23
24 22
25 29
25 28
25 27
25 26
25 25
25 24
25 23
25 22
26 22
26 23
26 24
26 25
26 26
26 27
26 28
26 29
26 30
27 30
27 29
27 28
27 27
27 26
27 25
27 24
27 23
27 22
28 29
28 28
28 27
28 26
28 25
28 24
28 23
28 22
29 27
29 26
29 25
29 24
29 23
29 22
30 27
30 26
30 25
30 24
30 23
30 22
31 22
31 23
31 24
31 25
31 26
31 27
32 27
32 26
32 25
0
No
0
No
0
Yes
6 49
6 48
6 47
5 47
5 48
5 49
4 49
4 48
4 47
3 47
3 48
3 49
2 49
2 48
2 47
2 46
3 46
4 46
5 46
0
Yes
35 8
36 8
37 8
38 8
38 9
37 9
36 9
35 9
38 10
37 10
36 10
35 10
35 11
36 11
37 11
38 11
38 12
37 12
36 12
35 12
0
Yes
21 42
20 42
19 42
19 41
20 41
21 41
0
Yes
28 0
29 0
29 1
28 1
29 2
28 2
29 3
28 3
29 4
28 4
27 4
27 3
27 2
27 1
27 0
26 0
26 1
26 2
26 3
26 4
25 4
25 3
25 2
25 1
25 0
24 0
24 1
24 2
24 3
24 4
23 4
23 3
23 2
23 1
23 0
23 5
24 5
25 5
26 5
27 5
28 5
29 5
23 6
24 6
25 6
26 6
27 6
28 6
29 6
30 6
30 7
29 7
28 7
27 7
26 7
25 7
24 7
23 7
0
Yes
47 48
47 49
48 49
48 48
49 48
49 49
49 47
48 47
47 47
47 46
48 46
49 46
49 45
48 45
47 45
46 45
46 46
46 47
46 48
46 49
45 49
45 48
45 47
45 46
45 45
45 44
46 44
47 44
48 44
49 44
49 43
48 43
47 43
46 43
45 43
46 42
47 42
48 42
49 42
0
No
0
Yes
13 44
13 45
13 43
14 45
14 44
14 43
15 45
15 44
15 43
0
No
0
Yes
22 20
22 21
23 21
23 20
23 19
24 21
24 20
24 19
24 18
25 21
25 20
25 19
25 18
25 17
25 16
26 16
26 17
26 18
26 19
26 20
26 21
27 16
27 17
27 18
27 19
27 20
27 21
28 18
28 19
28 20
28 21
0
Yes
4 29
4 30
5 30
5 29
6 29
6 30
3 30
0
Yes
35 31
35 32
35 33
35 34
35 35
35 36
35 37
35 38
36 38
36 37
36 36
36 35
36 34
36 33
36 32
36 31
37 38
37 37
37 36
37 35
37 34
37 33
37 32
37 31
38 38
38 37
38 36
38 35
38 34
38 33
38 32
38 31
39 38
39 37
39 36
39 35
39 34
39 33
39 32
39 31
40 38
40 37
40 36
40 35
40 34
40 33
40 32
40 31
41 34
41 35
41 36
41 37
41 38
41 33
41 32
41 31
41 30
40 30
39 30
38 30
37 30
36 30
35 30
39 29
40 29
41 29
38 29
37 29
36 29
35 29
38 28
37 28
36 28
35 28
36 27
35 27
41 28
42 38
42 37
42 36
42 28
42 29
42 30
42 31
42 32
42 33
43 33
43 32
43 31
43 30
43 29
43 28
0
Yes
22 27
22 28
22 26
22 25
22 24
22 23
23 23
23 24
23 25
23 26
23 27
23 28
23 29
24 29
24 28
24 27
24 26
24 25
24 24
24 23
25 29
25 28
25 27
25 26
25 25
25 24
25 23
22 22
23 22
24 22
25 22
22 21
23 21
24 21
25 21
22 20
23 20
24 20
25 20
23 19
24 19
25 19
24 18
25 18
25 17
25 16
26 16
26 17
26 18
26 19
26 20
26 21
26 22
26 23
26 24
26 25
26 26
26 27
26 28
26 29
26 30
27 30
27 29
27 28
27 27
27 26
27 25
27 24
27 23
27 22
27 21
27 20
27 19
27 18
27 17
27 16
28 18
28 19
28 20
28 21
28 22
28 23
28 24
28 25
28 26
28 27
28 28
28 29
29 19
29 20
29 21
29 22
29 23
29 24
29 25
29 26
29 27
29 28
29 29
0
Yes
4 36
4 37
4 38
5 38
5 37
5 36
6 36
6 37
6 38
7 38
7 37
7 36
7 35
6 35
5 35
4 35
4 34
5 34
6 34
7 34
7 33
6 33
5 33
4 33
3 33
3 34
3 35
3 36
3 37
3 38
2 38
2 37
2 36
2 35
2 34
2 33
1 33
1 34
1 35
1 36
1 37
1 38
0 38
0 37
0 36
0 35
0 34
0 33
0 39
1 39
2 39
3 39
4 39
5 39
6 39
7 39
7 40
6 40
5 40
4 40
3 40
2 40
1 40
0 40
7 41
6 41
5 41
4 41
3 41
2 41
1 41
0 41
0
Yes
35 18
35 17
36 17
36 18
37 18
38 18
38 19
37 19
36 19
35 19
38 20
37 20
36 20
35 20
37 21
36 21
35 21
37 22
36 22
35 22
36 23
35 23
36 24
35 24
34 18
34 19
34 20
34 21
34 22
34 23
34 24
33 18
33 19
33 20
33 21
33 22
33 23
33 24
32 19
32 20
32 21
32 22
32 23
32 24
31 21
31 22
31 23
31 24
30 21
30 22
30 23
30 24
30 25
31 25
32 25
33 25
34 25
35 25
35 26
34 26
33 26
32 26
31 26
30 26
30 27
31 27
32 27
33 27
34 27
34 28
33 28
32 28
31 28
30 28
30 29
31 29
32 29
33 29
0
Yes
33 32
34 32
34 33
33 33
34 34
33 34
34 31
33 31
34 30
33 30
32 30
32 31
32 32
32 33
32 34
31 30
31 31
31 32
31 33
31 34
30 30
30 31
30 32
30 33
30 34
29 30
29 31
29 32
29 33
29 34
28 33
28 34
34 35
33 35
32 35
31 35
30 35
29 35
28 35
27 35
26 35
25 35
34 36
33 36
32 36
31 36
30 36
29 36
28 36
27 36
26 36
25 36
34 37
33 37
32 37
31 37
30 37
29 37
28 37
27 37
26 37
25 37
34 38
33 38
32 38
31 38
30 38
29 38
28 38
27 38
26 38
25 38
34 39
33 39
32 39
31 39
30 39
29 39
28 39
27 39
26 39
25 39
31 40
30 40
29 40
28 40
27 40
26 40
25 40
31 41
30 41
29 41
28 41
27 41
26 41
25 41
31 42
30 42
29 42
28 42
27 42
26 42
25 42
28 43
27 43
26 43
25 43
27 44
26 44
25 44
24 44
24 43
24 42
24 41
24 40
24 39
24 38
24 37
24 36
24 35
24 34
24 33
23 33
23 34
23 35
23 36
23 37
23 38
23 39
23 40
22 39
22 38
22 37
22 36
22 35
22 34
22 33
22 32
21 39
0
Yes
20 31
20 32
19 32
19 31
19 30
20 30
20 29
19 29
20 28
19 28
18 28
18 29
18 30
18 31
18 32
17 28
17 29
17 30
17 31
17 32
16 28
16 29
16 30
16 31
16 32
15 28
15 29
15 30
15 31
15 32
14 28
14 29
14 30
14 31
14 32
13 28
13 29
13 30
13 31
13 32
12 28
12 29
12 30
12 31
12 32
11 28
11 29
11 30
11 31
11 32
10 28
10 29
10 30
10 31
10 32
9 28
9 29
9 30
9 31
9 32
8 28
8 29
8 30
8 31
8 32
21 30
21 31
21 32
21 33
20 33
19 33
18 33
17 33
16 33
15 33
14 33
13 33
12 33
11 33
10 33
9 33
8 33
8 34
9 34
10 34
11 34
12 34
13 34
14 34
15 34
16 34
17 34
18 34
19 34
20 34
21 34
21 35
20 35
19 35
18 35
17 35
16 35
15 35
14 35
13 35
12 35
11 35
10 35
9 35
8 35
8 36
9 36
10 36
11 36
12 36
13 36
14 36
15 36
0
Yes
38 11
38 12
38 10
38 9
38 8
37 8
37 9
37 10
37 11
37 12
36 8
36 9
36 10
36 11
36 12
35 12
35 11
35 10
35 9
35 8
35 13
36 13
37 13
38 13
35 14
36 14
37 14
38 14
35 15
36 15
37 15
38 15
34 8
34 9
34 10
0
Yes
5 27
5 28
5 29
6 29
6 28
6 27
7 28
7 29
7 27
8 27
8 26
7 26
6 26
5 26
8 25
7 25
6 25
5 25
8 24
7 24
6 24
5 24
8 23
7 23
6 23
5 23
8 22
7 22
6 22
5 22
8 21
7 21
6 21
5 21
8 20
7 20
6 20
5 20
8 19
7 19
6 19
5 19
4 19
4 20
4 21
4 22
4 23
4 24
4 25
4 26
4 27
4 28
4 29
3 29
3 28
3 27
3 26
3 25
3 24
3 23
3 22
3 21
3 20
3 19
3 18
2 18
2 19
2 20
2 21
2 22
2 23
2 24
2 25
2 26
2 27
2 28
2 29
1 18
1 19
1 20
1 21
1 22
1 23
1 24
1 25
1 26
1 27
1 28
1 29
0 19
0 20
0 21
0 22
0 23
0 24
0 25
0 26
0 27
0 28
0 29
7 30
6 30
5 30
4 30
1
976
23 24
22 24
22 25
23 25
22 26
23 26
22 27
23 27
22 28
23 28
22 23
23 23
22 22
23 22
24 22
24 23
24 24
24 25
24 26
24 27
24 28
25 28
25 27
25 26
25 25
25 24
25 23
25 22
26 22
26 23
26 24
26 25
26 26
26 27
26 28
27 28
27 27
27 26
27 25
27 24
27 23
27 22
28 22
28 23
28 24
28 25
28 26
28 27
28 28
23 29
24 29
25 29
26 29
27 29
28 29
29 29
29 28
29 27
29 26
29 25
29 24
29 23
29 22
27 30
26 30
29 21
28 21
27 21
26 21
25 21
24 21
23 21
Yes
12 3
11 3
11 2
12 2
13 2
13 3
13 4
13 1
12 1
11 1
10 1
10 0
11 0
12 0
13 0
13 5
14 5
14 6
13 6
14 7
13 7
13 8
13 9
12 9
12 8
12 7
12 6
12 5
11 5
11 6
11 7
11 8
11 9
10 5
10 6
10 7
10 8
10 9
11 10
10 10
10 11
9 11
9 10
9 9
9 8
9 7
8 7
8 8
8 9
8 10
8 11
7 11
7 10
7 9
7 8
7 7
6 7
6 8
6 9
6 10
6 11
5 11
5 10
5 9
5 8
4 8
4 9
4 10
3 10
3 9
3 8
8 5
6 6
6 5
4 6
8 6
4 7
10 3
13 10
14 9
0
Yes
6 31
7 31
7 32
6 32
7 33
6 33
7 34
6 34
7 35
6 35
7 36
6 36
5 31
5 32
5 33
5 34
5 35
5 36
4 31
4 32
4 33
4 34
4 35
4 36
4 37
5 37
6 37
7 37
3 37
3 36
3 35
3 34
3 33
3 32
3 31
3 30
2 30
2 31
2 32
2 33
2 34
2 35
2 36
2 37
1 30
1 31
1 32
1 33
1 34
1 35
1 36
1 37
0 30
0 31
0 32
0 33
0 34
0 35
0 36
0 37
0 38
1 38
2 38
3 38
4 38
5 38
6 38
0
Yes
0 3
0 4
1 4
1 3
0
Yes
19 42
20 42
21 42
21 41
20 41
0
Yes
23 22
22 22
22 23
23 23
22 21
23 21
22 20
23 20
23 19
24 19
24 20
24 21
24 22
24 23
24 18
25 18
25 19
25 20
25 21
25 22
25 23
25 17
25 16
26 16
26 17
26 18
26 19
26 20
26 21
26 22
26 23
27 16
27 17
27 18
27 19
27 20
27 21
27 22
27 23
28 18
28 19
28 20
28 21
28 22
28 23
29 19
29 20
29 21
29 22
29 23
30 21
30 22
30 23
31 21
31 22
31 23
22 24
23 24
24 24
25 24
26 24
27 24
28 24
29 24
30 24
31 24
22 25
23 25
24 25
25 25
26 25
27 25
28 25
29 25
30 25
31 25
22 26
23 26
24 26
25 26
26 26
27 26
28 26
29 26
30 26
31 26
22 27
23 27
24 27
25 27
26 27
27 27
28 27
29 27
30 27
31 27
22 28
23 28
24 28
25 28
26 28
27 28
28 28
29 28
30 28
31 28
23 29
24 29
25 29
26 29
27 29
28 29
29 29
30 29
31 29
27 30
26 30
32 29
32 28
32 27
32 26
32 25
32 24
32 23
32 22
32 21
32 20
32 19
0
Yes
15 36
15 37
15 38
15 39
16 39
16 38
16 37
16 36
17 36
17 37
17 38
17 39
18 39
18 38
18 37
18 36
19 36
19 37
19 38
19 39
20 39
20 38
20 37
20 36
21 38
21 37
21 36
21 35
20 35
19 35
18 35
17 35
16 35
15 35
21 34
20 34
19 34
18 34
17 34
16 34
15 34
21 33
20 33
19 33
18 33
17 33
16 33
15 33
21 32
20 32
19 32
18 32
17 32
16 32
15 32
21 31
20 31
19 31
18 31
17 31
16 31
15 31
21 30
20 30
19 30
18 30
17 30
16 30
15 30
20 29
19 29
18 29
17 29
16 29
15 29
20 28
19 28
18 28
17 28
16 28
15 28
14 28
14 29
14 30
14 31
14 32
14 33
14 34
14 35
14 36
14 37
14 38
14 39
13 28
13 29
13 30
13 31
13 32
13 33
13 34
13 35
13 36
13 37
13 38
13 39
12 39
12 38
12 37
12 36
12 35
12 34
12 33
12 32
12 31
0
Yes
25 22
25 23
25 24
25 25
25 26
25 27
25 28
25 29
24 29
24 28
24 27
24 26
24 25
24 24
24 23
24 22
23 29
23 28
23 27
23 26
23 25
23 24
23 23
23 22
22 28
22 27
22 26
22 25
22 24
22 23
22 22
22 21
23 21
24 21
25 21
26 21
26 22
26 23
26 24
26 25
26 26
26 27
26 28
26 29
26 30
27 30
27 29
27 28
27 27
27 26
27 25
27 24
27 23
27 22
27 21
28 29
28 28
28 27
28 26
28 25
28 24
28 23
28 22
28 21
29 29
29 28
29 27
29 26
29 25
29 24
29 23
29 22
29 21
30 21
30 22
30 23
30 24
30 25
30 26
30 27
30 28
30 29
22 20
23 20
24 20
25 20
26 20
27 20
28 20
29 20
29 19
28 19
27 19
26 19
25 19
24 19
23 19
24 18
25 18
26 18
27 18
28 18
27 17
26 17
25 17
25 16
26 16
27 16
0
Yes
25 0
25 1
25 2
25 3
25 4
25 5
25 6
26 6
26 5
26 4
26 3
26 2
26 1
26 0
27 0
27 1
27 2
27 3
27 4
27 5
27 6
28 6
28 5
28 4
28 3
28 2
28 1
28 0
29 0
29 1
29 2
29 3
29 4
29 5
29 6
30 6
30 5
30 4
30 3
30 2
30 1
30 0
31 0
31 1
31 2
31 3
31 4
31 5
31 6
24 6
24 5
24 4
24 3
24 2
24 1
24 0
23 0
23 1
23 2
23 3
23 4
23 5
23 6
23 7
24 7
25 7
26 7
27 7
28 7
29 7
30 7
31 7
0
Yes
33 0
32 0
32 1
33 1
32 2
33 2
32 3
33 3
32 4
33 4
32 5
33 5
34 5
34 4
34 3
34 2
34 1
34 0
35 0
35 1
35 2
35 3
35 4
35 5
36 5
36 4
36 3
36 2
36 1
36 0
37 0
37 1
37 2
37 3
37 4
37 5
38 5
38 4
38 3
38 2
38 1
38 0
39 0
39 1
39 2
39 3
39 4
39 5
39 6
38 6
37 6
36 6
35 6
0
Yes
48 0
48 1
48 2
48 3
49 3
49 2
49 1
49 0
47 3
47 2
47 1
47 0
46 0
46 1
46 2
46 3
45 3
45 2
45 1
45 0
45 4
46 4
47 4
48 4
49 4
45 5
46 5
47 5
0
Yes
47 42
48 42
49 42
46 42
46 43
47 43
48 43
49 43
49 44
48 44
47 44
46 44
46 45
47 45
48 45
49 45
49 46
48 46
47 46
46 46
46 47
47 47
48 47
49 47
49 48
48 48
47 48
46 48
46 49
47 49
48 49
49 49
45 49
45 48
45 47
45 46
0
Yes
37 18
38 18
38 19
37 19
36 19
36 18
36 17
35 17
35 18
35 19
34 18
34 19
33 18
33 19
32 19
38 20
37 20
36 20
35 20
34 20
33 20
32 20
37 21
36 21
35 21
34 21
33 21
32 21
37 22
36 22
35 22
0
Yes
32 41
32 40
33 40
33 41
34 40
34 41
32 42
33 42
34 42
32 43
33 43
34 43
32 44
33 44
34 44
32 45
33 45
34 45
32 46
33 46
34 46
32 47
33 47
34 47
32 48
33 48
34 48
32 49
33 49
34 49
35 49
35 48
35 47
35 46
35 45
35 44
35 43
35 42
35 41
35 40
35 39
35 38
36 38
36 39
36 40
36 41
36 42
36 43
36 44
36 45
36 46
36 47
36 48
36 49
37 49
37 48
37 47
37 46
37 45
37 44
37 43
37 42
37 41
37 40
37 39
37 38
38 38
38 39
38 40
38 41
38 42
38 43
38 44
38 45
38 46
38 47
38 48
38 49
39 49
39 48
39 47
39 46
39 45
39 44
39 43
39 42
39 41
39 40
39 39
39 38
40 38
40 39
40 40
40 41
40 42
40 43
40 44
40 45
40 46
40 47
40 48
40 49
41 49
41 48
41 47
41 46
41 45
41 44
41 43
41 42
41 41
41 40
41 39
41 38
42 38
42 39
42 40
42 41
42 42
42 43
42 44
42 45
42 46
42 47
42 48
42 49
43 40
43 41
43 42
43 43
43 44
43 45
43 46
43 47
43 48
43 49
44 49
44 48
44 47
44 46
44 45
44 44
44 43
44 42
0
Yes
41 9
41 8
42 8
42 9
43 8
43 9
43 10
42 10
41 10
41 11
42 11
43 11
44 11
44 10
44 9
44 8
44 7
45 10
45 9
45 8
45 7
45 6
46 10
46 9
46 8
46 7
46 6
47 6
47 7
47 8
44 12
43 12
42 12
41 12
41 13
43 13
44 13
40 13
40 12
40 11
40 10
40 9
40 8
40 7
39 7
39 8
39 9
39 10
39 11
39 12
39 13
39 14
38 7
38 8
38 9
38 10
38 11
38 12
38 13
38 14
48 8
48 7
48 6
48 5
48 9
49 9
49 8
49 7
49 6
49 5
37 7
37 8
37 9
37 10
37 11
37 12
37 13
37 14
37 15
38 15
39 15
40 15
38 16
39 16
40 16
40 17
39 17
36 15
36 14
36 13
36 12
36 11
36 10
36 9
36 8
36 7
35 15
35 14
35 13
35 12
35 11
35 10
35 9
35 8
35 7
0
Yes
14 46
15 46
15 45
14 45
13 45
13 44
14 44
15 44
13 43
14 43
15 43
0
Yes
18 49
18 48
18 47
18 46
17 46
17 47
17 48
17 49
16 46
16 47
16 48
16 49
15 47
15 48
15 49
14 48
14 49
0
Yes
49 4
48 4
48 3
49 3
49 2
48 2
48 1
49 1
49 0
48 0
47 0
47 1
47 2
47 3
47 4
46 4
46 3
46 2
46 1
46 0
45 4
45 3
45 2
45 1
45 0
44 3
44 2
44 1
44 0
0
Yes
33 1
32 1
32 2
33 2
32 3
33 3
32 4
33 4
32 0
33 0
34 0
34 1
34 2
34 3
34 4
35 4
35 3
35 2
35 1
35 0
36 0
36 1
36 2
36 3
36 4
37 4
37 3
37 2
37 1
37 0
38 0
38 1
38 2
38 3
38 4
32 5
33 5
34 5
35 5
36 5
37 5
