0
Yes
0 49
0 48
1 48
1 49
0
Yes
0 0
0 1
0 2
0 3
0 4
0 5
1 5
1 4
1 3
1 2
1 1
1 0
2 0
2 1
2 2
2 3
2 4
2 5
3 5
3 4
3 3
3 2
3 1
3 0
4 0
4 1
4 2
4 3
4 4
4 5
5 5
5 4
5 3
5 2
5 1
5 0
6 0
6 1
6 2
6 3
6 4
6 5
7 5
7 4
7 3
7 2
7 1
7 0
8 0
8 1
8 2
8 3
8 4
0
Yes
17 24
18 24
19 24
20 24
17 23
18 23
19 23
20 23
0
Yes
47 36
47 35
48 35
48 36
49 35
49 36
46 36
45 36
45 37
46 37
47 37
48 37
49 37
49 38
48 38
47 38
46 38
45 38
45 39
46 39
47 39
48 39
49 39
49 40
48 40
47 40
46 40
45 40
45 41
46 41
47 41
48 41
49 41
49 42
48 42
47 42
46 42
0
Yes
46 7
46 8
46 9
47 9
47 8
47 7
45 8
45 7
44 7
48 8
48 7
49 8
49 7
49 6
48 6
47 6
46 6
45 6
44 6
44 5
45 5
46 5
47 5
48 5
49 5
49 4
48 4
47 4
46 4
45 4
44 4
44 3
45 3
46 3
47 3
48 3
49 3
49 2
48 2
47 2
46 2
45 2
44 2
44 1
45 1
46 1
47 1
48 1
49 1
49 0
48 0
47 0
46 0
45 0
44 0
43 0
43 1
43 2
43 3
43 4
43 5
43 6
0
Yes
0 47
1 47
2 47
2 48
2 49
3 49
3 48
3 47
4 47
4 48
4 49
5 49
5 48
5 47
6 47
6 48
6 49
7 49
7 48
7 47
7 46
6 46
5 46
4 46
3 46
2 46
1 46
0 46
0 45
1 45
2 45
3 45
4 45
5 45
6 45
7 45
7 44
6 44
5 44
4 44
3 44
2 44
1 44
0 44
0 43
1 43
2 43
3 43
4 43
5 43
6 43
7 43
7 42
6 42
5 42
4 42
3 42
2 42
1 42
0 42
0 41
1 41
2 41
3 41
4 41
5 41
6 41
7 41
7 40
6 40
5 40
4 40
3 40
2 40
1 40
0 40
0 39
1 39
2 39
3 39
4 39
5 39
6 39
7 39
0
Yes
42 1
42 2
42 3
42 4
42 5
42 6
42 0
41 0
41 1
41 2
41 3
41 4
41 5
41 6
41 7
42 7
43 7
43 8
42 8
41 8
43 9
42 9
41 9
40 9
40 8
40 7
40 6
40 5
40 4
40 3
40 2
40 1
40 0
39 0
39 1
39 2
39 3
39 4
39 5
39 6
39 7
39 8
39 9
38 9
38 8
38 7
38 6
38 5
38 4
38 3
38 2
38 1
38 0
37 0
37 1
37 2
37 3
37 4
37 5
37 6
37 7
37 8
37 9
36 9
36 8
36 7
36 6
36 5
36 4
36 3
36 2
36 1
36 0
35 0
35 1
35 2
35 3
35 4
35 5
35 6
35 7
35 8
35 9
42 10
41 10
40 10
39 10
38 10
37 10
36 10
35 10
0
Yes
0 38
1 38
2 38
3 38
4 38
4 37
3 37
2 37
1 37
0 37
0 36
1 36
2 36
3 36
4 36
4 35
3 35
2 35
1 35
0 35
0 34
1 34
2 34
3 34
4 34
4 33
3 33
2 33
1 33
0 33
0 32
1 32
2 32
3 32
4 32
4 31
3 31
2 31
1 31
0 31
0 30
1 30
2 30
3 30
4 30
5 38
5 37
5 36
5 35
5 34
5 33
5 32
5 31
5 30
6 38
6 37
6 36
6 35
6 34
6 33
6 32
6 31
6 30
7 38
7 37
7 36
7 35
7 34
7 33
7 32
7 31
0
Yes
41 4
42 4
42 3
41 3
42 2
41 2
40 2
40 3
40 4
42 1
41 1
40 1
42 0
41 0
40 0
42 5
41 5
0
Yes
10 49
11 49
12 49
13 49
14 49
15 49
16 49
16 48
15 48
14 48
13 48
12 48
11 48
10 48
16 47
15 47
14 47
13 47
12 47
11 47
10 47
15 46
14 46
13 46
12 46
11 46
10 46
15 45
14 45
13 45
12 45
11 45
10 45
15 44
14 44
13 44
12 44
11 44
10 44
15 43
14 43
13 43
12 43
11 43
10 43
15 42
14 42
13 42
12 42
11 42
10 42
13 41
12 41
11 41
10 41
13 40
12 40
11 40
10 40
11 39
10 39
11 38
10 38
11 37
10 37
9 37
9 38
9 39
9 40
9 41
9 42
9 43
9 44
9 45
9 46
9 47
9 48
9 49
8 49
8 48
8 47
8 46
8 45
8 44
8 43
8 42
8 41
8 40
8 39
8 38
8 37
8 36
9 36
10 36
11 36
12 36
12 35
11 35
10 35
9 35
8 35
8 34
9 34
10 34
11 34
12 34
13 34
14 34
14 33
13 33
12 33
11 33
10 33
9 33
8 33
8 32
9 32
10 32
11 32
12 32
13 32
14 32
14 31
13 31
12 31
11 31
10 31
9 31
8 31
12 30
11 30
10 30
9 30
8 30
7 30
7 29
8 29
9 29
10 29
0
Yes
41 49
42 49
43 49
44 49
45 49
46 49
47 49
48 49
49 49
49 48
48 48
47 48
46 48
45 48
44 48
43 48
42 48
41 48
40 48
40 47
41 47
42 47
43 47
44 47
45 47
46 47
47 47
48 47
49 47
49 46
48 46
47 46
46 46
45 46
44 46
43 46
42 46
41 46
40 46
40 45
41 45
42 45
43 45
44 45
45 45
46 45
47 45
48 45
49 45
49 44
48 44
47 44
46 44
45 44
44 44
43 44
42 44
41 44
40 44
46 43
47 43
48 43
49 43
45 43
44 43
43 43
42 43
41 43
40 43
45 42
44 42
43 42
42 42
41 42
40 42
44 41
43 41
42 41
41 41
40 41
44 40
43 40
42 40
41 40
40 40
44 39
43 39
42 39
41 39
40 39
39 48
39 47
39 46
39 45
39 44
39 43
39 42
39 41
39 40
39 39
38 39
38 44
38 45
38 38
39 38
40 38
41 38
0
Yes
40 37
39 37
38 37
38 36
39 36
40 36
40 35
0
Yes
44 36
44 37
44 35
43 35
43 36
43 37
42 37
42 36
42 35
42 34
41 34
41 35
41 36
41 37
42 38
43 38
44 38
0
Yes
49 0
49 1
49 2
49 3
49 4
49 5
49 6
49 7
49 8
48 8
48 7
48 6
48 5
48 4
48 3
48 2
48 1
48 0
47 0
47 1
47 2
47 3
47 4
47 5
47 6
47 7
47 8
47 9
46 9
46 8
46 7
46 6
46 5
46 4
46 3
46 2
46 1
46 0
45 8
45 7
45 6
45 5
45 4
45 3
45 2
45 1
45 0
44 7
44 6
44 5
44 4
44 3
44 2
44 1
44 0
43 0
43 1
43 2
43 3
43 4
43 5
43 6
43 7
43 8
43 9
42 9
42 8
42 7
42 6
42 5
42 4
42 3
42 2
42 1
42 0
41 0
41 1
41 2
41 3
41 4
41 5
41 6
41 7
41 8
41 9
40 9
40 8
40 7
40 6
40 5
40 4
40 3
40 2
40 1
40 0
39 0
39 1
39 2
39 3
39 4
39 5
39 6
0
Yes
1 29
2 29
3 29
4 29
5 29
6 29
0 29
0 28
1 28
2 28
3 28
4 28
5 28
6 28
7 28
8 28
9 28
10 28
10 27
9 27
8 27
7 27
6 27
5 27
4 27
3 27
2 27
1 27
0 27
0 26
1 26
2 26
3 26
4 26
5 26
6 26
7 26
8 26
9 26
10 26
10 25
9 25
8 25
7 25
6 25
5 25
4 25
3 25
2 25
1 25
0 25
0 24
1 24
2 24
3 24
4 24
5 24
6 24
7 24
8 24
9 24
10 24
10 23
9 23
8 23
7 23
6 23
5 23
4 23
3 23
2 23
1 23
0 23
0 22
1 22
2 22
3 22
4 22
5 22
6 22
7 22
8 22
9 22
10 22
10 21
9 21
8 21
7 21
6 21
5 21
4 21
3 21
2 21
1 21
0 21
0 20
1 20
2 20
3 20
4 20
5 20
6 20
7 20
8 20
9 20
10 20
10 19
9 19
8 19
7 19
6 19
5 19
4 19
3 19
2 19
1 19
0 19
0 18
1 18
2 18
3 18
4 18
5 18
6 18
7 18
8 18
9 18
10 18
10 17
9 17
8 17
7 17
6 17
5 17
4 17
3 17
2 17
1 17
0 17
0 16
1 16
2 16
3 16
4 16
5 16
6 16
7 16
8 16
9 16
0
Yes
1 6
2 6
3 6
0 6
0 7
1 7
2 7
3 7
3 8
2 8
1 8
0 8
0 9
1 9
2 9
3 9
3 10
2 10
1 10
0 10
0 11
1 11
2 11
0
Yes
27 9
28 9
29 9
30 9
31 9
32 9
33 9
34 9
35 9
35 8
34 8
33 8
32 8
31 8
30 8
29 8
28 8
27 8
27 7
28 7
29 7
30 7
31 7
32 7
33 7
34 7
35 7
35 6
34 6
33 6
32 6
31 6
30 6
29 6
28 6
27 6
27 5
28 5
29 5
30 5
31 5
32 5
33 5
34 5
35 5
35 4
34 4
33 4
32 4
31 4
30 4
29 4
28 4
27 4
27 3
28 3
29 3
30 3
31 3
32 3
33 3
34 3
35 3
35 2
34 2
33 2
32 2
31 2
30 2
29 2
28 2
27 2
27 1
28 1
29 1
30 1
31 1
32 1
33 1
34 1
35 1
35 0
34 0
33 0
32 0
31 0
30 0
29 0
28 0
27 0
26 0
26 1
26 2
26 3
26 4
26 5
26 6
26 7
26 8
26 9
36 0
36 1
36 2
36 3
36 4
36 5
36 6
36 7
36 8
36 9
37 9
37 8
37 7
37 6
37 5
37 4
37 3
37 2
37 1
37 0
38 0
38 1
38 2
38 3
38 4
38 5
38 6
38 7
38 8
38 9
0
Yes
16 0
16 1
16 2
16 3
16 4
16 5
16 6
16 7
17 7
17 6
17 5
17 4
17 3
17 2
17 1
17 0
18 0
18 1
18 2
18 3
18 4
18 5
18 6
18 7
19 7
19 6
19 5
19 4
19 3
19 2
19 1
19 0
20 0
20 1
20 2
20 3
20 4
20 5
20 6
20 7
21 7
21 6
21 5
21 4
21 3
21 2
21 1
21 0
22 0
22 1
22 2
22 3
22 4
22 5
22 6
22 7
23 7
23 6
23 5
23 4
23 3
23 2
23 1
23 0
24 0
24 1
24 2
24 3
24 4
24 5
24 6
24 7
25 7
25 6
25 5
25 4
25 3
25 2
25 1
25 0
15 7
15 6
15 5
15 4
15 3
15 2
15 1
15 0
14 0
14 1
14 2
14 3
14 4
14 5
14 6
14 7
25 8
24 8
23 8
22 8
21 8
20 8
19 8
18 8
17 8
16 8
15 8
14 8
25 9
24 9
23 9
22 9
21 9
20 9
19 9
18 9
0
Yes
39 29
39 30
39 31
39 32
40 32
40 31
41 31
41 32
38 32
38 31
38 30
38 29
37 32
37 31
37 30
37 29
36 30
36 29
36 28
37 28
38 28
39 28
40 28
35 28
35 29
35 30
35 31
34 31
34 30
34 29
34 28
40 27
39 27
38 27
37 27
36 27
35 27
34 27
39 26
38 26
37 26
36 26
35 26
34 26
37 25
36 25
35 25
34 25
37 24
36 24
35 24
34 24
37 23
36 23
35 23
34 23
33 30
33 29
33 28
33 27
33 26
33 25
33 24
33 23
32 30
32 29
32 28
32 27
32 26
32 25
32 24
32 23
31 28
31 27
0
Yes
0 12
1 12
2 12
2 13
1 13
0 13
0 14
1 14
2 14
2 15
1 15
0 15
0
Yes
39 20
39 19
39 18
39 17
39 16
39 15
40 15
40 14
39 14
41 14
41 13
40 13
39 13
39 12
40 12
41 12
41 11
40 11
39 11
39 10
40 10
41 10
38 10
38 11
38 12
38 13
38 14
38 15
38 16
38 17
38 18
38 19
38 20
38 21
38 22
37 22
37 21
37 20
37 19
37 18
37 17
37 16
37 15
37 14
37 13
37 12
37 11
37 10
36 10
36 11
36 12
36 13
36 14
36 15
36 16
36 17
36 18
36 19
36 20
36 21
36 22
42 10
42 11
42 12
35 22
35 21
35 20
35 19
35 18
35 17
35 16
35 15
35 14
35 13
35 12
35 11
35 10
34 10
34 11
34 12
34 13
34 14
34 15
34 16
34 17
34 18
0
Yes
0 38
1 38
2 38
3 38
4 38
5 38
5 37
4 37
3 37
2 37
1 37
0 37
0 36
1 36
2 36
3 36
4 36
5 36
5 35
4 35
3 35
2 35
1 35
0 35
0 34
1 34
2 34
3 34
4 34
5 34
5 33
4 33
3 33
2 33
1 33
0 33
0 32
1 32
2 32
3 32
4 32
5 32
5 31
4 31
3 31
2 31
1 31
0 31
0 30
1 30
2 30
3 30
4 30
5 30
6 30
6 31
6 32
0
Yes
11 0
11 1
11 2
11 3
12 3
12 2
12 1
12 0
13 0
13 1
13 2
13 3
10 3
10 2
10 1
10 0
9 0
9 1
9 2
9 3
9 4
10 4
11 4
12 4
13 4
13 5
0
Yes
30 10
31 10
32 10
33 10
33 11
32 11
31 11
30 11
33 12
32 12
31 12
30 12
33 13
32 13
31 13
30 13
33 14
32 14
31 14
30 14
33 15
32 15
31 15
30 15
33 16
32 16
31 16
30 16
33 17
32 17
31 17
30 17
29 10
29 11
29 12
29 13
29 14
29 15
29 16
29 17
28 10
28 11
28 12
28 13
28 14
28 15
28 16
28 17
27 10
27 11
27 12
27 13
27 14
27 15
27 16
27 17
26 10
26 11
26 12
26 13
0
Yes
26 24
27 24
27 25
27 26
28 26
28 25
28 24
29 26
29 25
29 24
30 26
30 25
30 24
31 26
31 25
31 24
31 23
30 23
29 23
28 23
27 23
26 23
25 23
24 23
24 22
25 22
26 22
27 22
28 22
29 22
30 22
31 22
32 22
23 22
23 21
24 21
25 21
26 21
27 21
28 21
29 21
30 21
31 21
32 21
32 20
31 20
30 20
29 20
28 20
27 20
26 20
25 20
24 20
23 20
23 19
24 19
25 19
26 19
27 19
28 19
29 19
30 19
31 19
32 19
32 18
31 18
30 18
29 18
28 18
27 18
26 18
25 18
24 18
23 18
26 17
25 17
24 17
23 17
33 18
33 19
33 20
33 21
33 22
34 22
34 21
34 20
34 19
26 16
25 16
24 16
23 16
26 15
25 15
24 15
23 15
26 14
25 14
24 14
23 14
25 13
24 13
23 13
25 12
24 12
23 12
25 11
24 11
23 11
25 10
24 10
23 10
22 10
22 11
22 12
22 13
22 14
22 15
22 16
22 17
22 18
22 19
22 20
22 21
22 22
21 22
21 21
21 20
21 19
21 18
21 17
21 16
21 15
21 14
21 13
21 12
21 11
21 10
20 10
20 11
20 12
20 13
20 14
20 15
20 16
20 17
0
Yes
44 48
44 49
45 49
45 48
46 48
46 49
47 49
47 48
48 48
48 49
49 49
49 48
49 47
48 47
47 47
46 47
45 47
44 47
44 46
45 46
46 46
47 46
48 46
49 46
49 45
48 45
47 45
46 45
45 45
44 45
44 44
45 44
46 44
47 44
48 44
49 44
49 43
48 43
47 43
46 43
45 43
44 43
45 42
44 42
43 42
43 43
43 44
43 45
43 46
43 47
43 48
43 49
42 49
42 48
42 47
42 46
42 45
42 44
0
Yes
38 39
38 38
38 37
38 36
39 36
39 37
39 38
39 39
39 40
39 41
39 42
39 43
40 43
40 42
40 41
40 40
40 39
40 38
40 37
40 36
41 36
41 37
41 38
41 39
41 40
41 41
41 42
41 43
42 43
42 42
42 41
42 40
42 39
42 38
42 37
42 36
43 41
43 40
43 39
43 38
43 37
43 36
44 41
44 40
44 39
44 38
44 37
44 36
44 35
43 35
42 35
41 35
40 35
40 34
41 34
42 34
38 35
0
Yes
39 47
39 48
40 48
40 47
41 48
41 47
41 46
40 46
39 46
0
Yes
0 8
0 9
0 10
0 11
1 11
1 10
1 9
1 8
2 11
2 10
2 9
2 8
3 8
3 9
3 10
3 11
3 12
3 13
3 14
3 15
4 15
4 14
4 13
4 12
4 11
4 10
4 9
4 8
5 15
5 14
5 13
5 12
5 11
5 10
5 9
5 8
6 15
6 14
6 13
6 12
6 11
6 10
6 9
6 8
7 15
7 14
7 13
7 12
7 11
7 10
7 9
7 8
8 15
8 14
8 13
8 12
8 11
8 10
8 9
8 8
9 15
9 14
9 13
9 12
9 11
9 10
9 9
9 8
9 7
8 7
7 7
6 7
5 7
4 7
3 7
2 7
1 7
0 7
0 6
1 6
2 6
3 6
4 6
5 6
6 6
7 6
8 6
9 6
10 6
10 7
10 8
10 9
10 10
10 11
10 12
10 13
10 14
10 15
10 16
11 16
11 15
11 14
11 13
11 12
11 11
11 10
11 9
11 8
11 7
0
Yes
19 17
19 18
20 18
20 19
19 19
20 20
19 20
20 21
19 21
20 22
19 22
18 22
18 21
18 20
18 19
18 18
18 17
17 22
17 21
17 20
17 19
17 18
17 17
16 22
16 21
16 20
16 19
16 18
0
Yes
34 26
35 26
36 26
36 25
35 25
34 25
34 24
35 24
36 24
36 23
35 23
34 23
33 23
33 24
33 25
33 26
32 23
32 24
32 25
32 26
32 27
33 27
34 27
35 27
36 27
0
No
1
29
4 49
5 49
6 49
6 48
5 48
4 48
4 47
5 47
6 47
6 46
5 46
4 46
3 46
3 47
3 48
3 49
2 49
2 48
2 47
2 46
1 46
1 47
1 48
1 49
0 49
0 48
0 47
0 46
Yes
15 28
15 27
15 26
14 26
14 27
14 28
13 28
13 27
13 26
13 29
12 29
12 28
12 27
12 26
11 29
11 28
11 27
11 26
11 25
12 25
13 25
11 24
12 24
13 24
14 24
14 23
13 23
12 23
11 23
11 22
12 22
13 22
14 22
15 22
16 22
17 22
18 22
19 22
20 22
20 21
19 21
18 21
17 21
16 21
15 21
14 21
13 21
12 21
11 21
11 20
12 20
13 20
14 20
15 20
16 20
17 20
18 20
19 20
20 20
20 19
19 19
18 19
17 19
16 19
15 19
14 19
13 19
12 19
11 19
20 18
19 18
18 18
17 18
16 18
15 18
14 18
13 18
12 18
11 18
11 17
12 17
13 17
14 17
15 17
16 17
17 17
18 17
19 17
19 16
18 16
17 16
16 16
15 16
14 16
13 16
12 16
12 15
13 15
14 15
15 15
16 15
17 15
18 15
19 15
19 14
18 14
17 14
16 14
15 14
14 14
13 14
12 14
12 13
13 13
14 13
15 13
16 13
17 13
18 13
19 13
19 12
18 12
17 12
16 12
15 12
14 12
13 12
12 12
12 11
13 11
14 11
15 11
16 11
17 11
18 11
19 11
19 10
18 10
17 10
16 10
15 10
14 10
13 10
12 10
17 9
16 9
15 9
14 9
13 9
0
Yes
0 43
0 44
0 45
1 45
1 44
1 43
2 45
2 44
2 43
3 45
3 44
3 43
3 42
2 42
1 42
0 42
0
Yes
5 44
5 45
4 45
4 44
4 43
5 43
4 42
5 42
6 45
6 44
6 43
6 42
7 45
7 44
7 43
7 42
7 41
6 41
5 41
4 41
3 41
2 41
1 41
0 41
7 40
6 40
5 40
4 40
3 40
2 40
1 40
0 40
0 39
1 39
2 39
3 39
4 39
5 39
6 39
0
Yes
15 44
15 45
15 46
15 43
15 42
14 42
14 43
14 44
14 45
14 46
14 47
15 47
15 48
14 48
14 49
15 49
13 49
13 48
13 47
13 46
13 45
13 44
13 43
13 42
13 41
13 40
12 40
12 41
12 42
12 43
12 44
12 45
12 46
12 47
12 48
12 49
11 49
11 48
11 47
11 46
11 45
11 44
11 43
11 42
11 41
11 40
11 39
11 38
11 37
11 36
12 36
12 35
11 35
11 34
12 34
13 34
14 34
14 33
13 33
12 33
11 33
10 33
10 34
10 35
10 36
10 37
10 38
10 39
10 40
10 41
10 42
10 43
10 44
10 45
10 46
10 47
10 48
10 49
9 49
9 48
9 47
9 46
9 45
9 44
9 43
9 42
9 41
9 40
9 39
9 38
9 37
9 36
9 35
9 34
9 33
8 40
8 41
8 42
8 43
8 44
8 45
8 46
8 47
8 48
8 49
8 39
8 38
8 37
8 36
8 35
8 34
8 33
7 39
7 38
7 37
7 36
7 35
7 34
7 33
7 46
7 47
7 48
7 49
6 33
6 34
6 35
6 36
6 37
6 38
16 47
16 48
16 49
7 32
8 32
9 32
10 32
11 32
12 32
13 32
14 32
14 31
13 31
12 31
11 31
10 31
9 31
8 31
0
No
0
Yes
38 45
38 44
39 44
39 45
40 45
40 44
41 44
41 45
0
No
0
No
0
No
0
No
0
Yes
0 47
0 46
1 46
1 47
2 46
2 47
3 46
3 47
3 48
2 48
1 48
0 48
0 49
1 49
2 49
3 49
4 46
4 47
4 48
4 49
5 46
5 47
5 48
5 49
6 46
6 47
6 48
0
No
0
No
0
Yes
44 49
45 49
46 49
47 49
48 49
49 49
49 48
48 48
47 48
46 48
45 48
44 48
44 47
45 47
46 47
47 47
48 47
49 47
49 46
48 46
47 46
46 46
45 46
44 46
44 45
45 45
46 45
47 45
48 45
49 45
43 45
43 46
43 47
43 48
43 49
42 49
42 48
42 47
42 46
42 45
42 44
43 44
44 44
45 44
46 44
47 44
48 44
1
30
10 0
9 0
9 1
10 1
9 2
10 2
9 3
10 3
9 4
10 4
11 4
11 3
11 2
11 1
11 0
12 0
12 1
12 2
12 3
12 4
13 4
13 3
13 2
13 1
13 0
Yes
34 27
34 28
35 28
35 27
36 27
36 28
37 28
37 27
38 27
38 28
38 26
37 26
36 26
35 26
34 26
37 25
36 25
35 25
34 25
37 24
36 24
35 24
34 24
33 24
33 25
33 26
33 27
33 28
32 26
32 25
32 24
32 27
32 28
32 23
33 23
34 23
35 23
36 23
37 23
32 29
33 29
34 29
35 29
36 29
37 29
38 29
32 30
33 30
34 30
35 30
36 30
37 30
0
No
0
Yes
0 41
1 41
1 40
0 40
0 39
1 39
2 39
2 40
2 41
3 41
3 40
3 39
0
No
0
No
0
Yes
46 0
46 1
46 2
46 3
46 4
46 5
46 6
46 7
47 7
47 6
47 5
47 4
47 3
47 2
47 1
47 0
48 0
48 1
48 2
48 3
48 4
48 5
48 6
48 7
49 7
49 6
49 5
49 4
49 3
49 2
49 1
49 0
45 7
45 6
45 5
45 4
45 3
45 2
45 1
45 0
44 7
44 6
44 5
44 4
44 3
44 2
44 1
44 0
43 0
43 1
43 2
43 3
43 4
43 5
43 6
43 7
45 8
46 8
47 8
48 8
49 8
47 9
46 9
49 9
0
Yes
11 48
11 49
12 49
12 48
13 48
13 49
14 49
14 48
15 48
15 49
16 49
16 48
16 47
15 47
14 47
13 47
12 47
11 47
15 46
14 46
13 46
12 46
11 46
15 45
14 45
13 45
12 45
11 45
15 44
14 44
13 44
12 44
11 44
15 43
14 43
13 43
12 43
11 43
10 43
10 44
10 45
10 46
10 47
10 48
10 49
9 49
9 48
9 47
9 46
9 45
9 44
9 43
8 43
8 44
8 45
8 46
8 47
8 48
8 49
15 42
14 42
13 42
12 42
11 42
10 42
9 42
8 42
0
No
0
Yes
42 2
42 3
42 4
42 1
42 0
41 0
41 1
41 2
41 3
41 4
40 4
40 3
40 2
40 1
40 0
39 0
39 1
39 2
39 3
39 4
0
No
0
Yes
15 4
15 5
15 6
15 7
15 8
16 8
16 7
16 6
16 5
16 4
17 8
17 7
17 6
17 5
17 4
14 8
14 7
14 6
14 5
14 4
13 8
13 7
13 6
13 5
13 4
12 8
12 7
12 6
12 5
12 4
11 6
11 5
11 4
10 5
10 4
9 5
9 4
9 3
10 3
11 3
12 3
13 3
14 3
15 3
16 3
17 3
9 2
10 2
11 2
12 2
13 2
14 2
15 2
16 2
17 2
9 1
10 1
11 1
12 1
13 1
14 1
15 1
16 1
17 1
18 1
18 2
18 3
18 4
18 5
18 6
18 7
18 8
9 0
10 0
11 0
12 0
13 0
14 0
15 0
16 0
17 0
18 0
19 0
19 1
19 2
0
Yes
49 36
49 35
48 35
48 36
47 35
47 36
46 36
45 36
45 37
46 37
47 37
48 37
49 37
49 38
48 38
47 38
46 38
45 38
45 39
46 39
47 39
48 39
49 39
49 40
48 40
47 40
46 40
45 40
45 41
46 41
47 41
48 41
49 41
49 42
48 42
47 42
46 42
45 42
45 43
46 43
47 43
48 43
49 43
44 43
44 42
44 41
44 40
44 39
44 38
44 37
44 36
44 35
43 35
43 36
43 37
43 38
43 39
43 40
43 41
43 42
43 43
0
Yes
0 44
0 45
1 45
1 44
2 45
2 44
3 45
3 44
3 43
2 43
1 43
0 43
0 42
1 42
2 42
3 42
3 41
2 41
1 41
0 41
0 40
1 40
2 40
3 40
3 39
2 39
1 39
0 39
0
No
0
No
0
Yes
19 3
19 4
19 5
19 6
19 7
19 8
20 8
20 7
20 6
20 5
20 4
20 3
20 2
20 1
20 0
21 0
21 1
21 2
21 3
21 4
21 5
21 6
21 7
21 8
22 8
22 7
22 6
22 5
22 4
22 3
22 2
22 1
22 0
23 0
23 1
23 2
23 3
23 4
23 5
23 6
23 7
23 8
24 8
24 7
24 6
24 5
24 4
24 3
24 2
24 1
24 0
25 0
25 1
25 2
25 3
25 4
25 5
25 6
25 7
25 8
26 8
26 7
26 6
26 5
26 4
26 3
26 2
26 1
26 0
27 0
27 1
27 2
27 3
27 4
0
Yes
32 6
32 7
32 8
32 9
33 9
33 8
33 7
33 6
31 9
31 8
31 7
31 6
30 9
30 8
30 7
30 6
29 9
29 8
29 7
29 6
28 9
28 8
28 7
28 6
27 6
27 7
27 8
27 9
27 5
28 5
29 5
30 5
31 5
32 5
33 5
28 4
29 4
30 4
31 4
32 4
33 4
28 3
29 3
30 3
31 3
32 3
33 3
28 2
29 2
30 2
31 2
32 2
33 2
28 1
29 1
30 1
31 1
32 1
33 1
28 0
29 0
30 0
31 0
32 0
33 0
34 0
34 1
34 2
34 3
34 4
34 5
34 6
34 7
34 8
34 9
35 9
35 8
35 7
35 6
35 5
35 4
35 3
35 2
35 1
35 0
36 0
36 1
36 2
36 3
36 4
36 5
36 6
36 7
36 8
36 9
37 9
37 8
37 7
37 6
37 5
37 4
37 3
37 2
37 1
37 0
38 0
38 1
38 2
38 3
38 4
38 5
38 6
38 7
0
Yes
8 37
8 38
8 39
8 40
8 41
9 41
9 40
9 39
9 38
9 37
10 41
10 40
10 39
10 38
10 37
11 37
11 38
11 39
11 40
11 41
12 41
12 40
13 40
13 41
11 36
10 36
9 36
8 36
12 36
12 35
11 35
10 35
9 35
8 35
8 34
9 34
10 34
11 34
12 34
13 34
14 34
7 34
7 35
7 36
7 37
7 38
7 39
7 40
7 41
6 38
6 37
6 36
6 35
6 34
6 39
6 40
6 41
5 39
5 40
5 41
4 39
4 40
4 41
6 33
7 33
8 33
9 33
10 33
11 33
12 33
13 33
14 33
14 32
13 32
12 32
11 32
10 32
9 32
8 32
7 32
14 31
13 31
12 31
11 31
10 31
9 31
8 31
7 31
12 30
11 30
10 30
9 30
8 30
7 30
7 29
8 29
9 29
10 29
4 42
5 42
6 42
7 42
0
Yes
39 6
39 5
40 5
40 6
41 5
41 6
39 7
40 7
41 7
41 8
40 8
39 8
38 8
38 9
39 9
40 9
41 9
41 10
40 10
39 10
38 10
37 10
36 10
35 10
34 10
33 10
42 5
42 6
42 7
42 8
42 9
42 10
43 9
43 8
42 11
41 11
40 11
39 11
38 11
37 11
36 11
35 11
34 11
33 11
42 12
41 12
40 12
39 12
38 12
37 12
36 12
35 12
34 12
33 12
41 13
40 13
39 13
38 13
37 13
36 13
35 13
34 13
33 13
41 14
40 14
39 14
38 14
37 14
36 14
35 14
34 14
33 14
40 15
39 15
38 15
37 15
36 15
35 15
34 15
33 15
39 16
38 16
37 16
36 16
35 16
0
Yes
27 26
28 26
29 26
27 25
28 25
29 25
30 25
30 26
30 27
31 27
31 26
31 25
31 24
30 24
29 24
28 24
27 24
26 24
31 23
30 23
29 23
28 23
27 23
26 23
25 23
25 22
26 22
27 22
28 22
29 22
30 22
31 22
32 22
33 22
34 22
35 22
36 22
37 22
37 21
36 21
35 21
34 21
33 21
32 21
31 21
30 21
29 21
28 21
27 21
26 21
25 21
25 20
26 20
27 20
28 20
29 20
30 20
31 20
32 20
33 20
34 20
35 20
36 20
37 20
37 19
36 19
35 19
34 19
33 19
32 19
31 19
30 19
29 19
28 19
27 19
26 19
25 19
25 18
26 18
27 18
28 18
29 18
30 18
31 18
32 18
33 18
34 18
35 18
36 18
37 18
38 22
38 21
38 20
38 19
38 18
39 20
39 19
39 18
39 17
38 17
37 17
36 17
35 17
34 17
33 17
32 17
31 17
30 17
29 17
28 17
27 17
26 17
25 17
34 16
33 16
32 16
31 16
30 16
29 16
28 16
27 16
26 16
25 16
24 23
24 22
24 21
24 20
24 19
0
Yes
20 24
20 23
21 23
21 22
22 22
23 22
23 21
22 21
21 21
21 20
22 20
23 20
23 19
22 19
21 19
21 18
22 18
23 18
24 18
24 17
23 17
22 17
21 17
20 17
20 16
21 16
22 16
23 16
24 16
20 15
21 15
22 15
23 15
24 15
25 15
26 15
27 15
28 15
29 15
30 15
31 15
32 15
32 14
31 14
30 14
29 14
28 14
27 14
26 14
25 14
24 14
23 14
22 14
21 14
20 14
20 13
21 13
22 13
23 13
24 13
25 13
26 13
27 13
28 13
29 13
30 13
31 13
32 13
32 12
31 12
30 12
29 12
28 12
27 12
26 12
25 12
24 12
23 12
22 12
21 12
20 12
20 11
21 11
22 11
23 11
24 11
25 11
26 11
27 11
28 11
29 11
30 11
31 11
32 11
32 10
31 10
30 10
29 10
28 10
27 10
26 10
25 10
24 10
23 10
22 10
21 10
20 10
20 9
21 9
22 9
23 9
24 9
25 9
26 9
19 23
19 24
19 9
0
No
0
Yes
12 9
12 10
12 11
12 12
12 13
12 14
13 9
13 10
13 11
13 12
13 13
13 14
14 9
14 10
14 11
14 12
14 13
14 14
15 9
15 10
15 11
15 12
15 13
15 14
16 9
16 10
16 11
16 12
16 13
16 14
17 9
17 10
17 11
17 12
17 13
17 14
18 9
18 10
18 11
18 12
18 13
18 14
19 10
19 11
19 12
19 13
19 14
19 15
18 15
17 15
16 15
15 15
14 15
13 15
12 15
12 16
13 16
0
No
0
Yes
38 30
38 31
37 31
37 32
38 32
39 32
39 31
39 30
0
No
0
Yes
19 21
19 22
20 22
20 21
20 20
19 20
20 19
19 19
20 18
19 18
19 17
18 17
18 18
18 19
18 20
18 21
18 22
17 22
17 21
17 20
17 19
17 18
17 17
16 22
16 21
16 20
16 19
16 18
16 17
19 16
18 16
17 16
0
Yes
15 20
15 21
15 22
14 22
14 21
14 20
14 23
14 24
13 24
13 23
13 22
13 21
13 20
12 20
12 21
12 22
12 23
12 24
11 24
11 23
11 22
11 21
11 20
11 19
12 19
13 19
14 19
15 19
0
No
0
Yes
32 30
33 30
32 29
33 29
32 28
33 28
32 27
33 27
32 26
33 26
32 25
33 25
34 25
34 26
34 27
34 28
34 29
34 30
35 30
35 29
35 28
35 27
35 26
35 25
36 30
36 29
36 28
36 27
36 26
36 25
37 30
37 29
37 28
37 27
37 26
37 25
37 24
36 24
35 24
34 24
33 24
0
Yes
0 15
1 15
2 15
2 14
1 14
0 14
2 13
1 13
0 13
2 12
1 12
0 12
0
No
0
Yes
33 26
32 26
32 25
33 25
32 24
33 24
34 24
34 25
34 26
35 26
35 25
35 24
36 24
36 25
36 26
37 25
37 24
37 26
37 23
36 23
35 23
34 23
33 23
32 23
32 27
33 27
34 27
35 27
36 27
37 27
32 28
33 28
34 28
35 28
36 28
37 28
32 29
33 29
34 29
0
Yes
49 4
49 5
49 6
49 7
48 7
48 6
48 5
48 4
48 3
49 3
49 2
48 2
48 1
49 1
49 0
48 0
47 0
47 1
47 2
47 3
47 4
47 5
47 6
47 7
46 7
46 6
46 5
46 4
46 3
46 2
46 1
46 0
45 0
45 1
45 2
45 3
45 4
45 5
45 6
45 7
44 7
44 6
44 5
44 4
44 3
44 2
44 1
44 0
43 7
43 6
43 5
43 4
43 3
43 2
43 1
43 0
42 4
42 3
42 2
42 1
42 0
41 4
41 3
41 2
41 1
41 0
0
No
0
Yes
15 27
15 28
15 26
14 26
14 27
14 28
13 28
13 27
13 26
12 26
12 27
12 28
13 25
12 25
0
Yes
1 12
1 13
1 14
1 15
2 15
2 14
2 13
2 12
3 15
3 14
3 13
3 12
4 15
4 14
4 13
4 12
5 15
5 14
5 13
5 12
0 15
0 14
0 13
0 12
0 11
1 11
2 11
3 11
4 11
5 11
5 10
4 10
3 10
2 10
1 10
0 10
0 9
1 9
2 9
3 9
4 9
5 9
5 8
4 8
3 8
2 8
1 8
0 8
0 7
1 7
2 7
3 7
4 7
5 7
5 6
4 6
3 6
2 6
1 6
0 6
6 6
6 7
6 8
6 9
6 10
6 11
6 12
6 13
6 14
6 15
7 15
7 14
7 13
7 12
7 11
0
Yes
49 44
48 44
47 44
46 44
46 45
47 45
48 45
49 45
49 46
48 46
47 46
46 46
46 47
47 47
48 47
49 47
49 48
48 48
47 48
46 48
46 49
47 49
48 49
49 49
0
Yes
42 34
42 35
42 36
41 34
41 35
41 36
40 34
40 35
40 36
0
Yes
43 44
44 44
45 44
45 45
44 45
43 45
45 46
44 46
43 46
45 47
44 47
43 47
45 48
44 48
43 48
45 49
44 49
43 49
42 49
42 48
42 47
42 46
0
Yes
0 38
1 38
2 38
3 38
4 38
5 38
5 37
4 37
3 37
2 37
1 37
0 37
5 36
4 36
3 36
2 36
1 36
0 36
5 35
4 35
3 35
2 35
1 35
0 35
5 34
4 34
3 34
2 34
1 34
0 34
5 33
4 33
3 33
2 33
1 33
0 33
0 32
1 32
2 32
3 32
4 32
5 32
6 32
6 31
5 31
4 31
3 31
2 31
1 31
0 31
6 30
5 30
4 30
3 30
2 30
1 30
0 30
0
Yes
20 24
19 24
19 23
20 23
21 23
18 24
18 23
17 24
17 23
17 22
18 22
19 22
20 22
21 22
16 22
16 21
17 21
18 21
19 21
20 21
21 21
16 20
17 20
18 20
19 20
20 20
21 20
0
Yes
41 32
41 31
40 31
40 32
39 32
39 31
38 32
0
Yes
39 48
40 48
39 47
40 47
39 46
40 46
41 46
41 47
41 48
41 49
42 49
42 48
42 47
42 46
43 46
43 47
43 48
43 49
44 49
44 48
44 47
44 46
45 46
45 47
45 48
45 49
45 45
44 45
43 45
42 45
41 45
40 45
39 45
38 45
38 44
39 44
40 44
41 44
42 44
43 44
44 44
45 44
46 44
46 45
46 46
46 47
46 48
46 49
47 44
47 45
47 46
47 47
47 48
47 49
48 44
48 45
48 46
48 47
48 48
48 49
49 44
49 45
49 46
49 47
49 48
49 49
42 43
41 43
40 43
39 43
39 42
0
Yes
6 25
6 26
6 27
6 28
6 29
5 29
5 28
5 27
5 26
5 25
4 29
4 28
4 27
4 26
4 25
3 29
3 28
3 27
3 26
3 25
2 29
2 28
2 27
2 26
2 25
1 29
1 28
1 27
1 26
1 25
0 29
0 28
0 27
0 26
0 25
0 24
1 24
2 24
3 24
4 24
5 24
6 24
7 24
7 25
7 26
7 27
7 28
7 29
8 29
8 28
8 27
8 26
8 25
8 24
9 24
9 25
9 26
9 27
9 28
9 29
10 24
10 25
10 26
10 27
10 28
10 29
10 23
9 23
8 23
7 23
6 23
5 23
4 23
3 23
2 23
1 23
0 23
10 22
9 22
8 22
7 22
6 22
5 22
4 22
3 22
2 22
1 22
0 22
10 21
9 21
8 21
7 21
6 21
5 21
4 21
3 21
2 21
1 21
0 21
10 20
9 20
8 20
7 20
6 20
5 20
4 20
3 20
2 20
1 20
0 20
10 19
9 19
8 19
7 19
6 19
5 19
4 19
3 19
2 19
1 19
0 19
0 18
1 18
2 18
3 18
4 18
5 18
6 18
7 18
8 18
9 18
10 18
10 17
9 17
8 17
7 17
6 17
5 17
4 17
3 17
2 17
1 17
0 17
0 16
1 16
2 16
3 16
4 16
5 16
0
Yes
16 47
16 48
16 49
15 49
15 48
15 47
14 47
14 48
14 49
0
Yes
34 31
34 30
35 31
35 30
0
Yes
1 11
1 12
1 13
1 14
1 15
2 15
2 14
2 13
2 12
2 11
3 15
3 14
3 13
3 12
3 11
4 15
4 14
4 13
4 12
4 11
5 15
5 14
5 13
5 12
5 11
0 15
0 14
0 13
0 12
0 11
0 10
1 10
2 10
3 10
4 10
5 10
6 10
6 11
6 12
6 13
6 14
6 15
6 16
7 16
7 15
7 14
7 13
7 12
7 11
7 10
8 16
8 15
8 14
8 13
8 12
8 11
8 10
9 16
9 15
9 14
9 13
9 12
9 11
9 10
10 16
10 15
10 14
10 13
10 12
10 11
10 10
10 9
9 9
8 9
7 9
6 9
5 9
4 9
3 9
2 9
1 9
0 9
0 8
1 8
2 8
3 8
4 8
5 8
6 8
7 8
8 8
9 8
10 8
10 7
9 7
8 7
7 7
6 7
5 7
4 7
3 7
2 7
1 7
0 7
10 6
9 6
8 6
7 6
6 6
5 6
4 6
3 6
2 6
1 6
0 6
11 7
11 8
11 9
11 10
11 11
0
Yes
28 0
28 1
28 2
28 3
29 3
29 2
29 1
29 0
30 0
30 1
30 2
30 3
31 3
31 2
31 1
31 0
32 0
32 1
32 2
32 3
28 4
29 4
30 4
31 4
32 4
32 5
31 5
30 5
29 5
28 5
28 6
29 6
30 6
31 6
0
Yes
0 36
0 37
0 38
1 38
1 37
1 36
2 38
2 37
2 36
3 38
3 37
3 36
4 36
4 37
4 38
5 38
5 37
5 36
6 36
6 37
6 38
7 38
7 37
7 36
8 36
8 37
8 38
9 38
9 37
9 36
10 36
10 37
10 38
11 38
11 37
11 36
12 36
12 35
11 35
10 35
9 35
8 35
7 35
6 35
5 35
4 35
3 35
2 35
1 35
0 35
0 34
1 34
2 34
3 34
4 34
5 34
6 34
7 34
8 34
9 34
10 34
11 34
12 34
13 34
14 34
14 33
13 33
12 33
11 33
10 33
9 33
8 33
7 33
6 33
5 33
4 33
3 33
2 33
1 33
0 33
14 32
13 32
12 32
11 32
10 32
9 32
8 32
7 32
6 32
5 32
4 32
3 32
2 32
1 32
0 32
14 31
13 31
12 31
11 31
10 31
9 31
8 31
7 31
6 31
5 31
4 31
3 31
2 31
1 31
0 31
0 30
1 30
2 30
3 30
4 30
5 30
6 30
7 30
8 30
9 30
10 30
11 30
12 30
12 29
11 29
11 39
10 39
9 39
8 39
7 39
6 39
5 39
4 39
4 40
5 40
0
No
0
Yes
13 49
14 49
15 49
15 48
14 48
13 48
13 47
14 47
15 47
15 46
14 46
13 46
15 45
14 45
13 45
15 44
14 44
13 44
15 43
14 43
13 43
12 43
12 44
12 45
12 46
12 47
12 48
12 49
11 49
11 48
11 47
11 46
11 45
11 44
11 43
10 43
10 44
10 45
10 46
10 47
10 48
10 49
9 49
9 48
9 47
9 46
9 45
9 44
9 43
8 43
8 44
8 45
8 46
8 47
8 48
8 49
7 49
7 48
7 47
7 46
7 45
7 44
7 43
15 42
14 42
13 42
12 42
11 42
0
Yes
3 28
3 29
4 29
4 28
5 29
5 28
6 29
6 28
7 29
7 28
8 29
8 28
9 29
9 28
10 29
10 28
11 28
11 27
10 27
9 27
8 27
7 27
6 27
5 27
4 27
3 27
11 26
10 26
9 26
8 26
7 26
6 26
5 26
4 26
3 26
11 25
10 25
9 25
8 25
7 25
6 25
5 25
4 25
3 25
10 24
9 24
8 24
7 24
6 24
5 24
4 24
3 24
10 23
9 23
8 23
7 23
6 23
5 23
4 23
3 23
10 22
9 22
8 22
7 22
6 22
5 22
4 22
3 22
10 21
9 21
8 21
7 21
6 21
5 21
4 21
3 21
2 29
2 28
2 27
2 26
2 25
2 24
2 23
2 22
2 21
1 29
1 28
1 27
1 26
1 25
1 24
1 23
1 22
1 21
0 29
0 28
0 27
0 26
0 25
0 24
0 23
0 22
0 21
10 20
9 20
8 20
0
No
0
Yes
38 3
39 3
39 2
38 2
38 1
39 1
39 0
38 0
37 0
37 1
37 2
37 3
40 0
40 1
40 2
40 3
0
Yes
10 0
9 0
9 1
10 1
9 2
10 2
9 3
10 3
9 4
10 4
9 5
10 5
11 5
11 4
11 3
11 2
11 1
11 0
11 6
12 6
12 5
12 4
12 3
12 2
12 1
12 0
12 7
12 8
12 9
13 9
13 8
13 7
13 6
13 5
13 4
13 3
13 2
13 1
13 0
14 0
14 1
14 2
14 3
14 4
14 5
14 6
14 7
14 8
14 9
15 9
15 8
15 7
15 6
15 5
15 4
15 3
15 2
15 1
15 0
16 0
16 1
16 2
16 3
16 4
16 5
16 6
16 7
16 8
16 9
17 9
17 8
17 7
17 6
17 5
17 4
17 3
17 2
17 1
17 0
18 3
18 4
18 5
18 6
18 7
18 8
18 9
18 2
18 1
18 0
0
No
0
Yes
49 44
48 44
47 44
46 44
46 45
47 45
48 45
49 45
49 46
48 46
47 46
46 46
46 47
47 47
48 47
49 47
49 48
48 48
47 48
46 48
46 49
47 49
48 49
49 49
45 44
45 45
45 46
45 47
45 48
45 49
44 44
44 45
44 46
44 47
44 48
44 49
43 44
43 45
43 46
43 47
43 48
43 49
42 49
42 48
42 47
42 46
0
Yes
0 30
1 30
2 30
3 30
4 30
5 30
6 30
6 31
5 31
4 31
3 31
2 31
1 31
0 31
0 32
1 32
2 32
3 32
4 32
5 32
6 32
6 33
5 33
4 33
3 33
2 33
1 33
0 33
0 34
1 34
2 34
3 34
4 34
5 34
6 34
6 35
5 35
4 35
3 35
2 35
1 35
0 35
0 36
1 36
2 36
3 36
4 36
5 36
6 36
6 37
5 37
4 37
3 37
2 37
1 37
0 37
0 38
1 38
2 38
3 38
4 38
5 38
6 38
7 30
7 31
7 32
7 33
7 34
7 35
7 36
7 37
7 38
8 30
8 31
8 32
0
Yes
40 4
39 4
38 4
37 4
37 5
38 5
39 5
40 5
41 5
42 5
42 6
41 6
40 6
39 6
38 6
37 6
42 7
41 7
40 7
39 7
38 7
37 7
37 8
38 8
39 8
40 8
41 8
42 8
43 8
43 9
42 9
41 9
40 9
39 9
38 9
37 9
42 10
41 10
40 10
39 10
38 10
37 10
36 10
36 9
36 8
36 7
36 6
36 5
36 4
42 11
41 11
40 11
39 11
38 11
37 11
36 11
42 12
41 12
40 12
39 12
38 12
37 12
36 12
41 13
40 13
39 13
38 13
37 13
36 13
41 14
40 14
39 14
38 14
37 14
36 14
40 15
39 15
38 15
37 15
36 15
0
Yes
3 17
3 16
4 16
4 17
5 16
5 17
6 17
2 16
2 17
1 16
1 17
0 16
0 17
0 18
1 18
2 18
3 18
4 18
5 18
6 18
6 19
5 19
4 19
3 19
2 19
1 19
0 19
0 20
1 20
2 20
3 20
4 20
5 20
6 20
6 21
5 21
4 21
3 21
2 21
1 21
0 21
0 22
1 22
2 22
3 22
4 22
5 22
6 22
6 23
5 23
4 23
3 23
2 23
1 23
0 23
0 24
1 24
2 24
3 24
4 24
5 24
0
Yes
39 48
40 48
41 48
41 47
40 47
39 47
39 46
40 46
41 46
41 45
40 45
39 45
38 45
38 44
39 44
40 44
41 44
0
Yes
42 12
42 11
42 10
42 9
42 8
42 7
42 6
41 6
41 7
41 8
41 9
41 10
41 11
41 12
41 13
41 14
40 14
40 13
40 12
40 11
40 10
40 9
40 8
40 7
40 6
40 15
39 15
39 14
39 13
39 12
39 11
39 10
39 9
39 8
39 7
39 6
38 6
38 7
38 8
38 9
38 10
38 11
38 12
38 13
38 14
38 15
37 15
37 14
37 13
37 12
37 11
37 10
37 9
37 8
37 7
37 6
36 6
36 7
36 8
36 9
36 10
36 11
36 12
36 13
36 14
36 15
35 15
35 14
35 13
35 12
35 11
35 10
35 9
35 8
35 7
35 6
34 15
34 14
34 13
34 12
34 11
34 10
34 9
34 8
34 7
34 6
33 15
33 14
33 13
33 12
33 11
33 10
33 9
33 8
33 7
33 6
32 6
32 7
32 8
32 9
32 10
32 11
32 12
32 13
32 14
32 15
0
Yes
0 29
1 29
2 29
3 29
4 29
5 29
6 29
7 29
8 29
9 29
9 30
9 31
9 32
9 33
8 33
8 34
9 34
8 35
9 35
8 36
9 36
10 36
10 35
10 34
10 33
10 32
10 31
10 30
10 29
11 29
11 30
11 31
11 32
11 33
11 34
11 35
11 36
12 36
12 35
12 34
12 33
12 32
12 31
12 30
12 29
13 29
13 31
13 32
13 33
13 34
13 28
12 28
11 28
10 28
9 28
8 28
7 28
6 28
5 28
4 28
3 28
2 28
1 28
0 28
14 34
14 33
14 32
14 31
14 28
15 28
15 27
14 27
13 27
12 27
11 27
10 27
9 27
8 27
7 27
6 27
5 27
4 27
3 27
2 27
1 27
0 27
15 26
14 26
13 26
12 26
11 26
10 26
9 26
8 26
7 26
6 26
5 26
4 26
3 26
2 26
1 26
0 26
0 25
1 25
2 25
3 25
4 25
5 25
6 25
7 25
8 25
9 25
10 25
11 25
12 25
13 25
6 24
7 24
8 24
9 24
10 24
11 24
12 24
13 24
0
No
0
Yes
24 3
24 4
24 5
24 6
24 7
24 8
24 9
24 10
24 11
24 12
24 13
24 14
25 14
25 13
25 12
25 11
25 10
25 9
25 8
25 7
25 6
25 5
25 4
25 3
26 3
26 4
26 5
26 6
26 7
26 8
26 9
26 10
26 11
26 12
26 13
26 14
27 6
27 5
27 4
27 3
27 7
27 8
27 9
27 10
27 11
27 12
27 13
27 14
27 2
26 2
25 2
24 2
27 1
26 1
25 1
24 1
27 0
26 0
25 0
24 0
23 0
23 1
23 2
23 3
23 4
23 5
23 6
23 7
23 8
23 9
23 10
23 11
23 12
23 13
23 14
22 14
22 13
22 12
22 11
22 10
22 9
22 8
22 7
22 6
22 5
22 4
22 3
22 2
22 1
22 0
21 0
21 1
21 2
21 3
21 4
21 5
21 6
21 7
21 8
21 9
21 10
21 11
21 12
21 13
21 14
20 14
20 13
20 12
20 11
20 10
20 9
20 8
20 7
20 6
20 5
20 4
20 3
20 2
20 1
20 0
19 0
19 1
19 2
19 3
19 4
19 5
19 6
19 7
19 8
19 9
0
Yes
49 0
49 1
49 2
49 3
49 4
48 4
48 3
48 2
48 1
48 0
47 0
47 1
47 2
47 3
47 4
46 4
46 3
46 2
46 1
46 0
45 0
45 1
45 2
45 3
45 4
44 4
44 3
44 2
44 1
44 0
43 0
43 1
43 2
43 3
43 4
43 5
44 5
45 5
46 5
47 5
48 5
49 5
43 6
44 6
45 6
46 6
47 6
48 6
49 6
43 7
44 7
45 7
46 7
47 7
48 7
49 7
0
No
0
Yes
19 13
19 14
19 12
19 11
19 10
18 10
18 11
18 12
18 13
18 14
17 10
17 11
17 12
17 13
17 14
16 10
16 11
16 12
16 13
16 14
15 10
15 11
15 12
15 13
15 14
14 10
14 11
14 12
14 13
14 14
13 10
13 11
13 12
13 13
13 14
12 10
12 11
12 12
12 13
12 14
11 12
11 13
11 14
11 15
12 15
13 15
14 15
15 15
16 15
17 15
18 15
19 15
11 16
12 16
13 16
14 16
15 16
16 16
17 16
18 16
19 16
19 17
18 17
17 17
16 17
15 17
14 17
13 17
12 17
11 17
11 18
12 18
13 18
14 18
15 18
16 18
17 18
18 18
0
Yes
5 41
4 41
4 42
5 42
4 40
5 40
4 39
5 39
6 39
6 40
6 41
6 42
7 42
7 41
7 40
7 39
8 42
8 41
8 40
8 39
8 38
8 37
8 36
9 42
9 41
9 40
9 39
9 38
9 37
9 36
10 42
10 41
10 40
10 39
10 38
10 37
10 36
11 37
11 38
11 39
11 40
11 41
11 36
12 36
12 41
12 40
13 40
13 41
12 35
11 35
10 35
9 35
8 35
8 34
9 34
10 34
11 34
12 34
8 33
9 33
10 33
11 33
12 33
9 32
10 32
11 32
12 32
9 31
10 31
11 31
12 31
13 31
13 32
13 33
13 34
14 34
14 33
14 32
14 31
12 30
11 30
10 30
9 30
0
Yes
30 9
31 9
31 10
30 10
31 8
30 8
31 7
30 7
29 7
29 8
29 9
29 10
28 7
28 8
28 9
28 10
28 11
29 11
30 11
31 11
31 12
30 12
0
Yes
9 29
10 29
11 29
12 29
8 29
7 29
6 29
5 29
4 29
3 29
2 29
1 29
0 29
13 29
13 28
12 28
11 28
10 28
9 28
8 28
7 28
6 28
5 28
4 28
3 28
2 28
1 28
0 28
14 28
15 28
15 27
14 27
13 27
12 27
11 27
10 27
9 27
8 27
7 27
6 27
5 27
4 27
3 27
2 27
1 27
0 27
15 26
14 26
13 26
12 26
11 26
10 26
9 26
8 26
7 26
6 26
5 26
4 26
3 26
2 26
1 26
0 26
0 25
1 25
2 25
3 25
4 25
5 25
6 25
7 25
8 25
9 25
10 25
11 25
12 25
13 25
6 24
7 24
8 24
9 24
10 24
11 24
12 24
13 24
0
No
0
Yes
14 46
15 46
15 45
14 45
15 44
14 44
15 43
14 43
15 42
14 42
13 42
13 43
13 44
13 45
13 46
13 41
12 41
12 42
12 43
12 44
12 45
12 46
12 47
13 47
14 47
15 47
16 47
16 48
15 48
14 48
13 48
12 48
16 49
15 49
14 49
13 49
12 49
11 49
11 48
11 47
11 46
11 45
11 44
11 43
11 42
11 41
10 41
10 42
10 43
10 44
10 45
10 46
10 47
10 48
10 49
9 49
9 48
9 47
9 46
9 45
9 44
9 43
9 42
9 41
8 41
8 42
8 43
8 44
8 45
8 46
8 47
8 48
8 49
7 49
7 48
7 47
7 46
7 45
7 44
7 43
7 42
7 41
6 45
6 44
6 43
6 42
6 41
5 45
5 44
5 43
5 42
5 41
4 45
4 44
4 43
4 42
4 41
13 40
12 40
11 40
10 40
9 40
8 40
7 40
6 40
5 40
4 40
4 39
5 39
6 39
7 39
8 39
9 39
10 39
0
No
0
No
0
Yes
49 3
49 4
49 5
48 5
48 4
48 3
48 2
49 2
47 2
47 3
47 4
47 5
46 5
46 4
46 3
46 2
46 1
47 1
48 1
49 1
49 0
48 0
47 0
46 0
0
No
0
Yes
15 27
14 27
15 28
14 28
15 26
14 26
0
Yes
8 28
8 29
7 29
7 28
6 29
6 28
5 29
5 28
4 29
4 28
3 29
3 28
2 29
2 28
1 29
1 28
0 29
0 28
9 29
9 28
9 30
9 31
9 32
9 33
8 33
8 34
9 34
10 34
10 33
10 32
10 31
10 30
10 29
10 28
11 28
11 29
11 30
11 31
11 32
11 33
11 34
12 30
12 31
12 32
12 33
12 34
12 29
12 28
13 29
13 28
13 34
13 33
13 32
13 31
14 31
14 32
14 33
14 34
13 27
12 27
11 27
10 27
9 27
8 27
7 27
6 27
5 27
4 27
3 27
2 27
1 27
0 27
13 26
12 26
11 26
10 26
9 26
8 26
7 26
6 26
5 26
4 26
3 26
2 26
1 26
0 26
0 25
1 25
2 25
3 25
4 25
5 25
6 25
7 25
8 25
9 25
10 25
11 25
12 25
13 25
0
Yes
38 0
38 1
38 2
38 3
38 4
38 5
39 5
39 4
39 3
39 2
39 1
39 0
40 5
40 4
40 3
40 2
40 1
40 0
41 5
41 4
41 3
41 2
41 1
41 0
42 5
42 4
42 3
42 2
42 1
42 0
37 5
37 4
37 3
37 2
37 1
37 0
36 5
36 4
36 3
36 2
36 1
36 0
35 5
35 4
35 3
35 2
35 1
35 0
34 5
34 4
34 3
34 2
34 1
34 0
33 5
33 4
33 3
33 2
33 1
33 0
43 0
43 1
43 2
43 3
43 4
43 5
43 6
43 7
44 7
44 6
44 5
44 4
44 3
44 2
44 1
44 0
45 0
45 1
45 2
45 3
45 4
45 5
45 6
45 7
45 8
46 6
46 7
46 8
43 8
0
Yes
36 27
36 28
36 29
36 30
37 30
37 29
37 28
37 27
38 27
38 28
38 29
38 30
39 30
39 29
39 28
39 27
39 26
38 26
37 26
36 26
37 25
36 25
37 24
36 24
35 24
35 25
35 26
35 27
35 28
35 29
35 30
34 30
34 29
34 28
34 27
34 26
34 25
34 24
33 30
33 29
33 28
33 27
33 26
33 25
33 24
32 30
32 29
32 28
32 27
32 26
32 25
32 24
34 31
35 31
0
Yes
0 41
0 42
0 43
0 44
0 45
1 45
1 44
1 43
1 42
1 41
1 40
0 40
0 39
1 39
2 39
2 40
2 41
2 42
2 43
2 44
2 45
3 45
3 44
3 43
3 42
3 41
3 40
0
Yes
13 40
13 41
12 40
12 41
12 42
13 42
14 42
15 42
15 43
14 43
13 43
12 43
15 44
14 44
13 44
12 44
15 45
14 45
13 45
12 45
15 46
14 46
13 46
12 46
12 47
13 47
14 47
15 47
16 47
16 48
15 48
14 48
13 48
12 48
16 49
15 49
14 49
13 49
12 49
11 49
11 48
11 47
11 46
11 45
11 44
11 43
11 42
11 41
11 40
10 40
10 41
10 42
10 43
10 44
10 45
10 46
10 47
10 48
10 49
9 49
9 48
9 47
9 46
9 45
9 44
9 43
9 42
9 41
9 40
8 40
8 41
8 42
8 43
8 44
8 45
8 46
8 47
8 48
8 49
7 49
7 48
7 47
7 46
7 45
7 44
7 43
7 42
7 41
7 40
6 45
6 44
6 43
6 42
6 41
6 40
5 45
5 44
5 43
5 42
5 41
5 40
4 45
4 44
4 43
4 42
4 41
4 40
4 39
5 39
6 39
7 39
8 39
9 39
10 39
11 39
11 38
10 38
9 38
8 38
8 37
9 37
10 37
11 37
8 36
9 36
10 36
11 36
0
Yes
10 17
10 18
9 17
9 18
8 17
8 18
8 19
9 19
10 19
11 19
12 19
13 19
14 19
15 19
15 20
14 20
13 20
12 20
11 20
10 20
9 20
8 20
8 21
9 21
10 21
11 21
12 21
13 21
14 21
15 21
15 22
14 22
13 22
12 22
11 22
10 22
9 22
8 22
14 23
13 23
12 23
11 23
10 23
9 23
8 23
14 24
13 24
12 24
11 24
10 24
9 24
8 24
7 24
7 23
7 22
7 21
7 20
7 19
7 18
7 17
16 22
16 21
16 20
16 19
17 19
17 20
17 21
17 22
17 23
17 24
18 24
18 23
18 22
18 21
18 20
18 19
19 24
19 23
19 22
19 21
19 20
19 19
15 24
20 24
20 23
20 22
20 21
20 20
0
Yes
39 37
38 37
38 38
39 38
38 39
39 39
39 40
40 40
40 39
40 38
40 37
41 37
41 38
41 39
41 40
42 40
42 39
42 38
42 37
38 36
39 36
40 36
41 36
42 36
42 35
41 35
40 35
40 34
41 34
42 34
42 41
41 41
40 41
39 41
0
Yes
24 17
24 18
25 18
25 17
25 16
24 16
24 15
25 15
23 15
23 16
23 17
23 18
22 15
22 16
22 17
22 18
21 15
21 16
21 17
21 18
20 15
20 16
20 17
20 18
0
Yes
42 6
42 7
42 8
42 9
42 10
42 11
42 12
41 6
41 7
41 8
41 9
41 10
41 11
41 12
40 6
40 7
40 8
40 9
40 10
40 11
40 12
39 6
39 7
39 8
39 9
39 10
39 11
39 12
38 6
38 7
38 8
38 9
38 10
38 11
38 12
37 6
37 7
37 8
37 9
37 10
37 11
37 12
36 6
36 7
36 8
36 9
36 10
36 11
36 12
35 6
35 7
35 8
35 9
35 10
35 11
35 12
41 13
40 13
39 13
38 13
37 13
36 13
0
Yes
36 21
37 21
38 21
38 20
37 20
36 20
39 20
39 19
38 19
37 19
36 19
39 18
38 18
37 18
36 18
39 17
38 17
37 17
36 17
39 16
38 16
37 16
36 16
36 15
37 15
38 15
39 15
40 15
40 14
39 14
38 14
37 14
36 14
35 14
35 15
35 16
35 17
35 18
35 19
35 20
35 21
35 13
34 13
34 14
34 15
34 16
34 17
34 18
34 19
34 20
34 21
33 21
33 20
33 19
33 18
33 17
33 16
33 15
33 14
33 13
32 13
32 14
32 15
32 16
32 17
32 18
32 19
32 20
32 21
31 13
31 14
31 15
31 16
31 17
31 18
31 19
31 20
31 21
30 13
30 14
30 15
30 16
30 17
30 18
30 19
30 20
30 21
29 21
29 20
29 19
29 18
29 17
29 16
29 15
29 14
29 13
29 12
28 12
28 13
28 14
28 15
28 16
28 17
28 18
28 19
28 20
28 21
38 22
37 22
36 22
35 22
34 22
33 22
32 22
31 22
30 22
29 22
28 22
37 23
36 23
35 23
34 23
33 23
32 23
31 23
30 23
0
No
0
Yes
23 21
23 22
22 22
22 21
21 22
21 21
21 20
22 20
23 20
21 19
22 19
23 19
24 19
24 20
24 21
24 22
25 19
25 20
25 21
25 22
26 22
26 21
26 20
26 19
0
Yes
30 25
31 25
31 26
30 26
30 27
31 27
29 26
29 25
28 26
28 25
27 26
27 25
31 24
30 24
29 24
28 24
27 24
26 24
26 23
27 23
28 23
29 23
27 22
27 21
27 20
27 19
27 18
26 18
26 17
27 17
0
No
0
No
0
No
0
No
0
No
0
No
0
No
0
Yes
1 49
2 49
3 49
4 49
5 49
6 49
6 48
5 48
4 48
3 48
2 48
1 48
0 48
0 49
6 47
5 47
4 47
3 47
2 47
1 47
0 47
6 46
5 46
4 46
3 46
2 46
0
Yes
1 20
1 21
1 22
1 23
1 24
2 24
2 23
2 22
2 21
2 20
3 24
3 23
3 22
3 21
3 20
4 24
4 23
4 22
4 21
4 20
0 24
0 23
0 22
0 21
0 20
5 24
5 23
5 22
5 21
5 20
6 24
6 23
6 22
6 21
0
Yes
38 1
38 2
38 3
38 4
38 5
39 5
39 4
39 3
39 2
39 1
40 5
40 4
40 3
40 2
40 1
41 5
41 4
41 3
41 2
41 1
42 5
42 4
42 3
42 2
42 1
43 1
43 2
43 3
43 4
43 5
44 5
44 4
44 3
44 2
44 1
44 0
43 0
42 0
41 0
40 0
39 0
38 0
45 0
45 1
45 2
45 3
45 4
0
Yes
49 49
49 48
49 47
49 46
49 45
49 44
48 44
48 45
48 46
48 47
48 48
48 49
47 44
47 45
47 46
47 47
47 48
47 49
46 44
46 45
46 46
46 47
46 48
46 49
45 44
45 45
45 46
45 47
45 48
45 49
44 44
44 45
0
No
0
Yes
19 1
19 2
19 3
19 4
19 5
19 6
19 7
19 0
20 0
20 1
20 2
20 3
20 4
20 5
20 6
20 7
21 7
21 6
21 5
21 4
21 3
21 2
21 1
21 0
22 0
22 1
22 2
22 3
22 4
22 5
22 6
22 7
23 7
23 6
23 5
23 4
23 3
23 2
23 1
23 0
24 0
24 1
24 2
24 3
24 4
24 5
24 6
24 7
25 7
25 6
25 5
25 4
25 3
25 2
25 1
25 0
26 0
26 1
26 2
26 3
26 4
26 5
26 6
26 7
27 7
27 6
27 5
27 4
27 3
27 2
27 1
27 0
28 0
28 1
28 2
28 3
28 4
28 5
28 6
28 7
29 7
29 6
29 5
29 4
29 3
29 2
29 1
29 0
30 0
30 1
30 2
30 3
0
Yes
31 0
31 1
31 2
31 3
31 4
30 4
30 5
31 5
30 6
31 6
32 6
32 5
32 4
32 3
32 2
32 1
32 0
33 0
33 1
33 2
33 3
33 4
33 5
33 6
34 6
34 5
34 4
34 3
34 2
34 1
34 0
35 0
35 1
35 2
35 3
35 4
35 5
35 6
36 6
36 5
36 4
36 3
36 2
36 1
36 0
37 0
37 1
37 2
37 3
37 4
37 5
37 6
30 7
31 7
32 7
33 7
34 7
35 7
36 7
37 7
0
Yes
1 46
0 46
0 45
1 45
2 45
3 45
3 44
2 44
1 44
0 44
3 43
2 43
1 43
0 43
0
Yes
23 20
23 19
24 19
24 20
25 19
25 20
22 19
22 20
21 19
21 20
21 21
22 21
23 21
24 21
25 21
21 22
22 22
23 22
0
Yes
0 17
0 18
0 19
1 19
1 18
1 17
2 19
2 18
2 17
3 19
3 18
3 17
4 19
4 18
4 17
5 19
5 18
5 17
5 16
4 16
3 16
2 16
1 16
0 16
0 15
1 15
2 15
3 15
4 15
5 15
5 14
4 14
3 14
2 14
1 14
0 14
0 13
1 13
2 13
3 13
4 13
5 13
5 12
4 12
3 12
2 12
1 12
0 12
0 11
1 11
2 11
3 11
4 11
5 11
5 10
4 10
3 10
2 10
1 10
0 10
6 19
6 18
6 17
6 16
6 15
6 14
0
Yes
10 6
9 6
8 6
7 6
6 6
6 7
7 7
8 7
9 7
10 7
11 7
11 8
10 8
9 8
8 8
7 8
6 8
11 9
10 9
9 9
8 9
7 9
6 9
6 10
7 10
8 10
9 10
10 10
11 10
12 10
13 10
14 10
15 10
16 10
17 10
18 10
6 11
7 11
8 11
9 11
10 11
11 11
12 11
13 11
14 11
15 11
16 11
17 11
18 11
6 12
7 12
8 12
9 12
10 12
11 12
12 12
13 12
14 12
15 12
16 12
17 12
18 12
6 13
7 13
8 13
9 13
10 13
11 13
12 13
13 13
14 13
15 13
16 13
17 13
18 13
7 14
8 14
9 14
10 14
11 14
12 14
13 14
14 14
15 14
16 14
17 14
18 14
7 15
8 15
9 15
10 15
11 15
12 15
13 15
14 15
15 15
16 15
17 15
18 15
7 16
8 16
9 16
10 16
11 16
12 16
13 16
14 16
15 16
16 16
17 16
18 16
11 17
12 17
13 17
14 17
15 17
16 17
17 17
18 17
11 18
12 18
13 18
14 18
15 18
16 18
17 18
18 18
19 18
19 17
19 16
19 15
19 14
19 13
0
Yes
29 20
28 20
28 21
29 21
28 19
29 19
28 18
29 18
28 17
29 17
30 17
30 18
30 19
30 20
30 21
31 21
31 20
31 19
31 18
31 17
32 17
32 18
32 19
32 20
32 21
33 21
33 20
33 19
33 18
33 17
34 17
34 18
34 19
34 20
34 21
34 16
33 16
32 16
31 16
30 16
29 16
28 16
28 22
29 22
30 22
31 22
32 22
33 22
34 22
0
Yes
29 6
29 7
29 5
29 4
29 3
30 3
30 2
29 2
30 1
29 1
30 0
29 0
28 0
28 1
28 2
28 3
28 4
28 5
28 6
28 7
27 7
27 6
27 5
27 4
27 3
27 2
27 1
27 0
26 0
26 1
26 2
26 3
26 4
26 5
26 6
26 7
25 7
25 6
25 5
25 4
25 3
25 2
25 1
25 0
24 0
24 1
24 2
24 3
24 4
24 5
24 6
24 7
23 7
23 6
23 5
23 4
23 3
23 2
23 1
23 0
22 0
22 1
22 2
22 3
22 4
22 5
22 6
22 7
21 7
21 6
21 5
21 4
21 3
21 2
21 1
21 0
20 0
20 1
20 2
20 3
20 4
20 5
20 6
20 7
19 7
19 6
19 5
19 4
19 3
19 2
19 1
19 0
19 8
20 8
21 8
22 8
23 8
24 8
0
Yes
38 6
38 7
39 6
39 7
40 6
40 7
41 6
41 7
42 6
42 7
43 6
43 7
43 8
42 8
41 8
40 8
39 8
38 8
43 9
42 9
41 9
40 9
39 9
38 9
42 10
41 10
40 10
39 10
38 10
42 11
41 11
40 11
39 11
38 11
42 12
41 12
40 12
39 12
38 12
41 13
40 13
39 13
38 13
41 14
40 14
39 14
38 14
37 8
37 9
37 10
37 11
37 12
37 13
37 14
36 8
36 9
36 10
36 11
36 12
36 13
36 14
35 8
35 9
35 10
35 11
35 12
35 13
35 14
34 8
34 9
34 10
0
No
0
Yes
2 6
2 7
2 8
2 9
3 9
3 8
3 7
3 6
4 9
4 8
4 7
4 6
1 9
1 8
1 7
1 6
0 9
0 8
0 7
0 6
0 5
1 5
2 5
3 5
4 5
4 4
3 4
2 4
1 4
0 4
5 9
5 8
5 7
5 6
5 5
0
No
0
Yes
0 0
0 1
0 2
0 3
1 3
1 2
1 1
1 0
2 3
2 2
2 1
2 0
3 3
3 2
3 1
3 0
4 3
4 2
4 1
4 0
5 0
5 1
5 2
5 3
0
Yes
32 15
33 15
31 15
30 15
29 15
28 15
28 14
29 14
30 14
31 14
32 14
33 14
33 13
32 13
31 13
30 13
29 13
28 13
28 12
29 12
30 12
31 12
32 12
33 12
33 11
32 11
31 11
30 11
29 11
28 11
33 10
32 10
31 10
30 10
29 10
28 10
33 9
32 9
31 9
30 9
29 9
28 9
33 8
32 8
31 8
30 8
29 8
28 8
27 8
27 9
27 10
27 11
27 12
27 13
27 14
0
No
0
Yes
49 2
49 1
49 0
48 0
48 1
48 2
47 2
47 1
47 0
46 0
46 1
0
Yes
40 32
41 32
41 31
40 31
39 31
39 32
38 32
0
Yes
39 16
39 15
38 15
38 16
37 15
37 16
36 15
36 16
35 15
35 16
35 17
36 17
37 17
38 17
39 17
39 18
38 18
37 18
36 18
35 18
35 19
36 19
37 19
38 19
39 19
39 20
38 20
37 20
36 20
35 20
35 21
36 21
37 21
38 21
0
No
0
Yes
0 24
0 25
0 26
0 27
0 28
0 29
1 29
1 28
1 27
1 26
1 25
1 24
2 29
2 28
2 27
2 26
2 25
2 24
3 29
3 28
3 27
3 26
3 25
3 24
4 29
4 28
4 27
4 26
4 25
4 24
5 29
5 28
5 27
5 26
5 25
5 24
6 29
6 28
6 27
6 26
6 25
6 24
7 29
7 28
7 27
7 26
7 25
7 24
8 29
8 28
8 27
8 26
8 25
8 24
9 24
9 25
9 26
9 27
9 28
9 29
10 29
10 28
10 27
10 26
10 25
10 24
11 24
11 25
11 26
11 27
11 28
11 29
12 29
12 28
12 27
12 26
12 25
12 24
12 23
11 23
10 23
9 23
8 23
7 23
6 23
5 23
4 23
3 23
2 23
1 23
0 23
0 22
1 22
2 22
3 22
4 22
5 22
6 22
7 22
8 22
9 22
10 22
11 22
12 22
12 21
11 21
10 21
9 21
8 21
7 21
6 21
5 21
4 21
3 21
2 21
1 21
0 21
0 20
1 20
2 20
3 20
4 20
5 20
6 20
7 20
8 20
9 20
0
No
0
Yes
0 30
1 30
2 30
3 30
4 30
5 30
6 30
6 31
5 31
4 31
3 31
2 31
1 31
0 31
0 32
1 32
2 32
3 32
4 32
5 32
6 32
6 33
5 33
4 33
3 33
2 33
1 33
0 33
0 34
1 34
2 34
3 34
4 34
5 34
6 34
6 35
5 35
4 35
3 35
2 35
1 35
0 35
0 36
1 36
2 36
3 36
4 36
5 36
6 36
6 37
5 37
4 37
3 37
2 37
1 37
0 37
4 38
5 38
6 38
3 38
2 38
0
Yes
8 19
9 19
10 19
10 18
9 18
8 18
10 17
9 17
8 17
0
Yes
24 4
24 5
24 6
24 7
25 7
25 6
25 5
25 4
26 4
26 5
26 6
26 7
27 7
27 6
27 5
27 4
28 7
28 6
28 5
28 4
29 7
29 6
29 5
29 4
29 3
28 3
27 3
26 3
25 3
24 3
30 3
30 2
29 2
28 2
27 2
26 2
25 2
24 2
30 1
29 1
28 1
27 1
26 1
25 1
24 1
30 0
29 0
28 0
27 0
26 0
25 0
24 0
23 0
23 1
23 2
23 3
23 4
23 5
23 6
23 7
22 7
22 6
22 5
22 4
22 3
22 2
22 1
22 0
21 0
21 1
21 2
21 3
21 4
21 5
21 6
21 7
20 7
20 6
20 5
20 4
20 3
20 2
20 1
20 0
19 0
19 1
19 2
19 3
19 4
19 5
19 6
0
Yes
15 26
15 27
15 28
14 28
14 27
14 26
13 28
0
Yes
0 39
0 40
1 40
1 39
1 38
0 38
1 41
0 41
0 42
1 42
0
Yes
5 49
6 49
7 49
8 49
9 49
10 49
10 48
9 48
8 48
7 48
6 48
5 48
5 47
6 47
7 47
8 47
9 47
10 47
10 46
9 46
8 46
7 46
6 46
5 46
5 45
6 45
7 45
8 45
9 45
10 45
10 44
9 44
8 44
7 44
6 44
5 44
5 43
6 43
7 43
8 43
9 43
10 43
10 42
9 42
8 42
7 42
6 42
5 42
5 41
6 41
7 41
8 41
9 41
10 41
10 40
9 40
8 40
7 40
6 40
5 40
5 39
6 39
7 39
8 39
9 39
10 39
4 39
4 40
4 41
4 42
4 43
4 44
4 45
4 46
4 47
4 48
4 49
3 39
3 40
3 41
3 42
3 43
3 44
3 45
3 46
3 47
3 48
3 49
2 39
2 40
2 41
2 42
2 43
2 44
2 45
2 46
2 47
2 48
2 49
1 43
1 44
1 45
1 46
1 47
1 48
1 49
0 43
0 44
0 45
0 46
0 47
0 48
0 49
11 39
11 40
11 41
11 42
11 43
11 44
11 45
11 46
11 47
11 48
11 49
12 40
12 41
12 42
12 43
12 44
12 45
12 46
12 47
0
Yes
0 9
1 9
2 9
3 9
4 9
5 9
6 9
7 9
7 8
6 8
5 8
4 8
3 8
2 8
1 8
0 8
0 7
1 7
2 7
3 7
4 7
5 7
6 7
7 7
7 6
6 6
5 6
4 6
3 6
2 6
1 6
0 6
0 5
1 5
2 5
3 5
4 5
5 5
6 5
7 5
5 4
4 4
3 4
2 4
1 4
0 4
6 4
0
Yes
13 44
13 45
13 46
13 43
13 42
14 42
14 43
14 44
14 45
14 46
15 42
15 43
15 44
15 45
15 46
0
Yes
15 47
16 47
16 48
15 48
16 49
15 49
14 47
14 48
14 49
13 47
13 48
0
Yes
14 34
14 33
14 32
14 31
13 31
13 32
13 33
13 34
12 34
12 33
12 32
12 31
12 30
11 30
11 31
11 32
11 33
11 34
10 30
10 31
10 32
10 33
10 34
9 30
9 31
9 32
9 33
9 34
8 30
8 31
8 32
8 33
8 34
7 30
7 31
7 32
7 33
0
Yes
0 49
1 49
2 49
3 49
4 49
5 49
6 49
7 49
7 48
6 48
5 48
4 48
3 48
2 48
1 48
0 48
0 47
1 47
2 47
3 47
4 47
5 47
6 47
7 47
7 46
6 46
5 46
4 46
3 46
2 46
1 46
0 46
0 45
1 45
2 45
3 45
4 45
5 45
6 45
7 45
7 44
6 44
5 44
4 44
3 44
2 44
1 44
0 44
0 43
1 43
2 43
3 43
4 43
5 43
6 43
7 43
7 42
6 42
5 42
4 42
3 42
2 42
1 42
0 42
0 41
1 41
2 41
3 41
4 41
5 41
6 41
7 41
7 40
6 40
5 40
4 40
3 40
2 40
1 40
0 40
2 39
3 39
4 39
5 39
6 39
0
Yes
46 9
46 8
45 8
47 9
47 8
0
Yes
34 31
35 31
35 30
34 30
33 30
36 30
37 30
37 31
38 31
38 30
39 30
32 30
32 29
33 29
34 29
35 29
36 29
37 29
38 29
39 29
32 28
33 28
34 28
35 28
36 28
37 28
38 28
39 28
40 28
40 27
39 27
38 27
37 27
36 27
35 27
34 27
33 27
32 27
39 26
38 26
37 26
36 26
35 26
34 26
33 26
32 26
32 25
33 25
34 25
35 25
36 25
37 25
37 24
36 24
35 24
34 24
33 24
32 24
32 23
33 23
34 23
35 23
36 23
37 23
0
Yes
48 42
48 43
49 43
49 42
47 43
47 42
46 43
46 42
45 43
45 42
45 41
46 41
47 41
48 41
49 41
49 40
48 40
47 40
46 40
45 40
45 39
46 39
47 39
48 39
49 39
49 38
48 38
47 38
46 38
45 38
45 37
46 37
47 37
48 37
49 37
46 36
45 36
47 36
48 36
49 36
47 35
48 35
49 35
44 43
44 42
44 41
44 40
44 39
44 38
44 37
44 36
44 35
43 35
43 36
43 37
43 38
43 39
43 40
43 41
43 42
43 43
0
Yes
13 41
13 40
12 40
12 41
12 42
0
Yes
30 11
30 12
30 13
30 14
30 15
31 15
31 14
31 13
31 12
31 11
32 15
32 14
32 13
32 12
32 11
33 15
33 14
33 13
33 12
33 11
34 15
34 14
34 13
34 12
34 11
35 14
35 13
35 12
35 11
36 14
36 13
36 12
36 11
37 14
37 13
37 12
37 11
38 14
38 13
38 12
38 11
38 10
37 10
36 10
35 10
34 10
33 10
32 10
31 10
30 10
30 9
31 9
32 9
33 9
34 9
35 9
36 9
37 9
38 9
38 8
37 8
36 8
35 8
34 8
33 8
32 8
31 8
30 8
30 7
31 7
32 7
33 7
34 7
35 7
36 7
37 7
38 7
38 6
37 6
36 6
35 6
34 6
33 6
32 6
31 6
30 6
30 5
31 5
32 5
33 5
34 5
35 5
36 5
37 5
30 4
31 4
32 4
33 4
34 4
35 4
36 4
37 4
37 3
36 3
35 3
34 3
33 3
32 3
31 3
31 2
32 2
33 2
34 2
35 2
36 2
37 2
37 1
36 1
35 1
34 1
33 1
32 1
31 1
31 0
32 0
33 0
34 0
35 0
36 0
37 0
39 6
39 7
39 8
39 9
39 10
39 11
39 12
39 13
39 14
0
Yes
40 10
40 11
40 12
41 12
41 11
41 10
42 12
42 11
42 10
40 9
41 9
42 9
0
Yes
46 0
47 0
48 0
49 0
46 1
47 1
48 1
49 1
46 2
47 2
48 2
49 2
46 3
47 3
48 3
49 3
0
Yes
25 9
25 8
26 8
26 9
27 8
27 9
28 8
28 9
29 8
29 9
29 10
28 10
27 10
26 10
25 10
29 11
28 11
27 11
26 11
25 11
29 12
28 12
27 12
26 12
25 12
24 8
24 9
24 10
24 11
24 12
23 8
23 9
23 10
23 11
23 12
29 13
28 13
27 13
26 13
25 13
24 13
23 13
29 14
28 14
27 14
26 14
25 14
24 14
23 14
29 15
28 15
27 15
26 15
25 15
24 15
23 15
0
Yes
40 6
41 6
40 7
41 7
40 8
0
Yes
18 0
18 1
18 2
18 3
18 4
18 5
17 5
17 4
17 3
17 2
17 1
17 0
16 0
16 1
16 2
16 3
16 4
16 5
15 5
15 4
15 3
15 2
15 1
15 0
14 0
14 1
14 2
14 3
14 4
14 5
13 5
13 4
13 3
13 2
13 1
13 0
12 0
12 1
12 2
12 3
0
Yes
44 49
44 48
43 48
43 49
42 49
42 48
41 49
0
Yes
39 48
40 48
39 47
40 47
0
Yes
31 0
31 1
31 2
31 3
31 4
30 4
30 5
31 5
30 6
31 6
30 7
31 7
32 7
32 6
32 5
32 4
32 3
32 2
32 1
32 0
33 0
33 1
33 2
33 3
33 4
33 5
33 6
33 7
34 7
34 6
34 5
34 4
34 3
34 2
34 1
34 0
35 0
35 1
35 2
35 3
35 4
35 5
35 6
35 7
36 7
36 6
36 5
36 4
36 3
36 2
36 1
36 0
37 0
37 1
37 2
37 3
37 4
37 5
37 6
37 7
38 7
38 6
38 5
38 4
38 3
38 2
38 1
38 0
39 6
39 7
39 5
39 4
39 3
39 2
39 1
39 0
39 8
38 8
37 8
36 8
35 8
34 8
33 8
32 8
31 8
30 8
30 9
0
Yes
0 27
0 28
0 29
0 30
0 31
1 31
1 30
1 29
1 28
1 27
2 27
2 28
2 29
2 30
2 31
3 31
3 30
3 29
3 28
3 27
4 27
4 28
4 29
4 30
4 31
5 31
5 30
5 29
5 28
5 27
6 30
6 31
6 29
6 28
6 27
7 29
7 28
7 27
8 29
8 28
8 27
9 29
9 28
9 27
10 29
10 28
10 27
11 29
11 28
11 27
11 26
10 26
9 26
8 26
7 26
6 26
5 26
4 26
3 26
2 26
1 26
0 26
0 25
1 25
2 25
3 25
4 25
5 25
6 25
7 25
8 25
9 25
10 25
11 25
11 24
10 24
9 24
8 24
7 24
6 24
5 24
4 24
3 24
2 24
1 24
0 24
0 23
1 23
2 23
3 23
4 23
5 23
6 23
7 23
8 23
9 23
10 23
11 23
11 22
10 22
9 22
8 22
7 22
6 22
5 22
4 22
3 22
2 22
1 22
0 22
0 21
1 21
2 21
3 21
4 21
5 21
6 21
7 21
8 21
9 21
10 21
11 21
6 20
5 20
4 20
3 20
2 20
1 20
0 20
7 20
8 20
9 20
10 20
11 20
12 29
12 28
12 27
12 26
12 25
12 24
12 23
12 22
0
Yes
6 37
6 38
5 38
5 37
4 38
4 37
3 38
3 37
3 36
4 36
5 36
6 36
7 36
7 37
7 38
7 39
8 39
8 38
8 37
8 36
8 35
7 35
6 35
5 35
4 35
3 35
9 35
9 36
9 37
9 38
9 39
10 35
10 36
10 37
10 38
10 39
11 39
11 38
11 37
11 36
11 35
12 35
12 36
11 40
10 40
9 40
8 40
8 41
9 41
10 41
11 41
11 42
10 42
9 42
8 42
8 43
9 43
10 43
11 43
12 43
7 34
6 34
5 34
4 34
3 34
6 33
5 33
4 33
3 33
6 32
5 32
4 32
3 32
2 32
2 33
2 34
2 35
2 36
2 37
2 38
1 32
1 33
1 34
1 35
1 36
1 37
1 38
1 39
0 39
0 38
0 37
0 36
0 35
0 34
0 33
0 32
12 44
11 44
0
Yes
42 1
42 2
42 3
42 4
42 5
42 6
42 7
42 8
43 8
43 7
43 6
43 5
43 4
43 3
43 2
43 1
44 7
44 6
44 5
44 4
44 3
44 2
44 1
45 1
45 2
45 3
45 4
45 5
45 6
45 7
45 0
44 0
43 0
42 0
41 8
41 7
41 6
41 5
41 4
41 3
41 2
41 1
41 0
40 8
40 7
40 6
40 5
40 4
40 3
40 2
40 1
40 0
46 7
46 6
46 5
0
Yes
30 0
30 1
30 2
30 3
29 3
29 2
29 1
29 0
29 4
29 5
29 6
29 7
29 8
28 8
28 7
28 6
28 5
28 4
28 3
28 2
28 1
28 0
27 0
27 1
27 2
27 3
27 4
27 5
27 6
27 7
27 8
26 8
26 7
26 6
26 5
26 4
26 3
26 2
26 1
26 0
25 0
25 1
25 2
25 3
25 4
25 5
25 6
25 7
25 8
24 8
24 7
24 6
24 5
24 4
24 3
24 2
24 1
24 0
23 0
23 1
23 2
23 3
23 4
23 5
23 6
23 7
23 8
22 8
22 7
22 6
22 5
22 4
22 3
22 2
22 1
22 0
21 0
21 1
21 2
21 3
21 4
21 5
21 6
21 7
21 8
20 8
20 7
20 6
20 5
20 4
20 3
20 2
20 1
20 0
19 0
19 1
19 2
19 3
19 4
19 5
19 6
0
Yes
37 21
37 22
36 22
36 21
35 22
35 21
35 20
36 20
37 20
35 19
36 19
37 19
35 18
36 18
37 18
38 22
38 21
38 20
38 19
38 18
0
Yes
34 2
34 3
34 4
34 5
35 5
35 4
35 3
35 2
36 2
36 3
36 4
36 5
37 5
37 4
37 3
37 2
38 2
38 3
38 4
38 5
39 5
39 4
39 3
39 2
39 1
38 1
37 1
36 1
35 1
34 1
39 0
38 0
37 0
36 0
35 0
34 0
33 0
33 1
33 2
33 3
33 4
33 5
32 5
32 4
32 3
32 2
32 1
32 0
31 0
31 1
31 2
31 3
31 4
31 5
39 6
38 6
37 6
36 6
35 6
34 6
33 6
32 6
31 6
39 7
38 7
37 7
36 7
35 7
34 7
33 7
32 7
31 7
39 8
38 8
37 8
36 8
35 8
34 8
33 8
32 8
31 8
39 9
38 9
37 9
36 9
35 9
34 9
33 9
0
Yes
13 23
14 23
14 24
13 24
13 22
0
Yes
6 13
6 12
6 11
6 10
7 10
7 11
7 12
7 13
7 14
7 15
8 15
8 14
8 13
8 12
8 11
8 10
8 9
8 8
8 7
8 6
9 6
9 7
9 8
9 9
9 10
9 11
9 12
9 13
9 14
9 15
10 15
10 14
10 13
10 12
10 11
10 10
10 9
10 8
10 7
10 6
11 6
11 7
11 8
11 9
11 10
11 11
11 12
11 13
11 14
11 15
12 15
12 14
12 13
12 12
12 11
12 10
12 9
12 8
12 7
12 6
13 6
13 7
13 8
13 9
13 10
13 11
13 12
13 13
13 14
13 15
14 6
14 7
14 8
14 9
14 10
14 11
14 12
14 13
14 14
14 15
15 6
15 7
15 8
15 9
15 10
15 11
15 12
15 13
15 14
15 15
16 6
16 7
16 8
16 9
16 10
16 11
16 12
16 13
16 14
16 15
17 6
17 7
17 8
17 9
17 10
17 11
17 12
17 13
17 14
17 15
18 6
18 7
18 8
18 9
18 10
18 11
18 12
18 13
18 14
18 15
19 7
19 8
19 9
19 10
19 11
19 12
19 13
19 14
19 15
20 9
20 10
20 11
20 12
20 13
20 14
20 15
0
Yes
2 38
3 38
4 38
5 38
6 38
7 38
7 39
8 39
8 38
8 40
8 41
8 42
8 37
7 37
6 37
5 37
4 37
3 37
2 37
2 36
3 36
4 36
5 36
6 36
7 36
8 36
8 35
7 35
6 35
5 35
4 35
3 35
2 35
7 34
6 34
5 34
4 34
3 34
2 34
6 33
5 33
4 33
3 33
2 33
6 32
5 32
4 32
3 32
2 32
1 32
1 33
1 34
1 35
1 36
1 37
1 38
1 39
0 39
0 38
0 37
0 36
0 35
0 34
0 33
0 32
9 35
9 36
9 37
9 38
9 39
9 40
9 41
9 42
10 35
10 36
10 37
10 38
10 39
10 40
10 41
10 42
11 42
11 41
11 40
11 39
11 38
11 37
11 36
11 35
12 35
12 36
8 43
9 43
10 43
11 43
12 43
12 44
11 44
10 44
9 44
8 44
8 45
9 45
10 45
11 45
12 45
12 46
11 46
10 46
9 46
8 46
13 36
0
Yes
19 23
19 24
20 24
20 23
21 23
18 24
18 23
17 24
17 23
17 22
18 22
19 22
20 22
21 22
22 22
23 22
16 22
15 22
14 22
14 21
15 21
16 21
17 21
18 21
19 21
20 21
21 21
22 21
23 21
13 21
12 21
12 20
13 20
14 20
15 20
16 20
17 20
18 20
19 20
20 20
21 20
22 20
23 20
24 20
24 21
24 22
24 23
24 19
23 19
22 19
21 19
20 19
19 19
18 19
17 19
16 19
15 19
14 19
13 19
12 19
12 18
13 18
14 18
15 18
16 18
17 18
18 18
19 18
20 18
21 18
22 18
23 18
24 18
24 17
23 17
22 17
21 17
20 17
19 17
18 17
17 17
16 17
15 17
14 17
13 17
12 17
25 23
25 22
25 21
25 20
25 19
25 18
25 17
26 19
26 20
26 21
26 22
12 16
13 16
14 16
15 16
16 16
17 16
18 16
19 16
20 16
21 16
22 16
23 16
0
No
0
No
0
Yes
9 35
9 36
10 36
10 35
11 35
11 36
12 36
12 35
12 34
11 34
10 34
9 34
13 34
13 33
12 33
11 33
10 33
9 33
9 32
10 32
11 32
12 32
13 32
13 31
12 31
11 31
10 31
9 31
12 30
11 30
10 30
9 30
8 30
8 31
8 32
8 33
8 34
8 35
8 36
7 30
7 31
7 32
7 33
7 34
7 35
7 36
14 31
14 32
14 33
14 34
6 32
6 33
6 34
6 35
6 36
5 32
5 33
5 34
5 35
5 36
4 32
4 33
4 34
4 35
4 36
3 32
3 33
3 34
3 35
3 36
2 32
2 33
2 34
2 35
2 36
1 32
1 33
1 34
1 35
1 36
0 32
0 33
0 34
0 35
0 36
0
Yes
41 14
41 13
40 13
40 14
40 15
39 15
39 14
39 13
39 12
39 11
39 10
39 16
39 17
39 18
39 19
39 20
38 10
38 11
38 12
38 13
38 14
38 15
38 16
38 17
38 18
38 19
38 20
38 21
38 22
37 22
37 21
37 20
37 19
37 18
37 17
37 16
37 15
37 14
37 13
37 12
37 11
37 10
36 10
36 11
36 12
36 13
36 14
36 15
36 16
36 17
36 18
36 19
36 20
36 21
36 22
35 22
35 21
35 20
35 19
35 18
35 17
35 16
35 15
35 14
35 13
35 12
35 11
35 10
34 10
34 11
34 12
34 13
34 14
34 15
33 15
33 14
33 13
33 12
33 11
33 10
32 15
32 14
32 13
32 12
32 11
32 10
32 9
31 9
31 10
31 11
31 12
31 13
31 14
31 15
30 15
30 14
30 13
30 12
30 11
30 10
30 9
29 9
29 10
29 11
29 12
29 13
29 14
29 15
28 15
28 14
28 13
28 12
28 11
28 10
28 9
27 9
27 10
27 11
0
No
0
No
0
No
0
Yes
6 3
6 2
6 1
6 0
7 0
7 1
7 2
7 3
7 4
8 4
8 3
8 2
8 1
8 0
8 5
9 5
9 4
9 3
9 2
9 1
9 0
10 5
10 4
10 3
10 2
10 1
10 0
11 0
11 1
11 2
11 3
11 4
11 5
0
No
0
Yes
30 0
30 1
30 2
30 3
30 4
30 5
30 6
30 7
30 8
29 8
29 7
29 6
29 5
29 4
29 3
29 2
29 1
29 0
28 8
28 7
28 6
28 5
28 4
28 3
28 2
28 1
28 0
27 8
27 7
27 6
27 5
27 4
27 3
27 2
27 1
27 0
26 0
26 1
26 2
26 3
26 4
26 5
26 6
26 7
0
Yes
25 0
25 1
25 2
25 3
25 4
24 4
24 3
24 2
24 1
24 0
23 0
23 1
23 2
23 3
23 4
22 4
22 3
22 2
22 1
22 0
21 0
21 1
21 2
21 3
21 4
20 4
20 3
20 2
20 1
20 0
19 0
19 1
19 2
19 3
0
Yes
0 37
1 37
2 37
3 37
4 37
5 37
5 38
4 38
3 38
2 38
1 38
0 38
0 39
1 39
2 39
3 39
4 39
5 39
5 40
4 40
3 40
2 40
1 40
0 40
0 41
1 41
2 41
3 41
4 41
5 41
5 42
4 42
3 42
2 42
1 42
0 42
0 43
1 43
2 43
3 43
4 43
0
Yes
6 0
6 1
7 1
7 0
8 0
8 1
9 1
9 0
10 0
10 1
11 1
11 0
11 2
10 2
9 2
8 2
7 2
6 2
6 3
7 3
8 3
9 3
10 3
11 3
11 4
10 4
9 4
8 4
0
Yes
46 0
46 1
46 2
46 3
46 4
47 4
47 3
47 2
47 1
47 0
48 0
48 1
48 2
48 3
48 4
49 4
49 3
49 2
49 1
49 0
0
Yes
4 49
5 49
6 49
6 48
5 48
4 48
4 47
5 47
6 47
6 46
5 46
4 46
3 46
3 47
3 48
3 49
2 49
2 48
2 47
2 46
1 46
1 47
1 48
1 49
0 49
0 48
0 47
0 46
0 45
1 45
2 45
3 45
4 45
5 45
6 45
4 44
3 44
2 44
1 44
0 44
5 44
0
Yes
14 42
15 42
15 43
14 43
15 44
14 44
15 45
14 45
15 46
14 46
14 47
15 47
15 48
14 48
14 49
15 49
13 49
13 48
13 47
13 46
13 45
13 44
13 43
13 42
12 42
12 43
12 44
12 45
12 46
12 47
12 48
12 49
11 49
11 48
11 47
11 46
11 45
11 44
11 43
11 42
10 42
10 43
10 44
10 45
10 46
10 47
10 48
10 49
9 49
9 48
9 47
9 46
9 45
9 44
9 43
9 42
8 42
8 43
8 44
8 45
8 46
8 47
8 48
8 49
7 49
7 48
7 47
7 46
7 45
7 44
7 43
7 42
6 44
6 43
6 42
0
Yes
1 19
2 19
3 19
0 19
0 18
1 18
2 18
3 18
3 17
2 17
1 17
0 17
0 16
1 16
2 16
3 16
3 15
2 15
1 15
0 15
0 14
1 14
2 14
3 14
0
Yes
0 4
1 4
2 4
3 4
4 4
5 4
5 5
4 5
3 5
2 5
1 5
0 5
0 6
1 6
2 6
3 6
4 6
5 6
5 7
4 7
3 7
2 7
1 7
0 7
0 8
1 8
2 8
3 8
4 8
5 8
5 9
4 9
3 9
2 9
1 9
0 9
0 10
1 10
2 10
3 10
4 10
5 10
5 11
4 11
3 11
2 11
1 11
0 11
0 12
1 12
2 12
3 12
4 12
5 12
3 13
2 13
1 13
0 13
4 13
5 13
4 14
0
Yes
7 19
8 19
9 19
6 19
5 19
4 19
4 18
5 18
6 18
7 18
8 18
9 18
4 17
5 17
6 17
7 17
8 17
9 17
4 16
5 16
6 16
7 16
8 16
9 16
4 15
5 15
6 15
7 15
8 15
9 15
5 14
6 14
7 14
8 14
9 14
6 13
7 13
8 13
9 13
6 12
7 12
8 12
9 12
6 11
7 11
8 11
9 11
6 10
7 10
8 10
9 10
6 9
7 9
8 9
9 9
6 8
7 8
8 8
9 8
6 7
7 7
8 7
9 7
6 6
7 6
8 6
9 6
6 5
7 5
8 5
9 5
6 4
7 4
8 4
9 4
6 3
7 3
8 3
9 3
6 2
7 2
8 2
9 2
6 1
7 1
8 1
9 1
6 0
7 0
8 0
9 0
10 19
10 18
10 17
10 16
10 15
10 14
10 13
10 12
10 11
10 10
10 9
10 8
10 7
10 6
10 5
10 4
10 3
10 2
10 1
10 0
11 19
11 18
11 17
11 16
11 15
11 14
11 13
11 12
11 11
11 10
11 9
11 8
11 7
11 6
11 5
11 4
11 3
11 2
11 1
11 0
12 4
12 5
12 6
12 7
12 8
12 9
12 10
12 11
12 12
12 13
0
No
0
Yes
2 32
3 32
4 32
5 32
6 32
1 32
0 32
0 33
1 33
2 33
3 33
4 33
5 33
6 33
6 34
5 34
4 34
3 34
2 34
1 34
0 34
0 35
1 35
2 35
3 35
4 35
5 35
6 35
7 35
7 34
7 33
7 32
8 32
8 33
8 34
8 35
5 36
4 36
3 36
2 36
1 36
0 36
6 36
7 36
8 36
0
Yes
44 33
44 34
45 34
45 33
0
Yes
0 44
1 44
2 44
3 44
3 45
2 45
1 45
0 45
0 46
1 46
2 46
3 46
3 47
2 47
1 47
0 47
0 48
1 48
2 48
3 48
3 49
2 49
1 49
0 49
4 44
4 45
4 46
4 47
4 48
4 49
5 44
5 45
5 46
0
Yes
49 8
48 8
48 7
49 7
47 7
47 6
48 6
49 6
47 5
48 5
0
Yes
49 49
49 48
49 47
49 46
49 45
49 44
48 44
48 45
48 46
48 47
48 48
48 49
47 44
47 45
47 46
47 47
47 48
47 49
46 44
46 45
46 46
0
No
0
No
0
Yes
17 10
17 11
17 12
17 13
17 14
17 15
18 15
18 14
18 13
18 12
18 11
18 10
19 15
19 14
19 13
19 12
19 11
19 10
20 15
20 14
20 13
20 12
20 11
20 10
21 15
21 14
21 13
21 12
21 11
21 10
22 15
22 14
22 13
22 12
22 11
22 10
23 15
23 14
23 13
23 12
23 11
23 10
16 15
16 14
16 13
16 12
16 11
16 10
16 9
17 9
18 9
19 9
20 9
21 9
22 9
23 9
24 9
24 10
24 11
24 12
24 13
24 14
24 15
25 15
25 14
25 13
25 12
25 11
25 10
25 9
26 9
26 10
26 11
26 12
26 13
26 14
26 15
26 8
25 8
24 8
23 8
22 8
21 8
20 8
19 8
18 8
17 8
16 8
25 7
24 7
23 7
22 7
21 7
20 7
19 7
18 7
17 7
16 7
16 6
17 6
18 6
19 6
20 6
21 6
22 6
23 6
24 6
25 6
25 5
24 5
23 5
22 5
21 5
20 5
19 5
0
Yes
36 10
37 10
38 10
39 10
39 11
38 11
37 11
36 11
39 12
38 12
37 12
36 12
35 10
35 11
35 12
34 10
34 11
34 12
34 13
35 13
36 13
37 13
38 13
39 13
39 14
38 14
37 14
36 14
35 14
34 14
34 15
35 15
36 15
37 15
38 15
39 15
39 16
38 16
37 16
36 16
0
Yes
6 0
6 1
6 2
6 3
6 4
6 5
6 6
6 7
6 8
6 9
6 10
6 11
6 12
6 13
6 14
7 14
7 13
7 12
7 11
7 10
7 9
7 8
7 7
7 6
7 5
7 4
7 3
7 2
7 1
7 0
8 0
8 1
8 2
8 3
8 4
8 5
8 6
8 7
8 8
8 9
8 10
8 11
8 12
8 13
8 14
9 14
9 13
9 12
9 11
9 10
9 9
9 8
9 7
9 6
9 5
9 4
9 3
9 2
9 1
9 0
10 0
10 1
10 2
10 3
10 4
10 5
10 6
10 7
10 8
10 9
10 10
10 11
10 12
10 13
10 14
11 3
11 2
11 1
11 0
11 4
11 5
11 6
11 7
11 8
11 9
11 10
11 11
11 12
11 13
11 14
12 4
12 5
12 6
12 7
12 8
12 9
12 10
12 11
12 12
12 13
12 14
13 6
13 7
13 8
13 9
13 10
13 11
13 12
13 13
13 14
14 6
14 7
14 8
14 9
14 10
14 11
14 12
14 13
14 14
15 6
15 7
15 8
15 9
15 10
15 11
15 12
15 13
15 14
15 15
14 15
13 15
12 15
11 15
0
No
0
Yes
15 28
14 28
15 27
14 27
15 26
14 26
0
Yes
2 47
2 48
2 49
3 49
3 48
3 47
4 47
4 48
4 49
5 49
5 48
5 47
6 47
6 48
6 49
7 49
7 48
7 47
8 47
8 48
8 49
8 46
7 46
6 46
5 46
4 46
3 46
2 46
2 45
3 45
4 45
5 45
6 45
7 45
8 45
8 44
7 44
6 44
5 44
4 44
3 44
2 44
2 43
3 43
4 43
5 43
6 43
7 43
8 43
8 42
7 42
6 42
5 42
4 42
3 42
2 42
1 42
1 43
1 44
1 45
1 46
1 47
1 48
1 49
0 49
0 48
0 47
0 46
0 45
0 44
0 43
0 42
0 41
1 41
0
Yes
46 49
46 48
46 47
45 47
45 48
45 49
44 49
44 48
44 47
43 47
43 48
43 49
42 49
42 48
42 47
41 47
41 48
41 49
45 46
44 46
43 46
0
Yes
49 0
49 1
48 1
48 0
48 2
49 2
0
No
0
No
0
No
0
Yes
0 0
0 1
0 2
1 2
1 1
1 0
2 0
2 1
2 2
3 2
3 1
3 0
4 0
4 1
4 2
5 2
5 1
5 0
5 3
4 3
3 3
0
Yes
3 35
3 36
3 37
3 38
4 38
4 37
4 36
4 35
5 35
5 36
5 37
5 38
6 38
6 37
6 36
6 35
7 35
7 36
7 37
7 38
8 38
8 37
8 36
8 35
9 35
9 36
9 37
9 38
10 38
10 37
10 36
10 35
11 37
11 38
11 36
11 35
12 36
12 35
12 34
11 34
10 34
9 34
8 34
7 34
6 34
5 34
4 34
3 34
13 34
14 34
14 33
13 33
12 33
11 33
10 33
9 33
8 33
7 33
6 33
5 33
4 33
3 33
14 32
13 32
12 32
11 32
10 32
9 32
8 32
7 32
6 32
5 32
4 32
3 32
14 31
13 31
12 31
11 31
10 31
9 31
8 31
7 31
6 31
5 31
4 31
3 31
12 30
11 30
10 30
9 30
8 30
7 30
6 30
5 30
4 30
3 30
2 30
2 31
2 32
2 33
2 34
2 35
2 36
2 37
2 38
1 38
1 37
1 36
1 35
1 34
1 33
1 32
1 31
1 30
0 30
0 31
0 32
0 33
0 34
0 35
0 36
0 37
0 38
11 39
10 39
9 39
8 39
7 39
6 39
5 39
4 39
3 39
2 39
1 39
0 39
0 40
1 40
2 40
3 40
4 40
0
Yes
47 35
47 36
46 36
45 36
45 37
46 37
47 37
48 35
48 36
48 37
49 35
49 36
49 37
49 38
48 38
47 38
46 38
45 38
0
Yes
0 20
1 20
2 20
3 20
3 21
2 21
1 21
0 21
0 22
1 22
2 22
3 22
3 23
2 23
1 23
0 23
0 24
1 24
2 24
3 24
3 25
2 25
1 25
0 25
0 26
1 26
2 26
3 26
3 27
2 27
1 27
0 27
0 28
1 28
2 28
3 28
3 29
2 29
1 29
0 29
4 29
4 28
4 27
4 26
4 25
4 24
4 23
4 22
4 21
4 20
4 19
5 29
5 28
5 27
5 26
5 25
5 24
5 23
5 22
5 21
5 20
5 19
6 29
6 28
6 27
6 26
6 25
6 24
6 23
6 22
6 21
6 20
6 19
7 29
7 28
7 27
7 26
7 25
7 24
7 23
7 22
7 21
7 20
7 19
8 29
8 28
8 27
8 26
8 25
8 24
8 23
0
Yes
13 29
12 29
11 29
10 29
9 29
9 28
10 28
11 28
12 28
13 28
13 27
12 27
11 27
10 27
9 27
9 26
10 26
11 26
12 26
13 26
13 25
12 25
11 25
10 25
9 25
9 24
10 24
11 24
12 24
13 24
9 23
10 23
11 23
12 23
13 23
0
Yes
47 49
47 48
47 47
48 47
48 48
48 49
49 49
49 48
49 47
49 46
0
Yes
38 26
39 26
39 27
38 27
40 27
40 28
39 28
38 28
39 29
38 29
39 30
38 30
38 31
37 31
37 30
37 29
37 28
37 27
37 26
37 25
37 24
37 23
36 30
36 29
36 28
36 27
36 26
36 25
36 24
36 23
36 22
37 22
38 22
38 21
38 20
39 20
39 19
38 19
39 18
38 18
39 17
38 17
39 16
38 16
38 15
39 15
34 32
37 21
37 20
37 19
37 18
37 17
37 16
37 15
36 21
36 20
36 19
36 18
36 17
36 16
36 15
35 16
35 17
35 18
35 19
35 20
35 21
35 22
35 23
35 24
35 25
35 26
35 27
35 28
35 29
35 30
35 15
35 31
34 31
34 30
34 29
34 28
34 27
34 26
34 25
34 24
34 23
33 23
33 24
33 25
33 26
33 27
33 28
33 29
33 30
32 30
32 29
32 28
32 27
32 26
32 25
32 24
32 23
31 28
31 27
31 26
31 25
31 24
31 23
30 27
30 26
30 25
30 24
30 23
29 23
29 24
29 25
29 26
28 26
28 25
28 24
28 23
27 26
27 25
27 24
27 23
40 21
40 17
41 27
40 20
26 23
26 24
41 21
1
246
39 10
39 11
39 12
38 10
38 11
38 12
37 10
37 11
37 12
36 10
36 11
36 12
35 10
35 11
35 12
34 10
34 11
34 12
33 10
33 11
33 12
33 13
34 13
35 13
36 13
37 13
38 13
39 13
39 14
38 14
37 14
36 14
35 14
34 14
33 14
40 13
40 14
41 13
41 14
32 14
32 13
32 12
32 11
32 10
32 9
31 9
31 10
31 11
31 12
31 13
31 14
26 18
40 15
34 15
33 15
32 15
31 15
30 15
30 14
30 13
30 12
30 11
30 10
30 9
29 9
29 10
29 11
29 12
29 13
29 14
29 15
28 15
28 14
28 13
28 12
28 11
28 10
28 9
27 9
27 10
27 11
27 12
27 13
27 14
27 15
27 16
27 17
27 18
26 17
42 14
26 16
Yes
7 28
7 29
8 29
8 28
8 27
7 27
6 29
6 28
6 27
5 29
5 28
5 27
4 29
4 28
4 27
3 29
3 28
3 27
2 29
2 28
2 27
1 29
1 28
1 27
0 29
0 28
0 27
8 26
7 26
6 26
5 26
4 26
3 26
2 26
1 26
0 26
8 25
7 25
6 25
5 25
4 25
3 25
2 25
1 25
0 25
8 24
7 24
6 24
5 24
4 24
3 24
2 24
1 24
0 24
8 23
7 23
6 23
5 23
4 23
3 23
2 23
1 23
0 23
0 22
1 22
2 22
3 22
4 22
5 22
6 22
7 22
8 22
9 22
10 22
11 22
11 21
10 21
9 21
8 21
7 21
6 21
5 21
4 21
3 21
2 21
1 21
0 21
0 20
1 20
2 20
3 20
4 20
5 20
6 20
7 20
8 20
9 20
10 20
11 20
11 19
10 19
9 19
8 19
7 19
6 19
5 19
4 19
4 18
5 18
6 18
7 18
8 18
9 18
10 18
11 18
11 17
10 17
9 17
8 17
7 17
6 17
5 17
4 17
11 16
10 16
9 16
8 16
7 16
6 16
5 16
4 16
10 15
9 15
8 15
0
Yes
6 49
7 49
8 49
9 49
10 49
11 49
12 49
12 48
11 48
10 48
9 48
8 48
7 48
6 48
6 47
7 47
8 47
9 47
10 47
11 47
12 47
12 46
11 46
10 46
9 46
8 46
7 46
6 46
6 45
7 45
8 45
9 45
10 45
11 45
12 45
12 44
11 44
10 44
9 44
8 44
7 44
6 44
6 43
7 43
8 43
9 43
10 43
11 43
12 43
12 42
11 42
10 42
9 42
8 42
7 42
6 42
6 41
7 41
8 41
9 41
10 41
11 41
12 41
12 40
11 40
10 40
9 40
8 40
7 40
6 40
5 40
5 41
5 42
5 43
5 44
5 45
5 46
5 47
5 48
5 49
4 41
4 42
4 43
4 44
4 45
4 46
4 47
4 48
4 49
3 41
3 42
3 43
3 44
3 45
3 46
3 47
3 48
3 49
2 41
2 42
2 43
2 44
2 45
2 46
2 47
2 48
2 49
1 41
1 42
1 43
1 44
1 45
1 46
1 47
1 48
1 49
0 41
0 42
0 43
0 44
0 45
0 46
0 47
0 48
0 49
1
131
1 11
1 12
2 12
2 11
3 11
3 12
4 12
4 11
5 11
5 12
5 10
4 10
3 10
2 10
1 10
5 9
4 9
3 9
2 9
1 9
5 8
4 8
3 8
2 8
1 8
0 8
0 9
0 10
0 11
0 12
0 13
1 13
2 13
3 13
Yes
44 38
44 37
44 36
44 35
43 35
43 36
43 37
43 38
43 39
44 39
45 39
46 39
47 39
48 39
49 39
49 40
48 40
47 40
46 40
45 40
44 40
43 40
43 41
44 41
45 41
46 41
47 41
48 41
49 41
49 42
48 42
47 42
46 42
45 42
44 42
43 42
43 43
44 43
45 43
46 43
47 43
48 43
49 43
49 44
48 44
47 44
46 44
45 44
44 44
43 44
43 45
44 45
45 45
46 45
47 45
48 45
49 45
42 45
42 44
42 43
42 42
42 41
42 40
42 39
42 38
42 37
42 36
42 35
41 35
41 36
41 37
41 38
41 39
41 40
41 41
41 42
41 43
41 44
41 45
40 35
40 36
40 37
40 38
40 39
40 40
40 41
40 42
40 43
40 44
40 45
39 43
39 42
39 41
39 40
39 39
39 38
39 37
39 36
39 44
39 45
39 46
40 46
41 46
42 46
38 45
38 44
38 36
38 37
38 38
38 39
40 34
41 34
42 34
0
No
0
No
0
No
0
No
0
Yes
42 48
42 47
41 47
41 48
41 49
42 49
43 49
43 48
43 47
0
No
0
Yes
35 1
35 2
35 3
35 4
35 5
36 5
36 4
36 3
36 2
36 1
37 1
37 2
37 3
37 4
37 5
38 5
38 4
38 3
38 2
38 1
38 0
37 0
36 0
35 0
34 0
34 1
34 2
34 3
34 4
34 5
33 5
33 4
33 3
33 2
33 1
33 0
32 0
32 1
32 2
32 3
32 4
32 5
31 5
31 4
31 3
31 2
31 1
31 0
0
Yes
49 49
49 48
49 47
49 46
48 46
48 47
48 48
48 49
0
Yes
2 0
2 1
2 2
2 3
2 4
2 5
2 6
2 7
3 7
3 6
3 5
3 4
3 3
3 2
3 1
3 0
1 7
1 6
1 5
1 4
1 3
1 2
1 1
1 0
0 7
0 6
0 5
0 4
0 3
0 2
0 1
0 0
4 7
4 6
4 5
4 4
4 3
0
Yes
13 47
14 47
15 47
16 47
16 48
15 48
14 48
13 48
13 49
14 49
15 49
16 49
15 46
0
Yes
12 12
12 11
12 10
12 9
12 8
12 7
12 6
12 5
12 4
11 4
11 5
11 6
11 7
11 8
11 9
11 10
11 11
11 12
11 3
10 3
10 4
10 5
10 6
10 7
10 8
10 9
10 10
10 11
10 12
9 12
9 11
9 10
9 9
9 8
9 7
9 6
9 5
9 4
9 3
8 3
8 4
8 5
8 6
8 7
8 8
8 9
8 10
8 11
8 12
7 12
7 11
7 10
7 9
7 8
7 7
7 6
7 5
7 4
7 3
6 8
6 9
6 10
6 11
6 12
6 7
6 6
6 5
6 4
6 3
5 7
5 6
5 5
5 4
5 3
11 2
10 2
9 2
8 2
7 2
6 2
5 2
4 2
4 1
5 1
6 1
7 1
8 1
9 1
10 1
11 1
11 0
10 0
9 0
8 0
7 0
6 0
5 0
4 0
13 6
13 7
13 8
13 9
13 10
13 11
13 12
14 6
14 7
14 8
14 9
14 10
14 11
14 12
15 6
15 7
15 8
15 9
15 10
15 11
15 12
15 13
0
Yes
26 0
26 1
26 2
26 3
26 4
26 5
27 5
27 4
27 3
27 2
27 1
27 0
28 0
28 1
28 2
28 3
28 4
28 5
29 5
29 4
29 3
29 2
29 1
29 0
30 0
30 1
30 2
30 3
30 4
0
Yes
39 0
39 1
39 2
39 3
39 4
40 4
40 3
40 2
40 1
40 0
41 0
41 1
41 2
41 3
41 4
42 4
42 3
42 2
42 1
42 0
43 0
43 1
43 2
43 3
43 4
44 4
44 3
44 2
44 1
44 0
45 0
45 1
45 2
45 3
45 4
46 4
46 3
46 2
46 1
46 0
47 0
47 1
47 2
47 3
47 4
46 5
45 5
44 5
43 5
42 5
41 5
0
Yes
45 33
45 34
44 34
44 33
0
Yes
20 0
19 0
19 1
20 1
19 2
20 2
21 2
21 1
21 0
22 0
22 1
22 2
23 2
23 1
23 0
24 0
24 1
24 2
19 3
20 3
21 3
22 3
23 3
24 3
19 4
20 4
21 4
22 4
23 4
24 4
0
Yes
49 47
49 46
49 48
49 49
48 46
48 47
48 48
48 49
47 46
47 47
47 48
47 49
46 46
46 47
46 48
46 49
45 46
0
No
0
Yes
0 29
1 29
2 29
3 29
4 29
5 29
6 29
7 29
8 29
8 28
7 28
6 28
5 28
4 28
3 28
2 28
1 28
0 28
8 27
7 27
6 27
5 27
4 27
3 27
2 27
1 27
0 27
8 26
7 26
6 26
5 26
4 26
3 26
2 26
1 26
0 26
8 25
7 25
6 25
5 25
4 25
3 25
2 25
1 25
0 25
8 24
7 24
6 24
5 24
4 24
3 24
2 24
1 24
0 24
8 23
7 23
6 23
5 23
4 23
3 23
2 23
1 23
0 23
0 22
1 22
2 22
3 22
4 22
5 22
6 22
7 22
8 22
8 21
7 21
6 21
5 21
4 21
3 21
2 21
1 21
0 21
0 20
1 20
2 20
3 20
4 20
0
Yes
15 45
14 45
13 45
13 46
14 46
13 44
14 44
15 44
15 43
14 43
13 43
13 42
14 42
0
Yes
47 0
47 1
47 2
47 3
47 4
46 4
46 3
46 2
46 1
46 0
46 5
45 5
45 4
45 3
45 2
45 1
45 0
44 0
44 1
44 2
44 3
44 4
44 5
43 5
43 4
43 3
43 2
43 1
43 0
42 0
42 1
42 2
42 3
42 4
42 5
41 5
41 4
41 3
41 2
41 1
41 0
40 0
40 1
40 2
40 3
40 4
40 5
39 5
39 4
39 3
39 2
39 1
39 0
46 6
45 6
44 6
43 6
42 6
41 6
40 6
39 6
46 7
45 7
44 7
43 7
42 7
41 7
40 7
39 7
0
No
0
Yes
34 10
34 11
34 12
34 13
34 14
35 14
35 13
35 12
35 11
35 10
36 10
36 11
36 12
36 13
36 14
37 14
37 13
37 12
37 11
37 10
38 10
38 11
38 12
38 13
38 14
38 9
37 9
36 9
35 9
34 9
34 8
35 8
36 8
37 8
38 8
38 7
37 7
36 7
35 7
34 7
38 6
37 6
36 6
35 6
34 6
33 6
33 7
33 8
33 9
33 10
33 11
33 12
33 13
33 14
32 6
32 7
32 8
32 9
32 10
32 11
32 12
32 13
32 14
31 6
31 7
31 8
31 9
31 10
31 11
31 12
31 13
31 14
30 6
30 7
30 8
30 9
30 10
30 11
30 12
30 13
30 14
29 6
29 7
29 8
29 9
29 10
29 11
29 12
29 13
29 14
28 6
28 7
28 8
28 9
28 10
28 11
28 12
28 13
28 14
27 14
27 13
27 12
27 11
27 10
27 9
27 8
27 7
27 6
26 6
26 7
27 15
28 15
29 15
30 15
31 15
32 15
33 15
34 15
35 15
36 15
37 15
38 15
38 16
37 16
36 16
35 16
34 16
33 16
32 16
31 16
30 16
29 16
28 16
27 16
0
No
0
No
0
No
0
No
0
Yes
42 34
41 34
40 34
40 35
41 35
42 35
43 35
44 35
44 36
43 36
42 36
41 36
40 36
39 36
38 36
38 37
39 37
40 37
41 37
42 37
43 37
44 37
44 38
43 38
42 38
41 38
40 38
39 38
38 38
38 39
39 39
40 39
41 39
42 39
43 39
44 39
45 39
46 39
47 39
39 40
40 40
41 40
42 40
43 40
44 40
45 40
46 40
47 40
39 41
40 41
41 41
42 41
43 41
44 41
45 41
46 41
47 41
39 42
40 42
41 42
42 42
43 42
44 42
45 42
46 42
47 42
39 43
40 43
41 43
42 43
43 43
44 43
45 43
46 43
47 43
48 39
48 40
48 41
48 42
48 43
49 39
49 40
49 41
49 42
49 43
49 44
48 44
47 44
46 44
45 44
44 44
43 44
42 44
41 44
40 44
39 44
38 44
38 45
39 45
40 45
41 45
42 45
43 45
44 45
45 45
46 45
47 45
48 45
49 45
44 46
43 46
42 46
41 46
40 46
39 46
0
No
0
Yes
0 21
0 20
0 22
0 23
0 24
1 20
1 21
1 22
1 23
1 24
2 20
2 21
2 22
2 23
2 24
0
No
0
Yes
8 29
8 28
8 27
8 26
8 25
8 24
7 29
7 28
7 27
7 26
7 25
7 24
6 29
6 28
6 27
6 26
6 25
6 24
5 29
5 28
5 27
5 26
5 25
5 24
4 29
4 28
4 27
4 26
4 25
4 24
3 24
3 25
3 26
3 27
3 28
3 29
2 29
2 28
2 27
2 26
2 25
1 25
1 26
1 27
1 28
1 29
0 29
0 28
0 27
0 26
0 25
0
No
0
Yes
0 24
1 24
2 24
2 23
1 23
0 23
3 23
3 22
2 22
1 22
0 22
0 21
1 21
2 21
3 21
3 20
2 20
1 20
0 20
0 19
1 19
2 19
3 19
3 18
2 18
1 18
0 18
4 23
4 22
4 21
4 20
4 19
4 18
0
No
0
Yes
34 31
35 31
35 30
34 30
33 30
32 30
32 29
33 29
34 29
35 29
36 30
36 29
37 29
37 30
37 31
38 31
38 30
38 29
39 30
39 29
39 28
38 28
37 28
36 28
35 28
34 28
33 28
32 28
32 27
33 27
34 27
35 27
36 27
37 27
38 27
39 27
40 27
40 28
39 26
38 26
37 26
36 26
35 26
34 26
33 26
32 26
31 28
31 27
31 26
30 27
30 26
29 26
28 26
27 26
27 25
28 25
29 25
30 25
31 25
32 25
33 25
34 25
35 25
36 25
37 25
37 24
36 24
35 24
34 24
33 24
32 24
31 24
30 24
29 24
28 24
27 24
26 24
26 23
27 23
28 23
29 23
30 23
31 23
32 23
33 23
34 23
35 23
36 23
37 23
27 22
28 22
29 22
30 22
31 22
32 22
33 22
34 22
35 22
36 22
37 22
38 22
38 21
37 21
36 21
35 21
34 21
33 21
32 21
31 21
30 21
29 21
28 21
0
No
0
No
0
Yes
0 17
1 17
2 17
3 17
3 16
2 16
1 16
0 16
0 15
1 15
2 15
3 15
3 14
2 14
1 14
0 14
4 17
4 16
4 15
4 14
0
Yes
41 14
41 13
40 13
40 14
42 14
39 13
39 14
0
No
0
Yes
2 33
2 34
2 35
2 36
2 37
2 38
2 39
2 40
3 40
3 39
3 38
3 37
3 36
3 35
3 34
3 33
4 40
4 39
4 38
4 37
4 36
4 35
4 34
4 33
5 39
5 38
5 37
5 36
5 35
5 34
5 33
6 39
6 38
6 37
6 36
6 35
6 34
6 33
1 40
1 39
1 38
1 37
1 36
1 35
1 34
1 33
0 40
0 39
0 38
0 37
0 36
0 35
0 34
0 33
0 32
1 32
2 32
3 32
4 32
5 32
6 32
6 31
5 31
4 31
3 31
2 31
1 31
0 31
0 30
1 30
2 30
3 30
4 30
5 30
0
Yes
7 34
7 35
7 36
7 37
7 33
7 32
8 32
8 33
8 34
8 35
8 36
8 37
9 37
9 36
9 35
9 34
9 33
9 32
7 31
8 31
9 31
7 30
8 30
9 30
10 30
10 31
10 32
10 33
10 34
10 35
10 36
10 37
11 37
11 36
11 35
11 34
11 33
11 32
11 31
11 30
12 30
12 31
12 32
12 33
12 34
12 35
12 36
13 34
13 33
13 32
13 31
14 31
14 32
14 33
14 34
0
Yes
18 0
18 1
18 2
18 3
18 4
18 5
17 5
17 4
17 3
17 2
17 1
17 0
16 5
16 4
16 3
16 2
16 1
16 0
15 0
15 1
15 2
15 3
15 4
15 5
14 5
14 4
14 3
14 2
14 1
14 0
13 0
13 1
13 2
13 3
13 4
13 5
12 5
12 4
12 3
12 2
12 1
12 0
11 0
11 1
11 2
11 3
11 4
11 5
10 5
10 4
10 3
10 2
10 1
10 0
9 0
9 1
9 2
9 3
9 4
9 5
8 5
8 4
8 3
8 2
8 1
8 0
0
No
0
Yes
49 49
49 48
49 47
49 46
48 46
48 47
48 48
48 49
47 46
47 47
47 48
47 49
0
Yes
9 20
9 21
9 22
10 22
10 21
10 20
11 22
11 21
11 20
11 19
10 19
9 19
8 19
8 20
8 21
8 22
8 23
7 23
7 22
7 21
7 20
7 19
6 23
6 22
6 21
6 20
6 19
5 23
5 22
5 21
5 20
5 19
5 18
6 18
7 18
8 18
9 18
10 18
11 18
0
No
0
No
0
No
0
Yes
47 35
48 35
49 35
49 36
48 36
47 36
46 36
46 37
47 37
48 37
49 37
49 38
48 38
47 38
46 38
0
Yes
11 39
11 38
10 38
10 39
9 39
9 38
8 38
8 39
0
Yes
36 18
36 17
37 17
37 18
38 17
38 18
39 17
39 18
35 17
35 18
39 19
38 19
37 19
36 19
35 19
39 20
38 20
37 20
36 20
0
No
0
No
0
Yes
25 0
25 1
25 2
25 3
25 4
25 5
25 6
26 6
26 7
25 7
25 8
26 8
24 8
24 7
24 6
24 5
24 4
24 3
24 2
24 1
24 0
23 0
23 1
23 2
23 3
23 4
23 5
23 6
23 7
23 8
22 8
22 7
22 6
22 5
22 4
22 3
22 2
22 1
22 0
21 0
21 1
21 2
21 3
21 4
21 5
21 6
21 7
21 8
20 8
20 7
20 6
20 5
20 4
20 3
20 2
20 1
20 0
19 0
19 1
19 2
19 3
19 4
19 5
19 6
19 7
19 8
18 6
18 7
18 8
17 6
17 7
17 8
17 9
18 9
19 9
20 9
21 9
22 9
23 9
24 9
25 9
26 9
26 10
25 10
24 10
23 10
22 10
21 10
20 10
19 10
18 10
17 10
17 11
18 11
19 11
20 11
21 11
22 11
23 11
24 11
25 11
26 11
26 12
25 12
24 12
23 12
22 12
21 12
20 12
19 12
18 12
17 12
17 13
18 13
19 13
20 13
21 13
22 13
23 13
24 13
0
Yes
28 18
28 19
28 20
29 20
29 19
29 18
30 20
30 19
30 18
31 20
31 19
31 18
32 20
32 19
32 18
33 20
33 19
33 18
34 20
34 19
34 18
35 20
35 19
35 18
36 20
36 19
36 18
37 20
37 19
37 18
38 20
38 19
38 18
39 20
39 19
39 18
39 17
38 17
37 17
36 17
35 17
34 17
33 17
32 17
31 17
30 17
29 17
28 17
39 16
38 16
37 16
36 16
35 16
34 16
33 16
32 16
31 16
30 16
29 16
28 16
39 15
38 15
37 15
36 15
35 15
34 15
33 15
32 15
31 15
30 15
29 15
28 15
38 14
37 14
36 14
35 14
34 14
33 14
32 14
31 14
30 14
29 14
28 14
38 13
37 13
36 13
35 13
34 13
33 13
32 13
31 13
30 13
29 13
0
No
0
No
0
Yes
5 13
5 14
5 15
5 16
6 16
6 15
6 14
6 13
7 13
7 14
7 15
7 16
8 16
8 15
8 14
8 13
5 17
6 17
7 17
8 17
0
Yes
0 29
1 29
2 29
3 29
4 29
4 28
3 28
2 28
1 28
0 28
0 27
1 27
2 27
3 27
4 27
4 26
3 26
2 26
1 26
0 26
0 25
1 25
2 25
3 25
4 25
0
Yes
9 3
9 4
9 5
9 6
9 7
10 7
10 6
10 5
10 4
10 3
11 3
11 4
11 5
11 6
11 7
12 7
12 6
12 5
12 4
12 3
12 2
11 2
10 2
9 2
9 1
10 1
11 1
12 1
12 0
11 0
10 0
9 0
8 0
8 1
8 2
8 3
8 4
8 5
8 6
8 7
7 7
7 6
7 5
7 4
7 3
7 2
7 1
7 0
6 0
6 1
6 2
6 3
6 4
6 5
6 6
6 7
5 7
5 6
5 5
5 4
5 3
5 2
5 1
5 0
13 0
13 1
13 2
13 3
13 4
13 5
13 6
13 7
14 7
14 6
14 5
14 4
14 3
14 2
14 1
14 0
15 0
15 1
15 2
15 3
0
Yes
1 22
1 23
1 24
2 24
2 23
2 22
0 24
0 23
0 22
0 21
1 21
2 21
2 20
1 20
0 20
0 19
1 19
2 19
2 18
1 18
0 18
3 18
3 19
3 20
3 21
3 22
3 23
3 24
4 18
4 19
4 20
0
Yes
28 0
28 1
28 2
29 2
29 1
29 0
30 0
30 1
30 2
27 2
27 1
27 0
30 3
29 3
28 3
27 3
30 4
29 4
28 4
0
Yes
9 0
9 1
9 2
9 3
9 4
9 5
9 6
9 7
9 8
10 8
10 7
10 6
10 5
10 4
10 3
10 2
10 1
10 0
11 0
11 1
11 2
11 3
11 4
11 5
11 6
11 7
11 8
12 8
12 7
12 6
12 5
12 4
12 3
12 2
12 1
12 0
13 0
13 1
13 2
13 3
13 4
13 5
13 6
13 7
13 8
14 8
14 7
14 6
14 5
14 4
14 3
14 2
14 1
14 0
15 0
15 1
15 2
15 3
15 4
15 5
15 6
15 7
15 8
16 8
16 7
16 6
16 5
16 4
16 3
16 2
16 1
16 0
17 0
17 1
17 2
17 3
17 4
17 5
17 6
17 7
17 8
8 8
8 7
8 6
8 5
8 4
8 3
8 2
8 1
8 0
7 0
7 1
7 2
7 3
7 4
7 5
7 6
7 7
7 8
6 8
6 7
6 6
6 5
6 4
6 3
6 2
6 1
6 0
5 7
5 6
5 5
5 4
5 3
5 2
5 1
5 0
4 2
4 1
4 0
18 8
18 7
18 6
18 5
18 4
18 3
18 2
18 1
18 0
0
Yes
0 30
1 30
2 30
3 30
3 31
2 31
1 31
0 31
0 32
1 32
2 32
3 32
3 33
2 33
1 33
0 33
0 34
1 34
2 34
3 34
4 30
4 31
4 32
4 33
4 34
5 34
5 33
5 32
5 31
5 30
6 30
6 31
6 32
6 33
6 34
0
Yes
24 3
24 4
24 5
24 6
24 7
23 7
23 6
23 5
23 4
23 3
23 2
24 2
24 1
23 1
23 0
24 0
22 0
22 1
22 2
22 3
22 4
22 5
22 6
22 7
21 7
21 6
21 5
21 4
21 3
21 2
21 1
21 0
20 0
20 1
20 2
20 3
20 4
20 5
20 6
20 7
19 7
19 6
19 5
19 4
19 3
19 2
19 1
19 0
25 0
25 1
25 2
25 3
25 4
25 5
0
No
0
Yes
19 8
20 8
21 8
21 9
20 9
19 9
18 9
17 9
16 9
15 9
14 9
13 9
12 9
11 9
11 10
12 10
13 10
14 10
15 10
16 10
17 10
18 10
19 10
20 10
21 10
21 11
20 11
19 11
18 11
17 11
16 11
15 11
14 11
13 11
12 11
11 11
11 12
12 12
13 12
14 12
15 12
16 12
17 12
18 12
19 12
20 12
21 12
21 13
20 13
19 13
18 13
17 13
16 13
15 13
14 13
13 13
12 13
11 13
11 14
12 14
13 14
14 14
15 14
16 14
17 14
18 14
19 14
20 14
21 14
21 15
20 15
19 15
18 15
17 15
16 15
15 15
14 15
13 15
12 15
11 15
11 16
11 17
10 17
10 16
10 15
10 14
10 13
10 12
10 11
10 10
10 9
9 17
9 16
9 15
9 14
9 13
9 12
0
Yes
35 7
35 6
36 6
36 7
34 6
34 7
33 6
33 7
32 6
32 7
31 6
31 7
31 8
32 8
33 8
34 8
35 8
36 8
36 9
35 9
34 9
33 9
32 9
31 9
31 10
32 10
33 10
34 10
35 10
36 10
36 11
35 11
34 11
33 11
32 11
31 11
31 12
32 12
33 12
34 12
35 12
36 12
30 12
30 11
30 10
30 9
30 8
30 7
30 6
30 5
29 5
29 6
29 7
29 8
29 9
29 10
29 11
29 12
28 5
28 6
28 7
28 8
28 9
28 10
28 11
28 12
37 12
37 11
37 10
37 9
37 8
37 7
37 6
38 6
38 7
38 8
38 9
38 10
38 11
38 12
39 12
39 11
39 10
39 9
39 8
27 12
27 11
27 10
27 9
27 8
27 7
27 6
0
Yes
5 46
5 47
6 47
6 46
7 46
7 47
8 47
8 46
8 45
7 45
6 45
5 45
5 44
6 44
7 44
8 44
8 43
7 43
6 43
5 43
5 42
6 42
7 42
8 42
8 41
7 41
6 41
5 41
8 40
7 40
6 40
5 40
4 40
4 41
4 42
4 43
4 44
4 45
4 46
4 47
3 47
3 46
3 45
3 44
3 43
3 42
3 41
3 40
2 40
2 41
2 42
2 43
2 44
2 45
2 46
2 47
1 47
1 46
1 45
1 44
1 43
1 42
1 41
1 40
0 40
0 41
0 42
0 43
0 44
0 45
0 46
0 47
0 48
1 48
2 48
3 48
4 48
5 48
6 48
7 48
8 48
8 49
7 49
6 49
5 49
4 49
3 49
2 49
1 49
0 49
0
Yes
3 27
3 28
3 29
3 30
4 30
4 29
4 28
4 27
4 26
3 26
3 25
4 25
2 25
2 26
2 27
2 28
2 29
2 30
1 25
1 26
1 27
1 28
1 29
1 30
0 25
0 26
0 27
0 28
0 29
0 30
0 31
1 31
2 31
3 31
0
Yes
45 49
46 49
47 49
48 49
49 49
49 48
48 48
47 48
46 48
45 48
45 47
46 47
47 47
48 47
49 47
49 46
48 46
47 46
46 46
45 46
45 45
46 45
47 45
48 45
49 45
49 44
48 44
47 44
0
Yes
3 13
2 13
1 13
1 12
2 12
3 12
3 11
2 11
1 11
1 10
2 10
3 10
4 13
4 12
4 11
4 10
0 13
0 12
0 11
0 10
0
Yes
9 41
9 40
10 40
10 41
11 40
11 41
12 40
12 41
13 40
13 41
9 42
10 42
11 42
12 42
13 42
14 42
9 43
10 43
11 43
12 43
13 43
14 43
9 44
10 44
11 44
12 44
13 44
14 44
9 45
10 45
11 45
12 45
13 45
14 45
9 46
10 46
11 46
12 46
13 46
14 46
9 47
10 47
11 47
12 47
13 47
14 47
9 48
10 48
11 48
12 48
13 48
14 48
9 49
10 49
11 49
12 49
13 49
14 49
15 42
15 43
15 44
15 45
0
Yes
21 5
21 6
21 7
22 7
22 6
22 5
23 5
23 6
23 7
24 7
24 6
24 5
25 5
25 6
25 7
26 7
26 6
26 5
26 4
25 4
24 4
23 4
22 4
21 4
26 3
25 3
24 3
23 3
22 3
21 3
26 2
25 2
24 2
23 2
22 2
21 2
26 1
25 1
24 1
23 1
22 1
21 1
26 0
25 0
24 0
23 0
22 0
21 0
0
Yes
39 26
38 26
38 27
39 27
40 27
40 28
39 28
38 28
39 29
38 29
39 30
38 30
37 30
37 29
37 28
37 27
37 26
37 25
37 24
37 23
36 30
36 29
36 28
36 27
36 26
36 25
36 24
36 23
36 22
37 22
38 22
38 21
37 21
36 21
36 20
37 20
38 20
39 20
39 19
38 19
37 19
36 19
35 19
35 20
35 21
35 22
35 23
35 24
35 25
35 26
35 27
35 28
35 29
35 30
34 30
34 29
34 28
34 27
34 26
34 25
34 24
34 23
34 22
34 21
34 20
34 19
33 30
33 29
33 28
33 27
33 26
33 25
33 24
33 23
33 22
33 21
33 20
33 19
32 30
32 29
32 28
32 27
32 26
32 25
32 24
32 23
32 22
32 21
32 20
32 19
31 28
31 27
31 26
31 25
31 24
31 23
31 22
31 21
31 20
31 19
30 27
30 26
30 25
30 24
30 23
30 22
30 21
30 20
30 19
34 31
35 31
37 31
38 31
29 26
29 25
29 24
29 23
29 22
29 21
29 20
29 19
28 26
28 25
28 24
28 23
28 22
28 21
28 20
28 19
27 26
27 25
27 24
27 23
27 22
27 21
27 20
27 19
26 23
26 24
39 18
38 18
0
Yes
47 35
48 35
49 35
49 36
48 36
47 36
46 36
45 36
45 37
46 37
47 37
48 37
49 37
44 37
44 36
44 35
43 35
43 36
43 37
42 37
42 36
42 35
42 34
41 34
41 35
41 36
41 37
40 34
40 35
40 36
40 37
39 36
39 37
38 36
38 37
38 38
39 38
40 38
41 38
42 38
43 38
44 38
45 38
46 38
47 38
48 38
49 38
38 39
39 39
40 39
41 39
42 39
43 39
44 39
45 39
46 39
47 39
48 39
49 39
39 40
40 40
41 40
42 40
43 40
44 40
45 40
46 40
47 40
48 40
49 40
39 41
40 41
41 41
42 41
43 41
44 41
45 41
46 41
47 41
48 41
49 41
39 42
40 42
41 42
42 42
43 42
44 42
45 42
46 42
47 42
48 42
49 42
49 43
48 43
47 43
46 43
45 43
44 43
43 43
42 43
41 43
40 43
0
Yes
0 48
0 49
1 49
1 48
2 48
2 49
3 49
3 48
4 48
4 49
5 49
5 48
6 48
6 49
7 49
7 48
8 48
8 49
9 49
9 48
9 47
8 47
7 47
6 47
5 47
4 47
3 47
2 47
1 47
0 47
0 46
1 46
2 46
3 46
4 46
5 46
6 46
7 46
8 46
9 46
9 45
8 45
7 45
6 45
5 45
4 45
3 45
2 45
1 45
0 45
0 44
1 44
2 44
3 44
4 44
5 44
6 44
7 44
8 44
9 44
9 43
8 43
7 43
6 43
5 43
4 43
3 43
2 43
1 43
0 43
0 42
1 42
2 42
3 42
4 42
5 42
6 42
7 42
8 42
9 42
9 41
8 41
7 41
6 41
5 41
4 41
3 41
2 41
1 41
0 41
0 40
1 40
2 40
3 40
4 40
5 40
6 40
7 40
8 40
9 40
9 39
8 39
7 39
6 39
5 39
4 39
3 39
2 39
1 39
0 39
0 38
1 38
2 38
3 38
4 38
5 38
6 38
7 38
8 38
9 38
9 37
8 37
7 37
6 37
5 37
4 37
3 37
2 37
1 37
0 37
0 36
1 36
0
Yes
4 3
4 4
4 5
3 5
3 4
3 3
3 2
2 2
2 3
2 4
2 5
1 5
1 4
1 3
1 2
0 2
0 3
0 4
0 5
3 1
2 1
1 1
0 1
3 0
2 0
1 0
0 0
0
Yes
15 43
15 44
15 45
15 46
15 47
15 48
15 49
14 49
14 48
14 47
14 46
14 45
14 44
14 43
13 43
13 44
13 45
13 46
13 47
13 48
13 49
12 49
12 48
12 47
12 46
12 45
12 44
12 43
11 43
11 44
11 45
11 46
11 47
11 48
11 49
10 49
10 48
10 47
10 46
10 45
10 44
0
Yes
49 0
49 1
49 2
49 3
49 4
49 5
49 6
49 7
49 8
48 8
48 7
48 6
48 5
48 4
48 3
48 2
48 1
48 0
47 0
47 1
47 2
47 3
47 4
47 5
47 6
47 7
47 8
46 8
46 7
46 6
46 5
46 4
46 3
46 2
46 1
46 0
45 8
45 7
45 6
45 5
45 4
45 3
45 2
45 1
45 0
44 7
44 6
44 5
44 4
44 3
44 2
44 1
44 0
43 0
43 1
43 2
43 3
43 4
43 5
43 6
0
Yes
0 0
0 1
0 2
1 2
1 1
1 0
2 0
2 1
2 2
0
Yes
23 2
23 3
24 3
24 2
24 1
23 1
23 0
24 0
22 0
22 1
22 2
22 3
21 3
21 2
21 1
21 0
20 0
20 1
20 2
20 3
19 3
19 2
19 1
19 0
19 4
20 4
21 4
22 4
23 4
24 4
19 5
20 5
21 5
22 5
23 5
24 5
19 6
20 6
21 6
22 6
23 6
24 6
19 7
20 7
21 7
0
Yes
49 39
49 38
49 37
49 36
49 35
48 35
48 36
48 37
48 38
48 39
47 35
47 36
47 37
47 38
47 39
46 36
46 37
46 38
46 39
45 36
45 37
45 38
45 39
44 39
44 38
44 37
44 36
44 35
43 35
43 36
43 37
43 38
43 39
42 39
42 38
42 37
42 36
42 35
42 34
41 34
41 35
41 36
41 37
41 38
41 39
40 34
40 35
40 36
40 37
40 38
40 39
39 36
39 37
39 38
39 39
38 39
38 38
38 37
38 36
39 40
40 40
41 40
42 40
43 40
44 40
45 40
46 40
47 40
0
Yes
5 30
5 31
5 32
5 33
5 34
5 35
5 36
6 36
6 35
6 34
6 33
6 32
6 31
6 30
7 36
7 35
7 34
7 33
7 32
7 31
7 30
8 36
8 35
8 34
8 33
8 32
8 31
8 30
9 36
9 35
9 34
9 33
9 32
9 31
9 30
4 36
4 35
4 34
4 33
4 32
4 31
4 30
3 36
3 35
3 34
3 33
3 32
3 31
3 30
2 36
2 35
2 34
2 33
2 32
2 31
2 30
1 35
1 34
1 33
1 32
1 31
1 30
0 35
0 34
0 33
0 32
0 31
0 30
0 29
1 29
2 29
3 29
4 29
5 29
6 29
7 29
8 29
9 29
10 29
10 30
10 31
10 32
10 33
10 34
10 35
10 36
11 36
11 35
11 34
11 33
11 32
11 31
11 30
11 29
12 36
12 35
12 34
12 33
12 32
12 31
12 30
12 29
13 29
13 31
13 32
13 33
13 34
14 34
14 33
14 32
14 31
13 28
12 28
11 28
10 28
9 28
8 28
7 28
6 28
5 28
4 28
3 28
2 28
1 28
0 28
14 28
14 27
13 27
12 27
11 27
10 27
9 27
8 27
7 27
6 27
5 27
4 27
3 27
2 27
1 27
0 27
14 26
13 26
12 26
11 26
10 26
9 26
8 26
7 26
0
Yes
49 8
48 8
48 7
49 7
47 7
47 8
47 9
46 9
46 8
46 7
45 8
45 7
44 7
43 7
43 8
42 8
42 7
41 8
41 7
40 8
40 7
39 7
39 8
39 9
39 10
39 11
39 12
38 12
38 11
38 10
38 9
38 8
38 7
38 6
39 6
40 6
41 6
42 6
43 6
44 6
45 6
46 6
47 6
48 6
49 6
39 5
40 5
41 5
42 5
43 5
44 5
45 5
46 5
47 5
48 5
49 5
39 4
40 4
41 4
42 4
43 4
44 4
45 4
46 4
47 4
48 4
49 4
39 3
40 3
41 3
42 3
43 3
44 3
45 3
46 3
47 3
48 3
49 3
39 2
40 2
41 2
42 2
43 2
44 2
45 2
46 2
47 2
48 2
49 2
39 1
40 1
41 1
42 1
43 1
44 1
45 1
46 1
47 1
48 1
49 1
39 0
40 0
41 0
42 0
43 0
44 0
45 0
46 0
47 0
48 0
49 0
37 6
37 7
37 8
37 9
37 10
37 11
37 12
36 6
36 7
36 8
36 9
36 10
36 11
36 12
35 6
35 7
35 8
35 9
35 10
35 11
35 12
34 6
34 7
34 8
0
Yes
0 1
0 2
0 3
1 3
1 2
1 1
2 1
2 2
2 3
2 0
1 0
0 0
3 0
3 1
3 2
0
Yes
34 24
34 25
34 26
34 27
34 28
34 29
35 29
35 28
35 27
35 26
35 25
35 24
36 24
36 25
36 26
36 27
36 28
36 29
37 25
37 24
37 26
37 27
37 28
37 29
38 26
38 27
38 28
38 29
39 26
39 27
39 28
39 29
40 28
40 27
37 23
36 23
35 23
34 23
34 22
35 22
36 22
37 22
38 22
38 21
37 21
36 21
35 21
34 21
33 21
33 22
33 23
33 24
33 25
33 26
33 27
33 28
33 29
32 29
32 28
32 27
32 26
32 25
32 24
32 23
32 22
32 21
31 28
31 27
31 26
31 25
31 24
31 23
31 22
31 21
30 27
30 26
30 25
30 24
30 23
30 22
30 21
29 26
29 25
29 24
29 23
29 22
29 21
28 26
28 25
28 24
28 23
28 22
28 21
27 26
27 25
27 24
27 23
27 22
27 21
26 23
26 24
32 30
33 30
34 30
35 30
36 30
37 30
38 30
39 30
35 31
34 31
37 31
38 31
39 31
37 32
38 32
39 32
40 32
40 31
41 31
41 32
27 20
0
Yes
49 44
49 45
49 46
49 47
49 48
49 49
48 49
48 48
48 47
48 46
48 45
48 44
48 43
49 43
47 43
47 44
47 45
47 46
47 47
47 48
47 49
46 49
46 48
46 47
46 46
46 45
46 44
46 43
45 43
45 44
45 45
45 46
45 47
45 48
45 49
44 49
44 48
44 47
44 46
44 45
44 44
44 43
43 43
43 44
43 45
43 46
43 47
43 48
43 49
42 49
42 48
42 47
42 46
42 45
42 44
42 43
41 49
41 48
41 47
41 46
41 45
0
Yes
40 48
40 47
40 46
39 48
39 47
39 46
40 45
0
Yes
1 8
1 9
2 9
2 8
3 9
3 8
0 9
0 8
0 7
1 7
2 7
3 7
3 6
2 6
1 6
0 6
0 5
1 5
2 5
3 5
3 4
2 4
1 4
0 4
0 3
1 3
2 3
3 3
3 2
2 2
1 2
0 2
0 1
1 1
2 1
3 1
3 0
2 0
1 0
0 0
4 9
4 8
4 7
4 6
4 5
4 4
4 3
4 2
4 1
4 0
0
Yes
29 2
29 3
29 4
30 4
30 3
30 2
31 2
31 3
31 4
32 4
32 3
32 2
33 2
33 3
33 4
34 4
34 3
34 2
35 2
35 3
35 4
36 4
36 3
36 2
37 2
37 3
37 4
38 4
38 3
38 2
38 1
37 1
36 1
35 1
34 1
33 1
32 1
31 1
30 1
29 1
38 0
37 0
36 0
35 0
34 0
33 0
32 0
31 0
30 0
29 0
28 0
28 1
28 2
28 3
28 4
38 5
37 5
36 5
35 5
34 5
33 5
32 5
31 5
30 5
29 5
0
Yes
5 0
5 1
5 2
5 3
5 4
6 4
6 3
6 2
6 1
6 0
7 0
7 1
7 2
7 3
7 4
8 4
8 3
8 2
8 1
8 0
9 0
9 1
9 2
9 3
9 4
10 4
10 3
10 2
10 1
10 0
11 0
11 1
11 2
11 3
11 4
12 4
12 3
12 2
12 1
12 0
5 5
6 5
7 5
8 5
9 5
10 5
11 5
12 5
5 6
6 6
7 6
8 6
9 6
10 6
11 6
12 6
5 7
6 7
7 7
8 7
9 7
10 7
11 7
12 7
12 8
11 8
10 8
9 8
0
Yes
34 18
34 19
34 20
35 20
35 19
35 18
36 20
36 19
36 18
37 20
37 19
37 18
38 20
38 19
38 18
39 20
39 19
39 18
39 17
38 17
37 17
36 17
35 17
34 17
39 16
38 16
37 16
36 16
35 16
34 16
39 15
38 15
37 15
36 15
35 15
34 15
38 14
37 14
36 14
35 14
34 14
38 13
37 13
36 13
35 13
34 13
33 20
33 19
33 18
33 17
33 16
33 15
33 14
33 13
32 20
32 19
32 18
0
Yes
0 49
1 49
2 49
3 49
4 49
5 49
6 49
7 49
8 49
9 49
9 48
8 48
7 48
6 48
5 48
4 48
3 48
2 48
1 48
0 48
9 47
8 47
7 47
6 47
5 47
4 47
3 47
2 47
1 47
0 47
9 46
8 46
7 46
6 46
5 46
4 46
3 46
2 46
1 46
0 46
9 45
8 45
7 45
6 45
5 45
4 45
3 45
2 45
1 45
0 45
9 44
8 44
7 44
6 44
5 44
4 44
3 44
2 44
1 44
0 44
0 43
1 43
2 43
3 43
4 43
5 43
6 43
7 43
8 43
9 43
9 42
8 42
7 42
6 42
5 42
4 42
3 42
2 42
1 42
0 42
0 41
1 41
2 41
3 41
4 41
5 41
6 41
7 41
8 41
9 41
9 40
8 40
7 40
6 40
5 40
4 40
3 40
2 40
1 40
0 40
0 39
1 39
2 39
3 39
4 39
5 39
6 39
0
Yes
25 0
25 1
26 1
26 0
27 0
27 1
27 2
0
Yes
17 0
18 0
18 1
17 1
18 2
17 2
18 3
17 3
18 4
17 4
18 5
17 5
18 6
17 6
16 6
16 5
16 4
16 3
16 2
16 1
16 0
15 0
15 1
15 2
15 3
15 4
15 5
15 6
14 6
14 5
14 4
14 3
14 2
14 1
14 0
13 0
13 1
13 2
13 3
13 4
13 5
13 6
0
Yes
8 0
8 1
8 2
8 3
8 4
8 5
8 6
8 7
9 7
9 6
9 5
9 4
9 3
9 2
9 1
9 0
10 0
10 1
10 2
10 3
10 4
10 5
10 6
10 7
11 7
11 6
11 5
11 4
11 3
11 2
11 1
11 0
12 0
12 1
12 2
12 3
12 4
12 5
12 6
12 7
7 7
7 6
7 5
7 4
7 3
7 2
7 1
7 0
6 0
6 1
6 2
6 3
6 4
6 5
6 6
6 7
5 7
5 6
5 5
5 4
5 3
5 2
5 1
5 0
5 8
6 8
7 8
8 8
9 8
10 8
11 8
12 8
9 9
8 9
7 9
6 9
5 9
9 10
8 10
7 10
6 10
5 10
0
Yes
45 49
46 49
47 49
48 49
49 49
49 48
48 48
47 48
46 48
45 48
45 47
46 47
47 47
48 47
49 47
49 46
48 46
47 46
46 46
45 46
45 45
46 45
47 45
48 45
49 45
49 44
48 44
47 44
46 44
45 44
45 43
46 43
47 43
48 43
49 43
49 42
48 42
47 42
46 42
45 42
45 41
46 41
47 41
48 41
49 41
48 40
49 40
44 41
44 42
44 43
44 44
44 45
44 46
44 47
44 48
44 49
43 41
43 42
43 43
43 44
43 45
43 46
43 47
43 48
43 49
42 41
42 42
42 43
42 44
42 45
42 46
42 47
42 48
42 49
0
Yes
0 24
0 25
0 26
1 26
1 25
1 24
2 26
2 25
2 24
3 26
3 25
3 24
4 26
4 25
4 24
5 26
5 25
5 24
6 26
6 25
6 24
7 25
7 24
8 25
8 24
9 25
9 24
10 25
10 24
11 25
11 24
12 25
12 24
12 23
11 23
10 23
9 23
8 23
7 23
6 23
5 23
4 23
3 23
2 23
1 23
0 23
0 22
1 22
2 22
3 22
4 22
5 22
6 22
7 22
8 22
9 22
10 22
11 22
12 22
12 21
11 21
10 21
9 21
8 21
7 21
6 21
5 21
4 21
3 21
2 21
1 21
0 21
0 20
1 20
2 20
3 20
4 20
5 20
6 20
7 20
8 20
9 20
10 20
11 20
12 20
12 19
11 19
10 19
9 19
8 19
7 19
6 19
5 19
4 19
3 19
2 19
1 19
0 19
0 18
1 18
2 18
3 18
4 18
5 18
6 18
7 18
8 18
9 18
10 18
11 18
12 18
13 25
13 24
0
Yes
25 23
24 23
24 22
25 22
26 22
26 21
25 21
24 21
26 20
25 20
24 20
23 22
23 21
23 20
22 22
22 21
22 20
22 19
23 19
24 19
25 19
26 19
27 19
28 19
28 20
21 19
21 20
21 21
21 22
21 23
20 23
20 22
20 21
20 20
20 19
20 24
19 24
19 23
19 22
19 21
19 20
19 19
18 24
18 23
18 22
18 21
18 20
18 19
17 24
17 23
17 22
17 21
17 20
17 19
16 22
16 21
16 20
16 19
15 22
15 21
15 20
15 19
14 19
14 20
14 21
14 22
14 23
13 23
13 22
13 21
13 20
13 19
13 18
14 18
15 18
16 18
17 18
18 18
19 18
20 18
21 18
22 18
23 18
24 18
25 18
26 18
27 18
28 18
29 20
29 19
29 18
30 20
30 19
30 18
31 20
31 19
31 18
31 17
30 17
29 17
28 17
27 17
26 17
25 17
24 17
23 17
22 17
21 17
20 17
19 17
18 17
17 17
16 17
15 17
14 17
13 17
12 17
12 16
13 16
14 16
15 16
16 16
17 16
18 16
19 16
20 16
21 16
22 16
23 16
24 16
25 16
26 16
27 16
28 16
29 16
30 16
31 16
32 17
32 16
32 15
31 15
30 15
29 15
28 15
27 15
26 15
0
Yes
26 4
25 4
25 5
26 5
25 6
26 6
25 3
26 3
25 2
26 2
25 1
26 1
25 0
26 0
27 0
27 1
27 2
27 3
27 4
27 5
27 6
27 7
26 7
25 7
25 8
26 8
27 8
27 9
26 9
25 9
25 10
26 10
27 10
28 10
28 9
28 8
28 7
28 6
28 5
28 4
28 3
28 2
28 1
28 0
29 0
29 1
29 2
29 3
29 4
29 5
29 6
29 7
29 8
29 9
29 10
30 10
30 9
30 8
30 7
30 6
30 5
30 4
30 3
30 2
30 1
30 0
31 0
31 1
31 2
31 3
31 4
31 5
31 6
31 7
31 8
31 9
31 10
32 10
32 9
32 8
32 7
32 6
32 5
32 4
32 3
32 2
32 1
32 0
33 6
33 7
33 8
33 9
33 10
33 5
33 4
33 3
33 2
33 1
33 0
34 9
34 10
34 5
34 4
34 3
34 2
34 1
34 0
35 5
35 4
35 3
35 2
35 1
35 0
36 5
36 4
36 3
36 2
36 1
36 0
37 5
37 4
37 3
37 2
37 1
37 0
38 5
38 4
38 3
38 2
38 1
38 0
34 11
33 11
32 11
31 11
30 11
29 11
28 11
27 11
26 11
25 11
34 12
33 12
32 12
31 12
0
No
0
No
0
No
0
Yes
34 0
34 1
34 2
34 3
34 4
34 5
35 5
35 4
35 3
35 2
35 1
35 0
36 5
36 4
36 3
36 2
36 1
36 0
37 5
37 4
37 3
37 2
37 1
37 0
38 5
38 4
38 3
38 2
38 1
38 0
33 5
33 4
33 3
33 2
33 1
33 0
32 0
32 1
32 2
32 3
32 4
32 5
31 5
31 4
31 3
31 2
31 1
31 0
30 0
30 1
30 2
30 3
30 4
30 5
29 5
29 4
29 3
29 2
29 1
29 0
28 0
28 1
28 2
28 3
28 4
28 5
27 5
27 4
27 3
27 2
27 1
27 0
0
Yes
24 8
24 7
23 7
23 8
22 7
22 8
22 9
23 9
24 9
22 10
23 10
24 10
22 11
23 11
24 11
22 12
23 12
24 12
22 13
23 13
24 13
22 14
23 14
24 14
25 14
25 13
25 12
25 11
25 10
25 9
25 8
25 7
26 14
26 13
26 12
26 11
26 10
26 9
26 8
26 7
27 14
27 13
27 12
27 11
27 10
27 9
27 8
27 7
28 14
28 13
28 12
28 11
28 10
28 9
28 8
28 7
29 14
29 13
29 12
29 11
29 10
29 9
29 8
29 7
30 14
30 13
30 12
30 11
30 10
30 9
30 8
30 7
31 14
31 13
31 12
0
No
0
Yes
33 11
34 11
32 11
31 11
32 12
33 12
34 12
31 10
32 10
33 10
34 10
34 9
33 9
0
Yes
49 5
49 6
49 7
49 8
48 8
48 7
48 6
48 5
48 4
49 4
49 3
48 3
48 2
49 2
49 1
48 1
48 0
49 0
47 0
47 1
47 2
47 3
47 4
47 5
47 6
47 7
47 8
46 8
46 7
46 6
46 5
46 4
46 3
46 2
46 1
46 0
45 8
45 7
45 6
45 5
45 4
45 3
45 2
45 1
45 0
44 7
44 6
44 5
44 4
44 3
44 2
44 1
44 0
43 0
43 1
43 2
43 3
43 4
43 5
43 6
0
Yes
32 9
31 9
31 8
32 8
33 8
34 8
31 7
32 7
33 7
34 7
34 6
33 6
32 6
31 6
0
Yes
14 7
14 8
15 8
15 7
13 8
13 7
16 7
0
Yes
24 1
24 2
24 3
24 4
24 5
24 6
25 6
25 5
25 4
25 3
25 2
25 1
26 6
26 5
26 4
26 3
26 2
26 1
26 0
25 0
24 0
23 6
23 5
23 4
23 3
23 2
23 1
23 0
22 6
22 5
22 4
22 3
22 2
22 1
22 0
21 0
21 1
21 2
21 3
21 4
21 5
21 6
21 7
20 7
20 6
20 5
20 4
20 3
20 2
20 1
20 0
19 0
19 1
19 2
19 3
19 4
19 5
19 6
0
Yes
14 49
15 49
16 49
16 48
15 48
14 48
16 47
15 47
14 47
0
Yes
41 41
41 42
41 43
41 44
40 41
40 42
40 43
40 44
39 41
39 42
39 43
1
359
10 40
10 41
10 42
10 43
10 44
10 45
10 46
10 47
11 47
11 46
11 45
11 44
11 43
11 42
11 41
11 40
12 40
12 41
12 42
12 43
12 44
12 45
12 46
12 47
13 40
13 41
13 42
13 43
13 44
13 45
13 46
13 47
14 46
14 45
14 44
14 43
14 42
15 42
15 43
15 44
15 45
15 46
13 48
12 48
11 48
10 48
10 49
11 49
12 49
13 49
11 39
10 39
9 39
8 39
7 39
11 38
10 38
9 38
8 38
7 38
11 37
10 37
9 37
8 37
7 37
6 37
6 38
5 38
5 37
4 37
4 38
3 38
3 37
2 37
2 38
Yes
36 8
36 9
36 10
36 11
36 12
37 12
37 11
37 10
37 9
37 8
35 12
35 11
35 10
35 9
35 8
34 12
34 11
34 10
34 9
34 8
33 12
33 11
33 10
33 9
33 8
33 7
34 7
35 7
36 7
37 7
37 6
36 6
35 6
34 6
33 6
32 6
32 7
32 8
32 9
32 10
32 11
32 12
32 13
31 6
31 7
31 8
31 9
31 10
31 11
31 12
31 13
30 6
30 7
30 8
30 9
30 10
30 11
30 12
30 13
29 6
29 7
29 8
29 9
29 10
29 11
29 12
29 13
28 6
28 7
28 8
28 9
28 10
28 11
28 12
28 13
27 6
27 7
27 8
27 9
27 10
27 11
27 12
27 13
32 14
31 14
30 14
29 14
28 14
27 14
26 14
26 13
26 12
26 11
26 10
26 9
26 8
26 7
25 7
25 8
25 9
25 10
25 11
25 12
25 13
25 14
25 15
24 15
24 14
24 13
24 12
24 11
24 10
24 9
24 8
24 7
23 7
23 8
23 9
23 10
23 11
23 12
23 13
23 14
23 15
22 15
22 14
22 13
22 12
22 11
22 10
22 9
22 8
22 7
38 6
38 7
38 8
38 9
38 10
38 11
38 12
0
No
0
No
0
Yes
3 15
4 15
4 16
3 16
4 17
3 17
2 17
2 16
2 15
1 17
1 16
1 15
0 17
0 16
0 15
4 14
3 14
2 14
1 14
0 14
4 13
3 13
2 13
1 13
0 13
0 12
1 12
0
No
0
No
0
Yes
2 15
2 16
2 17
3 17
3 16
3 15
1 17
1 16
1 15
0 17
0 16
0 15
0 14
1 14
2 14
3 14
3 13
2 13
1 13
0 13
0 12
1 12
2 12
3 12
3 11
2 11
1 11
0 11
0 10
1 10
2 10
3 10
4 10
4 11
4 12
4 13
4 14
4 15
4 16
4 17
5 17
5 16
5 15
5 14
5 13
5 12
5 11
6 11
0
No
0
No
0
No
0
No
0
Yes
40 2
39 2
39 3
40 3
39 1
40 1
39 0
40 0
41 0
41 1
41 2
41 3
42 3
42 2
42 1
42 0
42 4
41 4
40 4
39 4
39 5
40 5
41 5
42 5
42 6
0
Yes
7 11
8 11
9 11
9 12
8 12
7 12
6 12
6 13
7 13
8 13
9 13
6 14
7 14
8 14
9 14
6 15
7 15
8 15
9 15
10 15
10 14
10 13
10 12
10 11
11 11
11 12
11 13
11 14
11 15
12 15
12 14
12 13
12 12
12 11
11 16
10 16
9 16
8 16
7 16
6 16
6 17
7 17
8 17
9 17
10 17
11 17
0
Yes
49 37
49 38
48 38
48 37
48 36
49 36
47 36
47 37
47 38
46 36
46 37
46 38
47 35
48 35
49 35
0
No
0
No
0
No
0
No
0
Yes
26 3
26 4
26 5
26 6
25 6
25 5
25 4
25 3
24 6
24 5
24 4
24 3
26 2
25 2
24 2
26 1
25 1
24 1
26 0
25 0
24 0
23 6
23 5
23 4
23 3
23 2
23 1
23 0
22 6
22 5
22 4
22 3
22 2
22 1
22 0
21 0
21 1
21 2
21 3
21 4
21 5
21 6
21 7
21 8
21 9
21 10
21 11
21 12
21 13
21 14
21 15
20 15
20 14
20 13
20 12
20 11
20 10
20 9
20 8
20 7
20 6
20 5
20 4
20 3
20 2
20 1
20 0
19 0
19 1
19 2
19 3
19 4
19 5
19 6
19 7
19 8
19 9
19 10
19 11
19 12
19 13
19 14
19 15
18 15
18 14
18 13
18 12
18 11
18 10
18 9
18 8
18 7
17 7
17 8
17 9
17 10
17 11
17 12
17 13
17 14
17 15
16 8
16 9
16 10
16 11
16 12
16 13
16 14
0
No
0
Yes
38 45
38 44
39 44
39 45
39 46
39 47
39 48
40 48
40 47
40 46
40 45
40 44
41 48
41 47
41 46
41 45
41 44
0
Yes
39 42
40 42
41 42
41 43
40 43
39 43
41 41
40 41
39 41
39 40
40 40
0
No
0
No
0
No
0
Yes
5 0
5 1
5 2
5 3
5 4
5 5
5 6
5 7
5 8
5 9
6 9
6 8
6 7
6 6
6 5
6 4
6 3
6 2
6 1
6 0
7 0
7 1
7 2
7 3
7 4
7 5
7 6
7 7
7 8
7 9
8 9
8 8
8 7
8 6
8 5
8 4
8 3
8 2
8 1
8 0
9 0
9 1
9 2
9 3
9 4
9 5
9 6
9 7
9 8
9 9
10 9
10 8
10 7
10 6
10 5
10 4
10 3
10 2
10 1
10 0
11 0
11 1
11 2
11 3
11 4
11 5
11 6
11 7
11 8
11 9
12 9
12 8
12 7
12 6
12 5
12 4
12 3
12 2
12 1
12 0
13 0
13 1
13 2
13 3
13 4
13 5
13 6
13 7
13 8
13 9
14 9
14 8
14 7
14 6
14 5
14 4
14 3
14 2
14 1
14 0
15 8
15 9
15 7
15 6
15 5
15 4
15 3
15 2
15 1
15 0
16 7
16 6
16 5
16 4
16 3
16 2
16 1
16 0
5 10
6 10
7 10
8 10
9 10
10 10
11 10
12 10
13 10
0
Yes
0 17
1 17
2 17
3 17
4 17
4 16
3 16
2 16
1 16
0 16
0 15
1 15
2 15
3 15
4 15
4 14
3 14
2 14
1 14
0 14
0 13
1 13
2 13
3 13
4 13
4 12
3 12
2 12
1 12
0 12
0 11
1 11
2 11
3 11
4 11
4 10
3 10
2 10
1 10
0 10
0
No
0
No
0
No
0
No
0
No
0
No
0
No
0
Yes
45 1
45 2
45 3
45 4
45 5
45 6
45 7
45 8
44 7
44 6
44 5
44 4
44 3
44 2
44 1
43 1
43 2
43 3
43 4
43 5
43 6
43 7
43 8
43 9
42 7
42 8
42 9
42 10
43 0
44 0
45 0
46 0
46 1
46 2
46 3
46 4
46 5
46 6
46 7
46 8
46 9
47 9
47 8
47 7
47 6
47 5
47 4
47 3
47 2
47 1
47 0
48 8
48 7
48 6
48 5
48 4
48 3
48 2
48 1
48 0
49 8
49 7
49 6
49 5
49 4
49 3
49 2
49 1
49 0
41 10
41 9
41 8
41 7
41 6
40 6
40 7
40 8
40 9
40 10
39 6
39 7
39 8
39 9
39 10
39 11
40 11
41 11
42 11
42 12
41 12
40 12
39 12
49 9
0
No
0
Yes
13 15
14 15
15 15
15 14
14 14
13 14
15 13
14 13
13 13
15 12
14 12
13 12
13 11
14 11
15 11
15 10
14 10
0
Yes
45 34
44 34
44 33
45 33
44 35
0
Yes
16 49
16 48
16 47
15 47
15 48
15 49
15 46
14 46
14 47
14 48
14 49
13 49
13 48
13 47
13 46
12 46
12 47
12 48
12 49
11 49
11 48
11 47
0
Yes
0 0
0 1
0 2
0 3
0 4
0 5
0 6
1 6
1 5
1 4
1 3
1 2
1 1
1 0
2 0
2 1
2 2
2 3
2 4
2 5
2 6
3 6
3 5
3 4
3 3
3 2
3 1
3 0
0
Yes
41 32
41 31
40 31
40 32
39 32
39 31
38 32
38 31
37 32
37 31
39 30
38 30
37 30
36 30
39 29
38 29
37 29
36 29
36 28
37 28
38 28
39 28
40 28
40 27
39 27
38 27
37 27
36 27
39 26
38 26
37 26
36 26
37 25
36 25
37 24
36 24
37 23
36 23
36 22
37 22
38 22
38 21
37 21
36 21
35 21
35 22
35 23
35 24
35 25
35 26
35 27
35 28
35 29
35 30
35 31
34 31
34 30
34 29
34 28
34 27
34 26
34 25
34 24
34 23
34 22
34 21
33 21
33 22
33 23
33 24
33 25
33 26
33 27
33 28
33 29
33 30
32 30
32 29
32 28
32 27
32 26
32 25
32 24
32 23
32 22
32 21
31 28
31 27
31 26
31 25
31 24
31 23
31 22
31 21
30 27
30 26
30 25
30 24
30 23
30 22
30 21
29 26
29 25
29 24
0
Yes
2 20
2 21
2 22
2 23
2 24
2 25
2 26
3 26
3 25
3 24
3 23
3 22
3 21
3 20
4 26
4 25
4 24
4 23
4 22
4 21
4 20
5 26
5 25
5 24
5 23
5 22
5 21
5 20
6 26
6 25
6 24
6 23
6 22
6 21
6 20
1 26
1 25
1 24
1 23
1 22
1 21
1 20
0 26
0 25
0 24
0 23
0 22
0 21
0 20
0 19
1 19
2 19
3 19
4 19
5 19
6 19
4 18
3 18
2 18
1 18
0 18
0
Yes
20 24
19 24
18 24
17 24
17 23
18 23
19 23
20 23
20 22
19 22
18 22
17 22
17 21
18 21
19 21
20 21
20 20
19 20
18 20
17 20
0
Yes
26 6
26 5
26 4
26 3
26 2
26 1
26 0
25 6
25 5
25 4
25 3
25 2
25 1
25 0
24 6
24 5
24 4
24 3
24 2
24 1
24 0
23 6
23 5
23 4
23 3
23 2
23 1
23 0
22 6
22 5
22 4
22 3
22 2
22 1
22 0
21 0
21 1
21 2
21 3
21 4
21 5
21 6
21 7
21 8
21 9
20 9
20 8
20 7
20 6
20 5
20 4
20 3
20 2
20 1
20 0
19 0
19 1
19 2
19 3
19 4
19 5
19 6
19 7
19 8
19 9
18 9
18 8
18 7
18 6
18 5
18 4
18 3
18 2
18 1
18 0
17 0
17 1
17 2
17 3
17 4
17 5
17 6
17 7
17 8
17 9
16 9
16 8
16 7
16 6
16 5
16 4
16 3
16 2
16 1
16 0
15 9
15 8
15 7
15 6
15 5
15 4
15 3
15 2
15 1
15 0
14 9
14 8
14 7
14 6
14 5
14 4
14 3
14 2
14 1
14 0
13 0
13 1
13 2
13 3
13 4
13 5
13 6
13 7
13 8
13 9
0
Yes
9 4
10 4
11 4
12 4
12 3
11 3
10 3
9 3
12 2
11 2
10 2
9 2
12 1
11 1
10 1
9 1
12 0
11 0
10 0
9 0
8 0
8 1
8 2
8 3
8 4
7 4
7 3
7 2
7 1
7 0
6 0
6 1
6 2
6 3
6 4
5 4
5 3
5 2
5 1
5 0
4 0
4 1
4 2
4 3
0
Yes
26 15
27 15
28 15
29 15
30 15
31 15
32 15
32 16
31 16
30 16
29 16
28 16
27 16
26 16
25 16
24 16
24 17
25 17
26 17
27 17
28 17
29 17
30 17
31 17
32 17
32 18
31 18
30 18
29 18
28 18
27 18
26 18
25 18
24 18
24 19
25 19
26 19
27 19
28 19
29 19
30 19
31 19
32 19
32 20
31 20
30 20
29 20
28 20
27 20
26 20
25 20
24 20
33 20
33 19
33 18
33 17
33 16
33 15
33 14
33 13
34 13
34 14
34 15
34 16
34 17
34 18
34 19
34 20
35 20
35 19
35 18
35 17
35 16
35 15
35 14
35 13
36 13
36 14
36 15
36 16
36 17
36 18
36 19
36 20
37 20
37 19
37 18
37 17
37 16
37 15
37 14
37 13
38 13
38 14
38 15
38 16
38 17
38 18
38 19
38 20
39 20
39 19
39 18
39 17
39 16
39 15
39 14
39 13
40 15
40 14
40 13
41 13
41 14
29 21
28 21
27 21
26 21
25 21
24 21
29 22
28 22
27 22
26 22
25 22
24 22
24 23
25 23
26 23
27 23
28 23
29 23
26 24
27 24
28 24
28 25
27 25
27 26
28 26
23 22
23 21
23 20
0
No
0
No
0
Yes
27 0
27 1
27 2
28 2
28 1
28 0
29 0
29 1
29 2
0
Yes
35 0
35 1
35 2
35 3
35 4
35 5
36 5
36 4
36 3
36 2
36 1
36 0
37 5
37 4
37 3
37 2
37 1
37 0
38 5
38 4
38 3
38 2
38 1
38 0
34 5
34 4
34 3
34 2
34 1
34 0
33 5
33 4
33 3
33 2
33 1
33 0
32 5
32 4
32 3
32 2
32 1
32 0
31 5
31 4
31 3
31 2
31 1
31 0
30 0
30 1
30 2
30 3
30 4
0
No
0
Yes
2 9
2 10
2 11
2 12
2 13
2 14
2 15
2 16
2 17
3 17
3 16
3 15
3 14
3 13
3 12
3 11
3 10
3 9
4 17
4 16
4 15
4 14
4 13
4 12
4 11
4 10
4 9
1 17
1 16
1 15
1 14
1 13
1 12
1 11
1 10
1 9
0 17
0 16
0 15
0 14
0 13
0 12
0 11
0 10
0 9
0 8
1 8
2 8
3 8
4 8
3 7
2 7
1 7
0 7
4 7
5 7
5 8
5 9
5 10
5 11
5 12
5 13
5 14
5 15
5 16
5 17
6 17
6 16
6 15
6 14
6 13
6 12
6 11
6 10
6 9
6 8
6 7
7 7
7 8
7 9
7 10
7 11
7 12
7 13
7 14
7 15
7 16
7 17
8 17
8 16
8 15
8 14
8 13
8 12
8 11
8 10
8 9
8 8
8 7
0
Yes
14 22
14 23
14 24
15 22
16 22
16 21
15 21
14 21
16 20
15 20
14 20
13 20
13 21
13 22
13 23
13 24
13 25
12 25
12 24
12 23
12 22
12 21
12 20
11 25
11 24
11 23
11 22
11 21
11 20
10 25
10 24
10 23
10 22
10 21
10 20
9 25
9 24
9 23
9 22
9 21
9 20
8 25
8 24
8 23
8 22
8 21
8 20
7 25
7 24
7 23
7 22
7 21
7 20
7 19
8 19
9 19
10 19
11 19
12 19
13 19
14 19
15 19
16 19
7 18
8 18
9 18
10 18
11 18
12 18
13 18
14 18
15 18
16 18
9 17
10 17
11 17
12 17
13 17
14 17
15 17
16 17
9 16
10 16
0
Yes
47 39
46 39
47 40
46 40
48 39
0
Yes
49 36
49 35
49 37
49 38
48 38
48 37
48 36
48 35
47 35
47 36
47 37
47 38
46 38
46 37
46 36
45 36
45 37
45 38
0
Yes
42 49
42 48
42 47
42 46
42 45
42 44
42 43
43 43
43 44
43 45
43 46
43 47
43 48
43 49
44 49
44 48
44 47
44 46
44 45
44 44
44 43
45 43
45 44
45 45
45 46
45 47
45 48
45 49
46 49
46 48
46 47
46 46
46 45
46 44
46 43
42 42
43 42
44 42
45 42
46 42
42 41
43 41
44 41
45 41
46 41
47 41
47 42
47 43
47 44
47 45
47 46
47 47
47 48
47 49
48 49
48 48
48 47
48 46
48 45
48 44
48 43
48 42
48 41
49 41
49 42
49 43
49 44
49 45
49 46
49 47
49 48
49 49
49 40
48 40
47 40
46 40
45 40
44 40
43 40
42 40
41 40
41 39
42 39
43 39
44 39
45 39
46 39
47 39
0
Yes
41 5
42 5
42 4
41 4
42 3
41 3
42 2
41 2
42 1
41 1
42 0
41 0
40 5
40 4
40 3
40 2
40 1
40 0
39 5
39 4
39 3
39 2
0
Yes
46 2
46 3
46 4
47 4
47 3
47 2
48 2
48 3
48 4
49 4
49 3
49 2
49 1
48 1
47 1
46 1
46 0
47 0
48 0
49 0
45 0
45 1
45 2
45 3
45 4
44 4
44 3
44 2
44 1
44 0
43 0
43 1
43 2
43 3
43 4
43 5
44 5
45 5
46 5
47 5
48 5
49 5
49 6
48 6
47 6
46 6
45 6
44 6
0
Yes
38 38
38 39
39 39
39 38
40 39
40 38
38 37
39 37
40 37
38 36
39 36
40 36
41 38
41 37
41 36
0
Yes
42 0
42 1
42 2
41 2
41 1
41 0
40 0
40 1
40 2
0
Yes
41 31
40 31
39 31
39 30
39 29
39 28
40 28
40 27
39 27
39 26
38 26
38 27
38 28
38 29
38 30
38 31
37 31
37 30
37 29
37 28
37 27
37 26
37 25
37 24
37 23
36 30
36 29
36 28
36 27
36 26
36 25
36 24
36 23
36 22
37 22
38 22
38 21
37 21
36 21
35 21
35 22
35 23
35 24
35 25
35 26
35 27
35 28
35 29
35 30
35 31
34 31
34 30
34 29
34 28
34 27
34 26
34 25
34 24
34 23
34 22
34 21
33 30
33 29
33 28
33 27
33 26
33 25
33 24
33 23
33 22
33 21
32 30
32 29
32 28
32 27
32 26
32 25
32 24
32 23
32 22
32 21
31 28
31 27
31 26
31 25
31 24
31 23
31 22
31 21
30 27
30 26
30 25
30 24
30 23
30 22
30 21
37 32
38 32
39 32
40 32
41 32
29 26
29 25
29 24
29 23
29 22
29 21
28 26
28 25
28 24
28 23
28 22
28 21
27 26
27 25
27 24
27 23
27 22
27 21
26 24
26 23
26 22
26 21
25 23
0
No
0
No
0
Yes
1 34
1 35
1 36
1 37
1 38
2 38
2 37
2 36
2 35
2 34
3 38
3 37
3 36
3 35
3 34
4 38
4 37
4 36
4 35
4 34
5 38
5 37
5 36
5 35
5 34
6 38
6 37
6 36
6 35
6 34
0 38
0 37
0 36
0 35
0 34
0 33
1 33
2 33
3 33
4 33
5 33
6 33
7 33
7 34
7 35
7 36
7 37
7 38
7 32
6 32
5 32
4 32
3 32
2 32
1 32
0 32
0 31
1 31
2 31
3 31
4 31
5 31
6 31
7 31
7 30
6 30
5 30
4 30
3 30
2 30
1 30
0 30
0 29
1 29
2 29
3 29
4 29
5 29
6 29
7 29
8 29
8 30
8 31
8 32
8 33
8 34
8 35
8 36
8 37
0
Yes
48 39
49 39
49 38
48 38
47 38
47 37
48 37
49 37
49 36
48 36
47 36
47 35
48 35
49 35
0
Yes
4 27
5 27
6 27
3 27
2 27
1 27
0 27
0 28
1 28
2 28
3 28
4 28
5 28
6 28
6 29
5 29
4 29
3 29
2 29
1 29
0 29
0 30
1 30
2 30
3 30
4 30
5 30
6 30
6 31
5 31
4 31
3 31
2 31
1 31
0 31
0 32
1 32
2 32
3 32
4 32
5 32
6 32
6 33
5 33
4 33
3 33
2 33
1 33
0 33
0 34
1 34
2 34
3 34
4 34
5 34
6 34
6 35
5 35
4 35
3 35
2 35
1 35
0 35
0 36
1 36
2 36
3 36
4 36
5 36
6 36
7 36
7 35
7 34
7 33
7 32
7 31
7 30
7 29
7 28
7 27
7 26
8 26
8 27
8 28
8 29
8 30
8 31
8 32
8 33
8 34
8 35
0
Yes
48 4
48 5
48 6
48 7
48 8
49 8
49 7
49 6
49 5
49 4
49 3
48 3
48 2
49 2
49 1
48 1
48 0
49 0
47 0
47 1
47 2
47 3
47 4
47 5
47 6
47 7
47 8
46 8
46 7
46 6
46 5
46 4
46 3
46 2
46 1
46 0
45 8
45 7
45 6
45 5
45 4
45 3
45 2
45 1
45 0
44 7
44 6
44 5
44 4
44 3
44 2
44 1
0
Yes
32 19
32 20
33 20
33 19
34 20
34 19
35 20
35 19
31 20
31 19
30 20
30 19
30 18
31 18
32 18
33 18
34 18
35 18
35 17
34 17
33 17
32 17
31 17
30 17
30 16
31 16
32 16
33 16
34 16
35 16
32 15
31 15
30 15
33 15
34 15
35 15
33 14
34 14
35 14
33 13
34 13
35 13
36 13
36 14
36 15
36 16
36 17
36 18
36 19
36 20
37 20
37 19
37 18
37 17
37 16
37 15
37 14
37 13
38 13
38 14
38 15
38 16
38 17
38 18
38 19
38 20
39 20
39 19
39 18
39 17
39 16
39 15
0
No
0
Yes
46 38
45 38
44 38
43 38
42 38
42 37
43 37
44 37
45 37
46 37
46 36
45 36
44 36
0
Yes
15 21
15 22
16 22
16 21
16 20
15 20
14 20
14 21
14 22
14 23
14 24
13 24
13 23
13 22
13 21
13 20
13 25
12 25
12 24
12 23
12 22
12 21
12 20
11 20
11 21
11 22
11 23
11 24
11 25
10 25
10 24
10 23
10 22
10 21
10 20
9 20
9 21
9 22
9 23
9 24
9 25
8 25
8 24
8 23
8 22
8 21
8 20
7 25
7 24
7 23
7 22
7 21
7 20
7 19
8 19
9 19
10 19
11 19
12 19
13 19
14 19
15 19
16 19
7 18
8 18
9 18
10 18
11 18
12 18
13 18
14 18
15 18
16 18
9 17
10 17
11 17
0
Yes
11 32
11 33
11 34
11 35
12 35
12 34
12 33
12 32
13 34
13 33
13 32
14 34
14 33
14 32
14 31
13 31
12 31
11 31
12 30
11 30
11 29
12 29
13 29
13 28
12 28
11 28
14 28
15 28
15 27
14 27
13 27
12 27
11 27
15 26
14 26
13 26
12 26
11 26
12 36
11 36
11 37
11 38
11 39
10 26
10 27
10 28
10 29
10 30
10 31
10 32
10 33
10 34
10 35
10 36
10 37
10 38
10 39
9 26
9 27
9 28
9 29
9 30
9 31
9 32
9 33
9 34
9 35
9 36
9 37
9 38
9 39
8 36
8 37
8 38
8 39
7 39
7 38
7 37
6 37
6 38
5 38
5 37
4 37
4 38
3 38
3 37
2 37
2 38
0
Yes
10 12
9 12
9 13
10 13
9 14
10 14
9 15
10 15
9 16
10 16
11 16
11 15
11 14
11 13
11 12
9 11
10 11
11 11
9 10
10 10
11 10
12 10
12 11
12 12
12 13
12 14
12 15
12 16
12 17
13 17
13 16
13 15
13 14
13 13
13 12
13 11
13 10
14 10
14 11
14 12
14 13
14 14
14 15
14 16
14 17
15 17
15 16
15 15
15 14
15 13
15 12
15 11
15 10
16 10
16 11
16 12
16 13
16 14
16 15
16 16
16 17
17 10
17 11
17 12
17 13
17 14
17 15
17 16
17 17
17 18
17 19
18 19
18 18
18 17
18 16
18 15
18 14
18 13
18 12
18 11
18 10
19 10
19 11
19 12
19 13
19 14
19 15
19 16
19 17
19 18
19 19
20 19
20 18
20 17
20 16
20 15
20 14
20 13
20 12
20 11
20 10
21 10
21 11
21 12
21 13
21 14
21 15
21 16
21 17
21 18
21 19
0
No
0
Yes
15 28
15 27
15 26
14 26
14 27
14 28
13 26
13 27
13 28
13 29
0
Yes
0 37
0 38
1 38
1 37
2 38
2 37
3 38
3 37
4 38
4 37
5 38
5 37
6 38
6 37
7 37
7 38
7 39
8 39
8 38
8 37
8 36
7 36
6 36
5 36
4 36
3 36
2 36
1 36
0 36
0 35
1 35
2 35
3 35
4 35
5 35
6 35
7 35
8 35
8 34
7 34
6 34
5 34
4 34
3 34
2 34
1 34
0 34
0 33
1 33
2 33
3 33
4 33
5 33
6 33
7 33
8 33
8 32
7 32
6 32
5 32
4 32
3 32
2 32
1 32
0 32
0 31
1 31
2 31
3 31
4 31
5 31
6 31
7 31
8 31
8 30
7 30
6 30
5 30
4 30
3 30
2 30
1 30
0 30
0 29
1 29
2 29
3 29
4 29
5 29
6 29
7 29
8 29
8 28
7 28
6 28
5 28
4 28
3 28
2 28
1 28
0 28
0 27
1 27
2 27
3 27
4 27
5 27
6 27
7 27
8 27
9 39
9 38
9 37
9 36
9 35
9 34
9 33
9 32
9 31
9 30
0
No
1
427
41 46
41 47
41 48
40 48
40 47
40 46
39 48
39 47
39 46
Yes
36 1
36 2
36 3
36 4
36 5
37 5
37 4
37 3
37 2
37 1
38 5
38 4
38 3
38 2
38 1
35 5
35 4
35 3
35 2
35 1
34 5
34 4
34 3
34 2
34 1
33 5
33 4
33 3
33 2
33 1
32 5
32 4
32 3
32 2
32 1
31 5
31 4
31 3
31 2
31 1
30 1
30 2
30 3
30 4
30 5
30 0
31 0
32 0
33 0
34 0
35 0
36 0
37 0
38 0
39 0
39 1
39 2
39 3
39 4
39 5
40 5
40 4
40 3
40 2
40 1
40 0
41 0
41 1
41 2
41 3
41 4
41 5
42 5
42 4
42 3
42 2
42 1
42 0
43 0
43 1
43 2
43 3
43 4
0
Yes
10 40
10 41
10 42
10 43
11 43
11 42
11 41
11 40
12 40
12 41
12 42
12 43
13 40
13 41
13 42
13 43
10 44
11 44
12 44
13 44
13 45
12 45
11 45
10 45
0
Yes
39 6
39 7
39 8
39 9
40 6
40 7
40 8
40 9
41 6
41 7
41 8
41 9
42 6
42 7
42 8
42 9
43 9
43 8
43 7
43 6
42 10
41 10
40 10
39 10
39 11
40 11
41 11
42 11
42 12
41 12
40 12
39 12
39 13
40 13
41 13
43 5
0
Yes
10 33
10 32
10 31
11 31
11 32
11 33
12 33
12 32
12 31
13 31
13 32
13 33
14 31
14 32
14 33
14 34
13 34
12 34
11 34
0
No
0
Yes
12 26
11 26
10 26
9 26
8 26
7 26
6 26
6 25
6 24
6 23
6 22
6 21
6 20
6 19
6 18
5 18
5 19
5 20
5 21
5 22
5 23
5 24
5 25
5 26
4 26
4 25
4 24
4 23
4 22
4 21
4 20
4 19
4 18
3 18
3 19
3 20
3 21
3 22
3 23
3 24
3 25
3 26
2 26
2 25
2 24
2 23
2 22
2 21
2 20
2 19
2 18
1 18
1 19
1 20
1 21
1 22
1 23
1 24
1 25
1 26
0 26
0 25
0 24
0 23
0 22
0 21
0 20
0 19
0 18
9 27
10 27
11 27
12 27
12 28
11 28
10 28
9 28
9 29
10 29
11 29
12 29
12 30
11 30
1
412
25 17
25 16
24 16
24 17
23 16
23 17
22 16
22 17
22 18
23 18
24 18
25 18
22 19
23 19
24 19
25 19
25 20
24 20
23 20
22 20
26 20
26 19
26 18
26 17
26 16
26 15
27 15
27 16
27 17
27 18
27 19
27 20
28 20
28 19
28 18
28 17
28 16
28 15
29 15
29 16
29 17
29 18
29 19
29 20
Yes
4 8
4 9
4 10
4 11
4 12
4 13
4 14
4 15
4 16
5 16
5 15
5 14
5 13
5 12
5 11
5 10
5 9
5 8
6 8
6 9
6 10
6 11
6 12
6 13
6 14
6 15
6 16
7 16
7 15
7 14
7 13
7 12
7 11
7 10
7 9
7 8
8 10
8 11
8 12
8 13
8 14
8 15
8 16
8 9
8 8
9 9
9 8
9 7
8 7
7 7
6 7
5 7
4 7
4 6
5 6
6 6
7 6
8 6
9 6
4 5
5 5
6 5
7 5
8 5
9 5
4 4
5 4
6 4
7 4
8 4
9 4
4 3
5 3
6 3
7 3
8 3
9 3
4 2
5 2
6 2
7 2
8 2
9 2
3 7
3 8
3 9
3 10
3 11
3 12
3 13
3 14
3 15
3 16
2 7
2 8
2 9
2 10
2 11
2 12
2 13
2 14
2 15
2 16
1 7
1 8
1 9
1 10
1 11
1 12
1 13
1 14
1 15
1 16
0 7
0 8
0 9
0 10
0 11
0 12
0 13
0 14
0 15
0 16
8 17
7 17
6 17
5 17
4 17
3 17
2 17
1 17
0 17
4 1
5 1
6 1
7 1
8 1
9 1
4 0
5 0
6 0
7 0
8 0
9 0
0
No
0
No
0
No
0
No
0
No
0
Yes
44 33
45 33
45 34
44 34
44 35
0
No
0
Yes
38 44
39 44
39 43
40 43
40 44
41 44
41 43
38 45
39 45
40 45
41 45
41 46
40 46
39 46
1
416
47 35
48 35
49 35
49 36
48 36
47 36
47 37
48 37
49 37
Yes
35 3
35 4
35 5
36 5
36 4
36 3
34 5
34 4
34 3
33 5
33 4
33 3
32 5
32 4
32 3
31 5
31 4
31 3
30 5
30 4
30 3
30 2
31 2
32 2
33 2
34 2
35 2
36 2
36 1
35 1
34 1
33 1
32 1
31 1
30 1
30 0
31 0
32 0
33 0
34 0
35 0
36 0
29 5
29 4
29 3
29 2
29 1
29 0
28 5
28 4
28 3
28 2
28 1
28 0
27 5
27 4
27 3
27 2
27 1
27 0
37 5
37 4
37 3
37 2
37 1
37 0
38 5
38 4
38 3
38 2
38 1
38 0
39 5
39 4
39 3
39 2
39 1
39 0
40 5
40 4
40 3
40 2
40 1
40 0
41 5
41 4
41 3
41 2
41 1
41 0
42 5
42 4
42 3
42 2
42 1
42 0
43 4
43 3
0
Yes
12 43
13 43
13 42
12 42
13 41
12 41
11 41
11 42
11 43
10 43
10 42
10 41
13 40
12 40
11 40
10 40
10 44
11 44
12 44
13 44
0
No
0
Yes
8 48
8 49
9 49
9 48
9 47
8 47
8 46
9 46
9 45
8 45
8 44
9 44
9 43
8 43
8 42
9 42
9 41
8 41
8 40
9 40
7 40
7 41
7 42
7 43
7 44
7 45
7 46
7 47
7 48
7 49
6 49
6 48
6 47
6 46
6 45
6 44
6 43
6 42
6 41
6 40
5 40
5 41
5 42
5 43
5 44
5 45
5 46
5 47
5 48
5 49
4 49
4 48
4 47
4 46
4 45
4 44
4 43
4 42
4 41
4 40
3 40
3 41
3 42
3 43
3 44
3 45
3 46
3 47
3 48
3 49
2 49
2 48
2 47
2 46
2 45
2 44
2 43
2 42
2 41
2 40
10 47
10 48
10 49
10 46
10 45
10 44
10 43
10 42
10 41
10 40
1 40
1 41
1 42
1 43
1 44
1 45
1 46
1 47
1 48
1 49
0 49
0 48
0 47
0 46
0 45
0 44
0 43
0 42
0 41
0 40
0
Yes
47 35
48 35
49 35
49 36
48 36
47 36
46 36
45 36
45 37
46 37
47 37
48 37
49 37
47 38
46 38
45 38
48 38
49 38
0
Yes
0 28
0 27
1 27
1 28
2 27
2 28
3 27
3 28
4 27
4 28
5 27
5 28
6 27
6 28
7 27
7 28
8 27
8 28
8 29
7 29
6 29
5 29
4 29
3 29
2 29
1 29
0 29
0 30
1 30
2 30
3 30
4 30
5 30
6 30
7 30
8 30
8 31
7 31
6 31
5 31
4 31
3 31
2 31
1 31
0 31
0 32
1 32
2 32
3 32
4 32
0
Yes
1 33
1 34
1 35
1 36
1 37
1 38
1 39
2 39
2 38
2 37
2 36
2 35
2 34
2 33
3 39
3 38
3 37
3 36
3 35
3 34
3 33
4 39
4 38
4 37
4 36
4 35
4 34
4 33
5 39
5 38
5 37
5 36
5 35
5 34
5 33
6 39
6 38
6 37
6 36
6 35
6 34
6 33
7 39
7 38
7 37
7 36
7 35
7 34
7 33
0 39
0 38
0 37
0 36
0 35
0 34
0 33
0 32
1 32
2 32
3 32
4 32
5 32
6 32
7 32
7 31
6 31
5 31
4 31
3 31
2 31
1 31
0 31
0 30
1 30
2 30
3 30
4 30
5 30
6 30
7 30
7 29
6 29
5 29
4 29
3 29
2 29
1 29
0 29
0 28
1 28
2 28
3 28
4 28
5 28
6 28
7 28
8 39
8 38
8 37
8 36
8 35
8 34
8 33
8 32
8 31
8 30
8 29
8 28
9 31
9 32
9 33
9 34
9 35
9 36
9 37
9 38
9 39
9 30
0
Yes
1 25
1 26
1 27
2 27
2 26
2 25
3 27
3 26
3 25
4 27
4 26
4 25
5 27
5 26
5 25
6 25
6 26
6 27
6 24
5 24
4 24
3 24
2 24
1 24
6 23
5 23
4 23
3 23
2 23
1 23
6 22
5 22
4 22
3 22
2 22
1 22
6 21
5 21
4 21
3 21
2 21
1 21
6 20
5 20
4 20
3 20
2 20
1 20
6 19
5 19
4 19
3 19
2 19
1 19
6 18
5 18
4 18
3 18
2 18
1 18
0 18
0 19
0 20
0 21
0 22
0 23
0 24
0 25
0 26
0 27
7 27
7 26
8 26
8 27
0
Yes
49 48
49 49
48 49
48 48
48 47
49 47
49 46
48 46
48 45
49 45
49 44
48 44
48 43
49 43
47 43
47 44
47 45
47 46
47 47
47 48
47 49
46 49
46 48
46 47
46 46
46 45
46 44
46 43
45 43
45 44
45 45
45 46
45 47
45 48
45 49
44 49
44 48
44 47
44 46
0
No
0
Yes
41 31
40 31
41 32
40 32
39 32
39 31
39 30
0
Yes
22 2
22 3
22 4
22 5
22 6
23 6
23 5
23 4
23 3
23 2
24 6
24 5
24 4
24 3
24 2
25 6
25 5
25 4
25 3
25 2
25 1
24 1
23 1
22 1
22 0
23 0
24 0
25 0
26 6
26 5
26 4
26 3
26 2
26 1
26 0
0
Yes
10 0
10 1
10 2
10 3
10 4
10 5
10 6
10 7
10 8
10 9
11 9
11 8
11 7
11 6
11 5
11 4
11 3
11 2
11 1
11 0
12 9
12 8
12 7
12 6
12 5
12 4
12 3
12 2
12 1
12 0
13 9
13 8
13 7
13 6
13 5
13 4
13 3
13 2
13 1
13 0
14 9
14 8
14 7
14 6
14 5
14 4
14 3
14 2
14 1
14 0
15 9
15 8
15 7
15 6
15 5
15 4
15 3
15 2
15 1
15 0
16 9
16 8
16 7
16 6
16 5
16 4
16 3
16 2
16 1
16 0
17 9
17 8
17 7
17 6
17 5
17 4
17 3
17 2
17 1
17 0
18 9
18 8
18 7
18 6
18 5
18 4
18 3
18 2
18 1
18 0
19 9
19 8
19 7
19 6
19 5
19 4
19 3
19 2
19 1
19 0
20 9
20 8
20 7
20 6
20 5
20 4
20 3
20 2
20 1
20 0
21 9
21 8
21 7
21 6
0
Yes
45 34
45 33
44 33
44 34
44 35
0
Yes
5 25
6 25
6 24
5 24
6 23
5 23
6 22
5 22
6 21
5 21
6 20
5 20
6 19
5 19
6 18
5 18
4 18
4 19
4 20
4 21
4 22
4 23
4 24
4 25
3 18
3 19
3 20
3 21
3 22
3 23
3 24
3 25
2 18
2 19
2 20
2 21
2 22
2 23
2 24
2 25
1 18
1 19
1 20
1 21
1 22
1 23
1 24
1 25
0 18
0 19
0 20
0 21
0 22
0 23
0 24
0 25
0 26
1 26
2 26
3 26
4 26
5 26
6 26
6 27
5 27
4 27
3 27
2 27
1 27
0 27
0 28
1 28
2 28
3 28
4 28
5 28
0
Yes
0 30
0 29
1 29
1 30
2 29
2 30
3 29
3 30
3 31
2 31
1 31
0 31
0 32
1 32
2 32
3 32
0
Yes
47 37
47 38
48 38
48 37
49 37
49 38
49 36
48 36
47 36
47 35
48 35
49 35
46 36
46 37
46 38
45 36
45 37
45 38
45 39
46 39
47 39
48 39
49 39
49 40
48 40
47 40
46 40
45 40
45 41
46 41
47 41
48 41
49 41
49 42
48 42
47 42
46 42
45 42
0
Yes
13 40
13 41
12 40
12 41
11 41
11 40
11 42
12 42
13 42
0
Yes
2 36
2 37
2 38
2 39
3 39
3 38
3 37
3 36
4 39
4 38
4 37
4 36
5 39
5 38
5 37
5 36
6 39
6 38
6 37
6 36
7 39
7 38
7 37
7 36
8 39
8 38
8 37
8 36
9 39
9 38
9 37
9 36
1 39
1 38
1 37
1 36
0 39
0 38
0 37
0 36
0 35
1 35
2 35
3 35
4 35
5 35
6 35
7 35
8 35
9 35
9 34
8 34
7 34
6 34
5 34
4 34
3 34
2 34
1 34
0 34
0 33
1 33
2 33
3 33
4 33
5 33
6 33
7 33
8 33
0
Yes
43 0
43 1
43 2
43 3
43 4
42 4
42 3
42 2
42 1
42 0
42 5
41 5
41 4
41 3
41 2
41 1
41 0
40 5
40 4
40 3
40 2
40 1
40 0
39 5
39 4
39 3
39 2
39 1
39 0
38 5
38 4
38 3
38 2
38 1
38 0
37 5
37 4
37 3
37 2
37 1
37 0
0
Yes
19 0
19 1
19 2
19 3
19 4
19 5
19 6
19 7
19 8
19 9
20 9
20 8
20 7
20 6
20 5
20 4
20 3
20 2
20 1
20 0
21 0
21 1
21 2
21 3
21 4
21 5
21 6
21 7
21 8
21 9
18 9
18 8
18 7
18 6
18 5
18 4
18 3
18 2
18 1
18 0
17 0
17 1
17 2
17 3
17 4
17 5
17 6
17 7
17 8
17 9
16 9
16 8
16 7
16 6
16 5
16 4
16 3
16 2
16 1
16 0
15 0
15 1
15 2
15 3
15 4
15 5
15 6
15 7
15 8
15 9
14 9
14 8
14 7
14 6
14 5
14 4
14 3
14 2
14 1
14 0
13 0
13 1
13 2
13 3
13 4
13 5
13 6
13 7
13 8
13 9
12 9
12 8
12 7
12 6
12 5
12 4
12 3
12 2
12 1
12 0
11 0
11 1
11 2
11 3
11 4
11 5
11 6
11 7
11 8
11 9
10 9
10 8
10 7
10 6
10 5
10 4
10 3
10 2
10 1
10 0
21 10
20 10
19 10
18 10
17 10
16 10
15 10
14 10
13 10
12 10
11 10
10 10
21 11
20 11
19 11
18 11
0
Yes
2 43
2 44
2 45
2 46
2 47
2 48
2 49
3 49
3 48
3 47
3 46
3 45
3 44
3 43
4 43
4 44
4 45
4 46
4 47
4 48
4 49
5 49
5 48
5 47
5 46
5 45
5 44
5 43
6 43
6 44
6 45
6 46
6 47
6 48
6 49
7 49
7 48
7 47
7 46
7 45
7 44
7 43
8 43
8 44
8 45
8 46
8 47
8 48
8 49
9 49
9 48
9 47
9 46
9 45
9 44
9 43
10 47
10 48
10 49
10 46
10 45
10 44
10 43
10 42
9 42
8 42
7 42
6 42
5 42
4 42
3 42
2 42
2 41
3 41
4 41
5 41
6 41
7 41
8 41
9 41
10 41
10 40
9 40
8 40
7 40
6 40
5 40
4 40
3 40
2 40
1 40
1 41
1 42
1 43
1 44
1 45
1 46
1 47
1 48
1 49
0 49
0 48
0 47
0 46
0 45
0 44
0 43
0 42
0 41
0 40
0
Yes
11 35
12 35
12 36
11 36
11 37
11 38
11 39
10 39
10 38
10 37
10 36
10 35
10 34
9 39
9 38
9 37
9 36
9 35
9 34
9 33
9 32
8 39
8 38
8 37
8 36
8 35
8 34
8 33
8 32
7 39
7 38
7 37
7 36
7 35
7 34
7 33
7 32
6 39
6 38
6 37
6 36
6 35
6 34
6 33
6 32
5 39
5 38
5 37
5 36
5 35
5 34
5 33
5 32
4 39
4 38
4 37
4 36
4 35
4 34
4 33
4 32
3 39
3 38
3 37
3 36
3 35
3 34
3 33
3 32
2 39
2 38
2 37
2 36
2 35
2 34
2 33
2 32
1 39
1 38
1 37
1 36
1 35
1 34
1 33
1 32
0 39
0 38
0 37
0 36
0 35
0 34
0 33
0 32
0
Yes
6 18
6 19
6 20
6 21
5 18
5 19
5 20
5 21
4 18
4 19
4 20
4 21
3 18
3 19
3 20
3 21
2 18
2 19
2 20
2 21
1 18
1 19
1 20
1 21
0 18
0 19
0 20
0 21
6 22
5 22
4 22
3 22
2 22
0
Yes
36 4
36 5
35 5
35 4
34 5
34 4
33 5
33 4
32 5
32 4
31 5
31 4
30 5
30 4
36 3
35 3
34 3
33 3
32 3
31 3
30 3
36 2
35 2
34 2
33 2
32 2
31 2
30 2
36 1
35 1
34 1
33 1
32 1
31 1
30 1
36 0
35 0
34 0
33 0
32 0
31 0
30 0
29 5
29 4
29 3
29 2
29 1
29 0
28 5
28 4
28 3
28 2
0
Yes
0 31
1 31
2 31
2 30
1 30
0 30
0 29
1 29
2 29
2 28
1 28
0 28
0 27
1 27
2 27
3 31
3 30
3 29
3 28
3 27
4 31
4 30
4 29
4 28
4 27
5 31
5 30
5 29
5 28
5 27
0
Yes
0 1
0 2
0 3
0 4
0 5
0 6
0 7
0 8
0 9
1 9
1 8
1 7
1 6
1 5
1 4
1 3
1 2
1 1
2 1
2 2
2 3
2 4
2 5
2 6
2 7
2 8
2 9
3 9
3 8
3 7
3 6
3 5
3 4
3 3
3 2
3 1
4 1
4 2
4 3
4 4
4 5
4 6
4 7
4 8
4 9
5 9
5 8
5 7
5 6
5 5
5 4
5 3
5 2
5 1
6 1
6 2
6 3
6 4
6 5
6 6
6 7
6 8
6 9
7 9
7 8
7 7
7 6
7 5
7 4
7 3
7 2
7 1
8 1
8 2
8 3
8 4
8 5
8 6
8 7
8 8
8 9
9 9
9 8
9 7
9 6
9 5
9 4
9 3
9 2
9 1
9 0
8 0
7 0
6 0
5 0
4 0
3 0
2 0
1 0
0 0
9 10
8 10
7 10
6 10
5 10
4 10
3 10
2 10
1 10
0 10
0 11
1 11
2 11
3 11
4 11
5 11
6 11
7 11
8 11
0
Yes
0 15
0 16
0 17
0 18
1 18
1 17
1 16
1 15
2 15
2 16
2 17
2 18
3 18
3 17
3 16
3 15
4 15
4 16
4 17
4 18
4 14
3 14
2 14
1 14
0 14
0 13
1 13
2 13
3 13
4 13
4 12
3 12
2 12
1 12
0 12
5 12
5 13
5 14
5 15
5 16
5 17
0
Yes
15 26
15 27
14 26
14 27
13 27
13 26
15 28
14 28
0
Yes
11 40
11 41
11 42
11 43
11 44
11 45
12 45
12 44
12 43
12 42
12 41
12 40
13 40
13 41
13 42
13 43
13 44
13 45
14 45
14 44
14 43
0
Yes
49 41
49 42
48 42
48 41
48 40
49 40
49 39
48 39
48 38
49 38
49 37
48 37
48 36
49 36
49 35
48 35
47 35
47 36
47 37
47 38
47 39
47 40
47 41
47 42
46 36
46 37
46 38
46 39
46 40
46 41
46 42
45 36
45 37
45 38
45 39
45 40
45 41
45 42
0
Yes
0 47
0 48
0 49
1 49
1 48
1 47
2 47
2 48
2 49
3 49
3 48
3 47
4 47
4 48
4 49
5 49
5 48
5 47
5 46
4 46
3 46
2 46
1 46
0 46
0 45
1 45
2 45
3 45
0
Yes
49 49
49 48
49 47
49 46
49 45
49 44
49 43
48 43
48 44
48 45
48 46
48 47
48 48
48 49
47 43
47 44
47 45
47 46
47 47
47 48
47 49
46 43
46 44
46 45
46 46
46 47
46 48
46 49
45 43
45 44
45 45
45 46
45 47
45 48
45 49
44 49
44 48
44 47
44 46
44 45
44 44
44 43
44 42
44 41
44 40
43 40
43 41
43 42
43 43
43 44
43 45
43 46
43 47
43 48
43 49
42 46
42 45
42 44
42 43
42 42
42 41
42 40
42 47
42 48
42 49
41 49
41 48
41 47
41 42
41 41
41 40
40 42
40 41
40 40
39 42
39 41
39 40
40 47
40 48
39 48
39 47
44 39
43 39
42 39
41 39
40 39
39 39
38 39
0
Yes
42 34
41 34
41 35
42 35
43 35
44 35
44 36
43 36
42 36
41 36
44 37
43 37
42 37
41 37
44 38
43 38
42 38
0
Yes
7 12
7 13
7 14
6 12
6 13
6 14
8 12
8 13
8 14
0
Yes
15 45
15 46
15 44
15 43
15 42
14 42
14 43
14 44
14 45
14 46
14 47
15 47
15 48
14 48
14 49
15 49
13 49
13 48
13 47
13 46
13 45
13 44
13 43
13 42
13 41
13 40
12 40
12 41
12 42
12 43
12 44
12 45
12 46
12 47
12 48
12 49
11 40
11 41
11 42
11 43
11 44
11 45
11 46
11 47
11 48
11 49
10 40
10 41
10 42
10 43
10 44
10 45
10 46
10 47
10 48
10 49
9 40
9 41
9 42
9 43
9 44
9 45
9 46
9 47
9 48
9 49
8 40
8 41
8 42
8 43
8 44
8 45
8 46
8 47
8 48
8 49
7 40
7 41
7 42
7 43
7 44
7 45
7 46
7 47
7 48
7 49
6 49
6 48
6 47
6 46
6 45
6 44
6 43
6 42
6 41
6 40
5 40
5 41
5 42
5 43
5 44
0
Yes
1 25
1 26
2 26
2 25
3 26
3 25
4 26
4 25
5 26
5 25
0 26
0 25
0 24
1 24
2 24
3 24
4 24
5 24
6 24
6 25
6 26
7 26
7 25
7 24
7 23
6 23
5 23
4 23
3 23
2 23
1 23
0 23
0 22
1 22
2 22
3 22
4 22
5 22
6 22
7 22
7 21
6 21
5 21
4 21
3 21
2 21
1 21
0 21
0 20
1 20
2 20
3 20
4 20
5 20
6 20
7 20
4 19
3 19
2 19
1 19
0 19
5 19
6 19
7 19
8 19
8 20
8 21
8 22
8 23
8 24
8 25
8 26
9 26
9 25
9 24
9 23
9 22
9 21
9 20
9 19
10 19
10 20
10 21
10 22
10 23
10 24
10 25
10 26
11 26
11 25
11 24
11 23
11 22
11 21
11 20
11 19
12 26
12 25
12 24
12 23
12 22
12 21
12 20
12 19
13 25
13 24
13 23
13 22
13 21
13 20
13 19
0
Yes
31 28
32 28
32 29
32 30
33 30
33 29
33 28
34 28
34 29
34 30
34 31
35 31
35 30
35 29
35 28
36 30
36 29
36 28
37 28
37 29
37 30
37 31
37 32
38 32
38 31
38 30
38 29
38 28
39 29
39 30
39 31
39 32
39 28
40 28
40 27
39 27
38 27
37 27
36 27
35 27
34 27
33 27
32 27
31 27
30 27
39 26
38 26
37 26
36 26
35 26
34 26
33 26
32 26
31 26
30 26
29 26
28 26
27 26
27 25
28 25
29 25
30 25
31 25
32 25
33 25
34 25
35 25
36 25
37 25
37 24
36 24
35 24
34 24
33 24
32 24
31 24
30 24
29 24
28 24
27 24
26 24
37 23
36 23
35 23
34 23
33 23
32 23
31 23
30 23
29 23
28 23
27 23
26 23
25 23
24 23
40 32
40 31
41 31
41 32
24 22
25 22
26 22
0
No
0
No
0
No
0
No
0
Yes
40 36
40 37
39 36
39 37
38 36
38 37
38 38
39 38
40 38
0
Yes
38 22
38 21
37 22
37 21
36 22
36 21
35 22
35 21
34 22
34 21
33 22
33 21
32 22
32 21
31 22
31 21
31 20
32 20
33 20
34 20
35 20
36 20
37 20
38 20
39 20
39 19
38 19
37 19
36 19
35 19
34 19
33 19
32 19
31 19
39 18
38 18
37 18
36 18
35 18
34 18
33 18
32 18
31 18
39 17
38 17
37 17
36 17
35 17
34 17
33 17
32 17
31 17
39 16
38 16
37 16
36 16
35 16
34 16
33 16
32 16
31 16
31 15
32 15
33 15
34 15
35 15
36 15
37 15
38 15
39 15
40 15
40 14
39 14
38 14
37 14
36 14
35 14
34 14
33 14
33 13
34 13
35 13
36 13
37 13
38 13
30 15
30 16
30 17
0
No
0
Yes
34 31
35 31
35 30
34 30
33 30
32 30
32 29
33 29
34 29
35 29
36 30
36 29
37 29
37 30
37 31
37 32
37 28
36 28
35 28
34 28
33 28
32 28
31 28
38 32
38 31
38 30
38 29
38 28
39 29
39 30
39 31
39 32
39 28
40 28
40 27
39 27
38 27
37 27
36 27
35 27
34 27
33 27
32 27
31 27
30 27
39 26
38 26
37 26
36 26
35 26
34 26
33 26
32 26
31 26
30 26
29 26
28 26
27 26
27 25
28 25
29 25
30 25
31 25
32 25
33 25
34 25
35 25
36 25
37 25
37 24
36 24
35 24
34 24
33 24
32 24
31 24
30 24
29 24
28 24
27 24
31 23
37 23
36 23
35 23
34 23
33 23
32 23
0
Yes
18 18
18 19
18 20
18 21
18 22
18 23
18 24
19 24
19 23
19 22
19 21
19 20
19 19
19 18
20 24
20 23
20 22
20 21
20 20
20 19
20 18
21 23
21 22
21 21
21 20
21 19
21 18
22 22
22 21
22 20
22 19
22 18
23 22
23 21
23 20
23 19
23 18
24 18
24 19
24 20
24 21
24 22
24 23
25 23
25 22
25 21
25 20
25 19
25 18
26 23
26 22
26 21
26 20
26 19
26 18
27 23
27 22
27 21
27 20
27 19
27 18
28 23
28 22
28 21
28 20
28 19
28 18
29 23
29 22
29 21
29 20
29 19
29 18
29 17
28 17
27 17
26 17
25 17
24 17
23 17
22 17
21 17
20 17
19 17
18 17
22 16
23 16
24 16
25 16
26 16
27 16
28 16
29 16
21 16
20 16
19 16
18 16
29 15
28 15
27 15
26 15
30 18
30 19
30 20
30 21
30 22
30 23
17 24
17 23
17 22
17 21
17 20
17 19
17 18
17 17
17 16
16 22
16 21
16 20
0
No
0
No
0
Yes
47 4
47 5
47 6
48 6
48 5
48 4
49 4
49 5
49 6
49 3
48 3
47 3
47 2
48 2
49 2
49 1
48 1
47 1
47 0
48 0
49 0
46 0
46 1
46 2
46 3
46 4
46 5
46 6
45 6
45 5
45 4
45 3
45 2
45 1
45 0
44 0
44 1
44 2
44 3
44 4
44 5
0
Yes
14 0
14 1
14 2
14 3
14 4
14 5
14 6
14 7
14 8
14 9
15 9
15 8
15 7
15 6
15 5
15 4
15 3
15 2
15 1
15 0
16 0
16 1
16 2
16 3
16 4
16 5
16 6
16 7
16 8
16 9
17 9
17 8
17 7
17 6
17 5
17 4
17 3
17 2
17 1
17 0
18 0
18 1
18 2
18 3
18 4
18 5
18 6
18 7
18 8
18 9
19 9
19 8
19 7
19 6
19 5
19 4
19 3
19 2
19 1
19 0
20 0
20 1
20 2
20 3
20 4
20 5
20 6
20 7
20 8
20 9
21 9
21 8
21 7
21 6
21 5
21 4
21 3
21 2
21 1
21 0
22 6
22 5
22 4
22 3
22 2
22 1
22 0
13 9
13 8
13 7
13 6
13 5
13 4
13 3
13 2
13 1
13 0
12 0
12 1
12 2
12 3
12 4
12 5
12 6
12 7
12 8
12 9
11 9
11 8
11 7
11 6
11 5
11 4
11 3
11 2
11 1
11 0
10 0
10 1
10 2
10 3
10 4
10 5
10 6
10 7
10 8
10 9
10 10
11 10
12 10
13 10
14 10
15 10
16 10
17 10
0
Yes
18 10
19 10
20 10
21 10
21 11
20 11
19 11
18 11
17 11
16 11
15 11
14 11
13 11
12 11
11 11
10 11
9 11
9 12
10 12
11 12
12 12
13 12
14 12
15 12
16 12
17 12
18 12
19 12
20 12
21 12
21 13
20 13
19 13
18 13
17 13
16 13
15 13
14 13
13 13
12 13
11 13
10 13
9 13
9 14
10 14
11 14
12 14
13 14
14 14
15 14
16 14
17 14
18 14
19 14
20 14
21 14
21 15
20 15
19 15
18 15
17 15
16 15
15 15
14 15
13 15
12 15
11 15
10 15
9 15
8 15
7 15
6 15
6 16
7 16
8 16
9 16
10 16
11 16
12 16
13 16
14 16
15 16
16 16
16 17
15 17
14 17
13 17
12 17
11 17
10 17
9 17
8 17
7 17
6 17
6 18
7 18
8 18
9 18
10 18
11 18
12 18
13 18
14 18
15 18
16 18
16 19
15 19
14 19
14 20
15 20
0
Yes
14 26
15 26
13 26
15 27
14 27
13 27
12 27
15 28
14 28
13 28
12 28
13 29
12 29
0
Yes
49 1
49 2
49 3
49 4
48 4
48 3
48 2
48 1
48 0
49 0
47 0
47 1
47 2
47 3
47 4
46 4
46 3
46 2
46 1
46 0
45 0
45 1
45 2
45 3
45 4
44 4
44 3
44 2
44 1
44 0
44 5
45 5
46 5
47 5
48 5
49 5
44 6
45 6
46 6
47 6
48 6
49 6
49 7
0
No
0
Yes
46 9
47 9
47 8
46 8
45 8
45 7
46 7
47 7
0
No
0
Yes
23 1
23 2
23 0
24 0
24 1
24 2
25 2
25 1
25 0
26 0
26 1
26 2
27 2
27 1
27 0
28 1
28 0
27 3
26 3
25 3
24 3
0
Yes
0 28
0 27
1 27
1 28
2 27
2 28
3 27
3 28
3 29
2 29
1 29
0 29
0 30
1 30
2 30
3 30
0
No
0
Yes
13 0
13 1
13 2
13 3
13 4
14 4
14 3
14 2
14 1
14 0
15 0
15 1
15 2
15 3
15 4
16 4
16 3
16 2
16 1
16 0
17 0
17 1
17 2
17 3
17 4
18 4
18 3
18 2
18 1
18 0
12 4
12 3
12 2
12 1
12 0
11 0
11 1
11 2
11 3
11 4
10 4
10 3
10 2
10 1
10 0
10 5
11 5
12 5
13 5
14 5
15 5
16 5
0
Yes
2 37
2 38
2 39
2 40
3 40
3 39
3 38
3 37
4 40
4 39
4 38
4 37
1 40
1 39
1 38
1 37
0 37
0 38
0 39
0 40
4 41
3 41
2 41
1 41
0 41
4 42
3 42
2 42
1 42
0 42
4 43
3 43
2 43
1 43
0 43
4 44
3 44
2 44
1 44
0 44
0 36
1 36
2 36
3 36
0
No
0
Yes
14 34
13 34
14 33
13 33
14 32
13 32
14 31
13 31
0
Yes
4 8
4 9
4 10
4 11
5 11
5 10
5 9
5 8
3 11
3 10
3 9
3 8
2 11
2 10
2 9
2 8
1 11
1 10
1 9
1 8
0 11
0 10
0 9
0 8
0 7
1 7
2 7
3 7
4 7
5 7
5 6
4 6
3 6
2 6
1 6
0 6
0 5
1 5
2 5
3 5
4 5
5 5
5 4
4 4
3 4
2 4
1 4
0 4
6 11
6 10
6 9
6 8
6 7
6 6
6 5
6 4
7 11
7 10
7 9
7 8
7 7
7 6
7 5
7 4
0
Yes
14 22
15 22
14 21
15 21
0
Yes
49 8
48 8
48 7
49 7
49 6
48 6
48 5
49 5
49 4
48 4
0
Yes
38 44
38 45
39 45
39 44
39 43
39 42
39 41
39 46
39 47
39 48
40 48
40 47
40 46
40 45
40 44
40 43
40 42
40 41
41 41
41 42
41 43
41 44
41 45
41 46
41 47
41 48
42 48
42 47
42 46
42 45
42 44
42 43
42 42
42 41
43 41
43 42
43 43
43 44
43 45
43 46
43 47
43 48
44 48
44 47
44 46
44 45
44 44
44 43
44 42
44 41
45 41
45 42
45 43
45 44
45 45
45 46
45 47
45 48
46 48
46 47
46 46
46 45
46 44
46 43
46 42
46 41
47 41
47 42
47 43
47 44
47 45
47 46
47 47
47 48
48 48
48 47
48 46
48 45
48 44
48 43
48 42
48 41
49 41
49 42
49 43
49 44
49 45
49 46
49 47
49 48
41 49
42 49
43 49
44 49
45 49
46 49
47 49
48 49
49 49
39 40
40 40
41 40
42 40
0
Yes
15 2
15 3
15 4
15 5
15 6
15 7
15 8
15 9
15 10
16 10
16 9
16 8
16 7
16 6
16 5
16 4
16 3
16 2
17 10
17 9
17 8
17 7
17 6
17 5
17 4
17 3
17 2
18 9
18 8
18 7
18 6
18 5
18 4
18 3
18 2
19 9
19 8
19 7
19 6
19 5
19 4
19 3
19 2
14 10
14 9
14 8
14 7
14 6
14 5
14 4
14 3
14 2
13 10
13 9
13 8
13 7
13 6
13 5
13 4
13 3
13 2
12 10
12 9
12 8
12 7
12 6
12 5
12 4
12 3
12 2
11 10
11 9
11 8
11 7
11 6
11 5
11 4
11 3
11 2
10 10
10 9
10 8
10 7
10 6
10 5
10 4
10 3
10 2
10 1
11 1
12 1
13 1
14 1
15 1
16 1
17 1
18 1
19 1
19 0
18 0
17 0
16 0
15 0
14 0
13 0
12 0
11 0
10 0
9 10
9 9
9 8
9 7
9 6
9 5
9 4
9 3
9 2
9 1
9 0
20 9
20 8
20 7
20 6
20 5
20 4
20 3
20 2
20 1
20 0
21 9
0
Yes
0 0
0 1
1 1
1 0
2 0
2 1
2 2
1 2
0 2
0 3
1 3
0
Yes
9 40
9 41
9 42
9 43
9 44
9 45
9 46
9 47
9 48
9 49
10 49
10 48
10 47
10 46
10 45
10 44
10 43
10 42
10 41
10 40
11 40
11 41
11 42
11 43
11 44
11 45
11 46
11 47
11 48
11 49
12 40
12 41
12 42
12 43
12 44
12 45
12 46
12 47
12 48
12 49
13 40
13 41
13 42
13 43
13 44
13 45
13 46
13 47
13 48
13 49
14 42
14 43
14 44
14 45
14 46
14 47
14 48
14 49
15 42
15 43
15 44
15 45
15 46
15 47
15 48
15 49
16 47
16 48
16 49
11 39
10 39
9 39
11 38
10 38
9 38
11 37
10 37
9 37
9 36
10 36
11 36
12 36
8 36
8 37
8 38
8 39
8 40
8 41
8 42
8 43
8 44
8 45
8 46
8 47
8 48
8 49
7 49
7 48
7 47
7 46
7 45
7 44
7 43
7 42
7 41
7 40
7 39
7 38
7 37
7 36
6 46
6 47
6 48
6 49
6 45
6 44
6 43
6 42
6 41
6 40
6 39
6 38
6 37
6 36
5 45
5 44
5 43
5 42
5 41
5 40
5 39
5 38
5 37
5 36
12 35
11 35
10 35
9 35
8 35
7 35
6 35
5 35
12 34
11 34
10 34
9 34
8 34
7 34
0
Yes
38 32
37 32
37 31
38 31
39 32
39 31
40 31
40 32
41 32
41 31
39 30
38 30
37 30
0
Yes
49 0
49 1
49 2
49 3
49 4
49 5
48 5
48 4
48 3
48 2
48 1
48 0
47 0
47 1
47 2
47 3
47 4
47 5
46 5
46 4
46 3
46 2
46 1
46 0
45 0
45 1
45 2
45 3
45 4
45 5
44 5
44 4
44 3
44 2
44 1
44 0
0
Yes
42 0
43 0
43 1
42 1
43 2
42 2
43 3
42 3
43 4
42 4
43 5
42 5
42 6
43 6
43 7
42 7
43 8
42 8
43 9
42 9
42 10
42 11
41 11
41 10
41 9
41 8
41 7
41 6
41 5
41 4
41 3
41 2
41 1
41 0
40 0
40 1
40 2
40 3
40 4
40 5
40 6
40 7
40 8
40 9
40 10
40 11
39 11
39 10
39 9
39 8
39 7
39 6
39 5
39 4
39 3
39 2
39 1
39 0
38 0
38 1
38 2
38 3
38 4
38 5
38 6
38 7
38 8
38 9
38 10
38 11
37 11
37 10
37 9
37 8
37 7
37 6
37 5
37 4
37 3
37 2
37 1
37 0
36 0
36 1
36 2
36 3
36 4
36 5
36 6
36 7
36 8
36 9
36 10
36 11
35 11
35 10
35 9
35 8
35 7
35 6
35 5
35 4
35 3
35 2
35 1
35 0
34 0
34 1
34 2
34 3
34 4
34 5
34 6
34 7
34 8
34 9
34 10
34 11
33 11
33 10
33 9
33 8
33 7
33 6
33 5
33 4
33 3
33 2
33 1
33 0
42 12
41 12
40 12
39 12
38 12
37 12
36 12
35 12
34 12
33 12
41 13
40 13
39 13
38 13
0
Yes
39 27
40 27
40 28
39 28
39 26
38 26
38 27
38 28
37 28
37 27
37 26
37 25
37 24
37 23
37 22
38 22
38 21
37 21
37 20
38 20
39 20
39 19
38 19
37 19
36 19
36 20
36 21
36 22
36 23
36 24
36 25
36 26
36 27
36 28
35 28
35 27
35 26
35 25
35 24
35 23
35 22
35 21
35 20
35 19
34 19
34 20
34 21
34 22
34 23
34 24
34 25
34 26
34 27
34 28
33 28
33 27
33 26
33 25
33 24
33 23
33 22
33 21
33 20
33 19
32 19
32 20
32 21
32 22
32 23
32 24
32 25
32 26
32 27
32 28
31 28
31 27
31 26
31 25
31 24
31 23
31 22
31 21
31 20
31 19
30 27
30 26
30 25
30 24
30 23
30 22
30 21
30 20
30 19
29 26
29 25
29 24
29 23
29 22
29 21
29 20
29 19
28 26
28 25
28 24
28 23
28 22
28 21
28 20
28 19
27 26
27 25
27 24
27 23
27 22
27 21
27 20
27 19
26 24
26 23
26 22
26 21
26 20
26 19
39 29
38 29
37 29
36 29
35 29
34 29
33 29
32 29
32 30
33 30
34 30
35 30
36 30
35 31
34 31
25 23
25 22
0
Yes
25 6
25 7
25 8
25 9
26 9
26 8
26 7
26 6
27 6
27 7
27 8
27 9
28 9
28 8
28 7
28 6
29 6
29 7
29 8
29 9
29 5
28 5
27 5
26 5
25 5
25 4
26 4
27 4
28 4
29 4
24 4
24 5
24 6
24 7
24 8
24 9
23 9
23 8
23 7
23 6
23 5
23 4
22 9
22 8
22 7
22 6
22 5
22 4
21 8
21 7
21 6
21 5
21 4
22 10
23 10
24 10
25 10
26 10
27 10
28 10
29 10
22 11
23 11
24 11
25 11
26 11
27 11
28 11
29 11
0
No
0
Yes
15 28
15 27
15 26
14 26
14 27
14 28
13 26
13 27
13 28
13 29
12 27
12 28
12 29
0
Yes
27 3
28 3
26 3
25 3
25 2
26 2
27 2
28 2
28 1
27 1
26 1
25 1
25 0
26 0
27 0
28 0
24 3
24 2
24 1
24 0
23 3
23 2
23 1
23 0
22 3
22 2
22 1
22 0
21 3
21 2
21 1
21 0
0
Yes
1 35
1 36
1 37
2 37
2 36
2 35
3 35
3 36
3 37
4 37
4 36
4 35
4 34
3 34
2 34
1 34
5 34
6 34
6 33
5 33
4 33
3 33
2 33
1 33
7 33
8 33
9 33
10 33
11 33
12 33
12 32
11 32
10 32
9 32
8 32
7 32
6 32
5 32
4 32
3 32
2 32
1 32
1 31
2 31
3 31
4 31
5 31
6 31
7 31
8 31
9 31
10 31
11 31
12 31
12 30
11 30
10 30
9 30
8 30
7 30
6 30
5 30
4 30
4 29
5 29
6 29
7 29
8 29
9 29
10 29
11 29
0 31
0 32
0 33
0 34
0 35
0 36
0 37
11 28
10 28
9 28
8 28
7 28
6 28
5 28
4 28
4 27
5 27
6 27
7 27
8 27
9 27
10 27
11 27
4 38
3 38
2 38
1 38
0 38
4 39
3 39
2 39
1 39
0 39
4 40
3 40
2 40
1 40
0 40
4 41
3 41
2 41
1 41
0 41
4 42
3 42
2 42
1 42
0 42
4 43
3 43
2 43
0
No
0
No
0
Yes
49 6
49 7
49 8
48 8
48 7
48 6
47 6
47 7
47 8
46 6
46 7
46 8
0
Yes
5 18
5 17
5 16
5 15
4 18
4 17
4 16
4 15
3 18
3 17
3 16
3 15
2 18
2 17
2 16
2 15
1 18
1 17
1 16
1 15
0 18
0 17
0 16
0 15
0 14
1 14
2 14
3 14
4 14
5 14
6 14
7 14
8 14
8 13
7 13
6 13
5 13
4 13
3 13
2 13
1 13
0 13
8 12
7 12
6 12
5 12
4 12
3 12
2 12
1 12
0 12
8 11
7 11
6 11
5 11
4 11
3 11
2 11
1 11
0 11
8 10
7 10
6 10
5 10
4 10
3 10
2 10
1 10
0 10
8 9
7 9
6 9
5 9
4 9
3 9
2 9
1 9
0 9
8 8
7 8
6 8
0
No
1
538
49 36
49 35
48 35
48 36
47 35
47 36
46 36
45 36
45 37
46 37
47 37
48 37
49 37
49 38
48 38
47 38
46 38
45 38
45 39
46 39
47 39
48 39
49 39
49 40
48 40
47 40
46 40
45 40
44 40
44 39
44 38
44 37
Yes
17 16
17 17
17 18
17 19
18 16
18 17
18 18
18 19
18 20
17 20
16 20
16 21
17 21
18 21
16 22
17 22
18 22
17 23
18 23
17 24
18 24
19 24
19 23
19 22
19 21
19 20
19 19
19 18
19 17
19 16
20 24
20 23
20 22
20 21
20 20
20 19
20 18
20 17
20 16
21 23
21 22
21 21
21 20
21 19
21 18
21 17
21 16
22 22
22 21
22 20
22 19
22 18
22 17
22 16
22 15
22 14
22 13
22 12
23 12
23 13
23 14
23 15
23 16
23 17
23 18
23 19
23 20
23 21
23 22
24 22
24 21
24 20
24 19
24 18
24 17
24 16
24 15
24 14
24 13
24 12
25 21
25 20
25 19
25 18
25 17
25 16
25 15
25 14
25 13
25 12
26 12
26 13
26 14
26 15
26 16
26 17
26 18
27 18
27 17
27 16
27 15
27 14
27 13
27 12
28 12
28 13
28 14
28 15
28 16
28 17
28 18
29 18
29 17
29 16
29 15
29 14
29 13
29 12
0
Yes
40 39
41 39
39 39
39 38
40 38
41 38
41 37
40 37
39 37
38 39
38 38
38 37
38 36
39 36
0
No
0
Yes
39 40
39 41
39 42
39 43
40 40
40 41
40 42
40 43
40 44
39 44
38 44
38 45
39 45
40 45
39 46
40 46
39 47
40 47
39 48
40 48
41 40
41 41
41 42
41 43
41 44
41 45
41 46
41 47
41 48
41 49
42 49
42 48
42 47
42 46
42 45
42 44
42 43
42 42
42 41
42 40
43 40
43 41
43 42
43 43
43 44
43 45
43 46
43 47
43 48
43 49
44 41
44 42
44 43
44 44
44 45
44 46
44 47
44 48
44 49
45 41
45 42
45 43
45 44
45 45
45 46
45 47
45 48
45 49
46 41
46 42
46 43
46 44
46 45
46 46
46 47
46 48
46 49
47 41
47 42
47 43
47 44
47 45
47 46
47 47
47 48
47 49
48 41
48 42
48 43
48 44
48 45
48 46
48 47
48 48
48 49
49 41
49 42
49 43
49 44
49 45
49 46
49 47
49 48
49 49
43 39
42 39
42 38
43 38
43 37
42 37
42 36
43 36
44 36
44 35
43 35
42 35
42 34
41 34
41 35
41 36
40 36
40 35
40 34
0
Yes
13 49
14 49
15 49
16 49
16 48
15 48
14 48
13 48
16 47
15 47
14 47
13 47
15 46
14 46
13 46
15 45
14 45
13 45
15 44
14 44
13 44
15 43
14 43
13 43
15 42
14 42
13 42
13 41
12 41
12 42
12 43
12 44
12 45
12 46
12 47
12 48
12 49
11 49
11 48
11 47
11 46
11 45
11 44
11 43
11 42
11 41
10 41
10 42
10 43
10 44
10 45
10 46
10 47
10 48
10 49
9 49
9 48
9 47
9 46
9 45
9 44
9 43
9 42
9 41
8 41
8 42
8 43
8 44
8 45
8 46
8 47
8 48
8 49
7 49
7 48
7 47
7 46
7 45
7 44
7 43
7 42
7 41
6 46
6 47
6 48
6 49
6 45
6 44
6 43
6 42
6 41
5 45
5 44
5 43
5 42
5 41
4 45
4 44
4 43
4 42
4 41
13 40
12 40
11 40
10 40
9 40
8 40
0
Yes
26 0
26 1
26 2
26 3
27 3
27 2
27 1
27 0
28 3
28 2
28 1
28 0
29 3
29 2
29 1
29 0
30 0
30 1
30 2
30 3
30 4
31 4
31 3
31 2
31 1
31 0
32 0
32 1
32 2
32 3
32 4
25 3
25 2
25 1
25 0
0
Yes
14 31
14 32
14 33
14 34
13 34
13 33
13 32
13 31
12 31
12 32
12 33
12 34
12 35
12 36
11 36
11 35
11 34
11 33
11 32
11 31
11 37
11 38
11 39
10 39
10 38
10 37
10 36
10 35
10 34
10 33
10 32
10 31
12 30
11 30
10 30
11 29
10 29
11 28
10 28
11 27
10 27
9 27
9 28
9 29
9 30
9 31
9 32
9 33
9 34
9 35
9 36
9 37
9 38
9 39
8 39
8 38
8 37
8 36
8 35
8 34
8 33
8 32
8 31
8 30
8 29
8 28
8 27
7 27
7 28
7 29
7 30
7 31
7 32
7 33
7 34
7 35
7 36
7 37
7 38
7 39
7 40
6 40
6 39
6 38
6 37
6 36
6 35
6 34
6 33
6 32
6 31
6 30
6 29
6 28
6 27
5 27
5 28
5 29
5 30
5 31
5 32
5 33
5 34
5 35
5 36
5 37
5 38
5 39
5 40
4 27
4 28
4 29
4 30
4 31
4 32
4 33
4 34
4 35
4 36
0
Yes
3 43
3 44
2 44
2 43
1 44
1 43
0 44
0 43
3 42
2 42
1 42
0 42
3 41
2 41
1 41
0 41
0 40
1 40
2 40
3 40
4 40
4 39
3 39
2 39
1 39
0 39
4 38
3 38
2 38
1 38
0 38
4 37
3 37
2 37
1 37
0 37
0
Yes
43 0
43 1
43 2
43 3
43 4
43 5
43 6
42 6
42 5
42 4
42 3
42 2
42 1
42 0
41 0
41 1
41 2
41 3
41 4
41 5
41 6
40 6
40 5
40 4
40 3
40 2
40 1
40 0
39 0
39 1
39 2
39 3
39 4
39 5
39 6
38 6
38 5
38 4
38 3
38 2
38 1
38 0
37 0
37 1
37 2
37 3
37 4
37 5
37 6
36 6
36 5
36 4
36 3
36 2
36 1
36 0
35 0
35 1
35 2
35 3
35 4
35 5
35 6
34 6
34 5
34 4
34 3
34 2
34 1
34 0
33 0
33 1
33 2
33 3
33 4
33 5
33 6
0
Yes
2 27
3 27
3 28
2 28
3 29
2 29
3 30
2 30
1 27
1 28
1 29
1 30
0 27
0 28
0 29
0 30
3 31
2 31
1 31
0 31
3 32
2 32
1 32
0 32
3 33
2 33
1 33
0 33
0
Yes
49 0
48 0
48 1
49 1
0
Yes
21 3
22 3
23 3
24 3
25 3
26 3
27 3
28 3
29 3
21 2
22 2
23 2
24 2
25 2
26 2
27 2
28 2
29 2
21 1
22 1
23 1
24 1
25 1
26 1
27 1
28 1
29 1
21 0
22 0
23 0
24 0
25 0
26 0
27 0
28 0
29 0
30 0
30 1
30 2
30 3
31 3
31 2
31 1
31 0
32 0
32 1
32 2
32 3
33 3
33 2
33 1
33 0
0
Yes
0 14
0 15
0 16
0 17
0 18
1 18
1 17
1 16
1 15
1 14
2 18
2 17
2 16
2 15
2 14
3 18
3 17
3 16
3 15
3 14
4 18
4 17
4 16
4 15
4 14
5 18
5 17
5 16
5 15
5 14
6 14
7 14
8 14
8 13
7 13
6 13
5 13
4 13
3 13
2 13
1 13
0 13
8 12
7 12
6 12
5 12
4 12
3 12
2 12
1 12
0 12
8 11
7 11
6 11
5 11
4 11
3 11
2 11
1 11
0 11
8 10
7 10
6 10
5 10
4 10
3 10
2 10
1 10
0 10
8 9
7 9
6 9
5 9
4 9
3 9
2 9
1 9
0 9
8 8
7 8
6 8
5 8
4 8
0
No
0
Yes
49 3
49 2
48 2
48 3
48 4
49 4
49 5
48 5
47 5
47 4
47 3
47 2
47 1
47 0
46 0
46 1
46 2
46 3
46 4
46 5
45 5
45 4
45 3
45 2
45 1
45 0
44 0
44 1
44 2
44 3
44 4
44 5
44 6
45 6
46 6
47 6
48 6
49 6
44 7
45 7
46 7
47 7
48 7
49 7
45 8
46 8
47 8
48 8
49 8
0
Yes
17 24
18 24
19 24
17 23
18 23
19 23
20 24
20 23
21 23
21 22
20 22
19 22
18 22
17 22
16 22
16 21
17 21
18 21
19 21
20 21
21 21
16 20
17 20
18 20
19 20
20 20
0
No
0
Yes
0 19
1 19
2 19
3 19
4 19
5 19
6 19
6 20
5 20
4 20
3 20
2 20
1 20
0 20
0 21
1 21
2 21
3 21
4 21
5 21
6 21
6 22
5 22
4 22
3 22
2 22
1 22
0 22
0 23
1 23
2 23
3 23
4 23
5 23
6 23
6 24
5 24
4 24
3 24
2 24
1 24
0 24
0 25
1 25
2 25
3 25
4 25
5 25
6 25
6 26
5 26
4 26
3 26
2 26
1 26
0 26
7 26
7 25
7 24
7 23
7 22
7 21
0
Yes
42 0
43 0
43 1
42 1
43 2
42 2
41 2
41 1
41 0
40 0
40 1
40 2
39 2
39 1
39 0
43 3
42 3
41 3
40 3
39 3
43 4
42 4
41 4
40 4
39 4
0
Yes
36 2
36 3
36 4
36 5
36 6
36 7
36 8
36 9
36 10
37 10
37 9
37 8
37 7
37 6
37 5
37 4
37 3
37 2
38 2
38 3
38 4
38 5
38 6
38 7
38 8
38 9
38 10
39 5
39 6
39 7
39 8
39 9
39 10
40 5
40 6
40 7
40 8
40 9
40 10
41 5
41 6
41 7
41 8
41 9
41 10
42 10
42 9
42 8
42 7
42 6
42 5
38 1
37 1
36 1
38 0
37 0
36 0
35 0
35 1
35 2
35 3
35 4
35 5
35 6
35 7
35 8
35 9
35 10
43 5
43 6
43 7
43 8
43 9
34 3
34 2
34 1
34 0
34 4
34 5
34 6
34 7
34 8
34 9
0
No
0
Yes
38 2
38 3
38 4
37 4
37 3
37 2
36 2
36 3
36 4
35 4
35 3
35 2
34 2
34 3
34 4
34 1
35 1
36 1
37 1
38 1
38 0
37 0
36 0
35 0
34 0
34 5
35 5
36 5
37 5
38 5
38 6
37 6
36 6
0
Yes
35 6
34 6
34 7
35 7
36 7
37 7
38 7
38 8
37 8
36 8
35 8
34 8
34 9
35 9
36 9
37 9
38 9
38 10
37 10
36 10
35 10
34 10
34 11
35 11
36 11
37 11
38 11
38 12
37 12
36 12
35 12
34 12
33 12
33 11
33 10
33 9
33 8
33 7
33 6
33 5
33 4
32 4
32 5
32 6
32 7
32 8
32 9
32 10
32 11
32 12
31 4
31 5
31 6
31 7
31 8
31 9
31 10
31 11
31 12
30 4
30 5
30 6
30 7
30 8
30 9
30 10
30 11
30 12
39 12
39 11
39 10
39 9
39 8
39 7
39 6
39 5
40 5
40 6
40 7
40 8
40 9
40 10
40 11
40 12
41 5
41 6
41 7
41 8
41 9
41 10
41 11
41 12
42 12
42 11
42 10
42 9
42 8
42 7
42 6
42 5
43 5
43 6
43 7
43 8
43 9
41 13
40 13
39 13
38 13
37 13
36 13
35 13
34 13
33 13
32 13
31 13
30 13
41 14
40 14
39 14
38 14
37 14
36 14
35 14
34 14
33 14
32 14
31 14
30 14
40 15
39 15
38 15
37 15
36 15
35 15
0
No
0
Yes
48 36
48 35
47 35
47 36
46 36
45 36
49 35
49 36
49 37
48 37
47 37
46 37
45 37
45 38
46 38
47 38
48 38
49 38
49 39
48 39
47 39
46 39
45 39
45 40
46 40
47 40
48 40
49 40
0
Yes
0 34
1 34
1 35
0 35
0 36
1 36
2 36
2 35
2 34
3 34
3 35
3 36
0
Yes
13 48
13 49
14 49
14 48
15 48
15 49
16 49
16 48
16 47
15 47
14 47
13 47
15 46
14 46
13 46
15 45
14 45
13 45
15 44
14 44
13 44
15 43
14 43
13 43
15 42
14 42
13 42
12 42
12 43
12 44
12 45
12 46
12 47
12 48
12 49
11 49
11 48
11 47
11 46
11 45
11 44
11 43
11 42
10 42
10 43
10 44
10 45
10 46
10 47
10 48
10 49
9 49
9 48
9 47
9 46
9 45
9 44
9 43
9 42
8 42
8 43
8 44
8 45
8 46
8 47
8 48
8 49
7 49
7 48
7 47
7 46
7 45
7 44
7 43
7 42
6 46
6 47
6 48
6 49
0
Yes
11 31
11 32
11 33
11 34
11 35
12 35
12 34
12 33
12 32
12 31
13 31
13 32
13 33
13 34
14 34
14 33
14 32
14 31
10 35
10 34
10 33
10 32
10 31
12 30
11 30
10 30
0
Yes
5 0
5 1
5 2
5 3
5 4
5 5
5 6
6 6
6 5
6 4
6 3
6 2
6 1
6 0
7 0
7 1
7 2
7 3
7 4
7 5
7 6
8 6
8 5
8 4
8 3
8 2
8 1
8 0
4 6
4 5
4 4
4 3
4 2
4 1
4 0
3 0
3 1
3 2
3 3
3 4
3 5
3 6
8 7
7 7
6 7
5 7
4 7
3 7
8 8
7 8
6 8
5 8
4 8
3 8
0
Yes
1 25
1 26
2 26
2 25
3 25
3 26
4 26
4 25
5 25
5 26
6 26
6 25
6 24
5 24
4 24
3 24
2 24
1 24
1 23
2 23
3 23
4 23
5 23
6 23
6 22
5 22
4 22
3 22
2 22
1 22
1 21
2 21
3 21
4 21
5 21
6 21
0 21
0 22
0 23
0 24
0 25
0 26
0 20
1 20
2 20
3 20
4 20
5 20
6 20
6 19
5 19
4 19
3 19
2 19
1 19
0 19
0
Yes
41 31
41 32
40 32
40 31
39 32
0
Yes
35 0
34 0
34 1
35 1
34 2
35 2
34 3
35 3
36 3
36 2
36 1
36 0
37 0
37 1
37 2
37 3
34 4
35 4
36 4
37 4
34 5
35 5
36 5
37 5
36 6
37 6
38 6
38 5
38 4
38 3
38 2
38 1
38 0
39 4
39 3
39 2
39 1
0
No
0
No
0
No
0
Yes
7 10
8 10
8 9
7 9
6 9
6 10
5 9
5 10
4 9
4 10
3 9
3 10
8 11
7 11
6 11
5 11
4 11
3 11
8 12
7 12
6 12
5 12
4 12
3 12
8 13
7 13
6 13
5 13
4 13
3 13
8 14
7 14
6 14
5 14
4 14
3 14
5 15
4 15
3 15
5 16
4 16
3 16
2 16
2 15
2 14
2 13
2 12
2 11
2 10
2 9
1 9
1 10
1 11
1 12
1 13
1 14
1 15
1 16
0 16
0 15
0 14
0 13
0 12
0 11
0 10
0 9
0
No
0
Yes
35 27
35 28
35 29
35 30
35 31
34 31
34 30
34 29
34 28
34 27
33 30
33 29
33 28
33 27
32 30
32 29
32 28
32 27
31 28
31 27
30 27
36 30
36 29
36 28
36 27
36 26
35 26
34 26
33 26
32 26
31 26
30 26
29 26
28 26
28 25
29 25
30 25
31 25
32 25
33 25
34 25
35 25
36 25
27 26
27 25
37 25
37 26
37 27
37 28
37 29
37 30
37 31
37 32
38 32
38 31
38 30
38 29
38 28
38 27
38 26
39 26
39 27
39 28
39 29
39 30
39 31
40 28
40 27
37 24
36 24
35 24
34 24
33 24
32 24
31 24
30 24
29 24
28 24
27 24
0
Yes
37 18
37 19
37 20
37 21
38 21
38 20
38 19
38 18
39 20
39 19
39 18
38 22
37 22
37 23
36 23
36 22
36 21
36 20
36 19
36 18
35 23
35 22
35 21
35 20
35 19
35 18
39 17
38 17
37 17
36 17
35 17
39 16
38 16
37 16
36 16
35 16
34 23
34 22
34 21
34 20
34 19
34 18
34 17
34 16
34 15
33 15
33 16
33 17
33 18
33 19
33 20
33 21
33 22
33 23
32 23
32 22
32 21
32 20
32 19
32 18
32 17
32 16
32 15
31 15
31 16
31 17
31 18
31 19
31 20
31 21
31 22
31 23
30 23
30 22
30 21
30 20
30 19
30 18
30 17
30 16
30 15
29 23
29 22
29 21
29 20
29 19
29 18
29 17
0
No
0
No
0
No
0
Yes
44 40
45 40
46 40
47 40
44 39
45 39
46 39
47 39
44 38
45 38
46 38
47 38
44 37
45 37
46 37
47 37
48 40
48 39
48 38
48 37
49 40
49 39
49 38
49 37
0
Yes
47 36
47 35
48 35
48 36
49 36
0
Yes
0 36
1 36
2 36
3 36
4 36
5 36
6 36
6 35
5 35
4 35
3 35
2 35
1 35
0 35
0 34
1 34
2 34
3 34
4 34
5 34
6 34
6 33
5 33
4 33
3 33
2 33
1 33
0 33
0 32
1 32
2 32
3 32
4 32
5 32
6 32
6 31
5 31
4 31
3 31
2 31
1 31
0 31
0 30
1 30
2 30
3 30
4 30
5 30
6 30
6 29
5 29
4 29
3 29
2 29
1 29
0 29
0 28
1 28
2 28
3 28
4 28
5 28
6 28
6 27
5 27
4 27
3 27
2 27
1 27
0 27
0 26
1 26
2 26
3 26
4 26
5 26
6 26
6 25
5 25
4 25
3 25
2 25
1 25
0 25
7 25
7 26
7 27
7 28
7 29
7 30
7 31
7 32
7 33
7 34
7 35
7 36
8 36
8 35
8 34
8 33
8 32
8 31
8 30
8 29
0
Yes
0 20
0 21
1 21
1 20
2 20
2 21
3 21
3 20
4 20
4 21
4 19
3 19
2 19
1 19
0 19
0 18
1 18
2 18
3 18
4 18
4 17
3 17
2 17
1 17
0 17
5 17
5 18
5 19
5 20
5 21
0
Yes
9 21
10 21
10 20
9 20
9 19
10 19
10 18
9 18
9 17
10 17
10 16
9 16
9 15
10 15
8 15
8 16
8 17
8 18
8 19
8 20
8 21
7 15
7 16
7 17
7 18
7 19
7 20
7 21
6 15
6 16
6 17
6 18
6 19
6 20
6 21
11 15
11 16
11 17
11 18
11 19
11 20
11 21
12 21
12 20
12 19
12 18
12 17
12 16
12 15
13 15
13 16
13 17
13 18
13 19
13 20
13 21
0
No
0
Yes
9 40
9 41
10 41
10 40
11 41
11 40
11 39
10 39
9 39
11 38
10 38
9 38
11 37
10 37
9 37
11 36
10 36
9 36
8 37
8 38
8 39
8 40
8 41
7 41
7 40
7 39
7 38
7 37
6 37
6 38
6 39
6 40
6 41
5 37
5 38
5 39
5 40
0
Yes
42 2
43 2
43 3
42 3
43 4
42 4
43 5
42 5
43 1
42 1
43 0
42 0
41 0
41 1
41 2
41 3
41 4
41 5
40 4
40 3
40 2
40 1
40 0
40 5
43 6
42 6
41 6
40 6
43 7
42 7
41 7
40 7
0
Yes
10 42
11 42
11 43
10 43
10 44
11 44
11 45
10 45
10 46
11 46
11 47
10 47
12 47
12 46
12 45
12 44
12 43
12 42
13 42
13 43
13 44
13 45
13 46
13 47
14 42
14 43
14 44
14 45
14 46
14 47
15 42
15 43
15 44
15 45
15 46
15 47
16 47
16 48
15 48
14 48
13 48
12 48
11 48
10 48
16 49
15 49
14 49
13 49
12 49
11 49
10 49
0
Yes
4 41
5 41
4 42
5 42
6 42
7 42
8 42
9 42
9 43
8 43
7 43
6 43
5 43
4 43
4 44
5 44
6 44
7 44
8 44
9 44
4 45
5 45
6 45
7 45
8 45
9 45
9 46
8 46
7 46
6 46
6 47
7 47
8 47
9 47
9 48
8 48
7 48
6 48
6 49
7 49
8 49
9 49
0
Yes
0 22
1 22
2 22
2 23
1 23
0 23
0 24
1 24
2 24
3 24
3 23
3 22
4 22
4 23
4 24
5 24
5 23
5 22
6 22
6 23
6 24
0
Yes
23 1
23 2
23 3
23 4
23 5
23 6
24 6
24 5
24 4
24 3
24 2
24 1
25 1
25 2
25 3
25 4
25 5
25 6
26 6
26 5
26 4
26 3
26 2
26 1
27 1
27 2
27 3
27 4
27 5
27 6
28 6
28 5
28 4
28 3
28 2
28 1
29 1
29 2
29 3
29 4
29 5
29 6
29 0
28 0
27 0
26 0
25 0
24 0
23 0
22 0
22 1
22 2
22 3
22 4
22 5
22 6
21 6
21 5
21 4
21 3
21 2
21 1
21 0
21 7
22 7
23 7
24 7
25 7
26 7
27 7
28 7
29 7
21 8
0
Yes
31 4
31 5
31 6
31 7
31 8
31 9
31 10
31 11
31 12
31 13
31 14
32 14
32 13
32 12
32 11
32 10
32 9
32 8
32 7
32 6
32 5
32 4
33 4
33 5
33 6
33 7
33 8
33 9
33 10
33 11
33 12
33 13
33 14
34 14
34 13
34 12
34 11
34 10
34 9
34 8
34 7
34 6
35 6
35 7
35 8
35 9
35 10
35 11
35 12
35 13
35 14
35 15
36 15
36 14
36 13
36 12
36 11
36 10
36 9
36 8
36 7
37 7
37 8
37 9
37 10
37 11
37 12
37 13
37 14
37 15
38 15
38 14
38 13
38 12
38 11
38 10
38 9
38 8
38 7
39 7
39 8
39 9
39 10
39 11
39 12
39 13
39 14
39 15
40 15
40 14
40 13
40 12
40 11
40 10
40 9
40 8
33 3
32 3
31 3
41 14
41 13
41 12
41 11
41 10
41 9
41 8
42 12
42 11
42 10
42 9
42 8
43 8
43 9
30 3
30 4
30 5
30 6
30 7
30 8
30 9
30 10
30 11
30 12
0
No
0
No
0
Yes
44 1
44 2
44 3
44 0
45 0
45 1
45 2
45 3
46 3
46 2
46 1
46 0
47 0
47 1
47 2
47 3
48 3
48 2
48 1
48 0
49 0
49 1
49 2
49 3
44 4
45 4
46 4
0
Yes
0 12
0 13
0 14
1 14
1 13
1 12
2 12
2 13
2 14
3 14
3 13
3 12
4 12
4 13
4 14
5 14
5 13
5 12
6 12
6 13
6 14
7 14
7 13
7 12
7 11
6 11
5 11
4 11
3 11
2 11
1 11
0 11
0 10
1 10
2 10
3 10
4 10
5 10
6 10
7 10
7 9
6 9
5 9
4 9
3 9
2 9
1 9
0 9
2 8
1 8
0 8
7 15
6 15
5 15
4 15
3 15
2 15
1 15
0 15
0 16
1 16
2 16
3 16
4 16
5 16
6 16
0
Yes
2 0
2 1
1 1
1 0
0 0
0 1
0
No
0
Yes
0 49
1 49
2 49
3 49
4 49
5 49
5 48
4 48
3 48
2 48
1 48
0 48
5 47
4 47
3 47
2 47
1 47
0 47
5 46
4 46
3 46
2 46
1 46
0 46
3 45
2 45
1 45
0 45
3 44
2 44
1 44
0 44
3 43
2 43
1 43
0 43
3 42
2 42
1 42
0 42
3 41
2 41
1 41
0 41
0 40
1 40
2 40
3 40
4 40
4 39
3 39
2 39
1 39
0
Yes
26 8
27 8
28 8
29 8
29 9
28 9
27 9
26 9
29 10
28 10
27 10
26 10
29 11
28 11
27 11
26 11
29 12
28 12
27 12
26 12
25 8
25 9
25 10
25 11
25 12
24 8
24 9
24 10
24 11
24 12
23 8
23 9
23 10
23 11
23 12
22 8
22 9
22 10
22 11
22 12
22 13
23 13
24 13
25 13
26 13
27 13
28 13
29 13
29 14
28 14
27 14
26 14
25 14
24 14
23 14
22 14
29 15
28 15
27 15
26 15
25 15
24 15
23 15
22 15
29 16
28 16
27 16
26 16
25 16
24 16
23 16
22 16
0
No
0
No
0
Yes
2 19
2 20
2 21
2 22
2 23
2 24
3 24
3 23
3 22
3 21
3 20
3 19
4 24
4 23
4 22
4 21
4 20
4 19
5 24
5 23
5 22
5 21
5 20
5 19
1 24
1 23
1 22
1 21
1 20
1 19
0 24
0 23
0 22
0 21
0 20
0 19
0 18
1 18
2 18
3 18
4 18
5 18
5 17
4 17
3 17
2 17
1 17
0 17
0 16
1 16
2 16
3 16
4 16
5 16
5 15
4 15
3 15
2 15
1 15
0 15
0 14
1 14
2 14
3 14
4 14
0
Yes
22 17
22 18
23 18
23 17
24 17
24 18
25 18
25 17
26 17
26 18
27 18
27 17
28 17
28 18
28 16
27 16
26 16
25 16
24 16
23 16
22 16
29 16
29 15
28 15
27 15
26 15
25 15
24 15
23 15
22 15
22 14
23 14
24 14
25 14
26 14
27 14
28 14
29 14
29 13
28 13
27 13
26 13
25 13
24 13
23 13
22 13
29 12
28 12
27 12
26 12
25 12
24 12
23 12
22 12
29 11
28 11
27 11
26 11
25 11
24 11
23 11
22 11
29 10
28 10
27 10
26 10
25 10
24 10
23 10
22 10
22 9
23 9
24 9
25 9
26 9
27 9
28 9
29 9
29 8
28 8
27 8
26 8
25 8
24 8
23 8
22 8
21 10
21 11
21 12
21 13
21 14
21 15
21 16
21 17
21 18
20 10
20 11
20 12
20 13
20 14
20 15
20 16
0
Yes
9 18
9 19
9 20
9 21
9 22
9 23
9 24
9 25
8 25
8 24
8 23
8 22
8 21
8 20
8 19
8 18
7 24
7 23
7 22
7 21
7 20
7 19
7 18
8 26
9 26
10 26
10 25
10 24
10 23
10 22
10 21
10 20
10 19
10 18
11 18
11 19
11 20
11 21
11 22
11 23
11 24
11 25
11 26
12 26
12 25
12 24
12 23
12 22
12 21
12 20
12 19
12 18
13 25
13 24
13 23
13 22
13 21
13 20
13 19
13 18
14 24
14 23
14 22
14 21
14 20
14 19
14 18
15 22
15 21
15 20
15 19
15 18
16 19
16 18
16 17
15 17
14 17
13 17
12 17
11 17
10 17
9 17
8 17
7 17
7 16
8 16
9 16
10 16
11 16
12 16
13 16
14 16
15 16
16 16
16 15
15 15
14 15
13 15
12 15
11 15
10 15
9 15
8 15
7 15
7 14
8 14
9 14
10 14
11 14
12 14
13 14
14 14
15 14
16 14
16 13
15 13
14 13
13 13
12 13
11 13
10 13
9 13
8 13
7 13
6 24
6 23
6 22
6 21
6 20
6 19
6 18
6 17
6 16
6 15
6 14
6 13
1
596
37 2
37 3
37 4
37 5
37 6
38 6
38 5
38 4
38 3
38 2
39 6
39 5
39 4
39 3
39 2
39 1
38 1
37 1
39 0
38 0
37 0
36 6
36 5
36 4
36 3
36 2
36 1
36 0
35 5
35 4
35 3
35 2
35 1
35 0
34 5
34 4
34 3
34 2
34 1
34 0
33 2
33 1
Yes
5 45
4 45
4 44
5 44
4 43
5 43
4 42
5 42
4 41
5 41
5 40
6 40
6 41
6 42
6 43
6 44
6 45
6 46
6 47
6 48
6 49
7 49
7 48
7 47
7 46
7 45
7 44
7 43
7 42
7 41
7 40
8 40
8 41
8 42
8 43
8 44
8 45
8 46
8 47
8 48
8 49
9 49
9 48
9 47
9 46
9 45
9 44
9 43
9 42
9 41
9 40
10 41
10 40
11 41
11 40
12 40
12 41
13 41
13 40
11 39
10 39
9 39
8 39
7 39
6 39
0
Yes
16 14
16 15
16 16
17 16
17 15
17 14
18 14
18 15
18 16
18 13
17 13
16 13
16 12
17 12
18 12
17 11
16 11
18 11
18 10
15 11
15 12
15 13
15 14
15 15
15 16
14 11
14 12
14 13
14 14
14 15
14 16
13 11
13 12
13 13
13 14
13 15
13 16
12 11
12 12
12 13
12 14
12 15
12 16
19 10
19 11
19 12
19 13
19 14
19 15
19 16
11 11
11 12
11 13
11 14
11 15
11 16
10 11
10 12
10 13
10 14
10 15
0
No
0
Yes
35 1
35 2
35 3
35 4
35 5
36 5
36 4
36 3
36 2
36 1
36 0
35 0
34 0
34 1
34 2
34 3
34 4
34 5
33 5
33 4
33 3
33 2
33 1
33 0
32 0
32 1
32 2
32 3
32 4
32 5
31 5
31 4
31 3
31 2
31 1
31 0
30 0
30 1
30 2
30 3
30 4
30 5
37 0
37 1
37 2
37 3
37 4
0
Yes
0 38
1 38
1 37
0 37
0 39
0
Yes
35 15
36 15
37 15
38 15
39 15
40 15
40 14
39 14
38 14
37 14
36 14
35 14
41 14
41 13
40 13
39 13
38 13
37 13
36 13
35 13
34 14
34 13
33 14
33 13
32 14
32 13
31 14
31 13
30 14
30 13
30 12
31 12
32 12
33 12
34 12
35 12
36 12
37 12
38 12
39 12
40 12
41 12
30 11
31 11
32 11
33 11
34 11
35 11
36 11
37 11
38 11
39 11
40 11
41 11
30 10
31 10
32 10
33 10
34 10
35 10
36 10
37 10
38 10
39 10
40 10
41 10
42 12
42 11
42 10
30 9
31 9
32 9
33 9
34 9
35 9
36 9
37 9
38 9
39 9
40 9
41 9
42 9
43 9
43 8
42 8
41 8
40 8
39 8
38 8
37 8
36 8
35 8
34 8
33 8
32 8
31 8
30 8
30 7
31 7
32 7
33 7
34 7
35 7
36 7
37 7
38 7
39 7
30 6
31 6
32 6
33 6
34 6
35 6
36 6
37 6
38 6
39 6
37 5
38 5
39 5
39 4
38 4
42 14
0
No
0
Yes
0 49
1 49
2 49
3 49
4 49
5 49
6 49
7 49
7 48
6 48
5 48
4 48
3 48
2 48
1 48
0 48
0 47
1 47
2 47
3 47
4 47
5 47
6 47
7 47
7 46
6 46
5 46
4 46
3 46
2 46
1 46
0 46
0 45
1 45
2 45
3 45
4 45
5 45
6 45
7 45
7 44
6 44
5 44
4 44
3 44
2 44
1 44
0 44
0 43
1 43
2 43
3 43
4 43
5 43
6 43
7 43
7 42
6 42
5 42
4 42
3 42
2 42
1 42
0 42
0 41
1 41
2 41
3 41
4 41
5 41
6 41
7 41
0 40
1 40
2 40
3 40
4 40
5 40
0
Yes
7 16
6 16
6 17
7 17
6 18
7 18
6 19
7 19
6 20
7 20
6 21
7 21
6 22
7 22
6 23
7 23
6 24
7 24
6 15
7 15
8 15
8 16
8 17
8 18
8 19
8 20
8 21
8 22
8 23
8 24
8 25
8 26
9 15
9 16
9 17
9 18
9 19
9 20
9 21
9 22
9 23
9 24
9 25
9 26
10 16
10 17
10 18
10 19
10 20
10 21
10 22
10 23
10 24
10 25
10 26
11 17
11 18
11 19
11 20
11 21
11 22
11 23
11 24
11 25
11 26
12 26
12 25
12 24
12 23
12 22
12 21
12 20
12 19
12 18
12 17
13 25
13 24
13 23
13 22
13 21
13 20
13 19
13 18
13 17
14 24
14 23
14 22
14 21
14 20
14 19
14 18
14 17
15 22
15 21
15 20
15 19
15 18
15 17
9 14
8 14
7 14
6 14
5 14
9 13
8 13
7 13
6 13
5 13
4 13
3 13
2 13
1 13
0 13
9 12
8 12
7 12
6 12
5 12
4 12
3 12
2 12
1 12
0 12
9 11
8 11
7 11
6 11
5 11
4 11
3 11
2 11
1 11
0 11
8 10
7 10
6 10
5 10
4 10
3 10
2 10
1 10
0 10
8 9
7 9
6 9
5 9
4 9
3 9
2 9
1 9
0
Yes
36 24
37 24
37 25
36 25
35 24
35 25
34 24
34 25
33 24
33 25
32 24
32 25
31 24
31 25
31 26
32 26
33 26
34 26
35 26
36 26
37 26
38 26
38 27
37 27
36 27
35 27
34 27
33 27
32 27
31 27
31 28
32 28
33 28
34 28
35 28
36 28
37 28
38 28
32 29
33 29
34 29
35 29
36 29
37 29
38 29
32 30
33 30
34 30
35 30
36 30
37 30
38 30
35 31
34 31
37 31
38 31
37 32
38 32
30 27
30 26
30 25
30 24
39 26
39 27
39 28
39 29
39 30
39 31
39 32
40 28
40 27
40 32
40 31
41 31
41 32
29 24
29 25
29 26
28 26
28 25
28 24
27 26
27 25
27 24
34 32
28 23
27 23
0
No
0
Yes
0 27
0 28
0 29
0 30
1 30
1 29
1 28
1 27
2 27
2 28
2 29
2 30
3 30
3 29
3 28
3 27
4 27
4 28
4 29
4 30
5 30
5 29
5 28
5 27
5 26
4 26
3 26
2 26
1 26
0 26
0 25
1 25
2 25
3 25
4 25
5 25
0
No
0
Yes
45 33
45 34
44 34
44 33
0
No
0
No
0
No
0
Yes
13 46
13 47
13 48
13 49
14 49
14 48
14 47
14 46
15 46
15 47
15 48
15 49
16 47
16 48
16 49
15 45
14 45
13 45
12 45
12 46
12 47
12 48
12 49
11 49
11 48
11 47
11 46
11 45
10 45
10 46
10 47
10 48
10 49
9 49
9 48
9 47
9 46
9 45
8 45
8 46
8 47
8 48
8 49
8 44
9 44
10 44
11 44
12 44
13 44
14 44
15 44
15 43
14 43
13 43
12 43
11 43
10 43
0
Yes
45 5
46 5
46 6
45 6
45 7
46 7
45 8
46 8
47 8
47 7
47 6
47 5
48 8
48 7
48 6
48 5
49 8
49 7
49 6
49 5
47 4
48 4
49 4
47 9
46 9
0
Yes
39 32
40 32
41 32
41 31
40 31
39 31
0
No
0
Yes
49 49
49 48
49 47
49 46
49 45
49 44
49 43
48 43
48 44
48 45
48 46
48 47
48 48
48 49
47 49
47 48
47 47
47 46
47 45
47 44
47 43
46 43
46 44
46 45
46 46
46 47
46 48
46 49
45 49
45 48
45 47
45 46
45 45
45 44
45 43
44 43
44 44
44 45
44 46
44 47
44 48
44 49
43 49
43 48
43 47
43 46
43 45
43 44
43 43
42 43
42 44
42 45
42 46
42 47
42 48
42 49
41 49
41 48
41 47
41 46
41 45
41 44
41 43
40 48
40 47
40 46
40 45
40 44
40 43
39 48
39 47
39 46
39 45
39 44
39 43
38 44
38 45
39 42
40 42
41 42
42 42
43 42
44 42
45 42
46 42
47 42
48 42
49 42
49 41
48 41
47 41
46 41
45 41
44 41
43 41
42 41
41 41
40 41
39 41
39 40
40 40
41 40
42 40
0
Yes
7 26
7 25
6 25
6 26
6 27
0
No
0
Yes
0 0
0 1
1 1
1 0
2 0
2 1
0
Yes
45 3
46 3
47 3
48 3
49 3
49 2
48 2
47 2
46 2
45 2
45 1
46 1
47 1
48 1
49 1
49 0
48 0
47 0
46 0
45 0
44 0
44 1
0
Yes
37 21
38 21
38 22
37 22
36 22
36 21
36 20
37 20
38 20
39 20
39 19
38 19
37 19
36 19
39 18
38 18
37 18
36 18
39 17
38 17
37 17
36 17
39 16
38 16
37 16
36 16
35 16
35 17
35 18
35 19
35 20
35 21
35 22
37 23
36 23
35 23
37 24
36 24
35 24
37 25
36 25
35 25
35 26
36 26
37 26
38 26
39 26
39 27
38 27
37 27
36 27
35 27
40 27
40 28
39 28
38 28
37 28
36 28
35 28
39 29
38 29
37 29
36 29
35 29
39 30
38 30
37 30
36 30
35 30
35 31
34 31
34 30
34 29
34 28
34 27
34 26
34 25
34 24
34 23
34 22
34 21
34 20
34 19
34 18
34 17
34 16
34 15
33 15
33 16
33 17
33 18
33 19
33 20
33 21
33 22
33 23
33 24
33 25
33 26
33 27
33 28
33 29
33 30
32 30
32 29
32 28
32 27
32 26
32 25
32 24
32 23
32 22
32 21
32 20
32 19
32 18
32 17
32 16
32 15
31 28
31 27
31 26
31 25
31 24
31 23
31 22
31 21
31 20
31 19
31 18
31 17
31 16
31 15
30 15
30 16
30 17
30 18
30 19
30 20
30 21
30 22
30 23
30 24
30 25
30 26
30 27
29 17
29 18
0
Yes
0 31
1 31
2 31
2 32
1 32
0 32
0 33
1 33
2 33
2 34
1 34
0 34
0 35
1 35
2 35
3 31
3 32
3 33
3 34
3 35
4 31
4 32
4 33
4 34
4 35
0
Yes
8 23
8 24
8 25
8 26
8 27
8 28
8 29
8 30
9 30
9 29
9 28
9 27
9 26
9 25
9 24
9 23
10 29
10 28
10 27
10 26
10 25
10 24
10 23
11 29
11 28
11 27
11 26
11 25
11 24
11 23
12 29
12 28
12 27
12 26
12 25
12 24
12 23
13 29
13 28
13 27
13 26
13 25
13 24
13 23
14 24
14 23
14 26
14 27
14 28
14 22
13 22
12 22
11 22
10 22
9 22
8 22
8 21
9 21
10 21
11 21
12 21
13 21
14 21
7 21
7 22
7 23
7 24
7 25
7 26
7 27
7 28
7 29
7 30
6 30
6 29
6 28
6 27
6 26
6 25
6 24
6 23
6 22
6 21
15 22
15 21
15 28
15 27
15 26
15 20
14 20
13 20
12 20
0
Yes
49 35
49 36
48 36
48 35
47 35
47 36
0
No
0
Yes
35 0
35 1
35 2
35 3
35 4
34 4
34 3
34 2
34 1
34 0
33 0
33 1
33 2
33 3
33 4
32 4
32 3
32 2
32 1
32 0
31 0
31 1
31 2
31 3
31 4
30 4
30 3
30 2
30 1
30 0
30 5
31 5
32 5
33 5
34 5
35 5
0
Yes
9 0
9 1
9 2
9 3
9 4
9 5
9 6
9 7
9 8
10 8
10 7
10 6
10 5
10 4
10 3
10 2
10 1
10 0
11 0
11 1
11 2
11 3
11 4
11 5
11 6
11 7
11 8
12 8
12 7
12 6
12 5
12 4
12 3
12 2
12 1
12 0
13 0
13 1
13 2
13 3
13 4
13 5
13 6
13 7
13 8
14 8
14 7
14 6
14 5
14 4
14 3
14 2
14 1
14 0
15 0
15 1
15 2
15 3
15 4
15 5
15 6
15 7
15 8
16 8
16 7
16 6
16 5
16 4
16 3
16 2
16 1
16 0
17 0
17 1
17 2
17 3
17 4
17 5
17 6
17 7
17 8
18 8
18 7
18 6
18 5
18 4
18 3
18 2
18 1
18 0
19 0
19 1
19 2
19 3
19 4
19 5
19 6
19 7
19 8
0
Yes
8 9
9 9
10 9
11 9
12 9
13 9
14 9
15 9
7 9
6 9
5 9
5 10
6 10
7 10
8 10
9 10
10 10
11 10
12 10
13 10
14 10
15 10
15 11
14 11
13 11
12 11
11 11
10 11
9 11
8 11
7 11
6 11
5 11
5 12
6 12
7 12
8 12
9 12
10 12
11 12
12 12
13 12
14 12
15 12
15 13
14 13
13 13
12 13
11 13
10 13
9 13
8 13
7 13
6 13
5 13
5 14
6 14
7 14
8 14
9 14
10 14
11 14
12 14
13 14
14 14
15 14
6 15
7 15
8 15
9 15
10 15
11 15
12 15
13 15
14 15
15 15
6 16
7 16
8 16
9 16
10 16
11 16
12 16
13 16
14 16
15 16
6 17
7 17
8 17
9 17
10 17
11 17
12 17
13 17
14 17
15 17
6 18
7 18
8 18
9 18
10 18
11 18
12 18
13 18
14 18
15 18
15 19
14 19
13 19
12 19
11 19
10 19
9 19
8 19
7 19
6 19
6 20
7 20
8 20
9 20
10 20
11 20
16 19
16 18
16 17
16 16
16 15
16 14
16 13
16 12
16 11
16 10
16 9
17 9
17 10
17 11
17 12
17 13
17 14
17 15
0
Yes
49 8
48 8
48 7
49 7
49 6
48 6
48 5
49 5
47 5
47 6
47 7
47 8
46 8
46 7
46 6
46 5
45 8
45 7
45 6
45 5
45 4
46 4
47 4
48 4
49 4
0
Yes
3 38
3 39
2 39
2 38
1 39
1 38
0 39
0 38
0 37
1 37
2 37
3 37
3 36
2 36
1 36
0 36
0
Yes
24 0
24 1
24 2
24 3
24 4
24 5
24 6
24 7
24 8
24 9
24 10
24 11
24 12
24 13
25 13
25 12
25 11
25 10
25 9
25 8
25 7
25 6
25 5
25 4
25 3
25 2
25 1
25 0
26 0
26 1
26 2
26 3
26 4
26 5
26 6
26 7
26 8
26 9
26 10
26 11
26 12
26 13
27 13
27 12
27 11
27 10
27 9
27 8
27 7
27 6
27 5
27 4
27 3
27 2
27 1
27 0
28 0
28 1
28 2
28 3
28 4
28 5
28 6
28 7
28 8
28 9
28 10
28 11
28 12
28 13
29 5
29 4
29 3
29 2
29 1
29 0
29 6
29 7
29 8
29 9
29 10
29 11
29 12
29 13
30 6
30 7
30 8
30 9
30 10
30 11
30 12
30 13
23 13
23 12
23 11
23 10
23 9
23 8
23 7
23 6
23 5
23 4
23 3
23 2
23 1
23 0
22 0
22 1
22 2
22 3
22 4
22 5
22 6
22 7
22 8
22 9
22 10
22 11
22 12
22 13
21 13
21 12
21 11
21 10
21 9
21 8
21 7
21 6
21 5
21 4
21 3
21 2
21 1
21 0
20 0
20 1
20 2
20 3
20 4
20 5
20 6
20 7
20 8
20 9
20 10
0
Yes
2 6
2 7
2 5
2 4
1 4
1 5
1 6
1 7
0 7
0 6
0 5
0 4
2 3
1 3
0 3
2 2
1 2
0 2
0
Yes
22 22
23 22
22 21
23 21
24 21
24 22
24 23
25 23
25 22
25 21
26 21
26 22
26 23
26 24
27 24
27 23
27 22
27 21
28 21
28 22
28 23
28 24
29 24
29 23
29 22
29 21
29 20
28 20
27 20
26 20
25 20
24 20
23 20
22 20
29 19
28 19
27 19
26 19
25 19
24 19
23 19
22 19
28 18
27 18
26 18
25 18
24 18
23 18
22 18
28 17
27 17
26 17
25 17
24 17
23 17
22 17
22 16
23 16
24 16
25 16
26 16
27 16
28 16
29 16
29 15
28 15
27 15
26 15
25 15
24 15
23 15
22 15
22 14
23 14
24 14
25 14
26 14
27 14
28 14
29 14
0
Yes
8 21
7 21
6 21
6 22
7 22
8 22
6 23
7 23
8 23
6 24
7 24
8 24
6 25
7 25
8 25
6 26
7 26
8 26
6 27
7 27
8 27
6 28
7 28
8 28
6 29
7 29
8 29
6 30
7 30
8 30
9 30
9 29
9 28
9 27
9 26
9 25
9 24
9 23
9 22
9 21
10 21
10 22
10 23
10 24
10 25
10 26
10 27
10 28
10 29
11 29
11 28
11 27
11 26
11 25
11 24
11 23
11 22
11 21
12 29
12 28
12 27
12 26
12 25
12 24
12 23
12 22
12 21
12 20
13 29
13 28
13 27
13 26
13 25
13 24
13 23
13 22
13 21
13 20
14 24
14 23
14 22
14 21
14 20
15 20
15 21
15 22
14 26
14 27
14 28
15 28
15 27
15 26
9 31
8 31
7 31
6 31
5 31
5 32
6 32
7 32
8 32
9 32
9 33
8 33
7 33
6 33
5 33
5 34
6 34
7 34
8 34
9 34
9 35
8 35
7 35
6 35
5 35
5 36
6 36
7 36
8 36
9 36
15 24
0
No
0
No
0
Yes
19 4
19 5
19 6
19 7
19 8
19 9
18 9
18 8
18 7
18 6
18 5
18 4
17 8
17 7
17 6
17 5
17 4
16 8
16 7
16 6
16 5
16 4
15 8
15 7
15 6
15 5
15 4
19 3
18 3
17 3
16 3
15 3
19 2
18 2
17 2
16 2
15 2
19 1
18 1
17 1
16 1
15 1
19 0
18 0
17 0
16 0
15 0
14 8
14 7
14 6
14 5
14 4
14 3
14 2
14 1
14 0
13 8
13 7
13 6
13 5
13 4
13 3
13 2
13 1
13 0
12 8
12 7
12 6
12 5
12 4
12 3
12 2
12 1
12 0
11 8
11 7
11 6
11 5
11 4
11 3
11 2
11 1
11 0
10 8
10 7
10 6
10 5
10 4
10 3
10 2
10 1
10 0
9 8
9 7
9 6
9 5
9 4
9 3
9 2
9 1
9 0
18 10
19 10
18 11
19 11
20 11
20 12
19 12
18 12
18 13
19 13
20 13
18 14
19 14
20 14
21 14
0
Yes
41 35
41 34
42 34
42 35
40 34
40 35
40 36
41 36
42 36
42 37
41 37
40 37
40 38
41 38
42 38
42 39
41 39
40 39
39 39
39 38
39 37
39 36
38 36
38 37
38 38
38 39
0
Yes
49 40
48 40
47 40
46 40
46 39
47 39
48 39
49 39
49 38
48 38
47 38
46 38
47 37
48 37
49 37
46 37
45 40
45 39
45 38
0
Yes
40 31
41 31
41 32
40 32
39 32
39 31
39 30
0
Yes
44 0
44 1
44 2
44 3
44 4
45 4
45 3
45 2
45 1
45 0
46 0
46 1
46 2
46 3
46 4
47 4
47 3
47 2
47 1
47 0
48 0
48 1
48 2
48 3
48 4
49 4
49 3
49 2
49 1
49 0
44 5
45 5
46 5
47 5
48 5
49 5
44 6
45 6
46 6
47 6
48 6
49 6
44 7
45 7
46 7
47 7
48 7
49 7
45 8
0
Yes
2 25
3 25
4 25
5 25
1 25
0 25
5 26
4 26
3 26
2 26
1 26
0 26
5 27
4 27
3 27
2 27
1 27
0 27
5 28
4 28
3 28
2 28
1 28
0 28
5 29
4 29
3 29
2 29
1 29
0 29
5 30
0
Yes
2 2
2 3
1 2
1 3
0 2
0 3
0
Yes
9 0
9 1
9 2
9 3
9 4
9 5
9 6
9 7
9 8
10 8
10 7
10 6
10 5
10 4
10 3
10 2
10 1
10 0
11 8
11 7
11 6
11 5
11 4
11 3
11 2
11 1
11 0
12 8
12 7
12 6
12 5
12 4
12 3
12 2
12 1
12 0
13 8
13 7
13 6
13 5
13 4
13 3
13 2
13 1
13 0
14 8
14 7
14 6
14 5
14 4
14 3
14 2
14 1
14 0
15 8
15 7
15 6
15 5
15 4
15 3
15 2
15 1
15 0
16 8
0
Yes
39 0
39 1
39 2
39 3
38 3
38 2
38 1
38 0
37 0
37 1
37 2
37 3
36 3
36 2
36 1
36 0
35 0
35 1
35 2
35 3
34 3
34 2
34 1
34 0
33 0
33 1
33 2
33 3
32 3
32 2
32 1
32 0
39 4
38 4
37 4
36 4
35 4
34 4
33 4
32 4
39 5
38 5
37 5
36 5
35 5
34 5
33 5
32 5
39 6
38 6
37 6
36 6
35 6
34 6
33 6
32 6
0
Yes
0 31
0 30
1 30
1 31
2 30
2 31
2 32
1 32
0 32
3 30
3 31
3 32
4 30
4 31
4 32
4 33
3 33
2 33
1 33
0 33
4 34
0
Yes
44 33
45 33
45 34
44 34
44 35
0
Yes
0 4
1 4
2 4
2 5
1 5
0 5
2 6
1 6
0 6
2 7
1 7
0 7
2 8
1 8
0
Yes
3 10
3 9
4 9
4 10
5 9
5 10
6 9
6 10
6 11
5 11
4 11
3 11
3 12
4 12
5 12
6 12
4 13
3 13
5 13
6 13
2 13
2 12
2 11
2 10
2 9
1 9
1 10
1 11
1 12
1 13
0 13
0 12
0 11
0 10
0 9
0
Yes
49 35
48 35
47 35
47 36
48 36
49 36
49 37
48 37
47 37
47 38
48 38
49 38
49 39
48 39
47 39
47 40
48 40
49 40
0
Yes
0 30
0 31
0 32
0 33
0 34
0 35
1 35
1 34
1 33
1 32
1 31
1 30
2 30
2 31
2 32
2 33
2 34
0
Yes
39 29
39 28
40 28
38 28
38 29
40 27
39 27
38 27
39 26
38 26
0
Yes
45 49
46 49
47 49
48 49
49 49
49 48
48 48
47 48
46 48
45 48
45 47
46 47
47 47
48 47
49 47
49 46
48 46
47 46
46 46
45 46
45 45
46 45
47 45
48 45
49 45
49 44
48 44
47 44
46 44
45 44
45 43
46 43
47 43
48 43
49 43
49 42
48 42
47 42
46 42
45 42
47 41
48 41
49 41
46 41
45 41
46 40
45 40
46 39
45 39
46 38
45 38
44 38
44 39
44 40
44 41
44 42
44 43
44 44
44 45
44 46
44 47
44 48
44 49
43 49
43 48
43 47
43 46
43 45
43 44
43 43
43 42
43 41
43 40
43 39
43 38
42 38
42 39
42 40
42 41
42 42
42 43
42 44
42 45
42 46
42 47
42 48
42 49
41 49
41 48
41 47
41 46
41 45
41 44
41 43
41 42
41 41
41 40
41 39
41 38
40 48
40 47
40 46
40 45
40 44
40 43
40 42
40 41
40 40
40 39
40 38
39 48
39 47
39 46
39 45
39 44
39 43
39 42
39 41
39 40
39 39
39 38
38 39
38 38
38 44
38 45
38 37
39 37
40 37
0
Yes
37 31
37 32
38 32
38 31
38 30
0
Yes
23 7
23 8
24 8
24 7
25 7
25 8
26 8
26 7
27 7
27 8
28 8
28 7
29 7
29 8
30 8
30 7
31 7
31 8
31 6
30 6
29 6
28 6
27 6
26 6
25 6
24 6
23 6
23 5
24 5
25 5
26 5
27 5
28 5
29 5
30 5
31 5
31 4
30 4
29 4
28 4
27 4
26 4
25 4
24 4
23 4
23 3
24 3
25 3
26 3
27 3
28 3
29 3
30 3
31 3
31 2
30 2
29 2
28 2
27 2
26 2
25 2
24 2
23 2
23 1
24 1
25 1
26 1
27 1
28 1
29 1
30 1
31 1
31 0
30 0
29 0
28 0
27 0
26 0
25 0
24 0
23 0
22 0
22 1
22 2
22 3
22 4
22 5
22 6
22 7
22 8
21 8
21 7
21 6
21 5
21 4
21 3
21 2
21 1
21 0
20 0
20 1
20 2
20 3
20 4
20 5
20 6
20 7
20 8
19 8
19 7
19 6
19 5
19 4
19 3
19 2
19 1
19 0
18 0
18 1
18 2
18 3
18 4
18 5
18 6
18 7
18 8
17 8
17 7
17 6
17 5
17 4
17 3
17 2
17 1
17 0
16 7
16 6
16 5
16 4
16 3
16 2
16 1
16 0
0
Yes
34 0
34 1
34 2
34 3
34 4
34 5
34 6
34 7
34 8
35 8
35 7
35 6
35 5
35 4
35 3
35 2
35 1
35 0
36 0
36 1
36 2
36 3
36 4
36 5
36 6
36 7
36 8
37 8
37 7
37 6
37 5
37 4
37 3
37 2
37 1
37 0
38 0
38 1
38 2
38 3
38 4
38 5
38 6
38 7
38 8
39 7
39 6
39 5
39 4
39 3
39 2
39 1
39 0
39 8
40 8
33 8
33 7
33 6
33 5
33 4
33 3
33 2
33 1
33 0
32 0
32 1
32 2
32 3
32 4
32 5
32 6
32 7
32 8
32 9
33 9
34 9
35 9
36 9
37 9
38 9
39 9
40 9
40 10
39 10
38 10
37 10
36 10
35 10
34 10
33 10
32 10
32 11
33 11
34 11
35 11
36 11
37 11
38 11
39 11
40 11
0
Yes
8 10
8 9
7 9
7 10
7 11
8 11
7 12
8 12
7 13
8 13
9 9
9 10
9 11
9 12
9 13
10 9
10 10
10 11
10 12
10 13
11 9
11 10
11 11
11 12
11 13
12 9
12 10
12 11
12 12
12 13
12 14
11 14
10 14
9 14
8 14
7 14
6 14
6 15
7 15
8 15
9 15
10 15
11 15
12 15
6 16
7 16
8 16
9 16
10 16
11 16
12 16
6 17
7 17
8 17
9 17
10 17
11 17
12 17
6 18
7 18
8 18
9 18
10 18
11 18
12 18
12 19
11 19
10 19
9 19
8 19
7 19
6 19
13 19
13 18
13 17
13 16
13 15
13 14
13 13
13 12
13 11
13 10
13 9
14 9
14 10
14 11
14 12
14 13
14 14
14 15
14 16
14 17
14 18
14 19
15 19
15 18
15 17
15 16
15 15
15 14
15 13
15 12
15 11
15 10
15 9
16 9
16 10
16 11
16 12
16 13
16 14
16 15
16 16
16 17
16 18
16 19
17 19
17 18
17 17
17 16
0
Yes
15 42
15 43
15 44
15 45
15 46
14 42
14 43
14 44
14 45
14 46
14 47
15 47
16 47
16 48
15 48
14 48
16 49
15 49
14 49
13 49
13 48
13 47
13 46
13 45
13 44
13 43
13 42
13 41
13 40
12 40
12 41
12 42
12 43
12 44
12 45
12 46
12 47
12 48
12 49
11 49
11 48
11 47
11 46
11 45
11 44
11 43
11 42
11 41
11 40
11 39
11 38
11 37
11 36
10 36
10 37
10 38
10 39
10 40
10 41
10 42
10 43
10 44
10 45
10 46
10 47
10 48
10 49
9 37
9 38
9 39
9 40
9 41
9 42
9 43
9 44
9 45
9 46
9 47
9 48
9 49
8 49
8 48
8 47
8 46
8 45
8 44
8 43
8 42
8 41
8 40
0
No
0
Yes
28 9
29 9
27 9
26 9
25 9
24 9
23 9
22 9
21 9
20 9
19 9
18 9
17 9
17 10
18 10
19 10
20 10
21 10
22 10
23 10
24 10
25 10
26 10
27 10
28 10
29 10
17 11
18 11
19 11
20 11
21 11
22 11
23 11
24 11
25 11
26 11
27 11
28 11
29 11
17 12
18 12
19 12
20 12
21 12
22 12
23 12
24 12
25 12
26 12
27 12
28 12
29 12
17 13
18 13
19 13
20 13
21 13
22 13
23 13
24 13
25 13
26 13
27 13
28 13
29 13
17 14
18 14
19 14
20 14
21 14
22 14
23 14
24 14
25 14
26 14
27 14
28 14
29 14
17 15
18 15
19 15
20 15
21 15
22 15
23 15
24 15
25 15
26 15
27 15
28 15
29 15
18 16
19 16
20 16
21 16
22 16
23 16
24 16
25 16
26 16
27 16
28 16
29 16
18 17
19 17
20 17
21 17
22 17
23 17
24 17
25 17
26 17
27 17
28 17
29 17
18 18
19 18
20 18
21 18
22 18
23 18
24 18
25 18
26 18
27 18
28 18
29 18
18 19
19 19
20 19
21 19
22 19
23 19
24 19
25 19
26 19
27 19
0
Yes
0 17
0 18
0 19
0 20
0 21
0 22
0 23
0 24
1 24
1 23
1 22
1 21
1 20
1 19
1 18
1 17
2 24
2 23
2 22
2 21
2 20
2 19
2 18
2 17
3 24
3 23
3 22
3 21
3 20
3 19
3 18
3 17
4 24
4 23
4 22
4 21
4 20
4 19
4 18
4 17
5 24
5 23
5 22
5 21
5 20
5 19
5 18
5 17
5 16
4 16
3 16
2 16
1 16
0 16
5 15
4 15
3 15
2 15
1 15
0 15
5 14
4 14
3 14
2 14
1 14
0 14
0
Yes
37 30
37 29
37 28
37 27
37 26
37 25
37 24
36 30
36 29
36 28
36 27
36 26
36 25
36 24
35 24
35 25
35 26
35 27
35 28
35 29
35 30
35 31
34 31
34 30
34 29
34 28
34 27
34 26
34 25
34 24
33 30
33 29
33 28
33 27
33 26
33 25
33 24
32 30
32 29
32 28
32 27
32 26
32 25
32 24
31 28
31 27
31 26
31 25
31 24
30 27
30 26
30 25
30 24
29 26
29 25
29 24
28 26
28 25
28 24
27 26
27 25
27 24
26 24
37 23
36 23
35 23
34 23
33 23
32 23
31 23
30 23
29 23
28 23
27 23
26 23
25 23
24 23
24 22
25 22
26 22
27 22
28 22
29 22
30 22
31 22
32 22
33 22
34 22
35 22
36 22
37 22
38 22
38 21
37 21
36 21
35 21
34 21
33 21
32 21
31 21
30 21
29 21
28 21
27 21
26 21
25 21
24 21
24 20
25 20
26 20
27 20
28 20
29 20
30 20
31 20
32 20
33 20
34 20
35 20
36 20
37 20
38 20
39 20
28 19
29 19
30 19
31 19
32 19
33 19
34 19
35 19
36 19
37 19
38 19
39 19
39 18
38 18
37 18
36 18
35 18
34 18
33 18
32 18
31 18
30 18
0
Yes
32 17
33 17
34 17
35 17
36 17
37 17
31 17
30 17
30 16
31 16
32 16
33 16
34 16
35 16
36 16
37 16
30 15
31 15
32 15
33 15
34 15
35 15
36 15
37 15
30 14
31 14
32 14
33 14
34 14
35 14
36 14
37 14
30 13
31 13
32 13
33 13
34 13
35 13
36 13
37 13
37 12
36 12
35 12
34 12
33 12
32 12
31 12
30 12
38 12
38 13
38 14
38 15
38 16
38 17
39 17
39 16
39 15
39 14
39 13
39 12
40 15
40 14
40 13
40 12
0
No
0
No
0
No
0
Yes
42 34
41 34
40 34
40 35
41 35
42 35
43 35
40 36
41 36
42 36
43 36
41 37
42 37
0
Yes
3 15
3 14
4 14
4 15
5 14
5 15
5 16
4 16
3 16
5 17
4 17
3 17
5 18
4 18
3 18
5 19
4 19
3 19
2 14
2 15
2 16
2 17
2 18
2 19
1 14
1 15
1 16
1 17
1 18
1 19
0 14
0 15
0 16
0 17
0 18
0 19
0 20
1 20
2 20
3 20
4 20
5 20
5 21
4 21
3 21
2 21
1 21
0 21
0 22
1 22
2 22
3 22
4 22
5 22
5 23
4 23
3 23
2 23
1 23
0 23
0 24
1 24
0
No
0
No
0
No
0
Yes
14 24
14 23
14 22
15 22
15 21
14 21
15 20
14 20
13 20
13 21
13 22
13 23
13 24
13 25
12 20
12 21
12 22
12 23
12 24
12 25
11 20
11 21
11 22
11 23
11 24
11 25
10 20
10 21
10 22
10 23
10 24
10 25
9 20
9 21
9 22
9 23
9 24
9 25
8 20
8 21
8 22
8 23
8 24
8 25
7 20
7 21
7 22
7 23
7 24
7 25
6 20
6 21
6 22
6 23
6 24
6 25
6 26
7 26
8 26
9 26
10 26
11 26
12 26
13 26
14 26
15 26
15 27
14 27
13 27
12 27
11 27
10 27
9 27
8 27
7 27
6 27
15 28
14 28
13 28
12 28
11 28
10 28
0
Yes
8 13
8 14
8 15
8 16
8 17
8 18
8 19
9 19
9 18
9 17
9 16
9 15
9 14
9 13
10 19
10 18
10 17
10 16
10 15
10 14
10 13
11 19
11 18
11 17
11 16
11 15
11 14
11 13
12 19
12 18
12 17
12 16
12 15
12 14
12 13
13 19
13 18
13 17
13 16
13 15
13 14
13 13
14 19
14 18
14 17
14 16
14 15
14 14
14 13
14 12
13 12
12 12
11 12
10 12
9 12
8 12
8 11
9 11
10 11
11 11
12 11
13 11
14 11
14 10
13 10
12 10
11 10
10 10
9 10
8 10
8 9
9 9
10 9
11 9
12 9
13 9
14 9
15 9
15 10
15 11
15 12
15 13
15 14
15 15
15 16
15 17
15 18
15 19
16 9
16 10
16 11
16 12
16 13
16 14
16 15
16 16
16 17
0
Yes
13 34
14 34
14 33
13 33
14 32
13 32
14 31
13 31
12 31
12 32
12 33
12 34
12 35
11 35
11 34
11 33
11 32
11 31
10 35
10 34
10 33
10 32
10 31
12 30
11 30
10 30
12 29
11 29
10 29
9 29
9 30
9 31
9 32
9 33
9 34
9 35
8 35
8 34
8 33
8 32
8 31
8 30
0
Yes
7 40
6 40
6 39
7 39
5 39
4 39
4 38
5 38
6 38
7 38
4 37
5 37
6 37
7 37
4 36
5 36
6 36
7 36
8 36
8 37
8 38
8 39
8 40
8 41
8 42
8 43
8 44
8 45
8 46
8 47
8 48
8 49
9 36
9 37
9 38
9 39
9 40
9 41
9 42
9 43
9 44
9 45
9 46
9 47
9 48
9 49
10 36
10 37
10 38
10 39
10 40
10 41
10 42
10 43
10 44
10 45
10 46
10 47
10 48
10 49
11 36
11 37
11 38
11 39
11 40
11 41
11 42
11 43
11 44
11 45
11 46
11 47
11 48
11 49
12 40
12 41
12 42
12 43
12 44
12 45
12 46
12 47
12 48
12 49
13 40
13 41
13 42
13 43
13 44
13 45
13 46
13 47
13 48
13 49
14 42
14 43
14 44
14 45
14 46
14 47
14 48
14 49
15 42
15 43
15 44
15 45
15 46
15 47
15 48
15 49
16 47
16 48
16 49
7 35
6 35
5 35
4 35
3 35
3 34
4 34
5 34
6 34
7 34
7 33
6 33
5 33
4 33
3 33
3 32
4 32
5 32
6 32
7 32
7 31
6 31
5 31
4 31
3 31
3 30
4 30
0
No
0
No
0
No
0
No
0
Yes
2 42
2 43
2 44
2 45
2 46
2 47
2 48
3 48
3 47
3 46
3 45
3 44
3 43
3 42
4 42
4 43
4 44
4 45
4 46
4 47
4 48
5 48
5 47
5 46
5 45
5 44
5 43
5 42
5 41
4 41
3 41
2 41
1 41
1 42
1 43
1 44
1 45
1 46
1 47
1 48
0 48
0 47
0 46
0 45
0 44
0 43
0 42
0 41
5 40
4 40
3 40
2 40
1 40
0 40
0 49
1 49
2 49
3 49
4 49
0
Yes
2 28
2 29
3 29
3 28
4 29
4 28
4 27
3 27
2 27
2 26
3 26
4 26
4 25
3 25
2 25
2 24
3 24
4 24
5 24
5 25
5 26
5 27
5 28
5 29
5 30
1 25
1 26
1 27
1 28
1 29
0 29
0 28
0 27
0 26
0 25
0
Yes
46 46
46 47
46 48
46 49
47 49
47 48
47 47
47 46
48 46
48 47
48 48
48 49
49 49
49 48
49 47
49 46
49 45
48 45
47 45
46 45
46 44
47 44
48 44
49 44
49 43
48 43
47 43
46 43
46 42
47 42
48 42
49 42
45 42
45 43
45 44
45 45
45 46
45 47
45 48
45 49
44 49
44 48
44 47
44 46
44 45
44 44
44 43
44 42
43 42
43 43
43 44
43 45
43 46
43 47
43 48
43 49
42 49
42 48
42 47
42 46
42 45
42 44
42 43
42 42
41 49
41 48
41 47
41 46
41 45
41 44
41 43
41 42
40 48
40 47
40 46
40 45
40 44
40 43
40 42
39 48
39 47
39 46
39 45
39 44
39 43
39 42
38 44
38 45
39 41
40 41
41 41
42 41
43 41
44 41
45 41
46 41
47 41
48 41
49 41
39 40
40 40
41 40
42 40
43 40
44 40
45 40
46 40
47 40
48 40
49 40
49 39
48 39
47 39
46 39
45 39
44 39
0
No
0
Yes
37 0
37 1
37 2
37 3
37 4
38 4
38 3
38 2
38 1
38 0
39 0
39 1
39 2
39 3
39 4
36 4
36 3
36 2
36 1
36 0
35 0
35 1
35 2
35 3
35 4
34 4
34 3
34 2
34 1
34 0
33 0
33 1
33 2
33 3
33 4
32 4
32 3
32 2
32 1
32 0
0
Yes
21 16
21 17
21 18
21 19
22 19
22 18
22 17
22 16
23 16
23 17
23 18
23 19
24 19
24 18
24 17
24 16
25 19
25 18
25 17
25 16
26 19
26 18
26 17
26 16
27 19
27 18
27 17
27 16
28 18
28 17
28 16
28 15
27 15
26 15
25 15
24 15
23 15
22 15
21 15
21 14
22 14
23 14
24 14
25 14
26 14
27 14
28 14
28 13
27 13
26 13
25 13
24 13
23 13
22 13
21 13
21 12
22 12
23 12
24 12
25 12
26 12
27 12
28 12
28 11
27 11
26 11
25 11
24 11
23 11
22 11
21 11
21 10
22 10
23 10
24 10
25 10
26 10
27 10
28 10
28 9
27 9
26 9
25 9
24 9
23 9
22 9
21 9
20 9
20 10
20 11
20 12
20 13
20 14
20 15
20 16
20 17
20 18
20 19
19 9
19 10
19 11
19 12
19 13
19 14
19 15
19 16
19 17
19 18
19 19
18 9
18 10
18 11
18 12
18 13
18 14
18 15
18 16
18 17
18 18
18 19
29 18
29 17
29 16
29 15
29 14
29 13
29 12
29 11
29 10
29 9
23 20
22 20
21 20
0
No
0
Yes
24 10
24 9
25 9
25 10
23 9
23 10
22 9
22 10
21 9
21 10
20 9
20 10
19 9
19 10
18 9
18 10
17 9
17 10
17 11
18 11
19 11
20 11
21 11
22 11
23 11
24 11
25 11
17 12
18 12
19 12
20 12
21 12
22 12
23 12
24 12
25 12
17 13
18 13
19 13
20 13
21 13
22 13
23 13
24 13
25 13
17 14
18 14
19 14
20 14
21 14
22 14
23 14
24 14
25 14
17 15
18 15
19 15
20 15
21 15
22 15
23 15
24 15
25 15
17 16
18 16
19 16
20 16
21 16
22 16
23 16
24 16
25 16
17 17
18 17
19 17
20 17
21 17
22 17
23 17
24 17
25 17
25 18
24 18
23 18
22 18
21 18
20 18
19 18
18 18
17 18
24 19
25 19
23 19
22 19
21 19
20 19
19 19
18 19
17 19
16 18
16 19
26 19
26 18
26 17
26 16
26 15
26 14
26 13
26 12
26 11
26 10
26 9
0
Yes
38 10
38 11
39 11
39 10
40 11
40 10
37 11
37 10
36 11
36 10
35 11
35 10
34 11
34 10
34 9
35 9
36 9
37 9
38 9
39 9
40 9
40 8
39 8
38 8
37 8
36 8
35 8
34 8
39 7
38 7
37 7
36 7
35 7
34 7
39 6
38 6
37 6
36 6
35 6
34 6
39 5
38 5
37 5
36 5
35 5
34 5
33 5
33 6
33 7
33 8
33 9
33 10
33 11
0
No
0
Yes
8 5
8 6
8 7
8 8
8 4
8 3
8 2
8 1
8 0
7 0
7 1
7 2
7 3
7 4
7 5
7 6
7 7
7 8
6 8
6 7
6 6
6 5
6 4
6 3
6 2
6 1
6 0
5 8
5 7
5 6
5 5
5 4
5 3
5 2
5 1
5 0
4 8
4 7
4 6
4 5
4 4
4 3
4 2
4 1
4 0
3 0
3 1
3 2
3 3
3 4
3 5
3 6
3 7
3 8
2 8
2 7
2 6
2 5
2 4
2 3
2 2
1 2
1 3
1 4
1 5
1 6
1 7
1 8
0 8
0 7
0 6
0 5
0 4
0 3
0
No
0
No
0
Yes
12 35
11 35
11 34
12 34
13 34
14 34
14 33
13 33
12 33
11 33
14 32
13 32
12 32
11 32
14 31
13 31
12 31
11 31
12 30
11 30
12 29
11 29
10 29
10 30
10 31
10 32
10 33
10 34
10 35
9 35
9 34
9 33
9 32
9 31
9 30
9 29
15 32
8 35
8 34
8 33
8 32
8 31
8 30
8 29
0
No
0
Yes
26 1
26 2
26 3
27 3
27 2
27 1
28 1
28 2
28 3
29 3
29 2
29 1
29 0
28 0
27 0
26 0
30 0
30 1
30 2
30 3
31 3
31 2
31 1
31 0
0
Yes
45 34
45 33
44 33
44 34
0
Yes
17 23
17 24
17 22
16 22
16 21
17 21
16 20
17 20
18 20
18 21
18 22
18 23
18 24
19 24
19 23
19 22
19 21
19 20
20 24
20 23
20 22
20 21
20 20
21 23
21 22
21 21
21 20
0
Yes
12 4
12 5
12 6
12 7
12 8
13 8
13 7
13 6
13 5
13 4
14 8
14 7
14 6
14 5
14 4
15 8
15 7
15 6
15 5
15 4
16 8
16 7
16 6
16 5
16 4
17 8
17 7
17 6
17 5
17 4
17 3
16 3
15 3
14 3
13 3
12 3
12 2
13 2
14 2
15 2
16 2
17 2
17 1
16 1
15 1
14 1
13 1
12 1
12 0
13 0
14 0
15 0
16 0
17 0
11 8
11 7
11 6
11 5
11 4
11 3
11 2
11 1
11 0
10 8
10 7
10 6
10 5
10 4
10 3
10 2
10 1
10 0
9 8
9 7
9 6
9 5
9 4
9 3
9 2
9 1
9 0
0
No
0
No
0
Yes
20 2
20 3
20 4
20 5
20 6
20 7
20 8
21 8
21 7
21 6
21 5
21 4
21 3
21 2
22 8
22 7
22 6
22 5
22 4
22 3
22 2
23 8
23 7
23 6
23 5
23 4
23 3
23 2
24 8
24 7
24 6
24 5
24 4
24 3
24 2
19 8
19 7
19 6
19 5
19 4
19 3
19 2
19 1
20 1
21 1
22 1
23 1
24 1
24 0
23 0
22 0
21 0
20 0
19 0
18 8
18 7
18 6
18 5
18 4
18 3
18 2
18 1
18 0
1
702
46 38
47 38
48 38
49 38
45 38
44 38
43 38
43 39
43 37
44 37
45 37
46 37
47 37
48 37
49 37
46 36
45 36
44 36
47 36
48 36
49 36
38 35
47 35
48 35
49 35
42 39
42 38
41 38
41 39
40 39
40 38
40 37
39 39
39 38
39 37
39 36
38 39
38 38
38 37
38 36
Yes
30 9
30 10
30 11
29 11
29 10
29 9
29 12
29 13
29 14
29 15
29 16
28 16
28 15
28 14
28 13
28 12
28 11
28 10
28 9
27 9
27 10
27 11
27 12
27 13
27 14
27 15
27 16
27 8
28 8
29 8
30 8
26 8
25 8
25 7
26 7
27 7
28 7
29 7
30 7
25 6
26 6
27 6
28 6
29 6
30 6
25 5
26 5
27 5
28 5
29 5
30 5
30 4
29 4
28 4
27 4
26 4
25 4
25 3
25 2
25 1
25 0
31 4
31 5
31 6
31 7
31 8
31 9
31 10
31 11
32 11
32 10
32 9
32 8
32 7
32 6
32 5
32 4
33 4
34 4
35 4
36 4
37 4
38 4
39 4
39 3
38 3
37 3
36 3
35 3
34 3
33 3
32 3
32 2
33 2
34 2
35 2
36 2
37 2
38 2
39 2
39 1
38 1
37 1
36 1
35 1
34 1
33 1
32 1
32 0
33 0
34 0
35 0
36 0
37 0
38 0
39 0
27 17
28 17
29 17
0
No
0
No
0
No
0
Yes
0 22
0 23
0 24
1 24
1 23
1 22
2 23
2 22
3 23
3 22
3 21
2 21
1 21
0 21
0 20
1 20
2 20
3 20
3 19
2 19
1 19
0 19
4 23
4 22
4 21
4 20
4 19
5 23
5 22
5 21
5 20
5 19
0
Yes
3 0
3 1
3 2
2 2
1 2
0 2
0 3
1 3
2 3
3 3
3 4
2 4
1 4
0 4
0 5
1 5
2 5
3 5
3 6
2 6
1 6
0 6
0 7
1 7
2 7
3 7
4 7
4 6
4 5
4 4
4 3
4 2
4 1
4 0
5 0
5 1
5 2
5 3
5 4
5 5
5 6
5 7
6 7
6 6
6 5
6 4
6 3
6 2
6 1
6 0
7 0
7 1
7 2
7 3
7 4
7 5
7 6
7 7
8 7
8 6
8 5
8 4
8 3
8 2
8 1
8 0
8 8
7 8
6 8
5 8
1
725
30 17
30 16
30 15
30 14
30 13
30 12
31 12
31 13
31 14
31 15
31 16
31 17
32 17
32 16
32 15
32 14
32 13
32 12
33 12
33 13
33 14
33 15
33 16
33 17
34 17
34 16
34 15
34 14
34 13
34 12
35 12
35 13
35 14
35 15
35 16
35 17
36 17
36 16
36 15
36 14
36 13
36 12
37 12
37 13
37 14
37 15
37 16
37 17
38 17
38 16
38 15
38 14
38 13
38 12
39 17
39 16
39 15
39 14
39 13
39 12
40 15
40 14
40 13
40 12
41 14
41 13
41 12
42 12
42 11
41 11
Yes
8 4
8 5
8 6
8 7
8 3
8 2
8 1
8 0
7 0
7 1
7 2
7 3
7 4
7 5
7 6
7 7
6 7
6 6
6 5
6 4
6 3
6 2
6 1
6 0
5 0
5 1
5 2
5 3
5 4
5 5
5 6
5 7
4 7
4 6
4 5
4 4
4 3
4 2
4 1
4 0
3 0
3 1
3 2
3 3
3 4
3 5
3 6
3 7
2 2
2 3
2 4
2 5
2 6
2 7
1 2
1 3
1 4
1 5
1 6
1 7
0 2
0 3
0 4
0 5
0 6
0 7
8 8
7 8
6 8
5 8
4 8
3 8
2 8
1 8
0 8
7 9
6 9
5 9
4 9
3 9
2 9
1 9
0 9
7 10
6 10
5 10
4 10
3 10
2 10
1 10
0 10
7 11
6 11
5 11
4 11
3 11
2 11
1 11
0 11
7 12
6 12
5 12
4 12
3 12
2 12
1 12
0 12
7 13
6 13
5 13
4 13
3 13
2 13
1 13
0 13
7 14
6 14
5 14
4 14
3 14
2 14
1 14
0 14
7 15
6 15
5 15
4 15
3 15
2 15
1 15
0 15
0
No
0
No
0
No
1
702
38 17
39 17
39 16
38 16
37 17
37 16
36 17
36 16
35 17
35 16
34 17
34 16
34 15
35 15
36 15
37 15
38 15
39 15
40 15
40 14
39 14
38 14
37 14
36 14
35 14
34 14
34 13
35 13
36 13
37 13
38 13
39 13
40 13
40 12
39 12
38 12
37 12
36 12
35 12
34 12
Yes
48 49
49 49
49 48
48 48
48 47
49 47
49 46
48 46
48 45
49 45
49 44
48 44
48 43
49 43
49 42
48 42
48 41
49 41
49 40
48 40
48 39
49 39
47 39
47 40
47 41
47 42
47 43
47 44
47 45
47 46
47 47
47 48
47 49
46 49
46 48
46 47
46 46
46 45
46 44
46 43
46 42
46 41
46 40
46 39
45 39
45 40
45 41
45 42
45 43
45 44
45 45
45 46
45 47
45 48
45 49
44 49
44 48
44 47
44 46
44 45
44 44
44 43
44 42
44 41
44 40
44 39
43 39
43 40
43 41
43 42
43 43
43 44
43 45
43 46
43 47
43 48
43 49
42 49
42 48
42 47
42 46
42 45
42 44
42 43
42 42
42 41
42 40
42 39
41 49
41 48
41 47
41 46
41 45
41 44
41 43
41 42
41 41
41 40
41 39
40 48
40 47
40 46
40 45
40 44
40 43
40 42
40 41
40 40
40 39
39 48
39 47
39 46
39 45
39 44
39 43
39 42
39 41
39 40
39 39
38 39
38 44
38 45
38 38
39 38
40 38
41 38
42 38
43 38
44 38
45 38
46 38
47 38
48 38
49 38
43 37
44 37
45 37
46 37
47 37
48 37
49 37
44 36
45 36
46 36
47 36
0
Yes
41 31
40 31
41 32
40 32
39 32
0
Yes
5 24
5 25
5 26
4 24
4 25
4 26
3 24
3 25
3 26
0
Yes
9 1
9 2
9 3
9 4
9 5
9 6
9 7
9 8
9 0
10 0
10 1
10 2
10 3
10 4
10 5
10 6
10 7
10 8
10 9
9 9
11 9
11 8
11 7
11 6
11 5
11 4
11 3
11 2
11 1
11 0
12 0
12 1
12 2
12 3
12 4
12 5
12 6
12 7
12 8
12 9
13 9
13 8
13 7
13 6
13 5
13 4
13 3
13 2
13 1
13 0
14 0
14 1
14 2
14 3
14 4
14 5
14 6
14 7
14 8
14 9
15 9
15 8
15 7
15 6
15 5
15 4
15 3
15 2
15 1
15 0
16 0
16 1
16 2
16 3
16 4
16 5
16 6
16 7
16 8
16 9
17 9
17 8
17 7
17 6
17 5
17 4
17 3
17 2
17 1
17 0
18 0
18 1
18 2
18 3
18 4
18 5
18 6
18 7
18 8
0
Yes
20 0
19 0
19 1
20 1
19 2
20 2
19 3
20 3
19 4
20 4
19 5
20 5
19 6
20 6
19 7
20 7
19 8
20 8
20 9
19 9
21 9
21 8
21 7
21 6
21 5
21 4
21 3
21 2
21 1
21 0
22 0
22 1
22 2
22 3
22 4
22 5
22 6
22 7
22 8
22 9
23 9
23 8
23 7
23 6
23 5
23 4
23 3
23 2
23 1
23 0
24 0
24 1
24 2
24 3
24 4
24 5
24 6
24 7
24 8
24 9
25 9
25 8
25 7
25 6
25 5
25 4
25 3
25 2
25 1
25 0
26 0
26 1
26 2
26 3
26 4
26 5
26 6
26 7
26 8
26 9
27 9
27 8
27 7
27 6
27 5
27 4
27 3
27 2
27 1
27 0
28 0
28 1
28 2
28 3
28 4
28 5
28 6
28 7
28 8
28 9
0
Yes
29 0
29 1
29 2
29 3
29 4
29 5
29 6
30 6
30 5
30 4
30 3
30 2
30 1
30 0
31 0
31 1
31 2
31 3
31 4
31 5
31 6
32 6
32 5
32 4
32 3
32 2
32 1
32 0
33 4
33 3
33 2
33 1
33 0
34 4
34 3
34 2
34 1
34 0
35 4
35 3
35 2
35 1
35 0
36 4
36 3
36 2
36 1
36 0
37 4
37 3
37 2
37 1
37 0
38 4
38 3
38 2
38 1
38 0
39 4
39 3
39 2
39 1
39 0
0
Yes
49 35
48 35
47 35
47 36
48 36
49 36
49 37
48 37
47 37
47 38
48 38
49 38
49 39
48 39
0
Yes
0 16
1 16
2 16
3 16
4 16
4 17
3 17
2 17
1 17
0 17
0 18
1 18
2 18
3 18
4 18
0
Yes
0 27
1 27
2 27
2 26
1 26
0 26
2 25
1 25
0 25
2 28
1 28
0 28
0 29
1 29
2 29
0
Yes
49 45
49 46
49 47
49 48
49 49
48 49
48 48
48 47
48 46
48 45
48 44
49 44
47 44
47 45
47 46
47 47
47 48
47 49
46 49
46 48
46 47
46 46
46 45
46 44
45 44
45 45
45 46
45 47
45 48
45 49
44 49
0
Yes
5 27
4 27
3 27
3 28
4 28
5 28
6 28
7 28
8 28
9 28
3 29
4 29
5 29
6 29
7 29
8 29
9 29
10 29
11 29
12 29
12 30
11 30
10 30
9 30
8 30
7 30
6 30
5 30
4 30
3 30
2 30
1 30
0 30
0 31
1 31
2 31
3 31
4 31
5 31
6 31
7 31
8 31
9 31
10 31
11 31
12 31
13 31
14 31
14 32
13 32
12 32
11 32
10 32
9 32
8 32
7 32
6 32
5 32
4 32
3 32
2 32
1 32
0 32
14 33
13 33
12 33
11 33
10 33
9 33
8 33
7 33
6 33
5 33
4 33
3 33
2 33
1 33
0 33
14 34
13 34
12 34
11 34
10 34
9 34
8 34
7 34
6 34
5 34
4 34
3 34
2 34
1 34
0 34
12 35
11 35
10 35
9 35
8 35
7 35
6 35
5 35
4 35
3 35
2 35
1 35
0 35
12 36
11 36
10 36
9 36
8 36
7 36
6 36
5 36
4 36
3 36
2 36
1 36
0
Yes
40 31
41 31
39 31
38 31
37 31
37 32
38 32
39 32
40 32
41 32
0
Yes
39 27
40 27
40 28
39 28
38 28
38 27
38 26
39 26
38 29
39 29
0
Yes
46 0
46 1
46 2
46 3
47 3
47 2
47 1
47 0
48 0
48 1
48 2
48 3
49 3
49 2
49 1
49 0
45 3
45 2
45 1
45 0
44 0
44 1
44 2
44 3
0
Yes
12 49
13 49
14 49
15 49
16 49
16 48
15 48
14 48
13 48
12 48
16 47
15 47
14 47
13 47
12 47
15 46
14 46
13 46
12 46
15 45
14 45
13 45
12 45
15 44
14 44
13 44
12 44
15 43
14 43
13 43
12 43
15 42
14 42
13 42
12 42
13 41
12 41
11 41
11 42
11 43
11 44
11 45
11 46
11 47
11 48
11 49
10 49
10 48
10 47
10 46
10 45
10 44
10 43
10 42
10 41
9 41
9 42
9 43
9 44
9 45
9 46
9 47
9 48
9 49
8 49
8 48
8 47
8 46
8 45
8 44
8 43
8 42
8 41
7 41
7 42
7 43
7 44
7 45
7 46
7 47
7 48
7 49
6 49
6 48
6 47
6 46
6 45
6 44
6 43
6 42
6 41
13 40
12 40
11 40
10 40
9 40
0
Yes
13 33
13 34
12 34
12 33
12 32
13 32
13 31
12 31
14 31
14 32
14 33
14 34
0
Yes
30 8
29 8
31 8
32 8
32 7
31 7
30 7
29 7
32 9
31 9
30 9
29 9
32 10
31 10
30 10
29 10
28 10
0
Yes
43 49
43 48
44 48
44 47
43 47
44 46
43 46
44 45
43 45
44 44
43 44
42 44
42 45
42 46
42 47
42 48
42 49
41 49
41 48
41 47
41 46
41 45
41 44
40 48
40 47
40 46
40 45
40 44
39 48
39 47
39 46
39 45
39 44
38 44
38 45
39 43
40 43
41 43
42 43
43 43
44 43
45 43
46 43
47 43
48 43
49 43
39 42
40 42
41 42
42 42
43 42
44 42
45 42
46 42
47 42
48 42
49 42
39 41
40 41
41 41
42 41
43 41
44 41
45 41
46 41
47 41
48 41
49 41
49 40
48 40
47 40
46 40
45 40
44 40
43 40
42 40
41 40
40 40
39 40
0
Yes
0 31
0 32
0 33
0 34
0 35
0 36
0 37
0 38
1 38
1 37
1 36
1 35
1 34
1 33
1 32
1 31
2 31
2 32
2 33
2 34
2 35
2 36
2 37
2 38
3 38
3 37
3 36
3 35
3 34
3 33
3 32
3 31
4 31
4 32
4 33
4 34
4 35
4 36
4 37
4 38
5 38
5 37
5 36
5 35
5 34
5 33
5 32
5 31
6 31
6 32
6 33
6 34
6 35
6 36
6 37
6 38
7 38
7 37
7 36
7 35
7 34
7 33
7 32
7 31
8 31
8 32
8 33
8 34
8 35
8 36
8 37
8 38
9 38
9 37
9 36
9 35
9 34
9 33
9 32
9 31
9 30
8 30
7 30
6 30
5 30
4 30
3 30
2 30
1 30
0 30
9 39
8 39
7 39
6 39
5 39
4 39
3 39
2 39
1 39
0 39
0 29
1 29
2 29
3 29
4 29
5 29
6 29
7 29
8 29
9 29
9 28
8 28
7 28
6 28
5 28
4 28
0
Yes
39 13
39 12
38 12
38 13
37 12
37 13
36 12
36 13
35 12
35 13
34 12
34 13
34 14
35 14
36 14
37 14
38 14
39 14
39 15
38 15
37 15
36 15
35 15
34 15
39 16
38 16
37 16
36 16
35 16
34 16
39 17
38 17
37 17
36 17
35 17
34 17
40 15
40 14
0
Yes
38 19
38 18
37 18
37 19
36 18
36 19
35 18
35 19
35 20
36 20
37 20
38 20
38 21
37 21
36 21
35 21
38 22
37 22
36 22
35 22
34 18
34 19
34 20
34 21
34 22
33 22
33 21
33 20
33 19
33 18
0
Yes
15 42
15 43
15 44
15 45
14 42
14 43
14 44
14 45
13 45
13 44
13 43
13 42
12 42
12 43
12 44
12 45
11 45
11 44
11 43
11 42
15 46
14 46
13 46
12 46
11 46
11 47
12 47
13 47
14 47
15 47
15 48
14 48
13 48
12 48
11 48
11 49
12 49
13 49
14 49
15 49
0
Yes
39 39
40 39
40 38
39 38
40 37
39 37
38 39
38 38
38 37
41 38
41 39
0
Yes
2 21
2 22
2 23
3 23
3 22
3 21
4 21
4 22
4 23
5 23
5 22
5 21
5 20
4 20
3 20
2 20
1 20
1 21
1 22
1 23
0 23
0 22
0 21
0 20
5 24
4 24
3 24
2 24
1 24
0 24
5 25
4 25
3 25
2 25
1 25
0 25
5 26
4 26
3 26
2 26
1 26
0 26
5 27
4 27
3 27
2 27
1 27
0 27
0
No
0
Yes
8 11
8 10
9 10
9 11
10 10
10 11
11 10
11 11
12 10
12 11
13 10
13 11
14 10
14 11
8 12
9 12
10 12
11 12
12 12
13 12
14 12
8 13
9 13
10 13
11 13
12 13
13 13
14 13
8 14
9 14
10 14
11 14
12 14
13 14
14 14
8 15
9 15
10 15
11 15
12 15
13 15
14 15
14 16
13 16
12 16
11 16
10 16
9 16
8 16
8 17
9 17
10 17
11 17
12 17
13 17
14 17
14 18
13 18
12 18
11 18
10 18
9 18
8 18
8 19
9 19
10 19
11 19
12 19
13 19
14 19
15 19
15 18
15 17
15 16
0
Yes
44 7
44 6
44 5
44 4
45 4
45 5
45 6
45 7
45 8
46 4
46 5
46 6
46 7
46 8
47 4
47 5
47 6
47 7
47 8
48 8
48 7
48 6
48 5
48 4
49 4
49 5
49 6
49 7
49 8
0
Yes
46 36
46 37
46 38
45 36
45 37
45 38
44 36
44 37
44 38
0
Yes
33 23
34 23
35 23
36 23
37 23
37 24
36 24
35 24
34 24
33 24
37 25
36 25
35 25
34 25
33 25
37 26
36 26
35 26
34 26
33 26
37 27
36 27
35 27
34 27
33 27
37 28
36 28
35 28
34 28
33 28
37 29
36 29
35 29
34 29
33 29
37 30
36 30
35 30
34 30
33 30
32 30
32 29
32 28
32 27
32 26
32 25
32 24
32 23
31 28
31 27
31 26
31 25
31 24
31 23
30 27
30 26
30 25
0
Yes
49 4
48 4
47 4
46 4
45 4
44 4
44 5
45 5
46 5
47 5
48 5
49 5
44 6
45 6
46 6
47 6
48 6
49 6
44 7
45 7
46 7
47 7
48 7
49 7
45 8
46 8
47 8
48 8
49 8
47 9
46 9
0
Yes
34 0
34 1
34 2
34 3
34 4
34 5
34 6
35 6
35 5
35 4
35 3
35 2
35 1
35 0
36 0
36 1
36 2
36 3
36 4
36 5
36 6
37 6
37 5
37 4
37 3
37 2
37 1
37 0
38 0
38 1
38 2
38 3
38 4
38 5
38 6
39 6
39 5
39 4
39 3
39 2
39 1
39 0
33 6
33 5
33 4
33 3
33 2
33 1
33 0
0
Yes
32 0
32 1
31 1
31 0
30 0
30 1
29 1
29 0
29 2
30 2
31 2
32 2
32 3
31 3
30 3
29 3
0
Yes
49 44
48 44
47 44
46 44
46 45
47 45
48 45
49 45
49 46
48 46
47 46
46 46
46 47
47 47
48 47
49 47
49 48
48 48
47 48
46 48
46 49
47 49
48 49
49 49
45 44
45 45
45 46
45 47
45 48
45 49
0
Yes
32 0
32 1
32 2
32 3
32 4
32 5
32 6
31 6
31 5
31 4
31 3
31 2
31 1
31 0
30 0
30 1
30 2
30 3
30 4
30 5
30 6
29 6
29 5
29 4
29 3
29 2
29 1
29 0
29 7
30 7
31 7
32 7
29 8
30 8
31 8
32 8
29 9
30 9
31 9
32 9
0
Yes
35 7
36 7
37 7
38 7
34 7
34 8
35 8
36 8
37 8
38 8
38 9
37 9
36 9
35 9
34 9
34 10
35 10
36 10
37 10
38 10
38 11
37 11
36 11
35 11
34 11
33 7
33 8
33 9
33 10
33 11
39 7
39 8
39 9
39 10
39 11
40 8
40 9
40 10
0
No
0
Yes
21 19
20 19
20 18
21 18
22 18
22 19
23 19
23 18
24 18
24 19
25 19
25 18
26 18
26 19
27 19
27 18
28 18
28 19
28 17
27 17
26 17
25 17
24 17
23 17
22 17
21 17
20 17
20 16
21 16
22 16
23 16
24 16
25 16
26 16
27 16
28 16
28 15
27 15
26 15
25 15
24 15
23 15
22 15
21 15
20 15
20 14
21 14
22 14
23 14
24 14
25 14
26 14
27 14
28 14
28 13
27 13
26 13
25 13
24 13
23 13
22 13
21 13
20 13
20 12
21 12
22 12
23 12
24 12
25 12
26 12
27 12
28 12
28 11
27 11
26 11
25 11
24 11
23 11
22 11
21 11
20 11
20 10
21 10
22 10
23 10
24 10
25 10
26 10
27 10
28 10
29 10
29 11
29 12
29 13
29 14
29 15
29 16
29 17
29 18
0
Yes
35 15
35 16
36 16
36 15
37 15
37 16
38 16
38 15
39 16
39 15
40 15
40 14
39 14
38 14
37 14
36 14
35 14
41 14
41 13
40 13
39 13
38 13
37 13
36 13
35 13
35 12
36 12
37 12
38 12
39 12
40 12
41 12
41 11
40 11
39 11
38 11
37 11
36 11
35 11
34 11
34 12
34 13
34 14
34 15
34 16
34 10
35 10
36 10
37 10
38 10
39 10
40 10
41 10
41 9
40 9
39 9
38 9
37 9
36 9
35 9
34 9
40 8
41 8
39 8
38 8
37 8
36 8
35 8
34 8
39 7
38 7
37 7
36 7
35 7
34 7
0
No
0
Yes
47 3
48 3
49 3
46 3
46 2
47 2
48 2
49 2
49 1
48 1
47 1
46 1
46 0
47 0
48 0
49 0
45 3
0
Yes
26 0
26 1
26 2
26 3
26 4
26 5
26 6
26 7
26 8
27 8
27 7
27 6
27 5
27 4
27 3
27 2
27 1
27 0
28 0
28 1
28 2
28 3
28 4
28 5
28 6
28 7
28 8
29 8
29 7
29 6
29 5
29 4
29 3
29 2
29 1
29 0
30 0
30 1
30 2
30 3
30 4
30 5
30 6
30 7
30 8
31 8
31 7
31 6
31 5
31 4
31 3
31 2
31 1
31 0
32 0
32 1
32 2
32 3
32 4
32 5
32 6
32 7
32 8
33 7
33 8
25 8
25 7
25 6
25 5
25 4
25 3
25 2
25 1
25 0
24 0
24 1
24 2
24 3
24 4
24 5
24 6
24 7
24 8
23 8
23 7
23 6
23 5
23 4
23 3
23 2
23 1
23 0
33 9
32 9
31 9
30 9
29 9
28 9
27 9
26 9
25 9
24 9
23 9
33 10
32 10
31 10
30 10
29 10
28 10
27 10
26 10
25 10
24 10
23 10
33 11
32 11
31 11
30 11
29 11
28 11
27 11
0
Yes
10 47
10 48
10 49
10 46
9 46
9 47
9 48
9 49
8 49
8 48
8 47
8 46
7 46
7 47
7 48
7 49
6 49
6 48
6 47
6 46
6 45
7 45
8 45
9 45
10 45
10 44
9 44
8 44
7 44
6 44
6 43
7 43
8 43
9 43
0
Yes
38 28
38 29
39 29
39 28
40 28
40 27
39 27
38 27
38 26
39 26
0
Yes
14 10
15 10
16 10
13 10
12 10
11 10
10 10
9 10
8 10
8 11
9 11
10 11
11 11
12 11
13 11
14 11
15 11
16 11
8 12
9 12
10 12
11 12
12 12
13 12
14 12
15 12
16 12
8 13
9 13
10 13
11 13
12 13
13 13
14 13
15 13
16 13
8 14
9 14
10 14
11 14
12 14
13 14
14 14
15 14
16 14
8 15
9 15
10 15
11 15
12 15
13 15
14 15
15 15
16 15
16 16
15 16
14 16
13 16
12 16
11 16
10 16
9 16
8 16
8 17
9 17
10 17
11 17
12 17
13 17
14 17
15 17
16 17
16 18
15 18
14 18
13 18
12 18
11 18
10 18
9 18
8 18
0
Yes
38 30
39 30
39 31
38 31
37 31
37 32
38 32
39 32
0
Yes
33 12
33 13
33 14
33 15
33 16
33 17
32 12
32 13
32 14
32 15
32 16
32 17
32 18
31 12
31 13
31 14
31 15
31 16
31 17
31 18
30 12
30 13
30 14
30 15
30 16
30 17
30 18
29 12
29 13
29 14
29 15
29 16
29 17
29 18
28 12
28 13
28 14
28 15
28 16
28 17
28 18
27 12
27 13
27 14
27 15
27 16
27 17
27 18
26 18
26 17
26 16
26 15
26 14
26 13
26 12
32 19
31 19
30 19
29 19
28 19
27 19
26 19
32 20
31 20
30 20
29 20
28 20
27 20
26 20
32 21
31 21
30 21
29 21
28 21
27 21
26 21
32 22
31 22
30 22
29 22
28 22
27 22
26 22
0
Yes
19 0
20 0
21 0
22 0
22 1
21 1
20 1
19 1
19 2
20 2
21 2
22 2
22 3
21 3
20 3
19 3
0
Yes
21 13
21 14
21 15
21 16
21 17
21 18
22 18
22 17
22 16
22 15
22 14
22 13
23 13
23 14
23 15
23 16
23 17
23 18
24 18
24 17
24 16
24 15
24 14
24 13
25 13
25 14
25 15
25 16
25 17
25 18
20 18
20 17
20 16
20 15
20 14
20 13
19 13
19 14
19 15
19 16
19 17
19 18
18 18
18 17
18 16
18 15
18 14
18 13
17 13
17 14
17 15
17 16
17 17
17 18
17 19
18 19
19 19
20 19
21 19
22 19
23 19
24 19
0
No
0
Yes
12 26
12 27
11 27
11 26
11 25
12 25
12 24
11 24
11 23
12 23
12 22
11 22
11 21
12 21
12 20
11 20
11 19
12 19
10 19
10 20
10 21
10 22
10 23
10 24
10 25
10 26
10 27
9 27
9 26
9 25
9 24
9 23
9 22
9 21
9 20
9 19
8 19
8 20
8 21
8 22
8 23
8 24
8 25
8 26
8 27
7 27
7 26
7 25
7 24
7 23
7 22
7 21
7 20
7 19
6 27
6 26
6 25
6 24
6 23
6 22
6 21
6 20
6 19
13 19
13 20
13 21
13 22
13 23
13 24
13 25
13 26
13 27
14 24
14 23
14 22
14 21
14 20
14 19
15 19
15 20
15 21
15 22
0
No
0
Yes
38 38
38 39
39 39
39 38
40 39
40 38
40 37
39 37
38 37
38 36
39 36
0
No
0
Yes
18 18
18 19
17 19
17 18
17 17
18 17
17 16
18 16
17 15
18 15
19 19
19 18
19 17
19 16
19 15
20 19
20 18
20 17
20 16
20 15
21 19
21 18
21 17
21 16
21 15
22 15
22 16
22 17
22 18
22 19
22 20
22 21
22 22
23 22
23 21
23 20
23 19
23 18
23 17
23 16
23 15
24 15
24 16
24 17
24 18
24 19
24 20
24 21
24 22
24 23
25 23
25 22
25 21
25 20
25 19
25 18
25 17
25 16
25 15
26 23
27 23
28 23
29 23
30 23
31 23
32 23
26 24
27 24
28 24
29 24
30 24
31 24
32 24
27 25
28 25
29 25
30 25
31 25
32 25
27 26
28 26
29 26
30 26
31 26
32 26
30 27
31 27
32 27
31 28
32 28
32 29
32 30
33 30
33 29
33 28
33 27
33 26
33 25
33 24
33 23
34 23
34 24
34 25
34 26
34 27
34 28
34 29
34 30
34 31
35 31
35 30
35 29
35 28
35 27
35 26
35 25
35 24
35 23
36 23
36 24
36 25
36 26
36 27
36 28
36 29
36 30
37 30
37 29
37 28
37 27
37 26
37 25
37 24
37 23
25 14
24 14
23 14
22 14
21 14
20 14
0
No
0
No
1
762
49 6
49 7
49 8
48 8
48 7
48 6
48 5
49 5
49 4
48 4
47 4
47 5
47 6
47 7
47 8
47 9
46 9
46 8
46 7
46 6
46 5
46 4
45 8
45 7
45 6
45 5
45 4
44 7
44 6
44 5
Yes
49 46
49 47
49 48
48 48
48 47
48 46
48 45
49 45
49 44
48 44
48 43
49 43
49 42
48 42
48 41
49 41
49 40
48 40
47 40
47 41
47 42
47 43
47 44
47 45
47 46
47 47
47 48
47 39
46 39
46 40
46 41
46 42
46 43
46 44
46 45
46 46
46 47
46 48
45 39
45 40
45 41
45 42
45 43
45 44
45 45
45 46
45 47
45 48
44 39
44 40
44 41
44 42
44 43
44 44
44 45
44 46
44 47
44 48
43 48
43 47
43 46
43 45
43 44
43 43
43 42
43 41
43 40
43 39
43 38
42 38
42 39
42 40
42 41
42 42
42 43
42 44
42 45
42 46
42 47
42 48
41 38
41 39
41 40
41 41
41 42
41 43
41 44
41 45
41 46
41 47
41 48
40 48
40 47
40 46
40 45
40 44
40 43
40 42
40 41
40 40
39 40
39 41
39 42
39 43
39 44
39 45
39 46
39 47
39 48
38 45
38 44
41 49
42 49
43 49
44 49
45 49
46 49
47 49
48 49
49 49
0
Yes
36 0
36 1
36 2
36 3
36 4
36 5
37 5
37 4
37 3
37 2
37 1
37 0
38 0
38 1
38 2
38 3
38 4
38 5
39 5
39 4
39 3
39 2
39 1
39 0
35 5
35 4
35 3
35 2
35 1
35 0
34 0
34 1
34 2
34 3
34 4
34 5
33 5
33 4
33 3
33 2
33 1
33 0
33 6
34 6
35 6
36 6
37 6
38 6
0
No
0
Yes
0 16
1 16
2 16
3 16
3 17
2 17
1 17
0 17
0 18
1 18
2 18
3 18
3 19
2 19
1 19
0 19
4 19
4 18
4 17
0
No
0
No
0
Yes
19 0
19 1
19 2
19 3
19 4
20 4
20 3
20 2
20 1
20 0
21 0
21 1
21 2
21 3
21 4
22 4
22 3
22 2
22 1
22 0
23 0
23 1
23 2
23 3
23 4
24 4
24 3
24 2
24 1
24 0
25 0
25 1
25 2
25 3
25 4
26 4
26 3
26 2
26 1
26 0
27 0
27 1
27 2
27 3
0
Yes
14 31
14 32
14 33
14 34
13 34
13 33
13 32
13 31
12 31
12 32
12 33
12 34
11 34
11 33
11 32
11 31
0
Yes
47 48
47 49
48 49
48 48
49 48
49 49
49 47
48 47
47 47
47 46
48 46
49 46
49 45
48 45
47 45
47 44
48 44
49 44
49 43
48 43
47 43
46 43
46 44
46 45
46 46
46 47
46 48
46 49
45 49
45 48
45 47
45 46
45 45
45 44
45 43
44 43
44 44
44 45
44 46
44 47
44 48
44 49
43 49
43 48
43 47
43 46
43 45
43 44
43 43
42 43
42 44
42 45
42 46
42 47
42 48
42 49
41 49
41 48
41 47
41 46
41 45
41 44
41 43
40 48
40 47
40 46
40 45
40 44
40 43
39 48
39 47
39 46
39 45
39 44
39 43
39 42
40 42
41 42
42 42
43 42
44 42
45 42
0
Yes
49 8
48 8
48 7
49 7
49 6
48 6
48 5
49 5
49 4
48 4
47 4
47 5
47 6
47 7
0
Yes
38 37
38 38
38 39
39 39
39 38
39 37
40 37
40 38
40 39
41 38
41 39
42 38
42 39
39 40
40 40
41 40
42 40
39 41
40 41
41 41
42 41
0
Yes
0 49
1 49
2 49
3 49
3 48
2 48
1 48
0 48
0 47
1 47
2 47
3 47
0
Yes
15 26
15 27
14 26
14 27
15 28
14 28
13 28
0
Yes
30 27
31 27
31 28
32 28
32 27
32 29
32 30
33 30
33 29
33 28
33 27
34 27
34 28
34 29
34 30
34 31
35 31
35 30
35 29
35 28
35 27
36 30
36 29
36 28
36 27
37 30
37 29
37 28
37 27
38 29
38 28
38 27
39 29
39 28
39 27
40 27
40 28
39 26
38 26
37 26
36 26
35 26
34 26
33 26
32 26
31 26
30 26
29 26
28 26
27 26
27 25
28 25
29 25
30 25
31 25
32 25
33 25
34 25
35 25
36 25
37 25
37 24
36 24
35 24
34 24
33 24
32 24
31 24
30 24
29 24
28 24
27 24
26 24
37 23
36 23
35 23
34 23
33 23
32 23
31 23
30 23
29 23
28 23
27 23
26 23
25 23
0
Yes
2 46
1 46
0 46
0 45
1 45
2 45
2 44
1 44
0 44
0 43
1 43
2 43
2 42
1 42
0 42
0 41
1 41
2 41
2 40
1 40
0 40
0
Yes
49 35
48 35
47 35
47 36
48 36
49 36
0
Yes
35 29
35 30
35 31
34 31
34 30
34 29
33 30
33 29
36 30
36 29
36 28
35 28
34 28
33 28
33 27
34 27
35 27
36 27
36 26
35 26
34 26
33 26
33 25
34 25
35 25
36 25
36 24
35 24
34 24
33 24
33 23
34 23
35 23
36 23
37 23
37 24
37 25
37 26
37 27
37 28
37 29
37 30
32 30
32 29
32 28
32 27
32 26
32 25
32 24
0
Yes
27 26
28 26
29 26
27 25
28 25
29 25
30 25
30 26
30 27
31 27
31 26
31 25
31 24
30 24
29 24
28 24
27 24
26 24
26 23
27 23
28 23
29 23
30 23
31 23
32 23
32 22
31 22
30 22
29 22
28 22
27 22
26 22
32 21
31 21
30 21
29 21
28 21
27 21
26 21
25 23
25 22
25 21
24 23
24 22
24 21
32 20
31 20
30 20
29 20
28 20
27 20
26 20
25 20
24 20
32 19
31 19
30 19
29 19
28 19
27 19
26 19
25 19
24 19
0
Yes
43 2
43 3
44 3
44 2
45 2
45 1
44 1
43 1
45 0
44 0
43 0
42 0
42 1
42 2
42 3
42 4
43 4
44 4
45 4
45 5
44 5
43 5
42 5
42 6
43 6
44 6
45 6
44 7
45 7
43 7
42 7
45 8
43 8
42 8
41 8
41 7
41 6
41 5
41 4
41 3
41 2
41 1
41 0
40 0
40 1
40 2
40 3
40 4
40 5
40 6
40 7
40 8
39 8
39 7
39 6
39 5
39 4
39 3
39 2
39 1
39 0
46 4
46 5
46 6
46 7
46 8
38 0
38 1
38 2
38 3
38 4
38 5
38 6
38 7
38 8
37 8
37 7
37 6
37 5
37 4
37 3
37 2
37 1
37 0
36 0
36 1
36 2
36 3
36 4
36 5
36 6
36 7
0
Yes
34 5
35 5
35 6
34 6
35 7
34 7
35 4
34 4
35 3
34 3
35 2
34 2
35 1
34 1
35 0
34 0
33 0
33 1
33 2
33 3
33 4
33 5
33 6
33 7
33 8
34 8
35 8
35 9
34 9
33 9
32 9
32 8
32 7
32 6
32 5
32 4
32 3
32 2
32 1
32 0
31 0
31 1
31 2
31 3
31 4
31 5
31 6
31 7
31 8
31 9
30 9
30 8
30 7
30 6
30 5
30 4
30 3
30 2
30 1
30 0
29 0
29 1
29 2
29 3
29 4
29 5
29 6
29 7
29 8
29 9
28 3
28 2
28 1
28 0
28 4
28 5
28 6
28 7
28 8
28 9
27 4
27 5
27 6
27 7
27 8
27 9
26 5
26 6
26 7
26 8
26 9
25 5
25 6
25 7
25 8
25 9
24 5
24 6
24 7
24 8
24 9
24 10
25 10
26 10
27 10
28 10
29 10
30 10
31 10
32 10
33 10
34 10
35 10
35 11
34 11
33 11
32 11
31 11
30 11
29 11
28 11
27 11
26 11
25 11
24 11
0
Yes
31 12
32 12
30 12
29 12
28 12
27 12
26 12
25 12
24 12
24 13
25 13
26 13
27 13
28 13
29 13
30 13
31 13
32 13
32 14
31 14
30 14
29 14
28 14
27 14
26 14
25 14
24 14
24 15
25 15
26 15
27 15
28 15
29 15
30 15
31 15
32 15
32 16
31 16
30 16
29 16
28 16
27 16
26 16
25 16
24 16
24 17
25 17
26 17
27 17
28 17
29 17
30 17
31 17
32 17
32 18
31 18
30 18
29 18
28 18
27 18
26 18
25 18
24 18
23 18
23 17
23 16
23 15
23 14
23 13
0
Yes
19 9
18 9
19 8
19 7
19 6
19 5
20 5
20 6
20 7
20 8
20 9
21 5
21 6
21 7
21 8
21 9
22 5
22 6
22 7
22 8
22 9
23 5
23 6
23 7
23 8
23 9
23 10
22 10
21 10
20 10
19 10
18 10
17 10
17 11
18 11
19 11
20 11
21 11
22 11
23 11
23 12
22 12
21 12
20 12
19 12
18 12
17 12
17 13
18 13
19 13
20 13
21 13
22 13
22 14
21 14
20 14
19 14
18 14
17 14
17 15
18 15
19 15
20 15
21 15
22 15
22 16
21 16
20 16
19 16
18 16
17 16
17 17
18 17
19 17
20 17
21 17
22 17
22 18
21 18
20 18
19 18
18 18
17 18
17 19
18 19
19 19
20 19
21 19
22 19
23 19
0
No
0
Yes
42 0
42 1
42 2
42 3
42 4
42 5
42 6
42 7
43 7
43 6
43 5
43 4
43 3
43 2
43 1
43 0
44 3
44 4
44 5
44 6
44 7
44 2
44 1
44 0
45 2
45 1
45 0
45 4
45 5
45 6
45 7
46 4
46 5
46 6
46 7
47 4
47 5
47 6
47 7
48 4
48 5
48 6
48 7
49 4
49 5
49 6
49 7
41 7
41 6
41 5
41 4
41 3
41 2
41 1
41 0
40 0
40 1
40 2
40 3
40 4
40 5
40 6
40 7
39 7
39 6
39 5
39 4
39 3
39 2
39 1
39 0
38 0
38 1
38 2
38 3
38 4
38 5
38 6
38 7
37 7
37 6
37 5
37 4
37 3
37 2
37 1
37 0
45 8
46 8
47 8
48 8
49 8
47 9
46 9
36 0
36 1
36 2
36 3
36 4
36 5
36 6
0
No
0
No
0
Yes
8 40
8 41
8 42
7 42
7 41
7 40
6 40
6 41
6 42
5 40
5 41
5 42
4 40
4 41
4 42
3 40
3 41
0
Yes
32 24
32 25
32 26
32 27
32 28
32 29
33 29
33 28
33 27
33 26
33 25
33 24
33 23
34 23
34 24
34 25
34 26
34 27
34 28
34 29
35 23
35 24
35 25
35 26
35 27
35 28
35 29
36 23
36 24
36 25
36 26
36 27
36 28
36 29
37 23
37 24
37 25
37 26
37 27
37 28
37 29
38 26
38 27
38 28
38 29
39 26
39 27
39 28
39 29
32 30
33 30
34 30
35 30
36 30
37 30
38 30
39 30
35 31
34 31
37 31
38 31
39 31
37 32
38 32
39 32
0
No
0
No
0
No
0
No
0
Yes
48 4
48 5
48 6
48 7
48 8
49 8
49 7
49 6
49 5
49 4
49 3
48 3
48 2
49 2
49 1
48 1
48 0
49 0
47 0
47 1
47 2
47 3
47 4
47 5
47 6
47 7
47 8
47 9
46 9
46 8
46 7
46 6
46 5
46 4
46 3
46 2
46 1
46 0
45 8
45 7
45 6
45 5
45 4
45 3
45 2
45 1
45 0
44 7
44 6
44 5
44 4
44 3
44 2
44 1
0
No
0
Yes
39 0
39 1
39 2
39 3
39 4
39 5
39 6
40 6
40 5
40 4
40 3
40 2
40 1
40 0
41 0
41 1
41 2
41 3
41 4
41 5
41 6
42 6
42 5
42 4
42 3
42 2
42 1
42 0
43 0
43 1
43 2
43 3
43 4
43 5
43 6
38 6
38 5
38 4
38 3
38 2
38 1
38 0
37 0
37 1
37 2
37 3
37 4
37 5
37 6
36 6
36 5
36 4
36 3
36 2
36 1
36 0
36 7
37 7
38 7
39 7
40 7
41 7
0
Yes
48 39
48 40
49 40
49 39
49 38
48 38
48 37
49 37
49 36
48 36
47 36
47 37
47 38
47 39
47 40
46 36
46 37
46 38
46 39
46 40
45 36
45 37
45 38
45 39
45 40
0
No
0
Yes
12 32
12 33
12 34
13 34
13 33
13 32
14 34
14 33
14 32
14 31
13 31
12 31
0
No
0
No
0
Yes
5 49
5 48
5 47
5 46
4 47
4 48
4 49
0
Yes
40 14
40 15
41 14
41 13
40 13
40 12
41 12
42 12
42 11
41 11
40 11
39 11
39 12
39 13
39 14
39 15
39 16
39 17
38 17
38 16
38 15
38 14
38 13
38 12
38 11
37 17
37 16
37 15
37 14
37 13
37 12
37 11
36 11
36 12
36 13
36 14
36 15
36 16
36 17
35 17
35 16
35 15
35 14
35 13
35 12
34 12
34 13
34 14
34 15
34 16
34 17
33 17
33 16
33 15
33 14
33 13
33 12
36 10
37 10
38 10
39 10
40 10
41 10
42 10
36 9
37 9
38 9
39 9
40 9
41 9
42 9
42 14
36 8
37 8
38 8
39 8
40 8
41 8
42 8
0
No
0
Yes
9 19
10 19
11 19
12 19
13 19
14 19
8 19
8 20
9 20
10 20
11 20
12 20
13 20
14 20
14 21
13 21
12 21
11 21
10 21
9 21
8 21
8 22
9 22
10 22
11 22
12 22
13 22
14 22
14 23
13 23
12 23
11 23
10 23
9 23
8 23
14 24
13 24
12 24
11 24
10 24
9 24
8 24
13 25
12 25
11 25
10 25
9 25
8 25
13 26
12 26
11 26
10 26
9 26
8 26
7 26
7 25
7 24
7 23
7 22
7 21
7 20
7 19
6 20
6 21
6 22
6 23
6 24
6 25
6 26
6 19
6 27
7 27
8 27
9 27
10 27
11 27
12 27
13 27
0
No
0
Yes
47 7
47 8
48 8
48 7
49 8
49 7
46 8
46 7
45 8
45 7
46 9
47 9
45 6
46 6
47 6
48 6
49 6
49 5
48 5
47 5
46 5
0
Yes
33 1
33 2
33 3
33 4
33 5
33 6
33 7
34 7
34 6
34 5
34 4
34 3
34 2
34 1
35 1
35 2
35 3
35 4
35 5
35 6
35 7
35 0
34 0
33 0
32 0
32 1
32 2
32 3
32 4
32 5
32 6
32 7
31 7
31 6
31 5
31 4
31 3
31 2
31 1
31 0
30 0
30 1
30 2
30 3
30 4
30 5
30 6
30 7
29 7
29 6
29 5
29 4
29 3
29 2
29 1
29 0
28 0
28 1
28 2
28 3
28 4
28 5
28 6
28 7
27 4
27 5
27 6
27 7
26 5
26 6
26 7
25 5
25 6
25 7
24 5
24 6
24 7
24 8
25 8
26 8
27 8
28 8
29 8
30 8
31 8
32 8
33 8
34 8
35 8
35 9
34 9
33 9
32 9
31 9
30 9
29 9
28 9
27 9
26 9
25 9
24 9
24 10
25 10
26 10
27 10
28 10
29 10
30 10
31 10
32 10
33 10
34 10
35 10
35 11
34 11
33 11
32 11
31 11
30 11
29 11
28 11
27 11
0
Yes
16 10
16 11
16 12
16 13
16 14
16 15
16 16
16 17
16 18
15 10
15 11
15 12
15 13
15 14
15 15
15 16
15 17
15 18
14 18
14 17
14 16
14 15
14 14
14 13
14 12
14 11
14 10
13 10
13 11
13 12
13 13
13 14
13 15
13 16
13 17
13 18
12 18
12 17
12 16
12 15
12 14
12 13
12 12
12 11
12 10
11 10
11 11
11 12
11 13
11 14
11 15
11 16
11 17
0
No
0
No
0
Yes
36 13
37 13
38 13
39 13
40 13
41 13
41 12
40 12
39 12
38 12
37 12
36 12
36 11
37 11
38 11
39 11
40 11
41 11
36 10
37 10
38 10
39 10
40 10
41 10
36 9
37 9
38 9
39 9
40 9
41 9
36 8
37 8
38 8
39 8
40 8
41 8
42 12
42 11
42 10
42 9
42 8
0
No
0
No
0
No
0
Yes
40 31
41 31
41 32
40 32
0
No
0
No
0
Yes
30 15
30 16
30 17
30 18
31 18
31 17
31 16
31 15
32 18
32 17
32 16
32 15
33 17
33 16
33 15
34 17
34 16
34 15
29 18
29 17
29 16
29 15
29 14
30 14
31 14
32 14
33 14
34 14
34 13
33 13
32 13
31 13
30 13
29 13
29 12
30 12
31 12
32 12
33 12
34 12
35 12
35 13
35 14
35 15
35 16
35 17
28 12
28 13
28 14
28 15
28 16
28 17
28 18
1
771
23 18
24 18
25 18
26 18
27 18
27 17
26 17
25 17
24 17
23 17
23 16
24 16
25 16
26 16
27 16
27 15
26 15
25 15
24 15
23 15
23 14
24 14
25 14
26 14
27 14
23 13
24 13
25 13
26 13
27 13
27 12
26 12
25 12
24 12
Yes
13 42
14 42
15 42
15 43
14 43
13 43
15 44
14 44
13 44
15 45
14 45
13 45
15 46
14 46
13 46
13 41
13 40
12 40
12 41
12 42
12 43
12 44
12 45
12 46
12 47
13 47
14 47
15 47
16 47
16 48
15 48
14 48
13 48
12 48
16 49
15 49
14 49
13 49
12 49
11 49
11 48
11 47
11 46
11 45
11 44
11 43
11 42
11 41
11 40
10 40
10 41
10 42
10 43
10 44
10 45
10 46
10 47
10 48
10 49
9 40
9 41
9 42
9 43
9 44
9 45
9 46
9 47
9 48
9 49
8 43
8 44
8 45
8 46
8 47
8 48
8 49
7 43
7 44
7 45
7 46
7 47
7 48
7 49
6 49
6 48
6 47
0
No
0
No
0
Yes
8 10
8 11
8 12
8 13
8 14
8 15
9 10
9 11
9 12
9 13
9 14
9 15
10 10
10 11
10 12
10 13
10 14
10 15
11 10
11 11
11 12
11 13
11 14
11 15
12 10
12 11
12 12
12 13
12 14
12 15
13 10
13 11
13 12
13 13
13 14
13 15
14 10
14 11
14 12
14 13
14 14
14 15
15 10
15 11
15 12
15 13
15 14
15 15
16 10
16 11
16 12
16 13
16 14
16 15
17 10
17 11
17 12
17 13
17 14
17 15
17 16
16 16
15 16
14 16
13 16
12 16
11 16
10 16
9 16
8 16
8 17
9 17
10 17
11 17
12 17
13 17
14 17
15 17
16 17
17 17
14 18
13 18
12 18
11 18
10 18
9 18
8 18
15 18
16 18
17 18
15 19
16 19
17 19
18 19
18 18
18 17
18 16
18 15
18 14
18 13
18 12
18 11
18 10
18 9
19 19
19 18
19 17
19 16
19 15
19 14
19 13
19 12
19 11
19 10
19 9
20 19
20 18
20 17
20 16
20 15
20 14
20 13
20 12
20 11
20 10
20 9
21 19
21 18
21 17
21 16
21 15
21 14
21 13
21 12
21 11
21 10
21 9
22 13
22 14
22 15
22 16
22 17
22 18
22 19
22 12
22 11
22 10
22 9
0
Yes
9 0
9 1
9 2
9 3
9 4
10 4
10 3
10 2
10 1
10 0
11 0
11 1
11 2
11 3
11 4
12 4
12 3
12 2
12 1
12 0
13 0
13 1
13 2
13 3
13 4
14 4
14 3
14 2
14 1
14 0
15 0
15 1
15 2
15 3
0
Yes
1 1
2 1
0 1
2 0
1 0
0 0
0
Yes
41 2
41 3
41 4
41 5
42 5
42 4
42 3
42 2
43 2
43 3
43 4
43 5
44 5
44 4
44 3
44 2
45 5
45 4
45 3
45 2
46 4
46 3
46 2
47 4
47 3
47 2
47 1
46 1
45 1
44 1
43 1
42 1
41 1
41 0
42 0
43 0
44 0
45 0
46 0
47 0
48 4
48 3
48 2
48 1
48 0
49 4
49 3
49 2
49 1
49 0
40 0
40 1
40 2
40 3
40 4
40 5
39 5
39 4
39 3
39 2
39 1
39 0
38 0
38 1
38 2
38 3
38 4
38 5
37 5
37 4
37 3
37 2
37 1
37 0
36 0
36 1
36 2
36 3
36 4
36 5
1
848
12 28
12 29
12 30
12 31
13 31
14 31
14 32
13 32
12 32
14 33
13 33
12 33
14 34
13 34
12 34
12 35
12 36
11 28
11 29
11 30
11 31
11 32
11 33
11 34
11 35
11 36
10 28
10 29
10 30
10 31
10 32
10 33
10 34
10 35
Yes
10 9
9 9
9 8
10 8
9 7
10 7
9 6
10 6
9 5
10 5
9 4
10 4
9 3
10 3
9 2
10 2
9 1
10 1
9 0
10 0
11 9
11 8
11 7
11 6
11 5
11 4
11 3
11 2
11 1
11 0
12 9
12 8
12 7
12 6
12 5
12 4
12 3
12 2
12 1
12 0
13 9
13 8
13 7
13 6
13 5
13 4
13 3
13 2
13 1
13 0
14 9
14 8
14 7
14 6
14 5
14 4
14 3
14 2
14 1
14 0
15 9
15 8
15 7
15 6
15 5
15 4
15 3
15 2
15 1
15 0
16 9
16 8
16 7
16 6
16 5
16 4
16 3
16 2
16 1
16 0
17 9
17 8
17 7
17 6
17 5
17 4
17 3
17 2
17 1
17 0
18 8
18 7
18 6
18 5
18 4
18 3
18 2
18 1
18 0
19 8
19 7
19 6
19 5
19 4
19 3
19 2
19 1
19 0
20 8
20 7
20 6
20 5
20 4
20 3
20 2
20 1
20 0
21 8
21 7
21 6
21 5
21 4
21 3
21 2
21 1
21 0
22 8
22 7
22 6
22 5
22 4
22 3
22 2
22 1
22 0
23 8
23 7
23 6
0
Yes
49 38
49 39
49 40
49 41
49 42
48 42
48 41
48 40
48 39
48 38
47 42
47 41
47 40
47 39
47 38
46 42
46 41
46 40
46 39
46 38
45 41
45 40
45 39
45 38
45 37
46 37
47 37
48 37
49 37
0
No
0
Yes
45 34
45 33
44 33
44 34
44 35
1
832
16 49
16 48
16 47
17 47
18 47
17 46
15 47
15 48
15 49
15 46
15 45
15 44
16 44
17 44
15 43
15 42
16 42
14 42
14 43
14 44
14 45
14 46
14 47
14 48
14 49
13 49
13 48
13 47
13 46
13 45
13 44
13 43
13 42
12 42
12 43
12 44
12 45
12 46
12 47
12 48
12 49
11 49
11 48
11 47
11 46
11 45
11 44
11 43
11 42
10 42
10 43
10 44
10 45
10 46
10 47
10 48
10 49
15 41
15 40
16 40
9 42
9 43
9 44
9 45
9 46
9 47
9 48
9 49
8 43
8 44
8 45
8 46
8 47
8 48
8 49
7 43
7 44
7 45
7 46
7 47
7 48
7 49
6 49
6 48
6 47
6 46
6 45
6 44
6 43
5 43
5 44
5 45
4 43
4 44
4 45
4 46
3 46
3 45
3 44
3 43
3 42
3 47
3 48
3 49
2 47
2 48
2 49
1 47
1 48
1 49
0 47
0 48
0 49
9 41
10 41
11 41
12 41
13 41
13 40
12 40
11 40
10 40
Yes
23 0
23 1
23 2
23 3
23 4
23 5
24 5
24 4
24 3
24 2
24 1
24 0
24 6
24 7
24 8
24 9
23 9
23 10
24 10
25 10
25 9
25 8
25 7
25 6
25 5
25 4
25 3
25 2
25 1
25 0
26 0
26 1
26 2
26 3
26 4
26 5
26 6
26 7
26 8
26 9
26 10
27 10
27 9
27 8
27 7
27 6
27 5
27 4
27 3
27 2
27 1
27 0
28 0
28 1
28 2
28 3
28 4
28 5
28 6
28 7
28 8
28 9
28 10
29 10
29 9
29 8
29 7
29 6
29 5
29 4
29 3
29 2
29 1
29 0
30 0
30 1
30 2
30 3
30 4
30 5
30 6
30 7
30 8
30 9
30 10
31 10
31 9
31 8
31 7
31 6
31 5
31 4
31 3
31 2
31 1
31 0
32 0
32 1
32 2
32 3
32 4
32 5
32 6
32 7
32 8
32 9
32 10
33 10
33 9
33 8
33 7
33 6
33 5
33 4
33 3
33 2
33 1
33 0
34 0
34 1
34 2
34 3
34 4
34 5
34 6
34 7
34 8
34 9
34 10
35 5
35 4
35 3
35 2
35 1
35 0
35 6
35 7
35 8
35 9
35 10
36 6
36 7
36 8
36 9
36 10
0
Yes
28 18
29 18
30 18
31 18
32 18
28 17
29 17
30 17
31 17
32 17
33 17
34 17
35 17
36 17
37 17
38 17
39 17
39 16
38 16
37 16
36 16
35 16
34 16
33 16
32 16
31 16
30 16
29 16
28 16
28 15
29 15
30 15
31 15
32 15
33 15
34 15
35 15
36 15
37 15
38 15
39 15
40 15
28 14
29 14
30 14
31 14
32 14
33 14
34 14
35 14
36 14
37 14
38 14
39 14
40 14
41 14
41 13
40 13
39 13
38 13
37 13
36 13
35 13
34 13
33 13
32 13
31 13
30 13
29 13
28 13
28 12
29 12
30 12
31 12
32 12
33 12
34 12
35 12
36 12
37 12
38 12
39 12
40 12
41 12
42 12
28 11
29 11
30 11
31 11
32 11
33 11
34 11
35 11
36 11
37 11
38 11
39 11
40 11
41 11
42 11
42 10
41 10
40 10
39 10
38 10
37 10
37 9
38 9
39 9
40 9
41 9
42 9
43 9
43 8
42 8
41 8
40 8
39 8
38 8
37 8
37 7
38 7
0
No
0
Yes
36 23
35 23
34 23
33 23
33 24
34 24
35 24
36 24
36 25
35 25
34 25
33 25
33 26
34 26
35 26
36 26
32 26
32 25
32 24
32 23
32 22
32 21
32 20
32 19
31 19
31 20
31 21
31 22
31 23
31 24
31 25
31 26
30 19
30 20
30 21
30 22
30 23
30 24
30 25
30 26
29 26
29 25
29 24
29 23
29 22
29 21
29 20
29 19
30 27
31 27
32 27
33 27
34 27
35 27
36 27
31 28
32 28
33 28
34 28
35 28
36 28
37 23
37 24
37 25
37 26
37 27
37 28
38 26
38 27
38 28
39 26
39 27
39 28
40 28
40 27
39 29
38 29
37 29
36 29
35 29
34 29
33 29
32 29
32 30
33 30
34 30
35 30
36 30
37 30
38 30
39 30
35 31
34 31
37 31
38 31
39 31
37 32
38 32
39 32
40 32
40 31
41 31
41 32
28 19
28 20
28 21
28 22
28 23
28 24
28 25
28 26
27 26
27 25
27 24
0
No
0
Yes
49 37
48 35
49 35
49 36
48 36
0
Yes
27 23
27 22
27 21
27 20
27 19
26 19
26 20
26 21
26 22
26 23
25 23
25 22
25 21
25 20
25 19
24 23
24 22
24 21
24 20
0
Yes
15 49
15 48
15 47
15 46
15 45
15 44
15 43
15 42
14 42
14 43
14 44
14 45
14 46
14 47
14 48
14 49
13 49
13 48
13 47
13 46
13 45
13 44
13 43
13 42
13 41
12 41
12 42
12 43
12 44
12 45
12 46
12 47
12 48
12 49
11 49
11 48
11 47
11 46
11 45
11 44
11 43
11 42
11 41
10 41
10 42
10 43
10 44
10 45
10 46
10 47
10 48
10 49
9 42
9 41
9 43
9 44
9 45
9 46
9 47
9 48
9 49
9 40
10 40
11 40
12 40
13 40
0
No
0
Yes
49 40
49 41
49 42
48 42
48 41
48 40
47 42
47 41
47 40
46 42
46 41
46 40
45 41
45 40
44 41
44 40
43 41
43 40
42 41
42 40
41 41
41 40
41 39
42 39
43 39
44 39
45 39
46 39
47 39
48 39
49 39
49 38
48 38
47 38
46 38
45 38
44 38
43 38
42 38
41 38
41 37
42 37
43 37
44 37
45 37
46 37
47 37
48 37
49 37
46 36
45 36
44 36
43 36
42 36
41 36
47 36
48 36
49 36
47 35
48 35
49 35
43 35
42 35
0
No
0
Yes
23 0
23 1
23 2
23 3
23 4
23 5
24 5
24 4
24 3
24 2
24 1
24 0
24 6
24 7
24 8
24 9
23 9
25 9
25 8
25 7
25 6
25 5
25 4
25 3
25 2
25 1
25 0
26 0
26 1
26 2
26 3
26 4
26 5
26 6
26 7
26 8
26 9
27 9
27 8
27 7
27 6
27 5
27 4
27 3
27 2
27 1
27 0
28 0
28 1
28 2
28 3
28 4
28 5
28 6
28 7
28 8
28 9
29 9
29 8
29 7
29 6
29 5
29 4
29 3
29 2
29 1
29 0
30 0
30 1
30 2
30 3
30 4
30 5
30 6
30 7
30 8
30 9
31 9
31 8
31 7
31 6
31 5
31 4
31 3
31 2
31 1
31 0
32 0
32 1
32 2
32 3
32 4
32 5
32 6
32 7
32 8
32 9
33 9
33 8
33 7
33 6
33 5
33 4
33 3
33 2
33 1
33 0
33 10
32 10
31 10
30 10
29 10
28 10
27 10
26 10
25 10
24 10
23 10
23 11
24 11
25 11
26 11
27 11
0
No
0
No
0
Yes
34 31
35 31
35 30
34 30
33 30
32 30
32 29
33 29
34 29
35 29
36 30
36 29
37 29
37 30
37 31
37 32
38 32
38 31
38 30
38 29
39 29
39 30
39 31
39 32
40 32
40 31
41 31
41 32
39 28
38 28
37 28
36 28
35 28
34 28
33 28
32 28
31 28
40 28
40 27
39 27
38 27
37 27
36 27
35 27
34 27
33 27
32 27
31 27
30 27
39 26
38 26
37 26
36 26
35 26
34 26
33 26
32 26
31 26
30 26
29 26
28 26
27 26
27 25
28 25
29 25
30 25
31 25
32 25
33 25
34 25
35 25
36 25
37 25
27 24
28 24
29 24
30 24
31 24
32 24
33 24
34 24
35 24
36 24
37 24
37 23
36 23
35 23
34 23
33 23
32 23
0
Yes
0 40
1 40
2 40
2 41
1 41
0 41
0 42
1 42
2 42
3 42
3 43
2 43
1 43
0 43
4 43
5 43
6 43
7 43
8 43
8 44
7 44
6 44
5 44
4 44
3 44
2 44
1 44
0 44
5 45
6 45
7 45
8 45
4 45
3 45
2 45
1 45
0 45
4 46
3 46
2 46
1 46
0 46
3 47
2 47
1 47
0 47
3 48
2 48
1 48
0 48
3 49
2 49
1 49
0 49
8 46
7 46
6 46
1
861
20 22
20 23
21 23
21 22
21 21
20 21
19 21
19 22
19 23
18 23
18 22
18 21
17 23
17 22
17 21
17 24
18 24
19 24
20 24
Yes
31 19
32 19
30 19
29 19
28 19
28 20
29 20
30 20
31 20
32 20
32 21
31 21
30 21
29 21
28 21
32 22
31 22
30 22
29 22
28 22
31 23
30 23
29 23
28 23
33 22
33 21
33 20
33 19
33 18
34 18
34 19
34 20
34 21
34 22
35 22
35 21
35 20
35 19
35 18
36 18
36 19
36 20
36 21
36 22
37 22
37 21
37 20
37 19
37 18
38 22
38 21
38 20
38 19
38 18
39 18
39 19
39 20
27 23
27 22
27 21
27 20
27 19
26 19
26 20
26 21
26 22
26 23
25 23
25 22
0
No
0
No
0
No
0
Yes
13 0
13 1
13 2
13 3
12 3
12 2
12 1
12 0
11 0
11 1
11 2
11 3
10 3
10 2
10 1
10 0
9 0
9 1
9 2
9 3
9 4
10 4
11 4
12 4
13 4
0
Yes
5 18
6 18
5 17
6 17
5 16
6 16
7 16
7 17
7 18
0
No
0
Yes
15 26
14 26
14 27
15 27
15 28
0
Yes
0 49
1 49
2 49
3 49
3 48
2 48
1 48
0 48
3 47
2 47
1 47
0 47
0 46
1 46
2 46
3 46
4 46
4 45
3 45
2 45
1 45
0 45
0
Yes
2 29
2 28
3 28
3 29
4 28
4 29
5 28
5 29
1 28
1 29
0 28
0 29
0 30
1 30
2 30
3 30
4 30
5 30
5 31
4 31
3 31
2 31
1 31
0 31
0 32
1 32
2 32
3 32
4 32
5 32
5 33
4 33
3 33
2 33
1 33
0 33
0 34
1 34
2 34
3 34
4 34
5 34
5 35
4 35
3 35
2 35
1 35
0 35
0 36
1 36
2 36
3 36
4 36
5 36
6 36
6 35
6 34
6 33
6 32
6 31
6 30
0
Yes
48 46
49 46
49 45
48 45
48 44
49 44
47 44
47 45
47 46
46 46
46 45
46 44
46 47
47 47
48 47
49 47
49 48
48 48
47 48
46 48
46 49
47 49
48 49
49 49
0
Yes
2 46
2 47
3 47
3 46
4 46
3 48
2 48
3 49
2 49
1 49
1 48
1 47
1 46
1 45
2 45
3 45
4 45
4 44
3 44
2 44
1 44
1 43
2 43
3 43
4 43
4 42
3 42
2 42
1 42
1 41
2 41
3 41
4 41
4 40
3 40
2 40
1 40
0 40
0 41
0 42
0 43
0 44
0 45
0 46
0 47
0 48
0 49
0
Yes
0 19
1 19
2 19
3 19
4 19
4 18
3 18
2 18
1 18
0 18
4 17
3 17
2 17
1 17
0 17
4 16
3 16
2 16
1 16
0 16
0
Yes
32 1
32 2
32 3
32 4
33 4
33 3
33 2
33 1
34 1
34 2
34 3
34 4
35 4
35 3
35 2
35 1
35 0
34 0
33 0
32 0
31 0
31 1
31 2
31 3
31 4
30 4
30 3
30 2
30 1
30 0
29 0
29 1
29 2
29 3
29 4
35 5
34 5
33 5
32 5
31 5
30 5
0
Yes
10 2
9 2
9 3
10 3
9 4
10 4
9 5
10 5
9 6
10 6
9 7
10 7
9 8
10 8
9 9
10 9
11 9
11 8
11 7
11 6
11 5
11 4
11 3
11 2
12 9
12 8
12 7
12 6
12 5
12 4
12 3
12 2
13 9
13 8
13 7
13 6
13 5
13 4
13 3
13 2
14 9
14 8
14 7
14 6
14 5
14 4
14 3
14 2
15 9
15 8
15 7
15 6
15 5
15 4
15 3
15 2
9 1
10 1
11 1
12 1
13 1
14 1
15 1
9 0
10 0
11 0
12 0
13 0
14 0
15 0
16 9
0
Yes
8 47
8 48
8 49
9 49
9 48
9 47
10 47
10 48
10 49
11 49
11 48
11 47
12 47
12 48
12 49
13 49
13 48
13 47
14 47
14 48
14 49
14 46
13 46
12 46
11 46
10 46
9 46
8 46
8 45
9 45
10 45
11 45
12 45
13 45
14 45
14 44
13 44
12 44
11 44
10 44
9 44
8 44
8 43
9 43
10 43
11 43
12 43
13 43
14 43
14 42
13 42
12 42
11 42
10 42
9 42
8 42
7 42
7 43
7 44
7 45
7 46
7 47
7 48
7 49
6 49
6 48
6 47
6 46
6 45
6 44
6 43
6 42
5 45
5 44
5 43
5 42
15 42
15 43
15 44
15 45
15 46
15 47
15 48
15 49
16 47
16 48
16 49
5 41
6 41
0
Yes
19 2
19 3
19 4
19 5
19 6
19 7
20 7
20 6
20 5
20 4
20 3
20 2
21 2
21 3
21 4
21 5
21 6
21 7
22 7
22 6
22 5
22 4
22 3
22 2
23 2
23 3
23 4
23 5
23 6
23 7
24 7
24 6
24 5
24 4
24 3
24 2
25 2
25 3
25 4
25 5
25 6
25 7
26 7
26 6
26 5
26 4
26 3
26 2
26 1
25 1
24 1
23 1
22 1
21 1
20 1
19 1
19 0
20 0
21 0
22 0
23 0
24 0
25 0
26 0
18 0
18 1
18 2
18 3
18 4
18 5
18 6
18 7
17 7
17 6
17 5
17 4
17 3
17 2
17 1
17 0
16 0
16 1
16 2
16 3
16 4
16 5
16 6
16 7
16 8
17 8
18 8
19 8
20 8
21 8
22 8
23 8
24 8
0
Yes
14 31
14 32
13 31
13 32
12 32
12 31
11 31
11 32
10 32
10 31
12 30
11 30
10 30
14 33
13 33
12 33
11 33
10 33
14 34
13 34
12 34
11 34
10 34
0
Yes
11 24
11 25
11 26
11 27
11 28
11 29
12 29
12 28
12 27
12 26
12 25
12 24
13 29
13 28
13 27
13 26
13 25
13 24
14 24
14 23
13 23
12 23
11 23
10 29
10 28
10 27
10 26
10 25
10 24
10 23
10 22
11 22
12 22
13 22
14 22
14 21
13 21
12 21
11 21
10 21
9 21
9 22
9 23
9 24
9 25
9 26
9 27
9 28
9 29
9 30
8 30
8 29
8 28
8 27
8 26
8 25
8 24
8 23
8 22
8 21
7 30
7 29
7 28
7 27
7 26
7 25
7 24
7 23
7 22
7 21
6 29
6 28
6 27
6 26
6 25
6 24
6 23
6 22
6 21
6 20
7 20
8 20
9 20
10 20
11 20
12 20
13 20
14 20
14 19
13 19
12 19
11 19
10 19
9 19
8 19
7 19
6 19
0
Yes
36 19
36 20
36 21
36 22
37 22
37 21
37 20
37 19
38 22
38 21
38 20
38 19
39 20
39 19
39 18
38 18
37 18
36 18
39 17
38 17
37 17
36 17
39 16
38 16
37 16
36 16
35 22
35 21
35 20
35 19
35 18
35 17
35 16
34 22
34 21
34 20
34 19
34 18
34 17
34 16
33 22
33 21
33 20
33 19
33 18
33 17
33 16
32 22
32 21
32 20
32 19
32 18
32 17
32 16
31 16
31 17
31 18
31 19
31 20
31 21
31 22
30 22
30 21
30 20
30 19
30 18
30 17
30 16
30 15
31 15
32 15
33 15
34 15
35 15
36 15
37 15
0
Yes
2 25
2 26
2 27
3 27
3 26
3 25
4 27
4 26
4 25
5 27
5 26
5 25
5 24
4 24
3 24
2 24
5 23
4 23
3 23
2 23
5 22
4 22
3 22
2 22
5 21
4 21
3 21
2 21
5 20
4 20
3 20
2 20
1 20
1 21
1 22
1 23
1 24
1 25
1 26
1 27
0 27
0 26
0 25
0 24
0 23
0 22
0 21
0 20
0
No
0
Yes
41 8
41 9
41 10
42 10
42 9
42 8
42 11
41 11
42 12
41 12
41 13
41 14
40 14
40 13
40 12
40 11
40 10
40 9
40 8
40 7
41 7
42 7
42 6
41 6
40 6
39 6
39 7
39 8
39 9
39 10
39 11
39 12
39 13
39 14
38 6
38 7
38 8
38 9
38 10
38 11
38 12
38 13
38 14
37 14
37 13
37 12
37 11
37 10
37 9
37 8
37 7
37 6
36 6
36 7
36 8
36 9
36 10
36 11
36 12
36 13
36 14
35 14
35 13
35 12
35 11
35 10
35 9
35 8
35 7
35 6
34 6
34 7
34 8
34 9
34 10
34 11
34 12
34 13
34 14
33 14
33 13
33 12
33 11
33 10
33 9
33 8
33 7
33 6
38 15
39 15
40 15
0
Yes
0 48
1 48
2 48
3 48
4 48
5 48
5 49
4 49
3 49
2 49
1 49
0 49
5 47
4 47
3 47
2 47
1 47
0 47
0
Yes
0 33
0 34
0 35
0 36
0 37
0 38
0 39
0 40
0 41
1 41
1 40
1 39
1 38
1 37
1 36
1 35
1 34
1 33
2 33
2 34
2 35
2 36
2 37
2 38
2 39
2 40
2 41
3 41
3 40
3 39
3 38
3 37
3 36
3 35
3 34
3 33
4 41
4 40
4 39
4 38
4 37
4 36
4 35
4 34
4 33
5 40
5 39
5 38
5 37
5 36
5 35
5 34
5 33
6 40
6 39
6 38
6 37
6 36
6 35
6 34
6 33
7 33
7 34
7 35
7 36
7 37
7 38
7 39
7 40
7 41
8 41
8 40
8 39
8 38
8 37
8 36
8 35
8 34
8 33
9 33
9 34
9 35
9 36
9 37
9 38
9 39
9 40
9 41
10 41
10 40
10 39
10 38
10 37
10 36
10 35
9 32
8 32
7 32
6 32
5 32
4 32
3 32
2 32
1 32
0 32
9 31
8 31
7 31
6 31
5 31
4 31
3 31
2 31
1 31
0 31
6 30
5 30
4 30
3 30
2 30
1 30
0 30
5 29
4 29
3 29
2 29
1 29
0 29
5 28
4 28
3 28
2 28
1 28
0 28
11 35
11 36
11 37
11 38
11 39
11 40
11 41
12 36
12 35
0
No
0
Yes
35 4
35 5
34 5
34 4
33 5
33 4
35 3
34 3
33 3
35 2
34 2
33 2
35 1
34 1
33 1
35 0
34 0
33 0
32 0
32 1
32 2
32 3
32 4
32 5
32 6
32 7
32 8
32 9
31 9
31 8
31 7
31 6
31 5
31 4
31 3
31 2
31 1
31 0
30 0
30 1
30 2
30 3
30 4
30 5
30 6
30 7
30 8
30 9
29 9
29 8
29 7
29 6
29 5
29 4
29 3
29 2
29 1
29 0
28 0
28 1
28 2
28 3
28 4
28 5
28 6
28 7
28 8
28 9
27 7
27 6
27 5
27 4
27 3
27 2
27 1
27 0
27 8
27 9
26 8
26 9
0
No
0
No
0
Yes
14 7
14 8
14 9
15 9
15 8
15 7
16 9
16 8
16 7
17 9
17 8
17 7
18 8
18 7
19 8
19 7
20 8
20 7
21 8
21 7
22 8
22 7
13 9
13 8
13 7
12 9
12 8
12 7
11 9
11 8
11 7
11 6
12 6
13 6
14 6
15 6
16 6
17 6
18 6
19 6
20 6
21 6
22 6
22 5
21 5
20 5
19 5
18 5
17 5
16 5
15 5
14 5
13 5
12 5
11 5
11 4
12 4
13 4
14 4
15 4
16 4
17 4
18 4
19 4
20 4
21 4
22 4
22 3
21 3
20 3
19 3
18 3
17 3
16 3
15 3
14 3
13 3
12 3
11 3
11 2
12 2
13 2
14 2
15 2
16 2
17 2
18 2
19 2
20 2
21 2
22 2
22 1
21 1
20 1
19 1
18 1
17 1
16 1
15 1
14 1
13 1
12 1
11 1
11 0
12 0
13 0
14 0
15 0
16 0
17 0
18 0
19 0
20 0
21 0
22 0
10 9
10 8
10 7
10 6
10 5
10 4
10 3
10 2
10 1
10 0
9 9
9 8
9 7
9 6
9 5
9 4
9 3
9 2
9 1
9 0
0
Yes
46 0
46 1
46 2
47 2
47 1
47 0
48 0
48 1
48 2
49 2
49 1
49 0
45 2
45 1
45 0
44 0
44 1
44 2
44 3
45 3
46 3
47 3
48 3
49 3
49 4
48 4
47 4
46 4
45 4
0
Yes
39 48
40 48
39 47
40 47
39 46
40 46
41 46
41 47
41 48
41 49
42 49
42 48
42 47
42 46
43 46
43 47
43 48
43 49
44 49
44 48
44 47
44 46
45 46
45 47
45 48
45 49
45 45
44 45
43 45
42 45
41 45
40 45
39 45
45 44
44 44
43 44
42 44
41 44
40 44
39 44
39 43
40 43
41 43
42 43
43 43
44 43
45 43
45 42
44 42
43 42
42 42
41 42
40 42
39 42
0
No
0
Yes
35 31
34 31
34 30
35 30
36 30
33 30
32 30
32 29
33 29
34 29
35 29
36 29
37 29
37 30
37 31
37 32
38 32
38 31
39 32
39 31
40 31
40 32
41 32
41 31
38 30
39 30
38 29
39 29
39 28
38 28
37 28
36 28
35 28
34 28
33 28
32 28
31 28
40 28
40 27
39 27
38 27
37 27
36 27
35 27
34 27
33 27
32 27
31 27
30 27
39 26
38 26
37 26
36 26
35 26
34 26
33 26
32 26
31 26
30 26
29 26
28 26
27 26
27 25
28 25
29 25
30 25
31 25
32 25
33 25
34 25
35 25
36 25
37 25
37 24
36 24
35 24
34 24
33 24
32 24
31 24
30 24
29 24
28 24
27 24
26 24
37 23
36 23
35 23
34 23
33 23
32 23
31 23
30 23
29 23
28 23
27 23
26 23
25 23
34 32
29 22
28 22
27 22
26 22
25 22
0
Yes
39 41
40 41
40 40
39 40
40 39
39 39
40 38
39 38
0
Yes
19 20
20 20
21 20
18 20
17 20
17 21
18 21
19 21
20 21
21 21
21 22
20 22
19 22
18 22
17 22
21 23
20 23
19 23
18 23
17 23
17 24
18 24
19 24
20 24
0
Yes
5 3
5 4
6 4
6 3
7 3
7 4
8 4
8 3
8 2
7 2
6 2
5 2
8 1
7 1
6 1
5 1
8 0
7 0
6 0
5 0
4 0
4 1
4 2
4 3
4 4
3 4
3 3
3 2
3 1
3 0
2 0
2 1
2 2
2 3
2 4
1 4
1 3
1 2
1 1
1 0
0 0
0 1
0 2
0 3
0 4
0
No
0
Yes
23 19
23 18
23 17
23 16
23 15
23 14
23 13
23 12
23 11
23 10
24 10
24 11
24 12
24 13
24 14
24 15
24 16
24 17
24 18
24 19
25 19
25 18
25 17
25 16
25 15
25 14
25 13
25 12
25 11
25 10
26 10
26 11
26 12
26 13
26 14
26 15
26 16
26 17
26 18
26 19
27 10
27 11
27 12
27 13
27 14
27 15
27 16
27 17
27 18
27 19
28 10
28 11
28 12
28 13
28 14
28 15
28 16
28 17
28 18
28 19
29 19
29 18
29 17
29 16
29 15
29 14
29 13
29 12
29 11
29 10
30 10
30 11
30 12
30 13
30 14
31 14
31 13
31 12
31 11
31 10
32 10
32 11
32 12
32 13
32 14
29 20
28 20
27 20
26 20
25 20
24 20
23 20
22 20
29 21
28 21
27 21
26 21
25 21
24 21
23 21
22 21
22 22
23 22
24 22
25 9
24 9
23 9
23 8
24 8
25 8
23 7
24 7
25 7
24 23
0
Yes
36 1
36 2
36 3
36 4
36 0
37 0
37 1
37 2
37 3
37 4
38 4
38 3
38 2
38 1
38 0
39 0
39 1
39 2
39 3
39 4
40 4
40 3
40 2
40 1
40 0
41 0
41 1
41 2
41 3
41 4
42 4
42 3
42 2
42 1
42 0
43 0
43 1
43 2
43 3
0
No
0
Yes
21 23
21 22
21 21
21 20
20 20
20 21
20 22
20 23
20 24
19 24
19 23
19 22
19 21
19 20
18 20
18 21
18 22
18 23
18 24
17 24
17 23
17 22
17 21
17 20
16 20
16 21
16 22
0
No
0
No
0
No
0
No
0
No
0
No
0
Yes
38 3
38 4
38 5
39 5
39 4
39 3
40 5
40 4
40 3
41 5
41 4
41 3
37 5
37 4
37 3
36 5
36 4
36 3
36 2
37 2
38 2
39 2
40 2
41 2
36 1
37 1
38 1
39 1
40 1
41 1
36 0
37 0
38 0
39 0
40 0
41 0
0
Yes
40 34
40 35
42 34
41 35
41 34
0
Yes
0 12
0 13
1 13
1 12
2 12
2 13
3 13
3 12
4 12
4 13
5 13
5 12
5 11
4 11
3 11
2 11
1 11
0 11
0 10
1 10
2 10
3 10
4 10
5 10
5 9
4 9
3 9
2 9
1 9
0 9
0 8
1 8
2 8
3 8
4 8
5 8
5 7
4 7
3 7
2 7
1 7
0 7
0 6
1 6
2 6
3 6
4 6
5 6
5 5
4 5
3 5
2 5
1 5
0 5
6 5
6 6
6 7
6 8
6 9
6 10
6 11
6 12
6 13
7 13
7 12
7 11
7 10
7 9
7 8
7 7
7 6
0
Yes
29 18
29 19
29 20
29 21
28 21
28 20
28 19
28 18
27 21
27 20
27 19
27 18
26 21
26 20
26 19
26 18
25 21
25 20
25 19
25 18
29 17
28 17
27 17
26 17
25 17
29 16
28 16
27 16
26 16
25 16
29 15
28 15
27 15
26 15
25 15
25 14
26 14
27 14
28 14
29 14
29 13
28 13
27 13
26 13
25 13
24 13
24 14
24 15
24 16
24 17
24 18
24 19
24 20
24 21
23 19
23 18
23 17
23 16
23 15
23 14
23 13
23 20
23 21
0
Yes
13 33
13 34
14 34
14 33
14 32
13 32
14 31
13 31
0
No
0
Yes
0 19
1 19
2 19
3 19
3 18
2 18
1 18
0 18
0 17
1 17
2 17
3 17
3 16
2 16
1 16
0 16
0 15
1 15
2 15
3 15
4 19
4 18
4 17
4 16
4 15
5 19
5 18
5 17
5 16
5 15
0
No
0
Yes
7 8
8 8
8 9
7 9
8 7
7 7
8 6
7 6
8 5
7 5
6 5
6 6
6 7
6 8
6 9
5 5
5 6
5 7
5 8
5 9
4 5
4 6
4 7
4 8
4 9
3 5
3 6
3 7
3 8
3 9
2 5
2 6
2 7
2 8
2 9
1 5
1 6
1 7
1 8
1 9
1 10
2 10
3 10
4 10
5 10
6 10
7 10
8 10
8 11
7 11
6 11
5 11
4 11
3 11
2 11
1 11
1 12
2 12
3 12
4 12
5 12
6 12
7 12
8 12
0 5
0 6
0 7
0 8
0 9
0 10
0 11
0 12
0 13
1 13
2 13
0
No
0
Yes
15 26
15 27
15 28
14 28
14 27
14 26
13 26
13 27
13 28
0
Yes
9 0
10 0
11 0
9 1
10 1
11 1
9 2
10 2
11 2
0
Yes
0 46
1 46
2 46
3 46
4 46
4 45
3 45
2 45
1 45
0 45
4 44
3 44
2 44
1 44
0 44
4 43
3 43
2 43
1 43
0 43
4 42
3 42
2 42
1 42
0 42
4 41
3 41
2 41
1 41
0 41
0 40
1 40
2 40
3 40
4 40
4 39
3 39
2 39
1 39
0 39
0 38
1 38
2 38
3 38
4 38
4 37
3 37
2 37
1 37
0 37
0 36
1 36
0
Yes
0 34
0 35
1 35
1 34
2 34
2 35
2 36
3 36
3 35
3 34
3 33
2 33
1 33
0 33
0 32
1 32
2 32
3 32
3 31
2 31
1 31
0 31
0 30
1 30
2 30
3 30
0
Yes
14 26
15 26
15 27
14 27
15 28
14 28
13 28
13 27
13 26
13 29
12 29
12 28
12 27
12 26
11 26
11 27
11 28
0
Yes
42 0
43 0
41 0
40 0
43 1
42 1
41 1
40 1
43 2
42 2
41 2
0
Yes
2 28
3 28
4 28
1 28
0 28
0 29
1 29
2 29
3 29
4 29
4 30
3 30
2 30
1 30
0 30
0 31
1 31
2 31
3 31
4 31
4 32
3 32
2 32
1 32
0 32
0 33
1 33
2 33
3 33
4 33
4 34
3 34
2 34
1 34
0 34
0
Yes
39 0
38 0
37 0
36 0
36 1
37 1
38 1
39 1
36 2
37 2
38 2
39 2
40 2
36 3
37 3
38 3
39 3
0
Yes
6 15
6 16
6 17
6 18
6 19
6 20
6 21
6 22
6 23
6 24
6 25
7 25
7 24
7 23
7 22
7 21
7 20
7 19
7 18
7 17
7 16
7 15
8 15
8 16
8 17
8 18
8 19
8 20
8 21
8 22
8 23
8 24
8 25
9 25
9 24
9 23
9 22
9 21
9 20
9 19
9 18
9 17
9 16
9 15
10 15
10 16
10 17
10 18
10 19
10 20
10 21
10 22
10 23
10 24
10 25
11 25
11 24
11 23
11 22
11 21
11 20
11 19
11 18
11 17
11 16
11 15
12 25
12 24
12 23
12 22
12 21
12 20
12 19
12 18
12 17
12 16
12 15
13 25
13 24
13 23
13 22
13 21
13 20
13 19
13 18
13 17
13 16
13 15
13 14
12 14
11 14
10 14
9 14
8 14
7 14
6 14
6 13
7 13
8 13
9 13
10 13
11 13
12 13
13 13
14 24
14 23
14 22
14 21
14 20
14 19
14 18
14 17
14 16
14 15
14 14
14 13
15 22
15 21
15 20
15 19
15 18
15 17
15 16
0
Yes
1 4
1 5
1 6
1 7
1 8
1 9
1 10
1 11
1 12
1 13
1 14
2 14
2 13
2 12
2 11
2 10
2 9
2 8
2 7
2 6
2 5
2 4
3 14
3 13
3 12
3 11
3 10
3 9
3 8
3 7
3 6
3 5
3 4
4 14
4 13
4 12
4 11
4 10
4 9
4 8
4 7
4 6
4 5
4 4
5 14
5 13
5 12
5 11
5 10
5 9
5 8
5 7
5 6
5 5
5 4
0 14
0 13
0 12
0 11
0 10
0 9
0 8
0 7
0 6
0 5
0 4
0 3
1 3
2 3
3 3
4 3
5 3
6 3
6 4
6 5
6 6
6 7
6 8
6 9
6 10
6 11
6 12
6 13
6 14
7 14
7 13
7 12
7 11
7 10
7 9
7 8
7 7
7 6
7 5
7 4
7 3
8 3
8 4
8 5
8 6
8 7
8 8
8 9
8 10
8 11
8 12
8 13
8 14
9 3
9 4
9 5
9 6
9 7
9 8
9 9
9 10
9 11
9 12
9 13
9 14
8 2
7 2
6 2
5 2
4 2
3 2
2 2
1 2
0 2
8 1
7 1
6 1
5 1
4 1
3 1
2 1
1 1
0 1
8 0
7 0
6 0
5 0
4 0
3 0
2 0
1 0
0 0
0
Yes
49 38
49 39
48 39
48 38
48 37
49 37
49 36
48 36
48 35
49 35
47 35
47 36
47 37
47 38
47 39
46 36
46 37
46 38
46 39
45 36
45 37
45 38
45 39
44 39
44 38
44 37
44 36
44 35
44 34
45 34
43 35
43 36
43 37
43 38
43 39
42 39
42 38
42 37
42 36
42 35
42 34
41 34
41 35
41 36
41 37
41 38
41 39
45 33
44 33
41 40
42 40
43 40
44 40
45 40
46 40
47 40
48 40
49 40
41 41
42 41
43 41
44 41
45 41
46 41
47 41
48 41
0
Yes
25 5
26 5
26 6
25 6
26 7
25 7
26 4
25 4
26 3
25 3
26 2
25 2
26 1
25 1
26 0
25 0
24 0
24 1
24 2
24 3
24 4
24 5
24 6
24 7
23 7
23 6
23 5
23 4
23 3
23 2
23 1
23 0
22 0
22 1
22 2
22 3
22 4
22 5
22 6
22 7
21 7
21 6
21 5
21 4
21 3
21 2
21 1
21 0
20 0
20 1
20 2
20 3
20 4
20 5
20 6
20 7
19 7
19 6
19 5
19 4
19 3
19 2
19 1
19 0
18 0
18 1
18 2
18 3
18 4
18 5
18 6
18 7
17 7
17 6
17 5
17 4
17 3
17 2
17 1
17 0
16 0
16 1
0
Yes
3 47
3 48
3 49
4 49
4 48
4 47
5 47
5 48
5 49
5 46
4 46
3 46
4 45
3 45
2 45
2 46
2 47
2 48
2 49
1 49
1 48
1 47
1 46
1 45
0 45
0 46
0 47
0 48
0 49
4 44
3 44
2 44
0
Yes
0 44
1 44
1 43
0 43
2 43
3 43
4 43
4 42
3 42
2 42
1 42
0 42
4 41
3 41
2 41
1 41
0 41
0 40
1 40
2 40
3 40
4 40
5 40
6 40
7 40
7 41
8 41
8 40
9 41
9 40
10 41
10 40
11 41
11 40
12 40
12 41
11 39
10 39
9 39
8 39
7 39
6 39
5 39
4 39
3 39
2 39
1 39
0 39
13 41
13 40
11 38
10 38
9 38
8 38
7 38
6 38
5 38
4 38
3 38
2 38
1 38
0 38
11 37
10 37
9 37
8 37
7 37
6 37
5 37
4 37
3 37
2 37
1 37
0 37
0 36
1 36
2 36
3 36
4 36
5 36
6 36
7 36
8 36
9 36
10 36
11 36
12 36
12 35
11 35
10 35
9 35
8 35
7 35
6 35
5 35
4 35
3 35
2 35
1 35
0 35
12 34
11 34
10 34
9 34
8 34
7 34
6 34
5 34
4 34
3 34
2 34
1 34
0 34
12 33
11 33
10 33
9 33
8 33
7 33
6 33
5 33
4 33
3 33
2 33
1 33
0 33
12 32
11 32
10 32
9 32
8 32
7 32
6 32
5 32
4 32
3 32
2 32
1 32
0 32
0
Yes
0 30
0 31
1 31
1 30
2 31
2 30
3 31
3 30
4 31
4 30
5 31
5 30
6 31
6 30
7 31
7 30
8 31
8 30
9 31
9 30
10 31
10 30
11 31
11 30
12 31
12 30
12 29
11 29
10 29
9 29
8 29
7 29
6 29
5 29
4 29
3 29
2 29
1 29
0 29
13 29
13 28
12 28
11 28
10 28
9 28
8 28
7 28
6 28
5 28
4 28
3 28
2 28
1 28
0 28
0 27
1 27
2 27
3 27
4 27
5 27
6 27
7 27
8 27
9 27
10 27
11 27
12 27
13 27
13 26
12 26
11 26
10 26
9 26
8 26
7 26
6 26
5 26
4 26
3 26
2 26
1 26
0 26
13 25
12 25
11 25
10 25
9 25
8 25
7 25
6 25
5 25
4 25
3 25
2 25
1 25
0 25
0 24
1 24
2 24
3 24
4 24
5 24
6 24
7 24
8 24
9 24
10 24
11 24
12 24
13 24
13 23
12 23
11 23
10 23
9 23
8 23
7 23
6 23
5 23
4 23
3 23
2 23
1 23
0 23
0 22
1 22
2 22
3 22
4 22
5 22
6 22
7 22
8 22
9 22
10 22
0
Yes
43 37
43 38
43 39
43 40
43 41
44 41
44 40
44 39
44 38
44 37
45 41
45 40
45 39
45 38
45 37
45 36
44 36
43 36
42 41
42 40
42 39
42 38
42 37
42 36
41 41
41 40
41 39
41 38
41 37
41 36
40 41
40 40
40 39
40 38
40 37
40 36
39 41
39 40
39 39
39 38
39 37
39 36
38 36
38 37
38 38
38 39
0
Yes
48 38
48 39
49 39
49 38
49 37
48 37
48 36
49 36
49 35
48 35
47 35
47 36
47 37
47 38
47 39
46 36
46 37
0
Yes
13 20
13 21
13 22
14 22
14 21
14 20
15 22
15 21
15 20
12 22
12 21
12 20
11 22
11 21
11 20
10 21
10 20
10 19
11 19
12 19
13 19
14 19
15 19
15 18
14 18
13 18
12 18
11 18
10 18
10 17
11 17
12 17
13 17
14 17
15 17
15 16
14 16
13 16
12 16
11 16
10 16
10 15
11 15
12 15
13 15
14 15
15 15
9 15
9 16
9 17
9 18
9 19
9 20
9 21
8 21
8 20
8 19
8 18
8 17
8 16
8 15
7 15
7 16
7 17
7 18
7 19
7 20
7 21
6 15
6 16
6 17
6 18
6 19
6 20
6 21
5 21
5 20
0
Yes
20 14
20 15
20 16
20 17
20 18
21 18
21 17
21 16
21 15
21 14
22 14
22 15
22 16
22 17
22 18
23 18
23 17
23 16
23 15
23 14
24 14
24 15
24 16
24 17
24 18
25 18
25 17
25 16
25 15
25 14
25 13
24 13
23 13
22 13
21 13
20 13
20 12
21 12
22 12
23 12
24 12
25 12
25 11
24 11
23 11
22 11
21 11
20 11
20 10
21 10
22 10
23 10
24 10
25 10
25 9
24 9
23 9
22 9
21 9
20 9
25 8
24 8
23 8
22 8
21 8
20 8
19 8
19 9
19 10
19 11
19 12
19 13
19 14
19 15
19 16
19 17
19 18
18 8
18 9
18 10
18 11
18 12
18 13
18 14
18 15
18 16
18 17
18 18
17 8
17 9
17 10
17 11
17 12
17 13
17 14
17 15
17 16
17 17
17 18
16 18
16 17
16 16
16 15
16 14
16 13
16 12
16 11
16 10
16 9
16 8
15 14
15 13
15 12
15 11
15 10
15 9
0
Yes
45 48
45 49
45 47
45 46
45 45
45 44
45 43
46 43
47 43
45 42
46 42
47 42
44 42
44 43
44 44
44 45
44 46
44 47
44 48
44 49
43 42
43 43
43 44
43 45
43 46
43 47
43 48
43 49
42 42
42 43
42 44
42 45
42 46
42 47
42 48
42 49
41 49
41 48
41 47
41 46
41 45
41 44
41 43
41 42
40 42
40 43
40 44
40 45
40 46
40 47
40 48
39 48
39 47
39 46
39 45
39 44
39 43
39 42
38 44
38 45
0
Yes
1 1
1 2
1 3
1 4
1 5
1 6
1 7
2 7
2 6
2 5
2 4
2 3
2 2
2 1
3 1
3 2
3 3
3 4
3 5
3 6
3 7
4 7
4 6
4 5
4 4
4 3
4 2
4 1
5 1
5 2
5 3
5 4
5 5
5 6
5 7
6 7
6 6
6 5
6 4
6 3
6 2
6 1
7 1
7 2
7 3
7 4
7 5
7 6
7 7
8 2
8 1
8 3
8 4
8 5
8 6
8 7
8 0
7 0
6 0
5 0
4 0
3 0
2 0
1 0
0 0
0 1
0 2
0 3
0 4
0 5
0 6
0 7
0 8
1 8
2 8
3 8
4 8
5 8
6 8
7 8
8 8
8 9
7 9
6 9
5 9
4 9
3 9
2 9
1 9
0 9
0 10
1 10
0
Yes
4 47
5 47
5 48
4 48
5 49
4 49
3 49
3 48
3 47
2 47
2 48
2 49
1 49
1 48
1 47
0 47
0 48
0 49
5 46
4 46
3 46
2 46
1 46
0 46
4 45
3 45
2 45
1 45
0 45
4 44
3 44
2 44
1 44
0 44
4 43
3 43
2 43
0
Yes
15 0
15 1
14 1
14 0
13 0
13 1
12 1
12 0
12 2
13 2
14 2
15 2
16 2
0
Yes
2 24
2 25
2 26
2 27
2 28
2 29
2 30
2 31
2 32
3 32
3 31
3 30
3 29
3 28
3 27
3 26
3 25
3 24
4 24
4 25
4 26
4 27
4 28
4 29
4 30
4 31
4 32
5 32
5 31
5 30
5 29
5 28
5 27
5 26
5 25
5 24
6 24
6 25
6 26
6 27
6 28
6 29
6 30
6 31
6 32
7 32
7 31
7 30
7 29
7 28
7 27
7 26
7 25
7 24
8 24
8 25
8 26
8 27
8 28
8 29
8 30
8 31
8 32
9 32
9 31
9 30
9 29
9 28
9 27
9 26
9 25
9 24
10 24
10 25
10 26
10 27
10 28
10 29
10 30
10 31
10 32
10 23
9 23
8 23
7 23
6 23
5 23
4 23
3 23
2 23
10 22
9 22
8 22
7 22
6 22
5 22
4 22
3 22
2 22
1 22
1 23
1 24
1 25
1 26
1 27
1 28
1 29
1 30
1 31
1 32
0 32
0 31
0 30
0 29
0 28
0 27
0 26
0 25
0 24
0 23
0 22
0 33
0
Yes
21 23
21 22
21 21
21 20
21 19
20 19
20 20
20 21
20 22
20 23
20 24
19 24
19 23
19 22
19 21
19 20
19 19
18 19
18 20
18 21
18 22
18 23
18 24
17 24
17 23
17 22
17 21
17 20
17 19
0
Yes
16 47
16 48
15 48
15 47
14 47
14 48
13 48
13 47
15 46
14 46
13 46
16 49
15 49
14 49
13 49
0
Yes
49 0
49 1
49 2
49 3
49 4
49 5
49 6
49 7
48 7
48 6
48 5
48 4
48 3
48 2
48 1
48 0
47 0
47 1
47 2
47 3
47 4
47 5
47 6
47 7
46 7
46 6
46 5
46 4
46 3
46 2
46 1
46 0
45 0
45 1
45 2
45 3
45 4
45 5
45 6
45 7
44 7
44 6
44 5
44 4
44 3
44 2
44 1
44 0
43 7
43 6
43 5
43 4
43 3
43 2
43 1
43 0
0
Yes
15 26
14 26
15 27
14 27
15 28
14 28
0
Yes
9 0
9 1
9 2
9 3
9 4
9 5
9 6
10 6
10 5
10 4
10 3
10 2
10 1
10 0
11 0
11 1
11 2
11 3
11 4
11 5
11 6
12 3
12 4
12 5
12 6
13 3
13 4
13 5
13 6
14 3
14 4
14 5
14 6
15 3
15 4
15 5
15 6
16 3
16 4
16 5
16 6
16 7
15 7
14 7
13 7
12 7
11 7
10 7
9 7
15 8
14 8
13 8
12 8
11 8
10 8
9 8
9 9
10 9
11 9
12 9
13 9
14 9
0
Yes
37 32
38 32
39 32
40 32
41 32
41 31
40 31
39 31
38 31
37 31
39 30
38 30
37 30
0
Yes
49 35
48 35
47 35
47 36
48 36
49 36
46 36
46 37
47 37
48 37
49 37
46 38
47 38
48 38
49 38
46 39
47 39
48 39
49 39
46 40
47 40
48 40
49 40
46 41
47 41
48 41
0
Yes
6 11
6 10
7 10
7 11
5 10
5 11
4 10
4 11
3 10
3 11
2 10
2 11
1 11
0 11
0 12
1 12
2 12
3 12
4 12
5 12
6 12
7 12
7 13
6 13
5 13
4 13
3 13
2 13
1 13
0 13
0 14
1 14
2 14
3 14
4 14
5 14
6 14
7 14
7 15
6 15
5 15
4 15
3 15
2 15
1 15
0 15
0 16
1 16
2 16
3 16
4 16
5 16
6 16
7 16
7 17
6 17
5 17
4 17
3 17
2 17
1 17
0 17
0 18
1 18
2 18
3 18
4 18
5 18
6 18
7 18
7 19
6 19
5 19
4 19
3 19
2 19
1 19
0 19
0 20
1 20
2 20
3 20
4 20
5 20
6 20
0
Yes
49 49
49 48
49 47
49 46
49 45
49 44
49 43
49 42
48 42
48 43
48 44
48 45
48 46
48 47
48 48
48 49
47 44
47 45
47 46
47 47
47 48
47 49
46 44
46 45
46 46
46 47
46 48
0
Yes
2 40
3 40
4 40
5 40
6 40
7 40
8 40
9 40
9 39
8 39
7 39
6 39
5 39
4 39
3 39
2 39
2 38
3 38
4 38
5 38
6 38
7 38
8 38
9 38
9 37
8 37
7 37
6 37
5 37
4 37
3 37
2 37
2 36
3 36
4 36
5 36
6 36
7 36
8 36
9 36
9 35
8 35
7 35
6 35
5 35
4 35
3 35
2 35
2 34
3 34
4 34
5 34
6 34
7 34
8 34
9 34
9 33
8 33
7 33
6 33
5 33
4 33
3 33
2 33
1 33
1 34
1 35
1 36
1 37
1 38
1 39
1 40
0 34
0 35
0 36
0 37
0 38
0 39
0 40
0 41
1 41
2 41
3 41
4 41
5 41
6 41
7 41
8 41
9 41
4 42
3 42
2 42
1 42
0 42
5 42
6 42
7 42
8 42
9 42
1 43
0 43
0
Yes
26 10
26 11
26 12
26 13
26 14
27 10
27 11
27 12
27 13
27 14
28 10
28 11
28 12
28 13
28 14
29 10
29 11
29 12
29 13
29 14
30 14
30 13
30 12
30 11
30 10
29 15
28 15
27 15
26 15
0
Yes
49 48
49 49
48 49
48 48
48 47
49 47
49 46
48 46
48 45
49 45
49 44
48 44
48 43
49 43
49 42
48 42
47 42
47 43
47 44
47 45
47 46
47 47
47 48
47 49
46 42
46 43
46 44
46 45
46 46
46 47
46 48
46 49
0
Yes
12 27
11 27
11 28
12 28
11 29
12 29
13 29
13 28
13 27
14 28
14 27
15 28
15 27
15 26
14 26
13 26
12 26
0
Yes
10 18
10 19
10 20
10 21
9 21
9 20
9 19
9 18
8 18
8 19
8 20
8 21
8 17
9 17
10 17
8 16
9 16
10 16
8 15
9 15
10 15
8 14
9 14
10 14
11 14
11 15
11 16
11 17
11 18
11 19
11 20
11 21
11 22
11 23
12 23
12 22
12 21
12 20
12 19
12 18
12 17
12 16
12 15
12 14
13 14
13 15
13 16
13 17
13 18
13 19
13 20
13 21
13 22
13 23
14 23
14 22
14 21
14 20
14 19
14 18
14 17
14 16
14 15
14 14
15 15
15 16
15 17
15 18
15 19
15 20
15 21
15 22
16 22
16 21
16 20
16 19
14 24
13 24
12 24
11 24
11 25
12 25
13 25
7 21
7 20
14 13
13 13
12 13
11 13
10 13
9 13
8 13
8 12
9 12
10 12
11 12
12 12
13 12
14 12
14 11
13 11
12 11
11 11
10 11
9 11
8 11
8 10
9 10
10 10
11 10
12 10
13 10
14 10
0
Yes
35 31
35 30
36 30
37 30
37 31
37 32
38 32
38 31
38 30
39 30
39 31
39 32
40 32
40 31
41 31
41 32
39 29
38 29
37 29
36 29
35 29
35 28
36 28
37 28
38 28
39 28
40 28
40 27
39 27
38 27
37 27
36 27
35 27
39 26
38 26
37 26
36 26
35 26
37 25
36 25
35 25
34 31
34 30
34 29
34 28
34 27
34 26
34 25
33 30
33 29
33 28
33 27
33 26
33 25
32 30
32 29
32 28
32 27
32 26
32 25
31 28
31 27
31 26
31 25
0
Yes
1 32
2 32
3 32
4 32
0 32
0 31
1 31
2 31
3 31
4 31
4 30
3 30
2 30
1 30
0 30
0 29
1 29
2 29
3 29
4 29
4 28
3 28
2 28
1 28
0 28
0 27
1 27
2 27
3 27
0
Yes
10 22
10 23
10 24
9 22
9 23
9 24
8 22
8 23
8 24
7 22
7 23
7 24
6 24
6 23
6 22
6 21
5 21
5 22
5 23
5 24
4 21
4 22
4 23
4 24
3 21
3 22
3 23
3 24
2 21
2 22
2 23
2 24
1 21
1 22
1 23
1 24
0 21
0 22
0 23
0 24
10 25
9 25
8 25
7 25
6 25
5 25
4 25
3 25
2 25
1 25
0 25
0 26
1 26
2 26
3 26
4 26
5 26
6 26
7 26
8 26
9 26
10 26
4 27
5 27
6 27
7 27
8 27
9 27
10 27
10 28
9 28
8 28
7 28
6 28
5 28
5 29
6 29
7 29
8 29
9 29
10 29
5 30
6 30
7 30
8 30
9 30
10 30
11 30
12 30
12 31
11 31
10 31
9 31
8 31
7 31
6 31
5 31
5 32
6 32
7 32
8 32
9 32
10 32
11 32
12 32
12 33
11 33
10 33
10 34
11 34
12 34
12 35
11 35
10 35
12 36
11 36
0
Yes
0 40
0 41
0 42
0 43
1 43
1 42
1 41
1 40
0
Yes
16 8
17 8
18 8
18 9
17 9
16 9
15 9
15 10
16 10
17 10
18 10
15 11
16 11
17 11
18 11
15 12
16 12
17 12
18 12
15 13
16 13
17 13
18 13
15 14
16 14
17 14
18 14
16 15
17 15
18 15
16 16
17 16
18 16
16 17
17 17
18 17
16 18
17 18
18 18
17 19
18 19
17 20
18 20
17 21
18 21
17 22
18 22
17 23
18 23
17 24
18 24
19 24
19 23
19 22
19 21
19 20
19 19
19 18
19 17
19 16
19 15
19 14
19 13
19 12
19 11
19 10
19 9
19 8
20 24
20 23
20 22
20 21
20 20
20 19
20 18
20 17
20 16
20 15
20 14
20 13
20 12
20 11
20 10
20 9
20 8
21 23
21 22
21 21
21 20
21 19
21 18
21 17
21 16
21 15
21 14
21 13
21 12
21 11
21 10
21 9
21 8
22 8
22 9
22 10
22 11
22 12
22 13
22 14
22 15
22 16
22 17
22 18
22 19
22 20
22 21
22 22
23 22
23 21
23 20
23 19
23 18
23 17
23 16
23 15
23 14
23 13
0
Yes
46 9
47 9
47 8
46 8
0
Yes
44 33
45 33
45 34
44 34
44 35
0
Yes
15 28
14 28
13 28
13 29
15 27
14 27
13 27
15 26
14 26
13 26
0
Yes
41 42
42 42
43 42
44 42
45 42
45 43
44 43
43 43
42 43
41 43
45 44
44 44
43 44
42 44
41 44
45 45
44 45
43 45
42 45
41 45
45 46
44 46
43 46
42 46
41 46
40 42
40 43
40 44
40 45
40 46
39 42
39 43
39 44
39 45
39 46
39 47
40 47
41 47
42 47
43 47
44 47
45 47
39 48
40 48
41 48
42 48
43 48
44 48
45 48
0
Yes
13 31
14 31
14 32
13 32
13 33
14 33
14 34
13 34
0
Yes
36 1
36 2
36 3
36 4
36 5
37 5
37 4
37 3
37 2
37 1
38 5
38 4
38 3
38 2
38 1
39 5
39 4
39 3
39 2
39 1
40 5
40 4
40 3
40 2
40 1
36 0
37 0
38 0
39 0
40 0
0
Yes
26 4
26 5
26 6
26 7
26 3
26 2
26 1
26 0
25 0
25 1
25 2
25 3
25 4
25 5
25 6
25 7
24 7
24 6
24 5
24 4
24 3
24 2
24 1
24 0
23 0
23 1
23 2
23 3
23 4
23 5
23 6
23 7
22 7
22 6
22 5
22 4
22 3
22 2
22 1
22 0
21 0
21 1
21 2
21 3
21 4
21 5
21 6
21 7
20 7
20 6
20 5
20 4
20 3
20 2
20 1
20 0
19 0
19 1
19 2
19 3
19 4
19 5
19 6
19 7
18 7
18 6
18 5
18 4
18 3
18 2
18 1
18 0
17 3
17 4
17 5
17 6
17 7
17 2
17 1
17 0
25 8
24 8
23 8
22 8
21 8
20 8
19 8
18 8
17 8
25 9
24 9
23 9
22 9
21 9
20 9
19 9
18 9
17 9
17 10
18 10
19 10
0
Yes
4 31
4 32
4 30
4 29
3 29
3 30
3 31
3 32
3 33
4 33
5 33
6 33
7 33
8 33
9 33
9 34
8 34
7 34
6 34
5 34
4 34
3 34
9 35
8 35
7 35
6 35
5 35
4 35
3 35
3 36
4 36
5 36
6 36
7 36
8 36
9 36
9 37
8 37
7 37
6 37
5 37
4 37
3 37
3 38
4 38
5 38
6 38
7 38
8 38
9 38
9 39
8 39
7 39
6 39
5 39
4 39
3 39
2 39
2 38
2 37
2 36
2 35
2 34
2 33
2 32
2 31
2 30
2 29
1 39
1 38
1 37
1 36
1 35
1 34
1 33
1 32
1 31
1 30
1 29
0 39
0 38
0 37
0 36
0 35
0 34
0 33
0 32
0 31
0 30
0 29
10 36
10 37
10 38
10 39
11 37
11 38
11 39
4 28
3 28
2 28
1 28
0 28
3 27
2 27
1 27
0 27
2 40
3 40
4 40
5 40
0
Yes
31 2
31 3
31 4
32 4
32 3
32 2
33 2
33 3
33 4
34 4
34 3
34 2
35 2
35 3
35 4
35 1
34 1
33 1
32 1
31 1
35 0
34 0
33 0
32 0
31 0
30 0
30 1
30 2
30 3
30 4
29 4
29 3
29 2
29 1
29 0
35 5
34 5
33 5
32 5
31 5
30 5
29 5
0
Yes
39 20
39 19
38 19
38 20
38 21
38 22
37 22
37 21
37 20
37 19
37 23
37 24
37 25
37 26
38 26
39 26
39 27
38 27
37 27
40 27
40 28
39 28
38 28
37 28
39 29
38 29
37 29
39 30
38 30
37 30
37 31
38 31
39 31
37 32
38 32
39 32
40 32
40 31
41 31
41 32
36 30
36 29
36 28
36 27
36 26
36 25
36 24
36 23
36 22
36 21
36 20
36 19
39 18
38 18
37 18
36 18
39 17
38 17
37 17
36 17
39 16
38 16
37 16
36 16
37 15
36 15
35 15
35 16
35 17
35 18
35 19
35 20
35 21
35 22
35 23
35 24
35 25
35 26
35 27
35 28
35 29
35 30
35 31
34 31
34 30
34 29
34 28
34 27
34 26
34 25
34 24
34 23
34 22
34 21
34 20
34 19
34 18
34 17
34 16
34 15
33 15
33 16
33 17
33 18
33 19
33 20
33 21
33 22
33 23
33 24
33 25
33 26
33 27
33 28
33 29
33 30
32 30
32 29
32 28
32 27
32 26
32 25
32 24
32 23
32 22
32 21
32 20
32 19
32 18
32 17
32 16
32 15
31 28
31 27
31 26
31 25
31 24
31 23
31 22
31 21
0
Yes
15 0
16 0
16 1
15 1
16 2
15 2
14 2
14 1
14 0
13 0
13 1
13 2
0
Yes
6 49
6 48
6 47
6 46
7 46
7 47
7 48
7 49
8 49
8 48
8 47
8 46
9 46
9 47
9 48
9 49
10 49
10 48
10 47
10 46
11 46
11 47
11 48
11 49
11 45
10 45
9 45
8 45
7 45
6 45
6 44
7 44
8 44
9 44
10 44
11 44
11 43
10 43
9 43
8 43
7 43
6 43
6 42
7 42
8 42
9 42
10 42
11 42
11 41
10 41
9 41
8 41
7 41
6 41
6 40
7 40
8 40
9 40
10 40
11 40
5 45
5 44
5 43
5 42
0
Yes
34 1
35 1
35 2
34 2
35 3
34 3
35 4
34 4
35 5
34 5
33 5
33 4
33 3
33 2
33 1
35 0
34 0
33 0
32 0
32 1
32 2
32 3
32 4
32 5
32 6
31 6
31 5
31 4
31 3
31 2
31 1
31 0
30 0
30 1
30 2
30 3
30 4
30 5
30 6
29 6
29 5
29 4
29 3
29 2
29 1
29 0
28 0
28 1
28 2
28 3
28 4
28 5
28 6
27 6
27 5
27 4
27 3
27 2
27 1
27 0
27 7
28 7
29 7
30 7
31 7
32 7
32 8
31 8
30 8
29 8
28 8
27 8
32 9
31 9
30 9
0
Yes
10 14
10 15
10 16
10 17
11 17
11 16
11 15
11 14
12 14
12 15
12 16
12 17
13 17
13 16
13 15
13 14
14 14
14 15
14 16
14 17
14 13
13 13
12 13
11 13
10 13
10 12
11 12
12 12
13 12
14 12
14 11
13 11
12 11
11 11
10 11
10 10
11 10
12 10
13 10
14 10
14 9
13 9
12 9
11 9
10 9
9 9
9 10
9 11
9 12
9 13
9 14
9 15
9 16
9 17
8 10
8 11
8 12
8 13
8 14
8 15
8 16
8 17
9 8
10 8
11 8
12 8
13 8
14 8
9 7
10 7
11 7
12 7
13 7
14 7
9 6
10 6
11 6
12 6
13 6
14 6
9 5
10 5
11 5
12 5
13 5
14 5
9 4
10 4
11 4
12 4
13 4
14 4
14 3
13 3
12 3
11 3
10 3
9 3
9 2
10 2
11 2
12 2
12 1
11 1
10 1
9 1
9 0
10 0
11 0
12 0
15 3
15 4
15 5
15 6
15 7
15 8
15 9
15 10
15 11
15 12
15 13
15 14
15 15
15 16
15 17
16 3
16 4
16 5
16 6
16 7
16 8
16 9
16 10
16 11
16 12
0
Yes
22 14
22 15
22 16
23 16
23 15
23 14
24 14
24 15
24 16
25 16
25 15
25 14
25 13
24 13
23 13
22 13
22 12
23 12
24 12
25 12
25 11
24 11
23 11
22 11
22 10
23 10
24 10
25 10
21 10
21 11
21 12
21 13
21 14
21 15
21 16
20 10
20 11
20 12
20 13
20 14
20 15
20 16
19 11
19 12
19 13
19 14
19 15
19 16
18 11
18 12
18 13
18 14
18 15
18 16
17 11
17 12
17 13
17 14
17 15
17 16
16 13
16 14
16 15
16 16
16 17
17 17
18 17
19 17
20 17
21 17
22 17
23 17
24 17
25 17
25 18
24 18
23 18
0
Yes
28 12
28 13
28 14
28 15
28 16
28 17
28 18
28 19
28 20
29 20
29 19
29 18
29 17
29 16
29 15
29 14
29 13
29 12
30 12
30 13
30 14
30 15
30 16
30 17
30 18
30 19
30 20
31 20
31 19
31 18
31 17
31 16
31 15
31 14
31 13
31 12
32 14
32 13
32 12
32 11
31 11
30 11
29 11
28 11
32 10
31 10
30 10
29 10
28 10
29 9
28 9
27 9
27 10
27 11
27 12
27 13
27 14
27 15
27 16
27 17
27 18
27 19
27 20
26 9
26 10
26 11
26 12
26 13
26 14
26 15
26 16
26 17
26 18
26 19
26 20
25 19
25 20
24 19
24 20
23 19
23 20
30 21
29 21
28 21
27 21
26 21
25 21
24 21
23 21
23 22
24 22
25 22
26 22
27 22
28 22
29 22
30 22
24 23
25 23
26 23
27 23
28 23
29 23
30 23
26 24
27 24
28 24
29 24
30 24
30 25
29 25
28 25
27 25
27 26
28 26
29 26
30 26
22 22
22 21
22 20
22 19
22 18
21 18
21 19
21 20
21 21
21 22
21 23
20 18
20 19
20 20
20 21
20 22
20 23
20 24
24 24
0
Yes
48 47
48 48
48 49
49 49
49 48
49 47
49 46
48 46
48 45
49 45
47 45
47 46
47 47
47 48
47 49
46 49
46 48
46 47
46 46
46 45
46 44
47 44
48 44
49 44
46 43
47 43
48 43
49 43
46 42
47 42
0
Yes
20 3
20 4
20 5
20 6
20 7
20 8
20 9
21 9
21 8
21 7
21 6
21 5
21 4
21 3
22 3
22 4
22 5
22 6
22 7
22 8
22 9
23 9
23 8
23 7
23 6
23 5
23 4
23 3
24 3
24 4
24 5
24 6
24 7
24 8
24 9
25 9
25 8
25 7
25 6
25 5
25 4
25 3
26 8
26 7
26 6
26 5
26 4
26 3
26 2
25 2
24 2
23 2
22 2
21 2
20 2
26 1
25 1
24 1
23 1
22 1
21 1
20 1
26 0
25 0
24 0
23 0
22 0
21 0
20 0
19 0
19 1
19 2
19 3
19 4
19 5
19 6
19 7
19 8
19 9
18 9
18 8
18 7
18 6
18 5
18 4
18 3
18 2
18 1
18 0
17 3
17 4
17 5
17 6
17 7
17 8
17 9
17 2
17 1
17 0
17 10
18 10
19 10
20 10
21 10
22 10
23 10
24 10
25 10
25 11
24 11
23 11
22 11
0
Yes
36 0
36 1
36 2
36 3
37 3
37 2
37 1
37 0
38 0
38 1
38 2
38 3
39 3
39 2
39 1
39 0
40 0
40 1
40 2
40 3
41 3
41 2
41 1
41 0
36 4
37 4
38 4
39 4
40 4
41 4
36 5
37 5
38 5
39 5
40 5
0
Yes
45 0
45 1
45 2
45 3
45 4
46 4
46 3
46 2
46 1
46 0
47 0
47 1
47 2
47 3
47 4
44 4
44 3
44 2
44 1
44 0
43 0
43 1
43 2
43 3
43 4
42 4
42 3
42 2
42 1
42 0
48 4
48 3
48 2
48 1
48 0
49 0
49 1
49 2
49 3
49 4
0
Yes
0 0
0 1
0 2
0 3
0 4
0 5
0 6
0 7
0 8
1 8
1 7
1 6
1 5
1 4
1 3
1 2
1 1
1 0
2 0
2 1
2 2
2 3
2 4
2 5
2 6
2 7
2 8
3 8
3 7
3 6
3 5
3 4
3 3
3 2
3 1
3 0
4 0
4 1
4 2
4 3
4 4
4 5
4 6
4 7
4 8
5 8
5 7
5 6
5 5
5 4
5 3
5 2
5 1
5 0
6 0
6 1
6 2
6 3
6 4
6 5
6 6
6 7
0
Yes
9 7
10 7
11 7
12 7
13 7
14 7
15 7
16 7
16 6
15 6
14 6
13 6
12 6
11 6
10 6
9 6
16 5
15 5
14 5
13 5
12 5
11 5
10 5
9 5
16 4
15 4
14 4
13 4
12 4
11 4
10 4
9 4
16 3
15 3
14 3
13 3
12 3
11 3
10 3
9 3
16 2
15 2
14 2
13 2
12 2
11 2
10 2
9 2
16 1
15 1
14 1
13 1
12 1
11 1
10 1
9 1
8 1
8 2
8 3
8 4
8 5
8 6
8 7
7 7
7 6
7 5
7 4
7 3
7 2
7 1
7 0
8 0
9 0
10 0
11 0
12 0
13 0
14 0
15 0
16 0
16 8
15 8
14 8
13 8
12 8
0
Yes
14 34
13 34
14 33
13 33
14 32
13 32
14 31
13 31
0
Yes
15 26
15 27
15 28
14 28
14 27
14 26
13 26
13 27
13 28
13 29
0
Yes
0 40
0 41
0 42
0 43
0 44
0 45
0 46
0 47
0 48
0 49
1 49
1 48
1 47
1 46
1 45
1 44
1 43
1 42
1 41
1 40
2 40
2 41
2 42
2 43
2 44
2 45
2 46
2 47
2 48
2 49
3 49
3 48
3 47
3 46
3 45
3 44
3 43
3 42
3 41
3 40
4 42
4 43
4 44
4 45
4 46
4 47
4 48
4 49
4 41
4 40
4 39
3 39
2 39
1 39
0 39
5 41
5 40
5 39
5 46
5 47
5 48
5 49
0
Yes
3 0
3 1
3 2
3 3
3 4
3 5
3 6
4 6
4 5
4 4
4 3
4 2
4 1
4 0
5 0
5 1
5 2
5 3
5 4
5 5
5 6
6 6
6 5
6 4
6 3
6 2
6 1
6 0
2 6
2 5
2 4
2 3
2 2
2 1
2 0
1 0
1 1
1 2
1 3
1 4
1 5
1 6
0 6
0 5
0 4
0 3
0 2
0 1
0 0
6 7
5 7
4 7
3 7
2 7
1 7
0 7
0 8
1 8
2 8
3 8
4 8
5 8
0
Yes
41 49
42 49
43 49
44 49
45 49
46 49
47 49
48 49
49 49
49 48
48 48
47 48
46 48
45 48
44 48
43 48
42 48
41 48
40 48
39 48
39 47
40 47
41 47
42 47
43 47
44 47
45 47
46 47
47 47
48 47
49 47
39 46
40 46
41 46
42 46
43 46
44 46
45 46
46 46
47 46
48 46
49 46
49 45
48 45
47 45
46 45
45 45
44 45
43 45
42 45
41 45
40 45
39 45
38 45
38 44
39 44
40 44
41 44
42 44
43 44
44 44
45 44
46 44
47 44
48 44
49 44
39 43
40 43
41 43
42 43
43 43
44 43
45 43
46 43
47 43
48 43
49 43
39 42
40 42
41 42
42 42
43 42
44 42
45 42
46 42
47 42
48 42
49 42
39 41
40 41
41 41
42 41
43 41
44 41
45 41
0
Yes
1 1
1 2
1 3
1 4
1 5
1 6
1 7
1 8
2 8
2 7
2 6
2 5
2 4
2 3
2 2
2 1
3 1
3 2
3 3
3 4
3 5
3 6
3 7
3 8
4 8
4 7
4 6
4 5
4 4
4 3
4 2
4 1
5 1
5 2
5 3
5 4
5 5
5 6
5 7
5 8
6 7
6 6
6 5
6 4
6 3
6 2
6 1
6 8
6 0
5 0
4 0
3 0
2 0
1 0
0 0
0 1
0 2
0 3
0 4
0 5
0 6
0 7
0 8
0 9
1 9
