0
Yes
44 43
44 42
45 42
45 43
46 42
46 43
46 44
45 44
44 44
44 45
45 45
46 45
46 46
45 46
44 46
47 46
47 45
47 44
47 43
47 42
47 41
48 41
48 42
48 43
48 44
48 45
48 46
49 46
49 45
49 44
49 43
49 42
49 41
48 47
47 47
46 47
45 47
44 47
44 48
45 48
46 48
47 48
48 48
48 49
47 49
46 49
45 49
0
Yes
45 20
45 19
44 19
44 20
43 20
43 19
42 19
42 20
45 18
44 18
43 18
42 18
44 17
43 17
42 17
1
0
42 1
42 2
42 3
41 3
41 2
41 1
42 4
43 4
43 3
43 2
43 1
44 1
44 2
44 3
44 4
45 4
45 3
45 2
45 1
46 1
46 2
46 3
46 4
46 0
45 0
44 0
43 0
42 0
41 0
46 5
45 5
44 5
43 5
42 5
47 6
42 6
43 6
44 6
45 6
46 6
46 7
45 7
44 7
43 7
42 7
43 8
42 8
Yes
3 30
2 30
2 31
3 31
3 32
2 32
1 31
1 32
1 33
1 34
2 34
2 35
0 33
0 32
4 31
4 30
5 31
5 30
6 31
6 30
7 31
7 30
7 29
6 29
5 29
4 29
3 29
2 29
1 29
6 28
5 28
4 28
3 28
2 28
1 28
11 29
8 30
8 31
8 32
9 32
9 31
9 30
9 29
9 28
10 28
10 29
10 30
10 31
10 32
10 33
9 33
9 34
10 34
10 35
9 35
9 36
8 36
8 35
7 35
7 36
6 35
6 36
6 37
5 37
5 38
6 38
7 38
8 38
4 38
3 38
3 37
3 36
2 36
2 37
1 37
1 36
0 36
0 37
3 39
4 39
5 39
6 39
7 39
8 39
4 40
5 40
6 40
7 40
8 40
5 41
6 41
7 41
8 41
8 42
7 42
6 42
11 35
9 37
1 27
3 27
11 30
12 35
12 36
13 36
13 35
11 32
6 34
12 37
11 37
11 38
12 38
11 39
12 39
12 40
13 40
13 39
14 39
5 35
2 27
0
Yes
0 47
0 48
0 49
1 49
1 48
1 47
1 46
2 46
2 47
2 48
2 49
3 49
3 48
3 47
3 46
4 47
4 48
4 49
4 46
0
Yes
4 9
5 9
3 9
3 10
4 10
5 10
4 11
5 11
2 9
1 9
1 8
0 9
0 8
5 12
5 13
5 14
6 14
6 13
6 12
6 11
6 10
7 10
7 11
8 10
8 11
8 12
7 13
7 14
8 13
8 14
8 15
7 15
7 16
4 14
3 14
4 15
3 15
2 15
1 15
0 15
0 16
1 16
2 16
3 16
4 16
5 16
0 7
1 7
2 7
7 17
6 17
5 17
4 17
3 17
2 17
1 17
0 17
0 18
1 18
2 18
3 18
4 18
5 18
5 19
4 19
3 19
2 19
4 20
3 20
2 20
2 21
1 21
1 20
0 20
0 21
3 7
2 6
1 6
0 6
2 5
1 5
0 5
0
Yes
37 5
37 6
38 6
38 5
39 5
39 6
39 7
39 4
38 4
37 4
39 3
38 3
37 3
37 2
38 2
39 2
39 1
38 1
37 1
37 0
38 0
39 0
40 2
40 1
40 0
40 6
40 5
36 6
36 5
36 4
36 3
36 2
36 1
36 0
35 4
0
Yes
24 48
25 48
26 48
27 48
24 47
25 47
26 47
27 47
24 46
25 46
26 46
27 46
27 45
26 45
25 45
27 49
26 49
25 49
24 49
0
Yes
34 47
34 48
34 49
35 49
35 48
35 47
36 47
36 48
36 49
37 49
37 48
37 47
38 47
38 48
38 49
39 49
39 48
39 47
40 47
40 48
40 49
40 46
39 46
38 46
37 46
36 46
35 46
34 46
40 45
39 45
38 45
37 45
36 45
35 45
34 45
39 44
38 44
37 44
36 44
35 44
34 44
39 43
38 43
37 43
36 43
35 43
34 43
34 42
35 42
36 42
37 42
37 41
36 41
33 46
33 45
33 44
0
Yes
48 49
48 48
48 47
48 46
49 46
49 45
48 45
48 44
49 44
49 43
48 43
47 43
47 44
47 45
47 46
47 47
47 48
47 49
46 49
46 48
46 47
46 46
46 45
46 44
46 43
45 49
45 48
45 47
45 46
45 45
45 44
45 43
44 48
44 47
44 46
44 45
44 44
44 43
0
Yes
47 41
48 41
49 41
49 40
48 40
47 40
46 40
45 40
44 40
44 39
45 39
46 39
47 39
48 39
49 39
49 38
48 38
47 38
46 38
45 38
44 38
44 37
45 37
46 37
47 37
48 37
49 37
49 36
48 36
47 36
46 36
45 36
44 36
45 35
46 35
47 35
48 35
49 35
44 35
0
Yes
20 46
20 47
21 47
22 47
22 48
21 48
20 48
22 49
21 49
20 49
19 49
19 48
19 47
19 46
18 46
18 47
18 48
18 49
17 49
17 48
17 47
17 46
16 48
16 47
16 46
15 48
15 47
15 46
14 48
14 47
14 46
13 47
13 46
12 47
12 46
11 46
11 45
12 45
13 45
14 45
15 45
16 45
17 45
18 45
19 45
20 45
17 44
16 44
15 44
14 44
13 44
12 44
11 44
13 43
14 43
15 43
1
8
48 18
48 17
47 17
47 16
48 16
48 15
47 15
46 15
47 14
48 14
48 19
47 19
48 20
48 21
47 21
47 22
48 22
48 23
47 23
49 21
49 20
49 19
49 18
49 15
49 14
49 13
49 12
49 11
48 11
48 10
47 11
47 10
47 9
46 9
46 10
46 11
46 12
49 10
Yes
15 2
15 3
14 2
14 3
13 3
13 4
13 5
12 5
12 4
12 3
12 2
11 2
10 2
10 3
10 4
9 4
9 3
8 4
8 3
8 2
8 1
11 1
12 1
13 1
13 0
12 0
11 0
14 5
15 5
14 6
15 6
16 6
17 6
18 6
18 7
17 7
16 7
15 7
14 7
18 8
17 8
16 8
15 8
14 8
13 8
12 8
11 8
11 9
12 9
13 9
14 9
15 9
16 9
17 9
18 9
19 9
20 9
17 11
7 1
7 2
7 3
7 4
7 5
6 5
6 4
6 3
6 2
6 1
5 1
5 2
5 3
5 0
6 0
7 0
4 3
4 2
11 5
20 10
19 10
18 10
17 10
16 10
15 10
14 10
13 10
12 10
11 10
14 11
13 11
12 11
11 11
13 12
12 12
11 12
13 13
12 13
11 13
10 10
10 11
10 12
10 13
9 10
9 11
9 12
9 13
9 14
10 14
11 14
12 14
13 14
10 15
11 15
12 15
13 15
11 16
12 16
13 16
11 17
12 17
13 17
13 18
13 19
13 20
14 14
14 15
14 16
14 17
14 18
14 19
14 20
14 21
15 14
15 15
15 16
15 17
15 18
15 19
15 20
15 21
16 15
16 16
16 17
16 18
16 19
16 20
16 21
17 17
17 16
18 11
0
No
0
Yes
43 48
44 48
45 48
45 49
46 49
46 48
46 47
45 47
44 47
43 47
43 46
44 46
45 46
46 46
46 45
45 45
44 45
43 45
43 44
44 44
45 44
46 44
43 43
44 43
45 43
46 43
47 43
47 44
47 45
47 46
47 47
47 48
47 49
48 49
48 48
48 47
48 46
48 45
48 44
0
Yes
15 41
15 40
16 40
16 41
16 42
17 42
17 41
17 40
17 39
17 38
18 38
18 39
18 40
18 41
18 42
19 38
19 39
19 40
19 41
19 42
19 43
19 44
20 44
20 43
20 42
20 41
20 40
20 39
20 38
20 37
21 37
21 38
21 39
21 40
21 41
21 42
21 43
21 44
20 36
22 44
22 43
22 42
22 41
22 40
22 39
22 38
23 38
23 39
23 40
23 41
23 42
23 43
23 44
24 44
24 43
24 42
24 41
24 40
24 39
24 38
0
Yes
32 24
33 24
32 23
31 23
31 24
30 23
30 24
30 25
31 25
32 25
33 25
34 25
35 25
30 26
31 26
32 26
33 26
34 26
35 26
30 27
31 27
32 27
33 27
34 27
35 27
30 28
31 28
32 28
33 28
34 28
35 28
31 29
32 29
33 29
34 29
35 29
35 30
34 30
33 30
32 30
31 30
30 30
36 30
36 29
36 28
36 27
36 26
36 25
36 24
37 28
37 27
37 26
37 25
37 24
38 26
38 27
38 28
38 25
0
Yes
1 25
1 26
2 26
2 25
3 26
3 25
3 24
2 24
1 24
1 23
2 23
3 23
0 23
0 24
0 25
0 26
4 23
4 24
4 25
4 26
4 27
4 22
5 22
5 23
5 24
5 25
5 26
5 27
6 27
6 26
6 25
6 24
6 23
0
No
1
14
39 5
40 5
41 5
40 6
39 6
39 7
39 8
40 8
41 8
38 6
38 5
37 6
37 5
39 4
38 4
37 4
39 3
38 3
37 3
37 2
38 2
39 2
40 2
40 1
39 1
38 1
37 1
40 0
39 0
38 0
37 0
36 6
36 5
36 4
36 3
36 2
36 1
36 0
35 4
34 4
33 4
33 5
33 6
32 5
33 3
32 3
32 2
33 2
33 1
34 1
35 1
35 0
34 0
39 9
40 9
41 9
40 11
38 9
41 10
40 10
Yes
19 40
19 41
19 42
19 43
19 44
20 44
20 43
20 42
20 41
20 40
21 44
21 43
21 42
21 41
21 40
22 44
22 43
22 42
22 41
22 40
23 44
23 43
23 42
23 41
23 40
24 44
24 43
24 42
24 41
24 40
25 44
25 43
25 42
25 41
25 40
26 40
26 41
26 42
26 43
26 44
27 44
27 43
27 42
27 41
27 40
25 39
24 39
23 39
22 39
21 39
20 39
19 39
19 38
20 38
21 38
22 38
23 38
24 38
25 38
18 38
18 39
18 40
18 41
18 42
17 38
17 39
17 40
17 41
17 42
16 42
16 41
16 40
15 40
15 41
21 37
20 37
0
Yes
45 23
45 24
44 23
44 24
43 24
0
Yes
39 31
40 31
40 30
39 30
39 29
40 29
40 28
39 28
41 29
41 30
41 31
41 28
1
20
2 6
2 7
2 5
2 4
1 4
1 5
1 6
1 7
0 7
0 6
0 5
0 4
Yes
41 8
40 8
39 8
39 7
39 6
40 6
40 5
39 5
39 4
39 9
40 9
41 9
41 10
40 10
39 3
38 6
38 5
38 4
38 3
37 6
37 5
37 4
37 3
36 6
36 5
36 4
36 3
35 4
34 4
33 4
33 3
32 3
32 2
33 2
33 1
34 1
35 1
34 0
35 0
36 2
37 2
38 2
39 2
36 1
37 1
38 1
39 1
36 0
37 0
38 0
39 0
40 2
40 1
40 0
0
Yes
33 25
33 24
34 25
35 25
35 26
34 26
33 26
33 27
34 27
35 27
35 28
34 28
33 28
33 29
34 29
35 29
35 30
34 30
33 30
32 30
32 29
32 28
32 27
32 26
32 25
32 24
32 23
31 23
31 24
31 25
31 26
31 27
31 28
31 29
31 30
30 30
30 28
30 27
30 26
30 25
30 24
30 23
36 30
36 29
36 28
0
No
0
Yes
47 28
48 28
49 28
46 28
46 27
47 27
48 27
49 27
46 26
47 26
48 26
49 26
0
Yes
39 35
40 35
41 35
42 35
43 35
43 34
42 34
41 34
40 34
39 34
44 34
44 33
43 33
42 33
41 33
40 33
39 33
38 33
38 34
38 35
38 32
39 32
40 32
41 32
42 32
43 32
44 32
44 31
43 31
42 31
41 31
40 31
39 31
38 31
38 30
39 30
40 30
41 30
45 31
45 32
45 33
46 33
46 32
46 31
37 34
37 35
40 36
39 36
38 36
37 36
0
Yes
23 24
24 24
24 25
23 25
24 26
23 26
22 26
22 25
22 24
24 23
23 23
22 23
21 23
21 24
21 25
0
Yes
19 18
19 19
18 19
17 19
17 20
18 20
17 21
18 21
19 21
19 22
18 22
17 22
16 22
19 23
18 23
17 23
16 23
20 21
21 21
20 20
20 19
20 18
20 17
21 19
21 18
21 17
22 17
22 18
22 19
22 20
22 21
22 22
23 22
23 21
23 20
23 19
23 18
23 17
24 20
24 21
24 22
24 19
24 18
24 17
24 16
23 16
22 16
21 16
20 16
19 16
19 15
20 15
21 15
22 15
23 15
21 14
22 14
23 14
21 13
22 13
23 13
22 12
23 12
24 12
24 13
24 14
16 24
17 24
18 24
19 24
20 24
20 25
19 25
18 25
17 25
16 25
20 26
19 26
18 26
17 26
16 26
25 19
25 18
25 17
25 16
25 15
25 14
25 13
25 12
25 11
26 17
26 18
25 21
25 22
15 23
15 24
15 25
15 26
15 27
16 27
17 27
18 27
19 27
26 13
22 11
21 26
16 28
15 28
14 28
14 29
13 28
13 29
12 28
12 29
12 30
13 30
14 30
14 31
15 31
15 30
26 12
26 11
14 25
14 24
13 24
13 25
0
No
0
Yes
0 16
0 15
1 15
1 16
2 15
2 16
2 17
1 17
0 17
0 18
1 18
2 18
3 18
3 17
3 16
3 15
4 15
4 16
4 17
4 18
1
1
48 49
47 49
46 49
45 49
48 48
47 48
46 48
45 48
48 47
47 47
46 47
45 47
45 46
46 46
47 46
Yes
20 29
20 28
19 28
19 27
18 27
17 27
21 29
21 30
22 30
22 29
22 28
22 31
22 32
22 33
21 33
20 33
20 34
21 34
22 34
22 35
21 35
20 35
19 35
19 34
19 33
19 32
18 32
18 33
18 34
18 35
17 35
17 34
17 33
16 33
16 34
16 35
23 35
23 34
23 33
23 32
23 31
23 30
23 29
23 28
23 27
24 27
24 28
24 29
24 30
24 31
24 32
24 33
24 34
24 35
23 36
24 36
24 37
16 27
16 28
25 37
25 36
25 35
25 28
25 29
25 30
25 31
25 32
15 35
15 34
15 33
26 31
26 32
26 33
26 34
27 34
27 33
27 32
27 31
27 30
28 30
28 31
28 32
28 33
28 34
28 35
29 35
29 34
30 34
29 32
29 31
30 31
31 31
32 31
33 31
33 32
32 32
33 33
32 33
31 33
31 34
32 34
33 34
15 28
15 27
15 26
16 26
17 26
0
Yes
12 49
12 48
11 48
11 49
0
No
0
Yes
39 18
38 18
38 19
39 19
40 18
40 19
40 20
39 20
38 20
37 20
36 20
36 21
37 21
38 21
39 21
40 21
40 22
39 22
38 22
37 22
36 22
39 23
38 23
37 23
36 23
41 22
41 21
41 20
41 19
41 18
42 21
42 22
42 20
42 19
42 18
43 20
43 19
43 18
42 23
41 23
44 18
44 19
44 20
44 21
45 21
45 20
45 19
45 18
44 17
43 17
42 17
41 17
43 16
42 16
41 16
40 16
40 15
41 15
42 15
43 15
41 24
42 24
42 25
41 25
40 25
39 25
39 24
38 24
38 25
37 24
36 24
37 25
36 25
36 26
37 26
38 26
36 27
37 27
38 27
0
No
0
No
0
No
0
No
0
Yes
7 16
7 17
6 17
7 15
8 15
8 14
7 14
7 13
8 13
8 12
8 11
8 10
7 10
7 11
6 10
6 11
6 12
6 13
6 14
5 14
5 13
5 12
5 11
5 10
5 17
5 16
5 18
5 19
5 9
4 11
4 10
4 9
3 10
3 9
2 9
1 9
1 8
0 8
0 9
4 14
3 14
4 15
4 16
4 17
4 18
4 19
3 15
3 16
3 17
3 18
3 19
4 20
3 20
2 19
2 20
2 18
2 17
2 16
2 15
2 21
1 21
1 20
0 20
0 21
1 15
1 16
1 17
1 18
0 18
0 17
0 16
0 15
0
Yes
45 0
46 0
46 1
45 1
45 2
46 2
46 3
45 3
44 3
44 2
44 1
44 0
43 0
43 1
43 2
43 3
42 3
42 2
42 1
42 0
41 3
41 2
41 1
41 0
42 4
43 4
44 4
45 4
46 4
46 5
45 5
44 5
43 5
42 5
42 6
43 6
44 6
45 6
46 6
0
Yes
23 19
23 20
24 20
24 19
25 19
22 20
22 19
21 19
21 18
22 18
23 18
24 18
25 18
26 18
26 17
25 17
24 17
23 17
22 17
21 17
20 17
20 18
20 19
20 20
20 21
21 21
22 21
23 21
24 21
25 21
24 16
25 16
23 16
22 16
21 16
20 16
25 15
25 14
24 14
20 15
21 15
22 15
23 15
23 14
22 14
21 14
21 13
22 13
23 13
24 13
25 13
22 12
23 12
24 12
25 12
22 11
19 15
19 16
22 22
23 22
24 22
25 22
19 18
19 19
18 16
0
Yes
48 43
48 42
47 42
47 43
47 44
48 44
47 45
48 45
48 46
49 46
49 45
49 44
49 43
49 42
46 45
46 44
46 43
46 42
45 42
45 43
45 44
0
Yes
15 18
16 18
16 19
15 19
15 20
16 20
15 21
16 21
14 21
14 20
14 19
14 18
13 20
13 19
13 18
13 17
14 17
15 17
16 17
12 17
12 16
13 16
14 16
15 16
16 16
16 15
15 15
14 15
13 15
12 15
15 14
14 14
13 14
0
Yes
31 11
30 11
29 11
29 10
29 9
29 8
28 10
28 9
28 8
28 7
28 6
28 5
29 5
27 5
27 6
27 7
27 8
27 9
27 10
27 11
26 11
26 10
26 9
26 8
26 7
26 6
25 8
25 7
25 6
25 5
24 8
24 7
24 6
24 5
23 7
23 8
23 6
23 5
22 6
22 5
23 9
22 9
22 8
21 8
26 12
27 12
26 13
27 13
27 14
27 15
28 15
28 14
28 13
28 12
29 12
29 13
29 14
29 15
30 12
30 13
30 14
30 15
31 12
31 13
31 14
31 15
29 16
30 16
31 16
29 17
30 17
31 17
31 18
30 18
29 18
28 18
20 8
27 4
28 4
29 4
20 9
20 10
19 10
19 9
28 19
29 19
30 19
31 19
29 20
28 20
27 20
29 21
28 21
27 21
28 22
27 22
26 22
26 23
27 23
28 23
28 24
29 24
29 23
32 16
32 15
32 14
32 13
32 12
32 17
32 18
32 19
32 20
33 17
33 18
33 19
33 20
34 18
34 19
34 20
35 19
35 20
35 21
34 21
33 21
33 22
34 22
35 22
35 23
34 23
33 12
33 13
33 14
34 14
34 13
34 12
34 11
35 11
35 12
35 13
35 14
36 14
36 13
36 12
0
No
0
No
0
Yes
11 0
11 1
11 2
10 2
10 3
10 4
9 4
9 3
8 4
8 3
8 2
8 1
12 2
12 1
12 0
12 3
12 4
12 5
7 1
7 2
7 3
7 4
7 5
6 5
6 4
6 3
6 2
6 1
5 1
5 2
5 3
4 3
4 2
5 0
6 0
7 0
13 1
13 0
13 5
13 4
13 3
14 3
15 3
15 2
14 2
14 5
15 5
14 6
15 6
16 6
17 6
18 6
18 7
17 7
16 7
15 7
14 7
18 8
17 8
16 8
15 8
14 8
13 8
12 8
11 8
11 9
12 9
13 9
14 9
15 9
16 9
17 9
18 9
18 10
17 10
16 10
15 10
14 10
13 10
12 10
11 10
14 11
13 11
12 11
11 11
12 7
0
Yes
48 26
47 26
46 26
46 27
47 27
48 27
48 28
47 28
46 28
49 28
49 27
49 26
48 25
49 25
0
Yes
8 23
9 23
8 22
7 22
7 23
7 21
8 21
9 21
9 20
8 20
7 24
8 24
9 24
7 25
8 25
9 25
9 26
10 26
10 25
10 24
11 24
11 25
11 26
12 26
12 25
12 24
13 24
13 25
14 25
14 24
15 25
15 24
0
No
0
Yes
48 17
47 17
48 18
48 19
48 20
49 18
49 19
49 20
49 21
48 21
47 21
47 22
48 22
48 23
47 23
47 16
48 16
47 15
48 15
47 14
48 14
49 15
49 14
49 13
49 12
49 11
49 10
48 10
48 11
47 11
47 10
46 11
46 10
46 9
47 9
47 8
46 8
49 9
46 15
47 19
46 12
0
No
0
Yes
9 48
9 49
8 49
8 48
7 48
7 49
7 47
1
48
44 48
44 47
44 46
44 45
44 44
44 43
43 43
43 44
43 45
43 46
43 47
43 48
42 48
42 47
42 46
42 45
42 44
42 43
42 42
42 41
43 41
41 43
41 44
41 45
41 46
41 47
41 48
43 40
42 40
43 39
42 39
41 49
Yes
21 15
21 14
21 13
20 15
20 16
21 16
20 17
21 17
22 17
22 16
22 15
22 14
22 13
22 12
23 12
23 13
23 14
23 15
23 16
23 17
24 16
24 17
25 16
25 17
26 17
25 15
25 14
24 14
24 13
25 13
24 12
25 12
26 18
25 18
24 18
23 18
22 18
21 18
20 18
19 18
25 19
24 19
23 19
22 19
21 19
20 19
19 19
20 20
19 16
19 15
20 21
21 21
19 21
19 22
19 23
18 19
17 19
17 20
18 20
18 21
17 21
18 22
18 23
17 22
17 23
16 22
16 23
15 23
22 20
22 21
23 20
24 20
23 21
24 21
25 21
25 22
24 22
23 22
22 22
24 23
23 23
22 23
21 23
24 24
23 24
22 24
21 24
20 24
19 24
18 24
17 24
16 24
15 24
15 25
16 25
17 25
18 25
19 25
20 25
21 25
22 25
23 25
24 25
24 26
23 26
22 26
21 26
20 26
19 26
18 26
14 25
14 24
13 24
13 25
12 24
12 25
12 26
11 26
0
No
1
48
40 2
40 1
40 0
39 0
39 1
39 2
39 3
39 4
39 5
40 5
40 6
39 6
38 6
38 5
38 4
38 3
38 2
38 1
38 0
37 6
37 5
37 4
37 3
37 2
37 1
37 0
36 6
36 5
36 4
36 3
36 2
36 1
Yes
28 46
28 47
28 48
29 48
30 48
31 48
32 48
33 48
29 46
30 46
30 45
29 45
28 49
29 49
30 49
31 49
32 49
33 49
34 49
34 48
34 47
35 47
35 48
35 49
36 49
36 48
36 47
37 47
37 48
37 49
38 49
38 48
38 47
39 47
39 48
39 49
40 49
40 48
40 47
41 49
41 48
41 47
42 48
42 47
43 48
43 47
44 48
44 47
44 46
43 46
42 46
41 46
40 46
39 46
38 46
37 46
36 46
35 46
34 46
33 46
33 45
33 44
33 43
32 43
32 42
33 42
33 41
34 45
35 45
36 45
37 45
38 45
39 45
40 45
41 45
42 45
43 45
44 45
34 44
35 44
36 44
37 44
38 44
39 44
34 43
34 42
35 43
35 42
36 43
37 43
38 43
39 43
36 42
37 42
37 41
36 41
33 40
33 39
34 39
34 38
33 38
44 44
43 44
42 44
41 44
41 43
42 43
43 43
44 43
45 45
31 38
44 42
32 38
0
No
0
Yes
19 9
19 10
20 10
20 9
20 8
21 8
22 8
22 9
23 9
23 8
24 8
25 8
23 7
24 7
25 7
26 7
26 8
26 9
26 10
26 11
26 12
26 13
27 11
27 12
27 13
27 10
27 9
27 8
27 7
28 7
28 8
28 9
28 10
29 8
29 9
29 10
29 11
30 11
31 11
28 6
27 6
26 6
25 6
24 6
23 6
22 6
22 5
22 4
22 3
21 3
21 2
22 2
23 5
24 5
25 5
23 4
24 4
25 4
23 3
24 3
25 3
23 2
22 1
23 1
24 1
24 0
23 0
22 0
21 0
20 0
27 5
28 5
29 5
29 4
28 4
27 4
27 14
27 15
28 15
28 14
28 13
28 12
29 12
29 13
29 14
29 15
30 12
30 13
30 14
30 15
31 12
31 13
31 14
31 15
32 15
32 14
32 13
32 12
33 12
33 13
33 14
34 14
34 13
34 12
34 11
35 11
35 12
35 13
35 14
36 14
36 13
36 12
32 16
31 16
30 16
29 16
29 17
30 17
31 17
32 17
33 17
33 18
32 18
31 18
30 18
29 18
28 18
34 18
28 19
29 19
30 19
31 19
32 19
33 19
34 19
35 19
32 20
33 20
34 20
35 20
35 21
34 21
33 21
33 22
34 22
35 22
35 23
34 23
36 15
0
No
0
Yes
33 26
33 27
33 28
33 29
33 30
32 30
32 29
32 28
32 27
32 26
31 30
31 29
31 28
31 27
31 26
30 28
30 27
30 26
30 25
31 25
32 25
33 25
33 24
32 24
31 24
30 24
29 24
28 24
32 23
31 23
30 23
29 23
28 23
28 22
27 23
27 22
26 22
26 23
27 21
28 21
29 21
29 20
28 20
27 20
34 25
34 26
34 27
34 28
34 29
34 30
35 25
35 26
35 27
35 28
35 29
35 30
36 30
36 29
36 28
37 28
38 28
39 28
39 29
40 29
40 28
41 29
41 28
42 28
41 27
42 27
29 26
0
Yes
32 2
32 3
33 3
33 2
33 1
0
Yes
9 25
8 25
7 25
7 24
8 24
9 24
9 23
8 23
7 23
7 22
8 22
10 24
10 25
11 25
11 24
7 26
7 21
8 21
9 21
8 20
9 20
10 20
9 26
10 26
10 27
0
No
0
No
0
No
0
No
0
No
0
Yes
2 45
2 46
1 46
1 47
2 47
0 47
0 48
1 48
2 48
2 49
1 49
0 49
3 49
3 48
3 47
3 46
3 45
3 44
2 44
2 43
2 42
1 42
1 43
1 44
0 44
0 43
0 42
4 45
4 46
4 47
4 48
4 49
3 42
0
No
0
No
0
No
0
No
0
No
0
No
0
Yes
47 44
47 45
47 46
47 47
48 47
48 46
48 45
48 44
48 48
47 48
48 49
47 49
46 49
46 48
46 47
46 46
46 45
46 44
46 43
47 43
48 43
48 42
47 42
46 42
45 42
45 43
45 44
45 45
45 46
45 47
45 48
45 49
44 42
44 43
44 44
44 45
44 46
44 47
44 48
0
Yes
18 7
18 6
17 6
17 7
16 6
16 7
18 8
17 8
16 8
15 8
15 7
15 6
0
Yes
7 3
7 4
7 5
6 5
6 4
6 3
5 3
4 3
4 2
5 2
6 2
7 2
8 2
8 3
8 4
8 1
7 1
6 1
5 1
5 0
6 0
7 0
9 4
9 3
10 4
10 3
10 2
11 2
12 2
12 3
12 4
12 5
11 1
12 1
11 0
12 0
13 1
13 0
13 5
13 4
13 3
14 5
14 6
14 7
14 8
13 8
12 8
11 8
11 9
12 9
12 10
11 10
10 10
9 10
9 11
10 11
11 11
12 11
13 9
13 10
13 11
14 9
14 10
14 11
15 10
15 9
16 9
16 10
17 9
17 10
17 11
17 12
18 12
18 11
18 10
18 9
19 9
19 10
20 10
20 9
20 8
21 8
22 8
22 9
23 9
23 8
24 8
25 8
23 7
24 7
25 7
13 12
12 12
11 12
10 12
9 12
13 13
12 13
11 13
10 13
9 13
9 14
10 14
11 14
12 14
11 15
10 15
14 3
15 3
15 2
14 2
26 7
26 8
19 12
20 3
26 6
25 6
24 6
23 6
22 6
22 5
23 5
24 5
25 5
25 4
24 4
23 4
22 4
25 3
24 3
23 3
22 3
21 3
21 2
22 2
23 2
22 1
23 1
24 1
24 0
23 0
22 0
21 0
12 7
17 13
0
Yes
37 46
37 47
37 48
37 49
38 49
38 48
38 47
38 46
38 45
37 45
37 44
38 44
38 43
37 43
37 42
37 41
36 41
36 42
36 43
36 44
36 45
36 46
36 47
36 48
36 49
35 42
35 43
35 44
35 45
35 46
35 47
35 48
35 49
34 47
34 48
34 49
34 46
34 45
34 44
34 43
34 42
33 46
33 45
33 44
33 43
33 42
33 41
33 40
33 39
34 39
34 38
33 38
33 48
33 49
32 42
32 43
39 43
39 44
39 45
39 46
39 47
39 48
39 49
40 45
40 46
40 47
40 48
40 49
41 49
41 48
41 47
41 46
41 45
0
No
0
Yes
29 45
30 45
30 46
29 46
0
Yes
23 13
23 12
22 12
22 13
21 13
21 14
22 14
23 14
23 15
22 15
21 15
20 15
19 15
19 16
20 16
21 16
22 16
23 16
20 17
21 17
22 17
23 17
23 18
22 18
21 18
20 18
19 18
19 19
20 19
21 19
22 19
23 19
20 20
20 21
21 21
19 21
22 20
22 21
23 20
23 21
18 19
17 19
17 20
18 20
18 21
17 21
24 20
24 21
24 19
24 18
24 17
24 16
25 19
25 18
25 17
25 16
25 15
26 17
26 18
25 21
25 22
24 22
23 22
22 22
24 23
23 23
22 23
21 23
24 24
23 24
22 24
21 24
20 24
24 25
23 25
22 25
21 25
20 25
24 26
23 26
22 26
21 26
20 26
19 26
19 25
19 24
18 26
18 25
18 24
17 25
17 24
16 25
16 24
15 25
15 24
15 23
16 23
17 23
18 23
19 23
19 22
18 22
17 22
16 22
14 24
14 25
13 25
13 24
12 24
12 25
12 26
11 26
11 25
11 24
10 24
10 25
10 26
9 26
9 25
9 24
9 23
8 25
8 24
8 23
7 25
7 24
7 23
7 22
8 22
7 21
8 21
9 21
9 20
8 20
25 14
24 14
24 13
0
No
0
No
0
Yes
5 3
4 3
4 2
5 2
5 1
5 0
6 0
6 1
6 2
6 3
6 4
6 5
7 5
7 4
7 3
7 2
7 1
7 0
8 1
8 2
8 3
0
Yes
49 26
49 27
48 27
48 26
47 26
47 27
46 26
46 27
46 28
47 28
48 28
49 28
0
No
0
No
0
Yes
1 20
0 20
2 20
3 20
4 20
2 19
3 19
4 19
4 18
3 18
2 18
1 18
0 18
0 17
1 17
2 17
3 17
4 17
4 16
3 16
2 16
1 16
0 16
0 15
1 15
2 15
3 15
4 15
3 14
4 14
5 16
5 17
5 18
5 19
0
No
0
Yes
32 48
32 49
31 48
31 49
30 48
30 49
29 48
29 49
28 48
28 49
0
Yes
8 10
9 10
10 10
7 10
7 11
8 11
9 11
10 11
8 12
9 12
10 12
6 10
6 11
6 12
5 12
5 11
5 10
5 9
4 11
4 10
4 9
3 10
3 9
2 9
1 9
1 8
0 8
0 9
5 13
6 13
6 14
5 14
12 7
11 5
7 13
7 14
8 13
8 14
9 13
9 14
10 13
10 14
11 14
11 13
11 12
11 11
11 10
11 9
11 8
11 15
10 15
12 14
12 13
12 12
12 11
12 10
12 9
12 8
13 13
13 12
13 11
13 10
13 9
13 8
14 11
14 10
14 9
14 8
14 7
14 6
14 5
8 15
7 15
15 5
19 12
16 12
13 5
12 5
12 4
13 4
13 3
12 3
12 2
11 2
10 2
10 3
10 4
9 4
9 3
11 1
12 1
13 1
13 0
12 0
11 0
14 3
15 3
15 2
14 2
15 9
15 10
16 10
16 9
17 9
17 10
17 11
17 12
18 12
18 11
18 10
18 9
19 9
19 10
20 10
20 9
20 8
21 8
22 8
22 9
23 9
23 8
15 12
0
Yes
1 18
0 18
0 17
1 17
2 17
2 18
3 18
3 17
4 17
4 18
5 18
5 17
5 16
4 16
3 16
2 16
1 16
0 16
0 15
1 15
2 15
3 15
4 15
0
No
0
No
1
19
33 2
33 3
32 3
32 2
33 1
Yes
19 0
19 1
18 1
18 0
20 0
21 0
22 0
22 1
22 2
21 2
21 3
22 3
22 4
22 5
22 6
23 2
23 3
23 4
23 5
23 6
23 1
23 0
24 1
24 0
23 7
24 3
24 4
24 5
24 6
24 7
24 8
25 3
25 4
25 5
25 6
25 7
25 8
26 6
26 7
26 8
26 9
26 10
26 11
25 11
25 12
26 12
25 13
26 13
27 11
27 12
27 13
27 10
27 9
27 8
27 7
27 6
28 6
28 7
28 8
28 9
28 10
29 8
29 9
29 10
29 11
30 11
18 2
27 5
28 5
29 5
29 4
28 4
27 4
27 14
27 15
28 15
28 14
28 13
28 12
29 12
29 13
29 14
29 15
30 12
30 13
30 14
0
No
0
Yes
39 19
38 19
38 20
39 20
37 20
37 21
38 21
39 21
39 22
38 22
37 22
39 23
38 23
37 23
40 22
40 21
40 20
40 19
41 19
41 20
41 21
41 22
41 23
42 23
42 22
42 21
42 20
42 19
43 20
43 19
44 19
44 20
44 21
44 22
45 21
45 20
45 19
44 23
45 23
45 24
44 24
43 24
42 24
41 24
45 18
44 18
43 18
42 18
41 18
40 18
39 18
38 18
44 17
43 17
42 17
41 17
43 16
42 16
41 16
40 16
40 15
41 15
42 15
43 15
0
No
0
No
0
Yes
47 23
48 23
48 22
47 22
47 21
48 21
49 21
48 20
49 20
48 19
49 19
49 18
48 18
48 17
47 17
47 16
48 16
47 15
48 15
47 14
48 14
49 15
49 14
49 13
49 12
49 11
49 10
48 10
48 11
47 11
47 10
46 11
46 10
46 9
47 9
47 8
46 8
46 7
45 7
44 7
43 7
43 8
42 7
42 8
46 12
0
No
1
94
19 41
19 42
19 43
18 42
18 41
17 42
17 41
16 42
16 41
16 43
16 40
17 40
18 40
19 40
15 40
15 41
14 41
13 41
17 39
18 39
19 39
19 38
18 38
17 38
16 38
15 38
14 38
19 44
20 44
20 43
20 42
20 41
20 40
20 39
20 38
20 37
20 36
21 37
21 38
21 39
21 40
21 41
21 42
21 43
21 44
22 38
22 39
22 40
22 41
22 42
22 43
22 44
22 45
23 44
23 43
23 42
23 41
23 40
23 39
23 38
24 38
24 39
24 40
24 41
24 42
24 43
24 44
25 38
25 39
25 40
25 41
25 42
25 43
25 44
26 44
26 43
26 42
26 41
26 40
27 40
27 41
27 42
27 43
27 44
28 42
28 43
Yes
26 6
26 7
26 8
26 9
26 10
25 8
25 7
25 6
24 8
24 7
24 6
23 7
23 6
22 6
22 5
23 5
24 5
25 5
25 4
24 4
23 4
22 4
25 3
24 3
23 3
22 3
23 2
22 2
22 1
23 1
24 1
26 11
25 11
25 12
26 12
25 13
26 13
27 11
27 12
27 13
27 10
27 9
27 8
27 7
27 6
28 6
28 7
28 8
28 9
28 10
29 8
29 9
29 10
29 11
30 11
31 11
27 5
28 5
29 5
29 4
28 4
27 4
27 14
27 15
28 15
28 14
28 13
28 12
29 12
29 13
29 14
29 15
30 12
30 13
30 14
30 15
31 12
31 13
31 14
31 15
21 2
21 3
32 15
32 14
32 13
32 12
33 12
33 13
33 14
34 14
34 13
34 12
34 11
35 11
35 12
35 13
35 14
36 14
36 13
36 12
32 16
31 16
30 16
29 16
29 17
30 17
31 17
32 17
33 17
24 0
23 0
22 0
21 0
20 0
19 0
19 1
18 1
18 0
33 18
32 18
31 18
30 18
29 18
28 18
28 19
29 19
30 19
31 19
32 19
33 19
32 20
33 20
34 18
34 19
34 20
35 19
35 20
36 20
36 21
35 21
34 21
33 21
18 2
0
Yes
43 38
43 37
43 36
42 36
42 37
42 38
41 37
41 38
41 39
42 39
43 39
43 40
42 40
43 41
42 41
42 42
42 43
43 43
41 43
41 44
42 44
43 44
0
No
0
No
0
No
0
No
0
No
0
No
0
No
0
No
0
Yes
40 0
40 1
40 2
39 2
39 1
39 0
39 3
39 4
38 4
38 3
38 2
38 1
38 0
37 0
37 1
37 2
37 3
37 4
36 4
36 3
36 2
36 1
36 0
35 1
35 0
0
No
0
No
0
Yes
27 46
27 45
26 45
26 46
25 45
25 46
24 46
24 47
25 47
26 47
27 47
28 47
28 46
27 48
26 48
25 48
24 48
24 49
25 49
26 49
27 49
0
No
0
No
0
No
0
No
0
Yes
43 45
43 44
43 43
42 45
42 44
42 43
41 43
41 44
42 42
42 41
43 41
43 40
42 40
43 39
42 39
41 39
41 38
42 38
43 38
41 37
42 37
43 37
43 36
42 36
0
No
0
No
0
No
0
Yes
37 25
37 24
38 24
38 25
39 24
39 25
38 26
37 26
38 27
37 27
36 27
36 26
36 25
36 24
40 25
41 25
41 26
0
No
0
No
0
No
0
No
0
No
0
No
0
No
0
No
0
No
0
No
0
No
0
No
0
No
0
Yes
14 28
14 29
13 28
13 29
12 28
12 29
12 30
13 30
14 30
14 31
0
Yes
41 46
42 46
43 46
43 45
42 45
41 45
41 44
42 44
43 44
43 43
42 43
41 43
43 47
42 47
41 47
0
Yes
41 10
40 10
41 9
40 9
39 9
41 8
40 8
39 8
0
Yes
34 14
35 14
36 14
36 13
35 13
34 13
36 12
35 12
34 12
33 12
33 13
33 14
32 12
32 13
32 14
31 14
31 13
31 12
0
Yes
11 12
12 12
13 12
13 11
12 11
11 11
11 10
12 10
13 10
11 9
12 9
13 9
11 8
12 8
13 8
14 11
14 10
14 9
14 8
0
No
0
No
1
140
18 40
18 41
18 42
17 42
17 41
17 40
16 42
16 41
16 40
17 39
18 39
17 38
18 38
19 38
19 39
19 40
19 41
19 42
Yes
25 13
26 13
25 12
26 12
25 11
26 11
27 11
27 12
27 13
27 14
27 15
28 15
28 14
28 13
28 12
26 10
27 10
28 10
29 10
29 11
29 12
29 13
29 14
29 15
29 16
29 17
30 11
30 12
30 13
30 14
30 15
30 16
30 17
29 9
28 9
27 9
26 9
29 8
28 8
27 8
26 8
25 8
24 8
28 7
27 7
26 7
25 7
24 7
23 7
23 8
23 9
22 9
22 8
34 15
20 3
23 1
21 5
26 6
27 6
28 6
25 6
24 6
23 6
22 6
22 5
23 5
24 5
25 5
27 5
28 5
29 5
30 18
29 18
28 18
28 19
29 19
30 19
29 4
28 4
27 4
31 11
31 12
31 13
31 14
31 15
31 16
31 17
31 18
31 19
32 16
32 15
32 14
32 13
32 12
32 17
32 18
32 19
32 20
33 17
33 18
33 19
33 20
34 18
34 19
34 20
35 19
35 20
36 20
36 21
35 21
34 21
33 21
33 22
34 22
35 22
36 22
36 23
35 23
34 23
33 12
33 13
33 14
34 14
34 13
34 12
34 11
35 11
35 12
35 13
35 14
36 14
36 13
36 12
25 4
24 4
23 4
22 4
25 3
24 3
23 3
22 3
21 3
21 2
22 2
23 2
22 1
0
Yes
13 0
13 1
12 1
12 0
11 0
11 1
11 2
12 2
1
74
26 41
27 41
27 40
26 40
25 40
25 41
25 39
25 38
24 38
24 39
24 40
24 41
23 38
23 39
23 40
23 41
22 38
22 39
22 40
22 41
22 42
23 42
24 42
25 42
26 42
27 42
28 42
28 43
27 43
26 43
25 43
24 43
23 43
22 43
27 44
26 44
25 44
24 44
23 44
Yes
48 43
48 42
49 42
49 43
47 42
47 43
46 42
46 43
45 42
45 43
44 42
44 43
44 44
45 44
46 44
47 44
48 44
49 44
44 45
45 45
46 45
47 45
48 45
49 45
49 46
48 46
47 46
46 46
45 46
44 46
44 47
45 47
46 47
47 47
48 47
48 48
47 48
46 48
45 48
44 48
43 48
42 48
41 48
41 49
45 49
46 49
47 49
48 49
40 49
40 48
40 47
40 46
40 45
39 45
39 46
39 47
39 48
39 49
39 44
39 43
38 43
38 44
38 45
38 46
38 47
38 48
38 49
37 49
37 48
37 47
37 46
37 45
37 44
37 43
37 42
37 41
36 41
36 42
36 43
36 44
36 45
36 46
36 47
36 48
36 49
35 42
35 43
35 44
35 45
35 46
35 47
35 48
35 49
34 47
34 48
34 49
34 46
34 45
34 44
34 43
34 42
33 46
33 45
33 44
33 43
33 42
33 41
33 40
32 42
32 43
33 39
34 39
34 38
33 38
33 48
33 49
32 48
32 49
31 48
31 49
30 48
30 49
29 48
29 49
32 38
0
No
0
Yes
42 39
41 39
41 38
42 38
41 37
42 37
42 36
43 36
43 37
43 38
43 39
1
141
3 25
3 26
2 26
2 25
1 26
1 25
1 24
2 24
3 24
3 23
2 23
1 23
0 26
0 25
0 24
0 23
4 23
4 24
4 25
Yes
10 12
10 13
10 14
9 14
9 13
9 12
8 12
8 13
8 14
7 13
7 14
6 14
6 13
6 12
6 11
7 11
8 11
9 11
10 11
10 10
9 10
8 10
7 10
6 10
11 10
11 11
11 12
11 13
11 14
12 14
12 13
12 12
12 11
12 10
11 9
12 9
11 8
12 8
13 13
13 12
13 11
13 10
13 9
13 8
14 11
14 10
14 9
14 8
10 8
10 7
12 7
11 15
10 15
5 14
5 13
5 12
5 11
5 10
5 9
4 11
4 10
4 9
3 10
3 9
2 9
7 15
8 15
1 9
1 8
0 8
0 9
0
No
0
No
0
Yes
5 0
5 1
5 2
5 3
6 3
6 2
6 1
6 0
7 0
7 1
7 2
7 3
0
No
0
No
0
Yes
8 2
8 1
7 1
7 2
7 0
7 3
8 3
8 4
7 4
7 5
9 4
9 3
10 3
10 4
6 5
6 4
6 3
6 2
6 1
6 0
5 0
5 1
5 2
5 3
4 3
4 2
0
Yes
21 30
21 29
22 29
22 30
22 31
22 32
22 33
21 33
21 34
22 34
22 35
21 35
23 35
23 34
23 33
23 32
23 31
23 30
23 29
23 36
24 33
24 34
24 35
24 36
24 32
24 31
24 30
24 29
24 37
25 37
25 36
25 35
25 29
25 30
25 31
25 32
26 31
26 32
26 33
26 34
27 34
27 33
27 32
27 31
27 30
28 30
28 31
28 32
28 33
28 34
28 35
29 35
29 34
28 36
29 32
29 31
30 34
26 37
25 28
24 28
23 28
22 28
23 27
24 27
20 29
20 28
19 28
19 27
18 27
17 27
17 26
16 26
16 27
16 28
15 26
15 27
15 28
14 28
14 29
13 28
13 29
12 28
12 29
12 30
13 30
14 30
14 31
15 31
15 30
0
Yes
39 5
40 5
40 6
39 6
47 6
41 5
38 6
38 5
37 5
37 6
36 6
36 5
42 5
42 6
43 6
43 5
42 4
43 4
43 3
42 3
41 3
41 2
42 2
43 2
41 1
42 1
43 1
41 0
42 0
43 0
44 6
44 5
44 4
44 3
44 2
44 1
44 0
45 6
45 5
45 4
45 3
45 2
45 1
45 0
46 6
46 5
46 4
46 3
46 2
46 1
46 0
47 2
47 3
1
140
41 45
41 46
41 47
42 47
42 46
42 45
43 47
43 46
43 45
43 44
42 44
41 44
41 43
42 43
43 43
42 42
42 41
41 41
Yes
20 33
20 34
20 35
19 35
19 34
19 33
19 32
18 32
18 33
18 34
18 35
17 35
17 34
17 33
16 33
16 34
16 35
15 35
15 34
15 33
20 36
20 37
21 37
21 38
20 38
19 38
18 38
17 38
17 39
18 39
19 39
20 39
21 39
21 40
20 40
19 40
18 40
17 40
16 40
15 40
15 41
16 41
17 41
18 41
19 41
20 41
21 41
16 42
17 42
18 42
19 42
20 42
21 42
0
Yes
17 9
17 10
17 11
17 12
15 9
16 10
16 9
18 12
18 11
18 10
18 9
17 13
19 9
19 10
20 10
20 9
15 10
0
No
0
No
0
Yes
22 42
22 41
23 41
23 42
23 43
22 43
22 44
23 44
24 44
24 43
24 42
24 41
25 44
25 43
25 42
25 41
26 44
26 43
26 42
26 41
27 44
27 43
27 42
27 41
27 40
26 40
25 40
24 40
23 40
22 40
0
No
0
No
0
Yes
34 20
34 21
33 21
33 20
32 20
33 22
34 22
34 23
35 23
35 22
35 21
35 20
35 19
34 19
33 19
32 19
34 18
33 18
32 18
33 17
32 17
32 16
32 15
31 19
31 18
31 17
31 16
31 15
30 19
30 18
30 17
30 16
30 15
29 16
29 17
29 18
29 19
29 15
28 19
28 18
28 15
28 14
29 14
30 14
31 14
32 14
33 14
34 14
35 14
35 13
34 13
33 13
32 13
31 13
30 13
29 13
28 13
28 12
29 12
30 12
31 12
32 12
33 12
34 12
35 12
35 11
34 11
31 11
30 11
29 11
36 12
36 13
36 14
27 15
27 14
27 13
27 12
36 20
36 21
36 22
36 23
27 11
26 13
26 12
26 11
25 11
25 12
25 13
26 10
27 10
28 10
29 10
29 9
28 9
27 9
26 9
0
No
0
No
0
No
0
No
0
Yes
11 44
11 45
11 46
12 44
12 45
12 46
13 46
13 45
13 44
13 43
14 43
14 44
14 45
14 46
15 43
15 44
15 45
15 46
16 43
16 44
16 45
16 46
17 44
17 45
17 46
18 45
18 46
13 47
12 47
14 47
15 47
16 47
17 47
18 47
14 48
15 48
16 48
17 48
0
No
0
Yes
24 4
25 4
25 3
24 3
25 5
24 5
23 5
23 4
23 3
23 2
22 4
22 5
22 3
22 2
21 2
21 3
22 6
23 6
24 6
25 6
23 7
24 7
25 7
25 8
24 8
23 8
0
Yes
0 20
0 21
1 21
1 20
2 21
2 20
0
Yes
30 46
29 46
29 45
30 45
0
Yes
23 1
24 1
22 1
24 0
23 0
22 0
25 0
1
114
38 25
38 26
39 25
40 25
41 25
41 26
37 26
37 25
36 25
36 26
36 27
37 27
38 27
36 24
37 24
38 24
39 24
42 25
42 26
43 26
43 27
Yes
14 44
14 43
15 43
15 44
16 43
16 44
17 44
17 45
16 45
15 45
14 45
18 45
18 46
17 46
16 46
15 46
14 46
14 47
15 47
16 47
17 47
18 47
14 48
15 48
16 48
17 48
18 48
17 49
18 49
19 49
19 48
19 47
19 46
19 45
20 45
20 46
20 47
20 48
20 49
19 44
20 44
19 43
20 43
21 43
21 44
13 43
13 44
13 45
13 46
13 47
12 47
12 46
12 45
12 44
11 44
11 45
11 46
12 48
11 48
11 49
12 49
21 47
21 48
21 49
22 47
22 48
22 49
23 49
24 49
24 48
24 47
24 46
25 46
25 47
25 48
25 49
26 49
26 48
1
114
27 6
26 6
26 7
27 7
27 5
27 4
26 8
27 8
28 8
28 7
28 6
28 5
28 4
28 3
28 2
29 5
29 4
30 4
30 3
29 8
30 8
Yes
31 26
30 26
30 27
31 27
30 28
31 28
31 29
30 25
31 25
31 24
30 24
29 24
28 24
29 23
30 23
31 23
28 23
32 23
32 24
32 25
32 26
32 27
32 28
32 29
33 24
33 25
33 26
33 27
33 28
33 29
34 25
34 26
34 27
34 28
34 29
34 30
33 30
32 30
31 30
30 30
30 31
31 31
32 31
33 31
33 32
32 32
33 33
32 33
31 33
31 34
32 34
33 34
35 30
35 29
35 28
35 27
35 26
35 25
36 30
36 29
36 28
36 27
36 26
36 25
36 24
37 24
37 25
37 26
37 27
37 28
38 28
38 27
38 26
38 25
38 24
39 24
39 25
29 26
0
No
0
Yes
27 42
28 42
28 43
27 43
29 43
30 43
30 42
27 44
27 45
27 46
28 46
28 47
27 47
26 47
26 46
26 45
26 44
26 43
26 42
25 45
25 44
25 43
25 42
24 44
24 43
24 42
27 48
28 48
28 49
27 49
23 44
23 43
23 42
22 42
22 43
22 44
22 45
22 41
23 41
24 41
25 41
26 41
27 41
27 40
26 40
25 40
24 40
23 40
22 40
22 39
23 39
24 39
25 39
25 38
24 38
23 38
22 38
30 41
31 41
31 40
30 40
0
No
0
No
0
No
0
No
0
No
0
No
0
No
0
No
1
158
42 7
42 8
42 9
41 8
41 9
40 8
40 9
39 9
39 8
40 10
41 10
43 8
43 7
44 7
45 7
46 7
46 8
47 8
47 9
46 9
46 10
47 10
46 11
47 11
48 11
48 10
49 10
49 11
49 12
49 13
49 14
49 15
48 14
48 15
47 14
47 15
47 16
48 16
47 17
48 17
48 18
48 19
48 20
49 18
49 19
49 20
49 21
48 21
47 21
47 22
48 22
48 23
47 23
Yes
21 33
20 33
20 34
21 34
21 35
20 35
20 36
20 37
21 37
21 38
20 38
21 39
20 39
21 40
20 40
21 41
20 41
21 42
20 42
22 35
22 34
22 33
22 32
23 32
23 33
23 34
23 35
23 36
24 34
24 33
24 32
24 35
24 36
24 37
25 37
25 36
25 35
25 32
26 32
26 33
26 34
27 34
27 33
27 32
28 33
28 34
28 32
29 32
28 35
29 35
29 34
29 31
28 31
27 31
26 31
25 31
24 31
23 31
22 31
27 30
28 30
25 30
24 30
23 30
22 30
21 30
21 29
22 29
23 29
24 29
25 29
25 28
24 28
23 28
22 28
23 27
24 27
20 29
20 28
19 28
19 27
18 27
17 27
17 26
16 26
16 27
16 28
15 26
15 27
15 28
14 28
14 29
13 28
13 29
12 28
12 29
12 30
13 30
14 30
14 31
15 31
15 30
19 42
19 41
19 40
19 39
19 38
18 38
18 39
18 40
18 41
18 42
17 38
17 39
17 40
17 41
17 42
16 42
16 41
16 40
15 40
15 41
19 35
19 34
19 33
19 32
18 32
18 33
18 34
18 35
26 37
0
No
0
No
0
No
0
No
0
No
0
No
0
No
0
No
0
No
0
No
0
No
0
No
0
No
0
No
0
No
0
No
0
Yes
42 6
42 7
42 8
42 9
43 8
43 7
43 6
44 7
44 6
45 7
45 6
46 6
46 7
46 8
47 8
47 9
46 9
46 10
47 10
46 11
47 11
48 11
48 10
49 10
49 11
49 12
49 13
41 8
41 9
41 10
40 10
40 9
40 8
49 14
49 15
48 14
48 15
47 14
47 15
47 16
48 16
47 17
48 17
39 9
39 8
39 7
48 18
48 19
48 20
49 18
49 19
49 20
49 21
48 21
47 21
47 22
48 22
48 23
47 23
46 5
45 5
44 5
43 5
42 5
41 5
40 5
40 6
39 6
39 5
39 4
39 3
38 6
38 5
38 4
38 3
37 6
37 5
37 4
37 3
36 6
36 5
36 4
36 3
35 4
34 4
33 4
33 3
32 3
32 2
33 2
33 1
34 1
35 1
34 0
35 0
36 2
37 2
38 2
39 2
36 1
37 1
38 1
39 1
36 0
37 0
38 0
39 0
40 2
40 1
0
No
0
Yes
29 48
29 49
30 48
30 49
31 48
31 49
1
42
48 2
48 3
47 3
47 2
46 2
46 3
46 4
46 1
46 0
45 4
45 3
45 2
45 1
45 0
44 4
44 3
44 2
44 1
44 0
43 4
43 3
43 2
43 1
43 0
42 4
42 3
42 2
42 1
42 0
41 3
41 2
41 1
41 0
Yes
49 26
49 25
48 25
48 26
47 26
46 26
46 27
47 27
48 27
49 27
49 28
48 28
47 28
46 28
45 28
45 27
44 28
44 27
43 27
43 26
42 26
42 27
42 28
42 25
41 25
41 26
41 27
41 28
41 29
41 30
41 31
42 31
43 31
44 31
45 31
46 31
46 32
45 32
44 32
43 32
42 32
41 32
46 33
45 33
44 33
43 33
42 33
41 33
44 34
43 34
42 34
41 34
41 35
42 35
43 35
43 36
42 36
43 37
42 37
41 37
41 38
42 38
43 38
41 39
42 39
43 39
43 40
42 40
40 28
40 29
40 30
40 31
40 32
40 33
40 34
40 35
40 36
39 28
39 29
39 30
39 31
39 32
39 33
39 34
39 35
39 36
38 30
38 31
38 32
38 33
38 34
38 35
38 36
37 34
37 35
37 36
36 36
36 37
36 38
36 39
35 39
34 39
34 38
33 38
33 39
0
Yes
48 46
48 47
49 46
49 45
48 45
48 44
49 44
49 43
48 43
48 42
49 42
47 42
47 43
47 44
47 45
47 46
47 47
46 42
46 43
46 44
46 45
46 46
46 47
45 42
45 43
45 44
45 45
45 46
45 47
44 42
44 43
44 44
44 45
44 46
0
No
0
Yes
36 48
36 49
37 49
37 48
37 47
36 47
36 46
37 46
37 45
36 45
36 44
37 44
37 43
36 43
37 42
36 42
36 41
37 41
35 42
35 43
35 44
35 45
35 46
35 47
35 48
35 49
34 47
34 48
34 49
34 46
34 45
34 44
34 43
34 42
33 46
33 45
33 44
33 43
33 42
32 42
32 43
33 48
33 49
32 48
32 49
38 43
38 44
38 45
38 46
38 47
38 48
38 49
39 43
39 44
39 45
39 46
39 47
39 48
39 49
40 45
40 46
40 47
40 48
0
Yes
33 14
34 14
35 14
36 14
36 13
35 13
34 13
33 13
36 12
35 12
34 12
33 12
34 11
35 11
0
Yes
7 26
7 25
7 24
7 23
7 22
7 21
6 23
6 24
6 25
6 26
6 27
5 27
5 26
5 25
5 24
5 23
5 22
4 22
4 23
4 24
4 25
4 26
4 27
3 26
3 25
3 24
3 23
2 23
2 24
2 25
2 26
1 26
1 25
1 24
1 23
0 23
0 24
0 25
0 26
8 22
8 23
8 24
8 25
8 21
9 21
9 20
8 20
9 23
9 24
9 25
5 21
0
No
0
Yes
14 21
15 21
16 21
16 20
15 20
14 20
13 20
13 19
14 19
15 19
16 19
16 18
15 18
14 18
13 18
1
215
45 3
45 4
46 4
46 3
44 4
44 3
44 2
45 2
46 2
46 1
45 1
44 1
46 0
45 0
44 0
Yes
32 19
32 20
31 19
30 19
30 18
31 18
32 18
33 18
33 19
33 20
34 18
34 19
34 20
35 19
35 20
36 20
33 17
32 17
31 17
30 17
32 16
31 16
30 16
32 15
31 15
30 15
32 14
31 14
30 14
32 13
31 13
30 13
32 12
31 12
30 12
36 21
35 21
34 21
33 21
33 22
34 22
35 22
36 22
36 23
35 23
34 23
31 11
30 11
29 11
29 12
29 13
29 14
29 15
29 16
29 17
29 18
29 19
28 18
28 19
29 20
28 20
27 20
29 21
28 21
27 21
28 22
27 22
27 23
26 23
26 22
25 22
25 21
28 15
28 14
28 13
28 12
27 15
27 14
27 13
27 12
27 11
26 13
26 12
26 11
25 11
25 12
25 13
25 14
25 15
25 16
24 16
24 14
24 13
24 12
23 12
23 13
23 14
22 12
22 13
22 14
21 13
21 14
23 15
23 16
22 15
22 16
21 15
21 16
20 15
20 16
19 15
19 16
18 16
17 16
17 17
20 17
21 17
22 17
23 17
24 17
25 17
26 17
26 18
25 18
24 18
23 18
22 18
21 18
20 18
19 18
25 19
24 19
23 19
22 19
21 19
20 19
19 19
20 20
0
No
0
Yes
15 14
14 14
13 14
13 15
14 15
15 15
16 15
16 16
15 16
14 16
13 16
16 17
15 17
14 17
13 17
13 18
14 18
15 18
16 18
13 19
14 19
15 19
16 19
13 20
14 20
15 20
16 20
0
Yes
31 40
31 41
30 40
30 41
30 42
0
Yes
42 1
43 1
43 0
42 0
41 0
41 1
41 2
42 2
43 2
41 3
42 3
43 3
0
No
0
No
0
Yes
14 2
15 2
15 3
14 3
0
No
0
Yes
24 21
24 20
23 20
23 21
22 20
22 21
22 22
23 22
24 22
24 23
23 23
22 23
1
218
22 40
22 41
22 42
22 43
22 44
23 44
23 43
23 42
23 41
23 40
24 44
24 43
24 42
24 41
24 40
22 39
23 39
24 39
22 38
23 38
24 38
25 38
25 39
25 40
25 41
25 42
25 43
Yes
15 19
15 20
15 21
14 21
14 20
14 19
14 18
15 18
16 18
16 19
16 20
16 21
16 22
17 19
17 20
17 21
17 22
18 19
18 20
18 21
18 22
18 23
17 23
16 23
15 23
15 24
16 24
17 24
18 24
17 25
16 25
15 25
18 25
18 26
14 25
14 24
19 21
19 22
19 23
19 24
19 25
19 26
13 20
13 19
13 18
20 26
20 25
20 24
21 24
21 25
21 26
22 26
22 25
22 24
23 24
23 25
23 26
24 26
24 25
24 24
25 25
0
No
1
223
29 45
29 46
30 46
30 45
Yes
13 10
13 11
13 12
13 13
13 14
13 15
12 15
12 14
12 13
12 12
12 11
12 10
12 9
13 9
13 8
12 8
12 7
11 8
11 9
11 10
11 11
11 12
11 13
11 14
11 15
10 15
10 14
10 13
10 12
10 11
10 10
9 10
9 11
9 12
9 13
9 14
8 12
8 13
8 14
8 11
8 10
8 15
7 15
7 14
7 13
6 14
6 13
6 12
5 12
5 13
5 14
7 10
7 11
6 11
6 10
5 11
5 10
5 9
10 8
10 7
9 8
8 8
8 7
8 6
7 7
6 7
4 11
4 10
4 9
3 10
3 9
2 9
4 14
3 14
7 16
7 17
6 17
14 11
14 10
14 9
14 8
14 7
14 6
14 5
13 5
13 4
12 4
12 5
11 5
15 5
12 3
13 3
14 3
15 3
15 2
14 2
1 9
1 8
0 8
0 9
0 10
0 11
0
Yes
28 48
28 47
28 46
27 48
27 47
27 46
26 47
26 46
27 45
26 45
27 44
26 44
26 43
27 43
28 43
28 42
27 42
26 42
26 41
27 41
27 40
26 40
27 49
28 49
25 44
25 45
29 48
29 49
29 43
0
No
0
No
0
No
0
Yes
17 0
19 0
19 1
18 1
18 0
0
No
0
No
0
No
0
No
0
No
0
No
0
Yes
1 47
1 46
0 47
0 48
1 48
1 49
0 49
2 49
2 48
2 47
2 46
2 45
3 45
3 46
3 47
3 48
3 49
3 44
2 44
2 43
2 42
1 42
1 43
1 44
0 44
0 43
0 42
4 49
4 48
4 47
0
No
0
No
0
No
0
No
0
Yes
34 26
34 25
33 25
33 26
33 24
32 24
32 25
32 26
32 27
33 27
34 27
34 28
33 28
32 28
31 28
31 27
31 26
31 25
31 24
30 28
30 27
30 26
30 25
30 24
32 23
31 23
30 23
31 29
32 29
33 29
34 29
34 30
33 30
32 30
31 30
0
No
0
Yes
42 44
43 44
43 43
42 43
43 45
42 45
43 46
42 46
41 43
41 44
41 45
41 46
0
Yes
23 40
22 40
22 41
23 41
22 42
23 42
22 43
23 43
22 44
23 44
22 39
23 39
22 38
23 38
24 38
24 39
24 40
24 41
24 42
24 43
24 44
25 38
25 39
25 40
25 41
25 42
25 43
25 44
25 45
26 40
26 41
26 42
26 43
26 44
26 45
27 40
27 41
27 42
27 43
27 44
27 45
28 42
28 43
29 43
30 43
22 45
0
No
0
Yes
29 18
28 18
28 19
29 19
29 20
28 20
29 21
28 21
28 22
30 19
30 18
31 19
31 18
29 17
30 17
31 17
29 16
30 16
31 16
32 16
32 17
32 18
32 19
32 20
33 17
33 18
33 19
33 20
34 18
34 19
34 20
35 19
35 20
36 20
36 21
35 21
34 21
33 21
33 22
34 22
35 22
36 22
34 23
35 23
36 23
32 15
31 15
30 15
29 15
28 15
28 14
29 14
30 14
31 14
32 14
33 14
34 14
35 14
36 14
36 13
35 13
34 13
33 13
32 13
31 13
30 13
29 13
28 13
36 12
35 12
34 12
33 12
32 12
31 12
30 12
29 12
28 12
31 11
30 11
29 11
34 11
35 11
29 10
28 10
28 23
29 23
29 24
28 24
29 9
28 9
27 15
27 14
27 13
27 12
27 20
27 21
27 22
27 23
26 23
26 22
27 11
27 10
27 9
26 9
26 10
26 11
26 12
26 13
25 11
25 12
25 13
25 14
25 15
25 16
24 16
24 14
24 13
24 12
23 12
23 13
23 14
22 12
22 13
22 14
21 13
21 14
23 15
23 16
22 15
0
No
0
No
0
Yes
46 0
46 1
46 2
47 2
48 2
45 2
45 1
45 0
44 0
44 1
44 2
48 3
47 3
46 3
45 3
44 3
0
No
0
No
0
No
0
Yes
24 42
24 43
24 44
23 44
23 43
23 42
22 44
22 43
22 42
22 41
23 41
24 41
22 40
23 40
24 40
22 39
23 39
24 39
22 38
23 38
24 38
25 38
25 39
25 40
25 41
25 42
25 43
25 44
26 40
26 41
26 42
26 43
26 44
27 40
27 41
27 42
27 43
27 44
28 42
28 43
29 43
30 43
30 42
25 45
26 45
27 45
26 46
27 46
26 47
27 47
27 48
27 49
28 47
28 46
28 48
28 49
29 48
29 49
30 48
30 49
31 48
31 49
29 46
30 46
30 45
29 45
22 45
1
225
0 5
0 6
0 7
1 7
1 6
1 5
2 7
2 6
2 5
2 4
1 4
0 4
Yes
20 18
19 18
20 17
20 16
20 15
19 15
19 16
18 16
17 16
17 17
16 17
16 16
16 15
15 17
15 16
15 15
15 14
14 14
14 15
14 16
14 17
21 15
21 16
21 17
21 18
22 16
22 17
22 18
19 19
20 19
21 19
22 19
20 20
20 21
21 21
22 20
22 21
22 22
22 23
23 23
23 22
23 21
23 20
23 19
23 18
23 17
24 23
24 22
24 21
24 20
24 19
24 18
24 17
25 19
25 18
25 17
26 17
26 18
25 21
25 22
13 17
13 16
0
No
0
No
0
No
0
Yes
27 43
27 44
27 45
26 45
26 44
26 43
25 45
25 44
25 43
24 44
24 43
23 44
23 43
22 44
22 43
22 42
23 42
24 42
25 42
26 42
27 42
27 41
26 41
25 41
24 41
23 41
22 41
27 40
26 40
25 40
24 40
23 40
22 40
22 39
23 39
24 39
25 39
25 38
24 38
23 38
22 38
0
No
0
No
0
No
0
No
0
No
0
Yes
30 45
30 46
29 45
29 46
28 46
0
No
0
No
0
No
0
No
0
No
0
No
0
No
0
Yes
12 1
12 2
12 0
13 1
13 0
11 0
11 1
0
No
0
No
0
No
0
No
0
Yes
18 0
19 0
19 1
18 1
0
No
0
Yes
43 43
43 44
43 45
43 46
43 47
44 47
42 47
42 46
42 45
42 44
42 43
42 42
41 43
41 44
41 45
41 46
41 47
41 48
42 48
43 48
44 48
45 48
45 49
46 48
46 49
47 48
47 49
48 48
48 49
41 49
43 41
42 41
41 41
0
No
0
No
0
No
0
No
0
No
0
No
1
211
37 25
37 24
36 24
36 25
35 25
34 25
34 26
35 26
36 26
37 26
37 27
36 27
35 27
34 27
37 28
36 28
35 28
34 28
36 29
35 29
34 29
33 29
33 28
33 27
33 26
33 25
33 24
32 24
32 25
32 26
32 27
32 28
32 29
32 23
31 23
31 24
31 25
31 26
31 27
31 28
31 29
30 28
30 27
30 26
30 25
30 24
30 23
36 30
35 30
34 30
33 30
32 30
31 30
30 30
30 31
31 31
32 31
33 31
38 28
38 27
38 26
38 25
38 24
Yes
35 49
35 48
35 47
34 47
34 48
34 49
33 48
33 49
32 48
32 49
31 48
31 49
30 48
30 49
29 48
29 49
28 49
28 48
28 47
27 47
27 48
27 49
27 46
34 46
35 46
33 46
33 45
34 45
35 45
33 44
34 44
35 44
35 43
34 43
33 43
32 43
32 42
33 42
34 42
35 42
26 46
26 47
26 48
26 49
25 46
25 47
25 48
25 49
24 46
24 47
24 48
24 49
23 49
22 49
22 48
22 47
21 47
21 48
21 49
20 49
20 48
20 47
20 46
20 45
20 44
21 44
21 43
20 43
19 43
19 44
19 45
19 46
19 47
19 48
19 49
18 45
18 46
18 47
18 48
18 49
17 49
17 48
17 47
17 46
17 45
17 44
16 48
16 47
16 46
16 45
16 44
16 43
15 43
15 44
15 45
15 46
15 47
15 48
14 48
14 47
14 46
14 45
14 44
14 43
13 43
13 44
13 45
13 46
13 47
12 47
12 46
12 45
12 44
11 44
11 45
11 46
12 48
11 48
11 49
12 49
36 42
36 43
36 44
36 45
36 46
36 47
36 48
36 49
36 41
37 41
0
No
0
No
0
Yes
21 16
22 16
21 15
20 15
20 16
20 17
21 17
22 17
23 17
24 17
25 17
25 18
24 18
23 18
22 18
21 18
20 18
25 19
24 19
23 19
22 19
21 19
20 19
20 20
22 20
23 20
24 20
20 21
21 21
22 21
23 21
24 21
25 21
25 22
24 22
23 22
22 22
22 23
23 23
24 23
19 19
19 18
26 18
26 17
0
No
0
No
0
Yes
1 48
1 49
2 49
2 48
2 47
1 47
1 46
2 46
2 45
0 47
0 48
0 49
3 45
3 46
3 47
3 48
3 49
4 49
4 48
4 47
4 46
4 45
5 45
5 46
0
No
0
No
0
No
0
No
0
No
0
No
0
No
0
Yes
4 28
5 28
6 28
6 29
5 29
4 29
7 29
3 29
3 28
3 27
2 27
2 28
2 29
1 29
1 28
1 27
0 27
0 28
2 30
3 30
4 30
5 30
6 30
7 30
7 31
6 31
5 31
4 31
3 31
2 31
1 31
3 32
2 32
1 32
1 33
9 34
10 34
9 33
0 33
0 32
8 30
8 31
8 32
9 32
9 31
9 30
9 29
9 28
10 28
10 29
10 30
10 31
10 32
11 30
11 29
10 33
0
Yes
5 39
5 40
5 41
4 40
4 39
3 39
3 38
4 38
5 38
5 37
6 37
6 38
6 39
6 40
6 41
7 38
7 39
7 40
7 41
8 38
8 39
8 40
8 41
3 37
2 37
1 37
0 37
3 36
2 36
1 36
0 36
8 42
7 42
6 42
6 36
6 35
7 35
7 36
5 35
0
No
0
Yes
37 49
37 48
37 47
37 46
38 46
38 47
38 48
38 49
39 49
39 48
39 47
39 46
40 46
40 47
40 48
40 49
40 45
39 45
38 45
37 45
37 44
38 44
39 44
0
No
0
No
0
Yes
14 16
14 15
14 14
15 14
15 15
15 16
16 15
16 16
17 16
13 16
17 17
16 17
15 17
14 17
13 17
13 18
14 18
15 18
16 18
13 19
14 19
15 19
16 19
13 20
14 20
15 20
16 20
14 21
15 21
16 21
0
Yes
21 25
21 26
22 26
22 25
22 24
21 24
20 24
20 25
20 26
19 26
19 25
19 24
18 26
18 25
18 24
23 24
23 25
23 26
24 26
24 25
24 24
17 25
17 24
16 25
16 24
15 25
15 24
15 23
16 23
17 23
18 23
19 23
16 22
17 22
18 22
19 22
0
Yes
4 3
4 2
5 3
5 2
5 1
5 0
6 0
6 1
6 2
6 3
6 4
6 5
7 5
7 4
7 3
7 2
7 1
7 0
8 1
8 2
8 3
8 4
0
No
0
No
0
Yes
16 44
16 43
15 43
15 44
15 45
16 45
16 46
15 46
15 47
16 47
14 43
14 44
14 45
14 46
14 47
13 43
13 44
13 45
13 46
13 47
12 47
12 46
12 45
12 44
11 44
11 45
11 46
0
Yes
35 48
35 49
34 49
34 48
34 47
35 47
33 48
33 49
32 48
32 49
35 46
34 46
33 46
33 45
34 45
35 45
33 44
34 44
35 44
35 43
34 43
33 43
32 43
32 42
33 42
34 42
35 42
36 44
36 45
36 46
36 47
36 48
36 49
36 43
0
No
0
No
0
No
0
Yes
24 37
25 37
25 36
24 36
23 36
25 35
24 35
23 35
24 34
23 34
24 33
23 33
23 32
24 32
25 32
26 32
26 33
26 34
27 34
27 33
27 32
28 33
28 34
28 32
28 35
26 31
27 31
28 31
25 31
24 31
23 31
28 30
27 30
25 30
24 30
23 30
29 31
29 32
29 35
29 34
30 34
31 34
31 33
32 34
32 33
32 32
33 32
33 33
33 34
25 29
24 29
23 29
25 28
24 28
23 28
23 27
24 27
22 28
22 29
22 30
22 31
22 32
22 33
22 34
22 35
21 30
21 29
20 29
20 28
26 37
31 35
0
No
0
No
0
No
0
No
0
Yes
22 0
22 1
23 1
23 0
24 1
24 0
0
Yes
44 40
45 40
46 40
43 40
42 40
47 40
47 41
48 41
48 40
49 41
49 40
49 39
48 39
47 39
46 39
45 39
44 39
43 39
42 39
41 39
41 38
42 38
43 38
44 38
45 38
46 38
47 38
48 38
49 38
41 37
42 37
43 37
44 37
45 37
46 37
47 37
48 37
49 37
42 36
43 36
44 36
45 36
46 36
47 36
48 36
49 36
49 35
48 35
0
No
0
Yes
40 33
40 34
40 35
40 36
39 36
39 35
39 34
39 33
41 35
41 34
41 33
42 35
42 34
42 33
43 35
43 34
43 33
44 34
44 35
44 33
45 35
45 33
45 32
44 32
43 32
42 32
41 32
40 32
39 32
42 31
43 31
44 31
45 31
41 31
40 31
39 31
41 30
40 30
39 30
38 30
38 31
38 32
38 33
38 34
38 35
38 36
37 34
37 35
37 36
1
268
45 23
45 24
44 24
44 23
44 22
Yes
14 38
14 39
15 38
16 38
13 39
13 40
13 41
14 41
12 40
12 39
11 39
11 38
12 38
11 37
12 37
12 36
13 36
13 35
12 35
11 35
13 34
14 34
15 41
15 40
16 40
16 41
16 42
15 34
15 35
15 33
16 33
16 34
16 35
10 35
9 35
9 36
8 36
8 35
17 35
17 34
17 33
18 35
18 34
18 33
18 32
19 32
19 33
19 34
19 35
20 33
20 34
20 35
20 36
21 35
21 34
21 33
20 37
21 37
21 38
20 38
19 38
18 38
17 38
17 39
17 40
17 41
17 42
18 39
18 40
18 41
18 42
19 39
19 40
19 41
0
No
0
No
0
Yes
13 14
14 14
15 14
15 15
14 15
13 15
16 15
16 16
15 16
14 16
13 16
17 16
17 17
16 17
15 17
14 17
13 17
13 18
14 18
15 18
16 18
13 19
14 19
15 19
16 19
17 19
18 19
13 20
14 20
15 20
16 20
17 20
18 20
18 21
17 21
16 21
15 21
14 21
12 17
12 16
12 15
12 14
11 17
11 16
11 15
11 14
0
Yes
27 47
28 47
28 46
27 46
26 46
26 47
25 46
25 47
24 46
24 47
24 48
25 48
26 48
27 48
28 48
28 49
27 49
26 49
25 49
24 49
23 49
1
276
2 20
1 20
0 20
2 21
1 21
0 21
0 22
Yes
10 3
10 4
9 4
9 3
10 2
11 2
12 2
12 3
12 4
12 5
13 5
13 4
13 3
14 3
15 3
15 2
14 2
14 5
15 5
14 6
15 6
16 6
14 7
15 7
16 7
11 1
12 1
13 1
13 0
12 0
11 0
17 6
17 7
18 6
18 7
18 8
17 8
16 8
15 8
14 8
13 8
12 8
11 8
11 9
12 9
13 9
14 9
15 9
16 9
17 9
18 9
19 9
20 9
20 10
19 10
18 10
17 10
16 10
15 10
14 10
13 10
12 10
11 10
14 11
13 11
12 11
11 11
13 12
12 12
11 12
13 13
12 13
11 13
10 10
10 11
10 12
10 13
10 14
9 14
9 13
9 12
9 11
9 10
8 10
8 11
8 12
8 13
8 14
8 15
7 15
7 14
7 13
6 14
6 13
5 14
5 13
5 12
6 12
7 11
7 10
6 11
6 10
5 11
5 10
5 9
4 11
4 10
4 9
3 10
3 9
2 9
1 9
1 8
1 7
2 7
2 6
1 6
2 5
1 5
2 4
1 4
1 3
0 3
0 4
0 5
0 6
0 7
0 8
0 9
17 11
18 11
0
No
0
Yes
41 29
40 29
39 29
39 28
40 28
41 28
42 28
41 27
42 27
43 27
43 26
42 26
41 26
42 25
41 25
40 25
39 25
39 24
39 23
38 23
37 23
37 22
38 22
39 22
40 22
37 21
38 21
39 21
40 21
37 20
38 20
39 20
40 20
38 19
39 19
40 19
38 18
39 18
40 18
41 24
42 24
42 23
41 23
41 22
42 22
41 21
42 21
41 20
42 20
41 19
42 19
41 18
42 18
41 17
42 17
43 20
43 19
43 18
43 17
44 17
44 18
44 19
44 20
44 21
45 21
45 20
45 19
45 18
43 16
42 16
41 16
40 16
40 15
41 15
42 15
43 15
0
Yes
17 46
17 45
17 47
17 48
17 49
18 45
18 46
18 47
18 48
18 49
19 49
19 48
19 47
19 46
19 45
20 45
20 46
20 47
20 48
20 49
21 47
21 48
21 49
22 47
22 48
22 49
19 44
20 44
21 44
21 43
20 43
19 43
17 44
0
No
0
No
0
No
0
No
0
No
0
No
0
No
1
311
46 36
46 35
47 35
47 36
48 35
48 36
49 35
49 36
45 36
45 37
46 37
47 37
48 37
49 37
49 38
48 38
47 38
46 38
45 38
45 39
46 39
47 39
48 39
49 39
46 40
45 40
47 40
48 40
49 40
47 41
48 41
49 41
44 40
44 39
44 38
44 37
Yes
24 34
24 33
24 32
25 32
26 32
26 33
26 34
27 34
27 33
27 32
26 31
27 31
25 31
24 31
27 30
25 30
24 30
25 29
24 29
23 29
23 30
23 31
23 32
23 33
23 34
22 34
22 33
22 32
22 31
22 30
22 29
21 30
21 29
22 35
23 35
24 35
25 35
23 36
24 36
25 36
25 37
24 37
20 29
25 25
26 37
22 28
23 28
24 28
25 28
28 30
28 31
28 32
28 33
28 34
28 35
29 35
29 34
30 34
29 32
29 31
31 34
31 33
32 34
32 33
32 32
33 32
33 33
33 34
24 27
23 27
24 26
23 26
22 26
21 26
20 26
24 25
23 25
22 25
21 25
20 25
24 24
23 24
22 24
21 24
20 24
0
Yes
46 27
46 26
47 26
47 27
45 27
44 27
48 27
48 26
48 25
49 25
49 26
49 27
44 28
45 28
46 28
47 28
48 28
49 28
0
No
0
No
0
No
0
No
0
Yes
19 22
19 23
19 24
19 25
19 26
19 27
18 27
18 26
18 25
18 24
18 23
18 22
17 22
17 23
17 24
17 25
17 26
17 27
16 22
16 23
16 24
16 25
16 26
16 27
16 28
15 23
15 24
15 25
15 26
15 27
15 28
14 28
14 29
13 28
13 29
12 28
12 29
12 30
13 30
14 30
1
337
44 44
44 45
44 43
44 42
45 42
45 43
45 44
45 45
46 42
46 43
46 44
46 45
47 42
47 43
47 44
47 45
48 42
48 43
48 44
48 45
49 42
49 43
49 44
49 45
44 46
45 46
46 46
47 46
48 46
49 46
48 47
47 47
46 47
Yes
17 38
16 38
15 38
17 39
18 38
18 39
19 38
19 39
20 39
20 38
21 38
21 39
21 37
20 37
20 36
20 35
21 35
21 34
20 34
21 33
20 33
19 35
19 34
19 33
18 35
18 34
18 33
17 33
17 34
17 35
16 35
16 34
16 33
15 33
15 34
15 35
14 34
13 34
18 32
19 32
14 38
14 39
13 39
13 40
13 41
14 41
12 40
12 39
11 39
11 38
12 38
11 37
12 37
12 36
13 36
13 35
12 35
11 35
10 35
9 35
9 36
8 36
8 35
15 41
15 40
16 40
16 41
17 40
17 41
18 40
18 41
19 40
19 41
20 40
21 40
20 41
21 41
16 42
17 42
18 42
19 42
20 42
21 42
21 43
20 43
19 43
16 36
0
No
0
Yes
19 47
19 48
20 48
20 47
21 47
21 48
22 47
22 48
18 48
18 47
17 47
17 48
17 49
18 49
19 49
20 49
21 49
22 49
17 46
18 46
19 46
20 46
0
Yes
18 0
19 0
17 0
19 1
18 1
0
No
0
Yes
9 48
9 49
8 49
8 48
7 48
7 49
7 47
0
Yes
41 2
41 3
41 1
41 0
42 0
42 1
42 2
42 3
43 3
43 2
43 1
43 0
44 0
44 1
44 2
44 3
45 3
45 2
45 1
45 0
46 0
46 1
46 2
46 3
46 4
45 4
44 4
43 4
0
Yes
37 48
37 49
37 47
37 46
37 45
37 44
37 43
38 43
38 44
38 45
38 46
38 47
38 48
38 49
39 43
39 44
39 45
39 46
39 47
39 48
39 49
40 45
40 46
40 47
40 48
40 49
41 49
41 48
41 47
41 46
41 45
41 44
41 43
42 48
42 47
42 46
42 45
42 44
42 43
43 43
43 44
43 45
43 46
43 47
43 48
0
Yes
42 2
41 2
41 3
42 3
42 4
43 4
43 3
43 2
44 4
44 3
44 2
41 1
42 1
43 1
44 1
41 0
42 0
43 0
44 0
45 4
45 3
45 2
45 1
45 0
0
Yes
0 43
0 44
1 44
1 43
1 42
0 42
2 42
2 43
0
No
0
No
0
Yes
15 2
15 3
14 2
14 3
13 3
13 4
13 5
12 5
12 4
12 3
12 2
11 2
10 2
10 3
10 4
9 4
9 3
11 1
12 1
13 1
13 0
12 0
11 0
14 5
15 5
14 6
15 6
14 7
15 7
15 8
14 8
13 8
12 8
11 8
11 9
12 9
13 9
14 9
15 9
15 10
14 10
13 10
12 10
11 10
14 11
13 11
12 11
11 11
13 12
12 12
11 12
13 13
12 13
11 13
10 10
10 11
10 12
10 13
10 14
9 14
9 13
9 12
9 11
9 10
8 10
8 11
8 12
8 13
8 14
8 15
7 15
7 14
7 13
6 14
6 13
5 14
5 13
5 12
6 12
7 11
7 10
6 11
6 10
5 11
5 10
5 9
4 11
4 10
4 9
3 10
3 9
2 9
1 9
1 8
1 7
2 7
2 6
1 6
2 5
1 5
2 4
1 4
1 3
0 3
0 4
0 5
0 6
0 7
0 8
0 9
16 10
16 9
16 8
16 7
16 6
17 6
17 7
17 8
17 9
17 10
18 6
18 7
18 8
0
No
0
No
0
No
1
268
17 0
19 0
19 1
18 1
18 0
Yes
38 20
37 20
37 21
38 21
37 22
38 22
37 23
38 23
39 23
39 22
39 21
39 20
40 22
40 21
40 20
38 19
39 19
40 19
38 18
39 18
40 18
41 18
41 19
41 20
41 21
41 22
41 23
41 17
41 16
40 16
41 15
40 15
40 14
39 15
38 15
39 24
39 25
40 25
42 15
42 16
42 17
42 18
42 19
42 20
42 21
42 22
42 23
43 20
43 19
43 18
43 17
43 16
43 15
44 15
44 17
44 18
44 19
44 20
45 18
45 19
45 20
45 21
44 21
44 22
44 23
45 23
45 24
44 24
43 24
42 24
41 24
41 25
42 25
41 26
42 26
43 26
43 27
42 27
41 27
42 28
41 28
41 29
40 29
40 28
0
Yes
20 49
21 49
22 49
22 48
21 48
20 48
22 47
21 47
20 47
19 47
19 48
19 49
18 49
18 48
0
No
0
No
1
369
42 40
42 39
41 39
41 38
42 38
41 37
42 37
42 36
43 36
43 37
43 38
43 39
43 40
43 41
Yes
20 46
20 45
20 44
21 44
20 47
21 47
22 47
22 48
21 48
20 48
22 49
21 49
20 49
19 44
19 45
19 46
19 47
19 48
19 49
18 45
18 46
18 47
18 48
18 49
17 49
17 48
17 47
17 46
17 45
17 44
0
No
0
No
0
No
0
No
0
No
0
No
1
332
45 32
45 33
46 33
46 32
46 31
45 31
44 31
44 32
44 33
44 34
44 35
43 35
43 34
43 33
43 32
43 31
42 31
42 32
42 33
42 34
42 35
41 35
41 34
41 33
41 32
41 31
41 30
40 30
40 31
40 32
40 33
40 34
40 35
40 36
39 36
39 35
39 34
39 33
39 32
39 31
39 30
38 30
38 31
38 32
38 33
38 34
Yes
1 16
1 15
2 15
2 16
0 15
0 16
0 17
1 17
2 17
1 18
0 18
2 18
3 18
3 17
3 16
3 15
3 14
4 14
4 15
4 16
4 17
4 18
5 16
5 17
5 18
6 17
7 17
7 16
7 15
5 14
6 14
7 14
7 13
6 13
5 13
5 12
6 12
6 11
5 11
4 11
7 11
7 10
6 10
5 10
4 10
3 10
5 9
4 9
3 9
0 14
8 15
8 14
8 13
5 19
4 19
3 19
2 19
4 20
3 20
2 20
2 21
1 21
1 20
0 20
0 21
2 9
0
Yes
11 24
10 24
10 25
11 25
10 26
11 26
12 26
12 25
12 24
0
Yes
15 9
15 10
16 10
16 9
17 9
17 10
18 10
18 9
18 8
17 8
16 8
15 8
18 7
17 7
16 7
15 7
18 6
17 6
16 6
15 6
15 5
14 5
14 6
14 7
14 8
14 9
14 10
0
Yes
14 16
14 17
14 18
13 18
13 17
13 16
12 17
12 16
11 17
11 16
13 19
14 19
15 19
15 18
15 17
15 16
16 18
16 19
16 17
16 16
17 16
17 17
16 15
15 15
14 15
13 15
12 15
11 15
15 14
14 14
13 14
12 14
11 14
17 19
18 19
10 15
10 14
9 14
13 20
14 20
15 20
16 20
17 20
18 20
18 21
17 21
16 21
15 21
14 21
9 13
10 13
11 13
12 13
13 13
13 12
12 12
11 12
10 12
0
No
0
No
0
No
0
No
0
No
1
380
0 44
1 44
2 44
2 43
1 43
0 43
2 42
1 42
0 42
Yes
1 37
2 37
3 37
3 36
2 36
1 36
2 35
2 34
1 34
0 36
0 37
3 38
3 39
4 38
4 39
5 39
5 38
5 37
6 37
6 38
6 39
7 38
7 39
8 38
8 39
6 36
7 36
7 35
6 35
4 40
5 40
6 40
7 40
8 40
5 41
6 41
7 41
8 41
8 42
7 42
6 42
1 33
0 33
0 32
1 32
1 31
2 32
2 31
3 32
3 31
6 34
1
213
37 41
36 41
36 42
37 42
37 43
37 44
37 45
37 46
38 43
38 44
38 45
38 46
39 43
39 44
39 45
39 46
40 45
40 46
37 47
38 47
39 47
40 47
37 48
38 48
39 48
40 48
37 49
38 49
39 49
40 49
41 49
41 48
41 47
41 46
41 45
41 44
41 43
42 43
42 44
42 45
42 46
42 47
42 48
43 43
43 44
43 45
43 46
43 47
43 48
44 48
44 47
Yes
2 23
3 23
1 23
0 23
0 24
1 24
2 24
3 24
3 25
2 25
1 25
0 25
0 26
1 26
2 26
3 26
3 27
2 27
1 27
0 27
0 28
1 28
2 28
3 28
1 29
2 29
3 29
4 29
4 28
4 27
4 26
4 25
4 24
4 23
4 22
5 22
5 23
5 24
5 25
5 26
5 27
5 28
5 29
6 28
6 27
6 26
6 25
6 24
6 23
6 29
7 29
7 26
7 25
7 24
7 23
7 22
7 21
2 30
3 30
4 30
5 30
6 30
7 30
4 31
5 31
6 31
7 31
8 30
8 31
10 20
8 22
8 23
8 24
8 25
8 21
9 21
9 20
8 20
9 23
9 24
9 25
9 26
10 24
10 25
10 26
0
Yes
5 0
5 1
5 2
4 2
4 3
5 3
6 3
6 2
6 1
6 0
6 4
6 5
7 5
7 4
7 3
7 2
7 1
7 0
8 1
8 2
8 3
0
No
0
Yes
25 15
25 16
24 16
23 16
23 15
22 15
25 14
24 14
23 14
22 14
22 13
23 13
24 13
25 13
22 12
23 12
24 12
25 12
25 11
26 13
26 12
26 11
27 11
27 12
27 13
27 14
27 15
28 15
28 14
28 13
28 12
26 10
27 10
28 10
29 10
29 11
29 12
29 13
29 14
29 15
29 16
29 17
30 11
30 12
30 13
30 14
30 15
30 16
30 17
31 11
31 12
31 13
31 14
31 15
31 16
31 17
29 9
28 9
27 9
26 9
29 8
28 8
27 8
26 8
31 18
30 18
29 18
28 18
28 19
29 19
30 19
31 19
21 13
21 14
29 20
28 20
27 20
29 21
28 21
27 21
28 22
27 22
26 22
26 23
27 23
28 23
28 24
29 24
29 23
26 7
27 7
28 7
26 6
27 6
28 6
27 5
28 5
29 5
29 4
28 4
27 4
32 16
32 15
32 14
32 13
32 12
32 17
32 18
32 19
22 11
33 17
33 18
33 19
0
Yes
9 30
9 31
10 31
10 30
11 30
11 29
10 29
9 29
9 28
10 28
10 27
12 29
12 30
12 31
12 28
13 28
13 29
13 30
14 29
14 28
14 30
14 31
15 31
15 30
15 28
16 28
15 27
16 27
17 27
15 26
16 26
17 26
17 25
16 25
15 25
14 25
14 24
15 24
16 24
17 24
13 24
13 25
12 25
12 24
11 24
11 25
11 26
12 26
12 23
12 22
12 21
15 23
16 23
17 23
16 22
17 22
18 22
18 23
18 24
18 25
18 26
18 27
19 27
19 26
19 25
19 24
19 23
19 22
19 21
19 28
20 28
12 32
12 33
13 32
11 32
10 32
9 32
8 32
0
No
0
No
0
Yes
13 1
13 0
12 0
12 1
11 1
11 0
1
382
45 48
45 47
44 47
44 48
43 48
43 47
43 46
43 45
43 44
43 43
42 43
42 44
42 45
42 46
42 47
42 48
41 43
41 44
41 45
41 46
41 47
41 48
41 49
45 49
46 48
46 49
47 48
47 49
48 48
48 49
40 45
40 46
40 47
40 48
40 49
39 49
39 48
39 47
39 46
39 45
39 44
39 43
38 43
38 44
38 45
38 46
38 47
38 48
38 49
37 49
37 48
37 47
37 46
37 45
37 44
37 43
37 42
37 41
Yes
15 7
14 7
14 8
15 8
13 8
13 9
14 9
15 9
15 10
14 10
13 10
14 11
13 11
13 12
13 13
16 10
16 9
16 8
16 7
17 7
17 8
17 9
17 10
17 11
17 12
18 12
18 11
18 10
18 9
18 8
18 7
19 9
19 10
20 10
20 9
13 14
14 14
15 14
15 15
14 15
13 15
16 15
16 16
15 16
14 16
13 16
17 16
17 17
16 17
15 17
14 17
13 17
13 18
14 18
15 18
16 18
13 19
14 19
15 19
16 19
13 20
14 20
15 20
16 20
14 21
15 21
16 21
17 21
17 20
17 19
18 19
18 20
18 21
18 6
17 6
16 6
15 6
14 6
15 5
14 5
13 5
12 5
12 4
13 4
13 3
12 3
12 2
11 2
10 2
10 3
10 4
9 4
9 3
14 3
15 3
15 2
14 2
12 17
12 16
12 15
12 14
12 13
12 12
12 11
12 10
12 9
12 8
11 8
11 9
11 10
11 11
11 12
11 13
11 14
11 15
11 16
11 17
10 15
10 14
1
333
18 47
17 47
17 48
18 48
17 49
18 49
19 49
19 48
19 47
20 47
20 48
20 49
21 47
21 48
21 49
22 47
22 48
22 49
20 46
19 46
18 46
Yes
28 48
29 48
30 48
31 48
32 48
33 48
28 47
28 46
29 46
30 46
30 45
29 45
33 49
32 49
31 49
30 49
29 49
28 49
34 49
34 48
34 47
35 47
35 48
35 49
36 49
36 48
36 47
36 46
35 46
34 46
33 46
33 45
34 45
35 45
36 45
36 44
35 44
34 44
33 44
36 43
35 43
34 43
33 43
32 43
32 42
33 42
34 42
35 42
36 42
33 41
33 40
33 39
33 38
34 38
34 39
27 49
27 48
36 41
27 46
27 47
0
No
0
No
0
No
0
No
0
No
0
No
0
Yes
24 14
25 14
25 13
24 13
24 12
25 12
25 11
23 12
23 13
23 14
22 12
22 13
22 14
21 13
21 14
25 15
25 16
24 16
23 15
23 16
22 15
22 16
21 15
21 16
20 15
20 16
19 16
19 15
20 17
21 17
22 17
23 17
24 17
25 17
26 17
26 18
25 18
24 18
23 18
22 18
21 18
20 18
19 18
19 19
20 19
21 19
22 19
23 19
24 19
25 19
20 20
18 16
22 11
24 20
23 20
22 20
0
No
0
Yes
34 23
35 23
35 22
34 22
33 22
33 21
34 21
35 21
35 20
34 20
33 20
32 20
35 19
34 19
33 19
32 19
34 18
33 18
32 18
31 19
31 18
30 19
30 18
29 18
29 19
28 18
28 19
29 20
28 20
27 20
29 21
28 21
27 21
28 22
27 22
27 23
28 23
29 23
26 23
26 22
29 24
28 24
33 17
32 17
31 17
30 17
29 17
36 20
36 21
36 22
36 23
29 16
30 16
31 16
32 16
0
No
0
No
0
Yes
1 5
2 5
2 4
1 4
1 3
0 3
0 4
0 5
2 6
1 6
0 6
2 7
1 7
0 7
1 8
0 8
0
No
0
No
0
Yes
49 38
49 39
49 40
49 41
48 41
48 40
48 39
48 38
47 41
47 40
47 39
47 38
47 37
48 37
49 37
49 36
48 36
47 36
47 35
48 35
49 35
46 35
46 36
46 37
46 38
46 39
46 40
45 35
45 36
45 37
45 38
45 39
45 40
44 40
44 39
44 38
44 37
0
No
0
No
0
No
0
No
0
Yes
27 12
28 12
27 11
26 11
26 12
26 13
27 13
28 13
27 14
28 14
26 10
27 10
28 10
29 10
29 11
29 12
29 13
29 14
30 11
30 12
30 13
30 14
31 11
31 12
31 13
31 14
27 15
28 15
29 15
30 15
31 15
32 15
32 14
32 13
32 12
33 12
33 13
33 14
34 14
34 13
34 12
34 11
35 11
35 12
35 13
35 14
36 14
36 13
36 12
29 9
28 9
27 9
26 9
29 8
28 8
27 8
26 8
0
No
0
No
0
No
0
No
0
No
0
No
0
Yes
33 28
33 29
32 29
32 28
31 29
31 28
30 28
30 27
31 27
32 27
33 27
30 26
31 26
32 26
33 26
30 25
31 25
32 25
33 25
33 24
32 24
31 24
30 24
30 23
31 23
32 23
0
No
0
Yes
30 24
30 23
31 23
31 24
32 23
32 24
33 24
30 25
31 25
32 25
33 25
34 25
35 25
30 26
31 26
32 26
33 26
34 26
35 26
30 27
31 27
32 27
33 27
34 27
35 27
30 28
31 28
32 28
33 28
34 28
35 28
31 29
32 29
33 29
34 29
35 29
35 30
34 30
33 30
32 30
31 30
30 30
30 31
31 31
32 31
33 31
36 30
36 29
0
Yes
8 39
8 38
7 38
7 39
8 40
7 40
8 41
7 41
8 42
7 42
6 42
6 41
6 40
1
428
37 25
37 24
36 24
36 25
36 26
37 26
36 27
37 27
36 28
37 28
38 28
38 27
38 26
Yes
7 38
8 38
8 39
7 39
8 40
7 40
8 41
7 41
8 42
7 42
6 42
6 41
6 40
6 39
6 38
5 41
5 40
5 39
5 38
5 37
6 37
4 40
4 39
4 38
3 39
3 38
3 37
3 36
2 37
2 36
1 37
1 36
0
No
0
No
0
No
0
No
0
No
0
No
0
Yes
24 32
24 33
25 32
26 32
26 33
26 31
25 31
24 31
25 30
24 30
25 29
24 29
25 28
24 28
24 27
24 26
24 25
24 24
23 27
23 28
23 29
23 30
23 31
23 32
23 33
23 26
23 25
23 24
22 28
22 29
22 30
22 31
22 32
22 33
21 30
21 29
22 26
22 25
22 24
21 26
21 25
21 24
20 24
20 25
20 26
27 31
27 32
27 33
27 30
28 30
28 31
28 32
28 33
29 32
29 31
21 23
22 23
23 23
24 23
26 34
27 34
28 34
28 35
29 35
29 34
30 34
31 34
31 33
32 34
32 33
32 32
33 32
33 33
33 34
22 22
23 22
24 22
25 22
25 21
24 21
23 21
22 21
0
No
0
No
0
Yes
1 15
2 15
0 15
0 16
1 16
2 16
2 17
1 17
0 17
0 18
1 18
2 18
3 18
3 17
3 16
3 15
3 14
4 14
4 15
4 16
4 17
4 18
5 16
5 17
5 18
6 17
5 14
6 14
5 13
6 13
6 12
5 12
5 11
6 11
4 11
6 10
5 10
4 10
3 10
3 9
4 9
5 9
0 14
0 22
5 19
4 19
3 19
2 19
4 20
3 20
2 20
2 21
1 21
1 20
0 20
0 21
0
No
0
No
0
No
0
No
0
No
0
No
0
Yes
17 45
17 46
17 47
18 45
18 46
18 47
19 47
19 46
19 45
19 44
20 44
20 45
20 46
20 47
21 47
22 47
22 48
21 48
20 48
19 48
18 48
17 48
17 49
18 49
19 49
20 49
21 49
22 49
23 49
17 44
15 48
16 48
14 48
0
No
0
Yes
7 11
7 10
8 10
8 11
8 12
8 13
7 13
7 14
8 14
8 15
7 15
7 16
7 17
9 14
9 13
9 12
9 11
9 10
10 10
10 11
10 12
10 13
0
No
0
No
0
No
0
No
0
No
0
No
0
Yes
48 44
48 45
48 46
49 46
49 45
49 44
49 43
48 43
48 42
49 42
47 42
47 43
47 44
47 45
47 46
46 42
46 43
46 44
46 45
46 46
45 46
45 45
45 44
45 43
45 42
44 42
44 43
44 44
44 45
0
No
0
No
0
Yes
26 49
25 49
24 49
24 48
25 48
26 48
26 47
25 47
24 47
24 46
25 46
1
360
44 44
44 45
44 46
45 46
45 45
45 44
44 43
45 43
46 43
46 44
46 45
46 46
47 46
47 45
47 44
47 43
48 43
48 44
48 45
48 46
49 46
49 45
49 44
49 43
Yes
46 10
46 11
47 11
47 10
48 10
48 11
49 10
49 11
49 12
49 13
47 9
46 9
47 8
46 8
46 7
46 6
45 7
45 6
44 7
44 6
43 6
43 7
43 8
42 7
42 6
42 8
42 9
41 8
41 9
41 10
49 14
49 15
48 14
48 15
47 14
47 15
40 10
40 9
40 8
39 9
39 8
39 7
47 16
48 16
47 17
48 17
48 18
48 19
48 20
49 18
49 19
49 20
49 21
48 21
47 21
47 22
48 22
48 23
47 23
46 5
45 5
44 5
43 5
42 5
41 5
40 5
40 6
39 6
39 5
39 4
39 3
38 6
38 5
38 4
38 3
37 6
37 5
37 4
37 3
36 6
36 5
36 4
36 3
35 4
34 4
49 9
45 4
46 4
38 9
0
Yes
43 2
43 3
43 4
42 4
42 3
42 2
41 3
41 2
40 2
39 2
39 1
40 1
41 1
42 1
43 1
43 0
42 0
41 0
40 0
39 0
44 4
44 3
44 2
44 1
44 0
45 3
45 2
45 1
45 0
46 0
46 1
46 2
46 3
47 3
47 2
0
Yes
33 1
33 2
33 3
32 3
32 2
0
Yes
22 0
22 1
23 1
23 0
24 1
24 0
25 0
0
No
0
Yes
23 30
23 31
22 31
22 30
21 30
21 29
22 29
23 29
22 28
23 28
22 32
23 32
22 33
23 33
24 33
24 32
24 31
24 30
24 29
24 28
25 28
25 29
25 30
25 31
25 32
24 34
23 34
22 34
22 35
23 35
24 35
25 35
23 36
24 36
25 36
25 37
24 37
0
No
0
Yes
37 26
38 26
38 27
37 27
38 28
37 28
38 25
37 25
36 25
36 26
36 27
36 28
36 29
36 30
35 30
35 29
35 28
35 27
35 26
35 25
34 25
34 26
34 27
34 28
34 29
34 30
33 30
33 29
33 28
33 27
33 26
33 25
0
No
0
Yes
7 1
8 1
8 2
7 2
7 0
6 0
6 1
6 2
5 1
5 0
5 2
4 2
4 3
5 3
6 3
7 3
8 3
0
Yes
26 31
26 32
26 33
25 32
25 31
25 30
25 29
25 28
24 28
24 29
24 30
24 31
24 32
24 33
24 27
24 26
24 25
24 24
24 23
23 27
23 28
23 29
23 30
23 31
23 32
23 33
23 26
23 25
23 24
23 23
23 22
24 22
25 22
25 21
24 21
23 21
27 33
27 32
27 31
27 30
28 30
28 31
28 32
28 33
29 32
29 31
22 21
22 22
22 23
22 24
22 25
22 26
21 23
21 24
21 25
21 26
20 26
20 25
20 24
22 28
22 29
22 30
22 31
22 32
22 33
21 30
21 29
26 34
27 34
28 34
28 35
29 35
29 34
0
Yes
30 46
30 45
29 45
29 46
28 46
28 47
27 46
27 47
26 46
26 47
25 46
25 47
25 48
26 48
27 48
28 48
29 48
30 48
31 48
32 48
33 48
34 48
34 47
35 47
35 48
35 46
34 46
33 46
33 45
34 45
35 45
33 44
34 44
35 44
35 43
34 43
33 43
32 43
32 42
33 42
34 42
35 42
36 42
36 43
36 44
36 45
36 46
36 47
36 48
33 41
33 40
24 46
24 47
24 48
24 49
25 49
26 49
27 49
28 49
29 49
30 49
31 49
32 49
33 49
34 49
35 49
36 49
33 39
33 38
34 38
34 39
35 39
36 39
36 38
31 38
32 38
36 41
0
No
0
No
0
Yes
36 24
37 24
38 24
38 25
37 25
36 25
35 25
34 25
38 26
37 26
36 26
35 26
34 26
33 26
33 25
33 24
32 24
32 25
32 26
32 23
31 23
31 24
31 25
31 26
30 23
30 24
30 25
30 26
30 27
31 27
32 27
33 27
34 27
35 27
36 27
37 27
38 27
38 28
37 28
36 28
35 28
34 28
33 28
32 28
31 28
30 28
31 29
32 29
33 29
34 29
35 29
36 29
36 30
35 30
34 30
33 30
32 30
0
Yes
23 0
23 1
24 1
24 0
22 1
22 0
0
Yes
27 31
26 31
26 32
27 32
26 33
27 33
26 34
27 34
28 33
28 34
28 32
28 31
29 32
29 31
28 35
29 35
29 34
30 34
31 34
31 33
32 34
32 33
32 32
32 31
31 31
30 31
25 32
25 31
24 31
24 32
24 33
24 34
24 35
25 35
25 36
24 36
24 37
25 37
23 36
23 35
23 34
23 33
23 32
23 31
22 35
22 34
22 33
22 32
22 31
30 30
31 30
33 31
33 32
33 33
33 34
28 30
27 30
25 30
24 30
23 30
22 30
21 30
21 29
22 29
23 29
24 29
25 29
25 28
24 28
23 28
22 28
23 27
24 27
24 26
23 26
22 26
21 26
20 26
20 25
21 25
22 25
23 25
24 25
20 24
21 24
22 24
23 24
24 24
21 23
22 23
23 23
24 23
22 22
23 22
24 22
25 22
25 21
24 21
23 21
22 21
21 21
20 21
20 20
22 20
23 20
24 20
24 19
23 19
22 19
25 19
21 19
20 19
19 19
19 18
20 18
21 18
22 18
23 18
24 18
25 18
26 18
26 17
25 17
24 17
23 17
22 17
21 17
20 17
0
Yes
0 42
1 42
1 43
0 43
0 44
1 44
0
No
0
Yes
2 45
2 46
1 46
1 47
2 47
2 48
1 48
1 49
2 49
3 49
3 48
3 47
3 46
3 45
4 45
4 46
4 47
4 48
4 49
5 46
5 45
0 47
0 48
0 49
0
Yes
38 1
38 2
37 2
37 1
36 2
36 1
38 0
37 0
36 0
35 1
35 0
34 0
34 1
0
Yes
25 14
25 13
25 12
25 11
25 15
25 16
24 16
23 16
23 15
22 16
22 15
21 16
21 15
21 14
22 14
23 14
24 14
24 13
24 12
23 13
23 12
22 13
21 13
22 12
22 11
20 15
20 16
19 15
19 16
0
Yes
27 12
26 12
26 13
27 13
27 14
27 15
28 15
28 14
28 13
28 12
29 15
29 14
29 13
29 12
29 11
30 11
30 12
30 13
30 14
30 15
31 11
31 12
31 13
31 14
31 15
32 15
32 14
32 13
32 12
33 12
33 13
33 14
34 14
34 13
34 12
0
No
0
No
0
Yes
7 11
7 10
8 10
8 11
8 12
9 10
9 11
9 12
10 10
10 11
10 12
10 13
9 13
8 13
7 13
7 14
8 14
9 14
10 14
10 15
8 15
7 15
11 15
11 14
11 13
11 12
11 11
11 10
11 9
11 8
12 8
12 9
12 10
12 11
12 12
12 13
12 14
12 15
13 13
13 12
13 11
13 10
13 9
13 8
13 14
13 15
14 11
14 10
14 9
14 8
14 7
14 6
14 5
15 5
15 6
15 7
15 8
15 9
15 10
13 5
12 5
12 4
13 4
13 3
12 3
12 2
11 2
10 2
10 3
10 4
9 4
9 3
8 4
8 3
8 2
8 1
14 3
15 3
15 2
14 2
14 14
14 15
15 14
15 15
7 1
7 2
7 3
7 4
7 5
7 0
6 5
6 4
6 3
6 2
6 1
6 0
16 15
5 0
5 1
5 2
5 3
4 3
4 2
16 10
16 9
16 8
16 7
16 6
17 6
17 7
17 8
17 9
17 10
18 6
18 7
18 8
18 9
18 10
18 11
17 11
17 12
18 12
19 10
19 9
20 9
20 10
11 16
12 16
13 16
14 16
15 16
16 16
17 16
17 17
16 17
15 17
14 17
13 17
12 17
0
No
0
Yes
18 1
18 0
19 1
19 0
0
Yes
12 30
12 31
12 32
11 32
13 30
11 30
11 29
12 29
13 29
12 28
13 28
10 29
10 30
10 28
9 28
9 29
9 30
9 31
10 31
10 32
9 32
9 33
10 33
10 34
9 34
14 28
14 29
14 30
14 31
15 31
15 30
15 28
16 28
15 27
16 27
17 27
18 27
19 27
19 26
18 26
17 26
16 26
15 26
19 25
18 25
17 25
16 25
15 25
14 25
14 24
15 24
16 24
17 24
18 24
19 24
15 23
16 23
17 23
18 23
19 23
19 22
18 22
17 22
16 22
19 21
18 21
17 21
16 21
15 21
14 21
18 20
17 20
16 20
15 20
14 20
13 20
18 19
17 19
16 19
15 19
14 19
13 19
13 18
14 18
15 18
16 18
13 24
13 25
12 24
12 25
12 26
11 26
11 25
0
No
0
No
0
Yes
11 25
11 26
12 26
12 25
11 24
12 24
13 24
13 25
14 25
14 24
15 24
15 25
15 23
15 26
15 27
15 28
16 28
16 27
16 26
16 25
16 24
16 23
16 22
17 27
17 26
17 25
17 24
17 23
17 22
18 27
18 26
18 25
18 24
18 23
18 22
19 27
19 26
19 25
19 24
19 23
19 22
19 21
18 21
17 21
16 21
0
Yes
0 49
1 49
2 49
3 49
4 49
4 48
3 48
2 48
1 48
0 48
0 47
1 47
2 47
3 47
4 47
1 46
2 46
0
No
0
Yes
9 48
9 49
8 49
8 48
7 48
7 49
7 47
8 47
9 47
0
No
0
Yes
29 10
29 9
29 8
30 8
28 10
28 9
28 8
28 7
28 6
28 5
29 5
29 4
28 4
28 3
28 2
30 4
30 3
27 4
27 5
27 6
27 7
27 8
27 9
27 10
27 11
26 11
26 10
26 9
26 8
26 7
26 6
31 8
0
No
0
Yes
10 34
9 34
9 33
10 33
10 32
9 32
8 32
11 32
9 31
10 31
9 30
10 30
11 30
11 29
10 29
9 29
9 28
10 28
10 27
12 29
12 30
12 31
12 32
12 33
13 32
12 28
13 28
13 29
13 30
14 28
14 29
14 30
14 31
15 31
15 30
0
No
0
No
0
No
0
No
0
Yes
45 23
45 24
44 24
44 23
43 24
42 24
42 25
42 23
41 23
41 24
41 25
40 25
39 25
39 24
39 23
41 26
42 26
43 26
43 27
42 27
41 27
42 28
41 28
41 29
40 29
40 28
39 28
39 29
44 27
44 28
45 27
45 28
45 29
46 28
46 27
46 26
46 25
47 26
47 27
47 28
47 29
48 28
48 27
48 26
48 25
49 28
49 27
49 26
49 25
49 24
44 22
44 21
45 21
45 20
44 20
43 20
45 19
44 19
43 19
45 18
44 18
43 18
44 17
43 17
43 16
43 15
44 15
42 15
42 16
42 17
42 18
42 19
42 20
42 21
42 22
41 22
41 21
41 20
41 19
41 18
41 17
41 16
41 15
40 16
40 15
40 14
39 15
38 15
40 18
40 19
40 20
40 21
40 22
39 22
39 21
39 20
39 19
39 18
38 18
38 19
38 20
0
No
0
No
0
Yes
28 14
28 15
27 15
27 14
29 15
29 14
30 15
30 14
30 13
29 13
28 13
27 13
26 13
26 12
27 12
28 12
29 12
30 12
29 11
30 11
31 11
31 12
31 13
31 14
31 15
32 15
32 14
32 13
32 12
33 12
33 13
0
No
0
No
0
No
0
No
0
No
1
460
30 12
30 13
30 14
31 14
31 13
31 12
32 12
32 13
32 14
33 14
33 13
33 12
34 14
34 13
34 12
29 14
29 13
29 12
28 12
28 13
28 14
27 14
27 13
27 12
26 12
26 13
27 15
28 15
29 15
30 15
31 15
32 15
29 11
30 11
31 11
Yes
45 4
46 4
46 5
45 5
46 6
45 6
45 7
46 7
44 7
44 6
44 5
44 4
44 3
45 3
46 3
47 3
48 3
48 2
47 2
46 2
45 2
44 2
46 1
45 1
44 1
46 0
45 0
44 0
43 0
43 1
43 2
43 3
43 4
43 5
43 6
43 7
42 7
42 6
42 5
42 4
42 3
42 2
42 1
42 0
41 3
41 2
41 1
41 0
49 3
43 8
42 8
42 9
41 8
41 9
41 10
40 10
40 9
40 8
39 9
39 8
0
No
0
No
0
No
0
No
0
No
1
332
27 11
26 11
25 11
25 12
25 13
25 14
25 15
25 16
24 16
23 16
23 15
24 14
24 13
24 12
23 14
23 13
23 12
26 10
27 10
28 10
29 10
22 12
22 13
22 14
22 15
22 16
21 13
21 14
21 15
21 16
20 16
20 15
19 15
19 16
29 9
28 9
27 9
26 9
29 8
28 8
27 8
26 8
26 7
27 7
28 7
22 11
Yes
45 32
45 33
46 33
46 32
46 31
45 31
44 31
44 32
44 33
44 34
44 35
43 31
43 32
43 33
43 34
43 35
42 31
42 32
42 33
42 34
42 35
41 35
41 34
41 33
41 32
41 31
41 30
41 29
41 28
42 28
41 27
42 27
43 27
43 26
42 26
41 26
42 25
41 25
47 29
44 30
46 25
41 24
42 24
43 24
44 24
45 24
44 27
44 28
45 28
45 27
46 28
46 27
46 26
47 26
47 27
47 28
48 28
48 27
48 26
48 25
49 25
49 26
49 27
49 28
40 28
40 29
40 30
40 31
40 32
40 33
40 34
40 35
39 28
39 29
39 30
39 31
39 32
39 33
39 34
39 35
38 30
38 31
38 32
38 33
38 34
38 35
37 34
37 35
37 36
38 36
39 36
40 36
45 23
44 23
44 22
44 36
43 36
42 36
43 37
42 37
41 37
41 38
42 38
43 38
41 39
42 39
43 39
43 40
42 40
42 41
43 41
44 21
45 21
45 20
44 20
43 20
45 19
44 19
43 19
45 18
44 18
43 18
44 17
43 17
43 16
43 15
42 15
42 16
42 17
42 18
42 19
42 20
42 21
42 22
42 23
41 23
41 22
41 21
41 20
41 19
41 18
41 17
41 16
41 15
0
No
0
No
0
No
0
No
0
No
0
Yes
8 39
8 38
7 38
7 39
8 40
7 40
6 40
6 39
6 38
5 38
5 39
5 40
5 41
6 41
7 41
8 41
0
No
0
Yes
47 23
48 23
48 22
47 22
47 21
0
No
0
No
0
No
0
No
0
Yes
12 0
12 1
13 1
13 0
11 1
11 0
0
No
0
No
0
No
0
Yes
36 4
36 5
36 6
37 6
37 5
37 4
38 6
38 5
38 4
36 3
37 3
38 3
36 2
37 2
38 2
39 3
39 4
39 5
39 6
39 2
39 1
38 1
37 1
36 1
0
Yes
15 19
15 20
15 21
14 21
14 20
14 19
13 20
13 19
13 18
14 18
15 18
0
Yes
28 13
28 12
29 12
29 13
29 14
28 14
28 15
29 15
30 15
30 14
30 13
30 12
31 15
31 14
31 13
31 12
32 15
32 14
32 13
32 12
27 15
27 14
27 13
27 12
33 12
33 13
33 14
34 14
34 13
34 12
35 14
35 13
35 12
36 12
36 13
36 14
0
Yes
27 31
27 30
28 30
28 31
29 31
29 32
28 32
27 32
28 33
27 33
27 34
28 34
28 35
29 35
29 34
30 34
26 34
26 33
26 32
26 31
25 32
25 31
25 30
25 29
31 34
31 33
32 34
32 33
33 34
33 33
33 32
32 32
33 31
32 31
31 31
30 31
30 30
31 30
25 28
24 28
24 29
24 30
24 31
24 32
24 33
24 34
24 27
24 26
24 25
24 24
24 23
23 27
23 28
23 29
23 30
23 31
23 32
23 33
23 34
23 26
23 25
23 24
23 23
22 28
22 29
22 30
22 31
22 32
22 33
22 34
22 35
23 35
24 35
25 35
23 36
24 36
25 36
25 37
24 37
21 30
21 29
22 26
22 25
22 24
22 23
21 23
21 24
21 25
21 26
20 26
20 25
20 24
22 22
23 22
24 22
25 22
25 21
24 21
23 21
22 21
0
Yes
39 0
38 0
37 0
36 0
35 0
35 1
34 1
34 0
40 0
40 1
40 2
33 1
33 2
33 3
32 3
32 2
41 2
41 1
41 0
41 3
42 3
42 2
42 1
42 0
42 4
42 5
42 6
42 7
42 8
49 3
43 8
43 7
43 6
43 5
43 4
43 3
43 2
43 1
43 0
44 7
44 6
44 5
44 4
44 3
44 2
44 1
44 0
45 7
45 6
45 5
45 4
45 3
45 2
45 1
45 0
46 0
46 1
46 2
46 3
46 4
46 5
46 6
46 7
46 8
47 8
47 9
46 9
46 10
47 10
46 11
47 11
48 11
48 10
49 10
49 11
47 6
46 12
47 3
47 2
48 2
48 3
0
No
0
Yes
14 28
14 29
13 28
13 29
12 28
12 29
11 29
11 30
12 30
13 30
14 30
14 31
15 31
15 30
12 31
12 32
12 33
13 32
11 32
10 32
10 33
10 34
9 34
9 33
9 32
8 32
9 31
10 31
10 30
9 30
10 29
9 29
9 28
10 28
0
Yes
49 15
48 15
48 16
47 16
47 15
47 14
48 14
49 14
47 17
48 17
0
No
0
No
0
Yes
7 24
7 25
7 26
8 25
8 24
9 24
9 25
9 26
10 26
10 25
10 24
9 23
8 23
7 23
7 22
8 22
7 21
8 21
9 21
9 20
8 20
6 23
6 24
6 25
6 26
6 27
6 28
5 28
5 27
5 26
5 25
5 24
5 23
5 22
4 22
4 23
4 24
4 25
4 26
4 27
4 28
3 23
3 24
3 25
3 26
3 27
3 28
2 23
2 24
2 25
2 26
2 27
2 28
1 23
1 24
1 25
1 26
1 27
1 28
1 29
2 29
3 29
4 29
5 29
6 29
7 29
2 30
3 30
4 30
5 30
6 30
7 30
8 30
8 31
7 31
6 31
5 31
4 31
3 31
2 31
1 31
3 32
2 32
1 32
1 33
1 34
2 34
2 35
0 33
0 32
0 28
0 27
0 26
0 25
0 24
0 23
2 36
3 36
3 37
2 37
0
No
0
No
0
No
0
Yes
48 19
48 18
48 20
48 21
49 21
49 20
49 19
49 18
0
Yes
38 35
39 35
40 35
41 35
42 35
43 35
44 35
44 34
43 34
42 34
41 34
40 34
39 34
38 34
38 33
39 33
40 33
41 33
42 33
43 33
44 33
45 33
46 33
46 32
45 32
44 32
43 32
42 32
41 32
40 32
39 32
38 32
46 31
45 31
44 31
43 31
42 31
41 31
40 31
39 31
38 31
38 30
39 30
40 30
41 30
37 34
37 35
37 36
38 36
39 36
40 36
0
No
0
No
0
No
0
Yes
1 3
0 3
0 4
1 4
2 4
2 5
1 5
0 5
2 6
1 6
0 6
0
Yes
6 24
6 23
7 23
7 24
7 22
7 21
8 22
8 23
8 24
8 21
9 21
9 20
8 20
9 23
9 24
10 24
10 25
9 25
8 25
7 25
6 25
7 26
6 26
9 26
10 26
5 26
5 25
5 24
5 23
5 22
4 22
4 23
4 24
4 25
4 26
3 23
3 24
3 25
3 26
2 23
2 24
2 25
2 26
1 23
1 24
1 25
1 26
0 23
0 24
0 25
0 26
6 27
5 27
4 27
3 27
2 27
1 27
0 27
0 28
1 28
2 28
3 28
4 28
5 28
6 28
1 29
2 29
3 29
4 29
5 29
6 29
7 29
2 30
3 30
4 30
5 30
6 30
7 30
8 30
8 31
7 31
6 31
5 31
4 31
3 31
2 31
1 31
3 32
2 32
1 32
1 33
1 34
2 34
2 35
0 33
0 32
2 36
3 36
3 37
2 37
1 37
1 36
5 21
0
No
0
Yes
30 15
31 15
32 15
29 15
28 15
27 15
27 14
28 14
29 14
30 14
31 14
32 14
33 14
34 14
35 14
35 13
34 13
33 13
32 13
31 13
30 13
29 13
28 13
27 13
26 13
26 12
27 12
28 12
29 12
30 12
31 12
32 12
33 12
34 12
35 12
36 12
36 13
36 14
0
Yes
49 25
48 25
48 26
49 26
47 26
46 26
46 27
47 27
48 27
49 27
49 28
48 28
47 28
1
557
41 39
41 38
41 37
42 37
42 38
42 39
42 40
42 41
43 41
43 40
43 39
43 38
43 37
Yes
49 25
49 24
48 25
48 26
49 26
47 26
46 26
46 25
46 27
47 27
48 27
49 27
49 28
48 28
47 28
46 28
47 29
45 27
45 28
45 29
44 28
44 27
43 27
43 26
42 26
42 27
42 28
41 27
41 26
41 28
41 29
42 25
41 25
41 24
42 24
43 24
44 24
45 24
45 23
44 23
44 22
44 21
45 21
42 23
41 23
42 22
41 22
42 21
41 21
40 25
39 25
39 24
39 23
38 23
37 23
37 22
38 22
39 22
40 22
40 21
39 21
38 21
37 21
37 20
38 20
39 20
40 20
41 20
42 20
43 20
44 20
45 20
45 19
44 19
43 19
42 19
41 19
40 19
39 19
38 19
38 18
39 18
40 18
41 18
42 18
43 18
44 18
45 18
44 17
43 17
42 17
41 17
43 16
42 16
41 16
40 16
41 15
42 15
43 15
40 15
40 14
44 15
39 15
38 15
1
535
22 48
22 47
21 47
21 48
22 49
21 49
20 49
20 48
20 47
19 47
19 48
Yes
17 19
17 20
18 20
18 19
19 19
19 18
16 20
16 19
16 18
15 18
15 19
15 20
15 21
14 21
14 20
14 19
14 18
13 18
13 19
13 20
20 19
20 18
20 17
21 17
21 18
21 19
22 17
22 18
22 19
22 20
23 20
23 19
23 18
23 17
24 20
24 19
24 18
0
No
0
No
0
No
0
Yes
2 27
2 28
3 28
3 27
4 27
4 28
5 28
5 27
6 27
6 28
6 26
5 26
4 26
3 26
2 26
7 26
7 25
6 25
5 25
4 25
3 25
2 25
2 24
3 24
4 24
5 24
6 24
7 24
6 23
7 23
5 23
4 23
3 23
2 23
1 23
1 24
1 25
1 26
1 27
1 28
0 28
0 27
0 26
0 25
0 24
0 23
1 29
2 29
3 29
4 29
5 29
1
559
39 34
39 35
39 36
40 36
40 35
40 34
41 35
41 34
38 36
38 35
38 34
37 34
37 35
37 36
38 33
39 33
40 33
41 33
38 32
39 32
40 32
41 32
38 31
39 31
40 31
41 31
41 30
40 30
39 30
38 30
39 29
40 29
40 28
39 28
42 31
42 32
42 33
Yes
19 21
19 22
19 23
19 24
19 25
19 26
19 27
19 28
18 27
18 26
18 25
18 24
18 23
18 22
18 21
18 20
18 19
19 19
19 18
17 19
17 20
17 21
17 22
17 23
17 24
17 25
17 26
17 27
16 22
16 23
16 24
16 25
16 26
16 27
16 21
16 20
16 19
16 18
16 28
15 28
15 27
15 26
15 25
15 24
15 23
14 24
14 25
13 25
13 24
15 18
15 19
15 20
15 21
14 21
14 20
14 19
14 18
13 18
13 19
13 20
12 24
12 25
12 26
12 23
12 22
12 21
20 28
20 29
11 26
11 25
11 24
10 24
10 25
10 26
10 27
9 26
9 25
9 24
9 23
8 25
8 24
8 23
8 22
7 22
7 21
8 21
9 21
8 20
9 20
10 20
20 21
21 21
20 20
20 19
20 18
20 17
21 17
21 18
21 19
22 17
22 18
22 19
22 20
23 20
23 19
23 18
23 17
24 20
24 19
0
Yes
37 46
37 47
37 48
37 49
37 45
38 45
38 46
38 47
38 48
38 49
39 49
39 48
39 47
39 46
39 45
40 45
40 46
40 47
40 48
40 49
41 49
41 48
41 47
41 46
0
No
0
Yes
2 42
2 43
1 42
1 43
1 44
2 44
0 44
0 43
0 42
0
No
1
523
48 47
48 48
48 49
47 47
47 48
47 49
46 47
46 48
46 49
45 49
45 48
45 47
44 47
44 48
43 48
43 47
Yes
1 36
1 37
2 37
2 36
3 36
3 37
2 35
1 39
0 40
0 39
0 38
3 38
3 39
4 38
4 39
0 37
0 36
5 39
5 38
5 37
4 40
5 40
5 41
6 37
6 38
6 39
6 40
6 41
6 42
7 42
7 41
7 40
7 39
7 38
8 38
8 39
8 40
8 41
8 42
0
No
0
No
0
No
0
No
0
No
0
No
0
Yes
45 32
46 32
46 31
45 31
46 33
45 33
44 31
44 32
44 33
43 31
43 32
43 33
44 34
43 34
42 34
42 35
43 35
0
No
0
No
0
No
0
Yes
38 35
38 36
37 36
37 35
37 34
38 34
39 36
39 35
39 34
40 36
40 35
40 34
0
No
0
No
0
No
0
No
0
Yes
7 2
8 2
8 1
7 1
7 0
6 0
6 1
6 2
5 1
5 0
5 2
4 2
4 3
5 3
6 3
7 3
8 3
8 4
7 4
6 4
6 5
7 5
9 4
9 3
10 4
10 3
10 2
11 2
12 2
12 3
12 4
12 5
11 1
12 1
11 0
12 0
13 1
13 0
13 5
13 4
13 3
14 3
15 3
15 2
14 2
14 5
15 5
14 6
15 6
16 6
17 6
18 6
18 7
17 7
16 7
15 7
14 7
18 8
17 8
16 8
15 8
14 8
13 8
12 8
11 8
11 9
12 9
13 9
14 9
15 9
0
Yes
16 15
16 16
16 17
15 17
15 16
15 15
15 14
14 14
14 15
14 16
14 17
17 17
17 16
13 17
13 16
13 15
13 14
0
No
1
360
10 13
11 13
12 13
13 13
13 12
12 12
11 12
10 12
10 11
11 11
12 11
13 11
13 10
12 10
11 10
10 10
9 10
9 11
9 12
9 13
8 12
8 13
8 11
8 10
Yes
34 47
34 48
33 48
32 48
31 48
30 48
29 48
29 49
30 49
31 49
32 49
33 49
34 49
35 49
35 48
35 47
36 47
36 48
36 49
37 49
37 48
37 47
38 47
38 48
38 49
39 49
39 48
39 47
40 47
40 48
40 49
41 49
41 48
41 47
42 48
42 47
42 46
41 46
40 46
39 46
38 46
37 46
36 46
35 46
34 46
33 46
33 45
34 45
35 45
36 45
37 45
38 45
39 45
40 45
41 45
42 45
41 44
42 44
41 43
42 43
39 44
38 44
37 44
36 44
35 44
34 44
33 44
39 43
38 43
37 43
36 43
35 43
34 43
33 43
32 43
32 42
33 42
34 42
35 42
36 42
37 42
28 49
28 48
28 47
28 46
29 46
30 46
30 45
29 45
37 41
36 41
33 41
33 40
33 39
34 39
34 38
33 38
27 46
27 47
27 48
27 49
26 46
26 47
26 48
26 49
25 46
25 47
25 48
25 49
24 46
24 47
24 48
24 49
32 38
43 43
43 44
43 45
43 46
31 38
0
No
0
Yes
28 15
27 15
27 14
28 14
29 15
29 14
30 15
30 14
30 13
29 13
28 13
27 13
26 13
26 12
27 12
28 12
29 12
30 12
29 11
30 11
31 11
31 12
31 13
31 14
31 15
32 15
32 14
32 13
32 12
33 12
33 13
33 14
34 14
34 13
34 12
34 15
34 11
35 11
35 12
35 13
35 14
36 12
36 13
36 14
0
No
1
569
41 34
41 35
42 35
42 34
43 34
43 35
44 35
44 34
44 33
43 33
42 33
41 33
40 33
39 33
38 33
38 32
39 32
40 32
41 32
42 32
43 32
44 32
44 31
43 31
42 31
41 31
40 31
39 31
38 31
45 31
45 32
45 33
46 33
46 32
46 31
38 30
39 30
40 30
41 30
Yes
3 36
3 37
3 38
3 39
4 38
4 39
4 40
2 37
2 36
2 35
2 34
1 34
1 36
1 37
0 36
0 37
0 38
0 39
1 39
0 40
5 40
5 39
5 38
5 37
5 41
6 37
6 38
6 39
6 40
6 41
6 42
7 42
7 41
7 40
7 39
7 38
8 38
8 39
8 40
8 41
8 42
6 36
7 36
7 35
6 35
6 34
5 35
1 33
0 33
0 32
1 32
1 31
2 32
2 31
2 30
3 32
3 31
3 30
4 30
4 31
5 31
5 30
6 31
6 30
6 29
7 29
7 30
7 31
8 30
8 31
8 32
9 32
9 31
9 30
9 29
9 28
10 28
10 29
10 30
10 31
10 32
11 32
10 33
10 34
9 34
9 33
11 30
11 29
12 29
12 30
12 31
12 32
12 33
13 32
12 28
13 28
13 29
13 30
0
Yes
21 49
21 48
21 47
20 47
20 48
20 49
20 46
19 46
19 47
19 48
19 49
18 49
18 48
18 47
18 46
17 46
17 47
17 48
17 49
0
No
1
593
24 7
25 7
23 7
23 6
24 6
25 6
22 6
22 5
23 5
24 5
25 5
25 4
24 4
23 4
22 4
25 3
24 3
23 3
22 3
Yes
15 35
16 35
17 35
18 35
19 35
20 35
20 36
21 35
21 34
20 34
19 34
18 34
17 34
16 34
15 34
15 33
16 33
17 33
18 33
19 33
20 33
21 33
19 32
18 32
14 34
13 34
13 35
13 36
12 36
12 35
16 36
12 37
11 37
11 38
12 38
11 39
12 39
12 40
13 40
13 39
14 39
14 38
10 40
10 39
0
No
0
Yes
48 22
48 23
47 23
47 22
0
No
0
Yes
18 42
17 42
17 41
18 41
19 41
19 42
20 42
20 41
21 41
21 42
21 40
20 40
19 40
18 40
17 40
17 39
18 39
19 39
20 39
21 39
17 38
18 38
19 38
20 38
21 38
21 37
20 37
16 42
16 41
16 40
15 40
15 41
21 43
20 43
19 43
21 44
20 44
19 44
20 45
19 45
18 45
17 45
17 46
18 46
19 46
20 46
17 47
18 47
19 47
20 47
21 47
22 47
22 48
21 48
20 48
19 48
18 48
17 48
17 49
18 49
19 49
20 49
21 49
0
No
0
Yes
28 5
30 4
29 5
29 4
28 4
27 4
27 5
0
No
0
Yes
19 46
20 46
20 45
19 45
19 44
20 44
21 44
21 43
20 43
19 43
18 45
18 46
17 45
17 46
17 47
18 47
19 47
20 47
21 47
22 47
22 48
21 48
20 48
19 48
18 48
17 48
17 49
18 49
19 49
20 49
21 49
22 49
21 42
20 42
19 42
18 42
17 42
16 42
21 41
20 41
19 41
18 41
17 41
16 41
15 41
15 40
16 40
17 40
18 40
19 40
20 40
21 40
21 39
20 39
19 39
18 39
17 39
17 38
18 38
19 38
0
Yes
49 45
49 46
48 46
48 45
47 46
47 45
47 44
48 44
49 44
49 43
48 43
47 43
47 42
48 42
49 42
46 42
46 43
46 44
46 45
0
Yes
7 10
7 11
8 10
8 11
8 12
9 10
9 11
9 12
10 10
10 11
10 12
11 10
11 11
11 12
12 10
12 11
12 12
12 13
11 13
10 13
9 13
8 13
7 13
7 14
8 14
9 14
10 14
11 14
12 14
10 15
11 15
12 15
8 15
7 15
13 13
13 12
13 11
13 10
14 11
0
No
0
No
0
No
0
Yes
23 12
24 12
25 12
25 13
24 13
23 13
24 14
25 14
23 14
25 15
25 16
24 16
24 17
25 17
26 17
26 18
25 18
24 18
23 16
23 15
25 11
22 12
22 13
22 14
22 15
22 16
21 13
21 14
21 15
21 16
20 16
20 15
19 15
19 16
18 16
22 11
25 19
0
No
0
No
0
No
0
No
0
No
0
No
0
Yes
29 10
29 9
29 8
28 10
28 9
28 8
27 8
27 9
27 10
26 10
26 9
26 8
0
Yes
14 15
14 14
15 14
15 15
16 15
13 14
13 15
13 16
14 16
15 16
16 16
17 16
17 17
16 17
15 17
14 17
13 17
13 18
14 18
15 18
16 18
13 19
14 19
15 19
16 19
13 20
14 20
15 20
16 20
14 21
15 21
16 21
16 22
17 19
17 20
17 21
17 22
18 20
18 19
18 21
18 22
19 22
19 21
20 21
21 21
20 20
19 23
18 23
17 23
16 23
15 23
19 24
18 24
17 24
16 24
15 24
14 24
14 25
15 25
16 25
17 25
18 25
19 25
13 25
13 24
19 19
20 19
19 18
20 18
20 17
21 17
21 18
21 19
22 17
22 18
22 19
22 20
12 17
12 16
11 16
11 17
11 18
11 19
12 24
12 25
12 23
12 22
12 21
11 24
11 25
12 26
11 26
23 17
23 18
23 19
23 20
24 20
24 19
10 24
10 25
10 26
10 27
9 26
9 25
9 24
9 23
8 25
8 24
8 23
8 22
7 22
7 21
8 21
9 21
8 20
9 20
10 20
19 26
18 26
17 26
16 26
15 26
15 27
16 27
17 27
18 27
19 27
19 28
20 28
20 29
16 28
15 28
14 28
0
Yes
1 5
2 5
0 5
2 4
1 4
0 4
2 6
1 6
0 6
2 7
1 7
0 7
0
No
0
No
0
Yes
1 26
1 27
2 27
2 26
3 26
3 27
4 27
4 26
5 26
5 27
6 27
6 26
7 26
7 25
6 25
5 25
4 25
3 25
2 25
1 25
7 24
6 24
5 24
4 24
3 24
2 24
1 24
7 23
6 23
5 23
4 23
3 23
2 23
1 23
0 23
0 24
0 25
0 26
0 27
0
Yes
2 20
2 21
1 21
1 20
3 20
4 20
2 19
3 19
4 19
5 19
5 18
4 18
3 18
2 18
1 18
0 18
5 17
4 17
3 17
2 17
1 17
0 17
5 16
4 16
3 16
2 16
1 16
0 16
0 15
1 15
2 15
3 15
4 15
3 14
4 14
5 14
6 14
6 13
5 13
5 12
6 12
6 11
5 11
4 11
6 10
5 10
4 10
3 10
5 9
4 9
3 9
0
Yes
19 9
20 9
20 8
21 8
20 10
19 10
22 8
22 9
23 9
23 8
18 9
18 10
18 11
18 12
17 12
17 11
17 10
17 9
0
No
0
No
0
Yes
36 24
37 24
38 24
38 25
37 25
36 25
35 25
34 25
38 26
37 26
36 26
35 26
34 26
38 27
37 27
36 27
35 27
34 27
37 28
38 28
36 28
35 28
34 28
36 29
35 29
34 29
36 30
35 30
0
No
0
No
0
No
0
No
0
No
0
No
0
No
0
Yes
30 23
30 24
30 25
31 23
31 24
31 25
32 23
32 24
32 25
30 26
31 26
32 26
30 27
31 27
32 27
0
No
0
No
0
No
0
No
0
No
0
No
0
Yes
12 15
12 14
11 15
11 14
11 13
12 13
13 13
13 12
12 12
11 12
10 15
10 14
10 13
0
No
1
641
49 14
49 15
49 13
48 14
48 15
47 14
47 15
46 15
49 12
47 16
48 16
48 17
47 17
Yes
9 11
9 12
8 12
8 11
7 11
8 13
9 13
7 13
7 14
8 14
9 14
10 14
10 13
10 12
10 11
11 11
11 12
11 13
11 14
12 14
12 13
12 12
12 11
13 13
13 12
13 11
14 11
12 15
11 15
10 15
8 15
7 15
7 10
8 10
9 10
10 10
11 10
12 10
13 10
14 10
15 10
16 10
16 9
17 9
17 10
7 16
0
No
1
616
19 9
18 9
20 9
20 10
19 10
18 10
20 8
21 8
22 8
22 9
23 9
23 8
Yes
31 15
32 15
30 15
29 15
28 15
27 15
27 14
28 14
29 14
30 14
31 14
32 14
33 14
34 14
35 14
36 14
36 13
35 13
34 13
33 13
32 13
31 13
30 13
29 13
28 13
27 13
26 13
36 12
35 12
34 12
33 12
32 12
31 12
30 12
29 12
28 12
27 12
26 12
31 11
30 11
29 11
34 11
35 11
29 10
29 9
29 8
28 10
28 9
28 8
28 7
28 6
27 6
27 7
27 8
27 9
27 10
27 11
26 11
26 10
26 9
26 8
26 7
0
No
0
No
0
Yes
0 48
0 47
1 47
1 48
1 49
0 49
2 49
2 48
2 47
3 47
3 48
3 49
4 49
4 48
4 47
0
No
0
No
0
No
0
Yes
45 48
45 49
46 49
46 48
47 48
47 49
48 49
48 48
48 47
47 47
46 47
0
No
1
652
48 15
48 16
47 16
47 15
49 13
49 15
47 14
48 14
49 14
47 17
48 17
Yes
40 48
40 49
39 49
39 48
39 47
40 47
40 46
39 46
40 45
39 45
39 44
39 43
38 43
38 44
38 45
38 46
38 47
38 48
38 49
37 49
37 48
37 47
37 46
37 45
37 44
37 43
37 42
37 41
36 41
36 42
36 43
36 44
36 45
36 46
36 47
36 48
36 49
35 42
35 43
35 44
35 45
35 46
35 47
35 48
35 49
34 47
34 48
34 49
34 46
34 45
34 44
34 43
34 42
33 46
33 45
33 44
33 43
33 42
33 41
33 40
32 42
32 43
33 39
34 39
34 38
33 38
33 48
33 49
32 48
32 49
31 48
31 49
30 48
30 49
29 48
29 49
41 49
41 48
41 47
41 46
41 45
41 44
41 43
42 43
42 44
42 45
42 46
42 47
42 48
43 48
43 47
43 46
43 45
43 44
43 43
44 48
44 47
44 46
44 45
44 44
44 43
44 42
45 42
45 43
45 44
45 45
45 46
45 47
45 48
46 46
46 47
46 48
47 47
47 48
48 47
48 48
48 49
47 49
46 49
45 49
28 49
28 48
0
No
0
No
0
No
0
No
0
No
0
Yes
23 26
23 27
24 27
24 26
24 25
23 25
24 24
23 24
22 26
22 25
22 24
21 26
21 25
21 24
20 24
20 25
20 26
24 28
23 28
22 28
25 28
25 29
24 29
23 29
22 29
21 29
21 30
22 30
23 30
24 30
25 30
22 31
23 31
24 31
25 31
26 31
27 31
27 30
28 30
28 31
21 23
22 23
23 23
24 23
22 22
23 22
24 22
25 22
25 21
24 21
23 21
22 21
29 31
29 32
28 32
27 32
26 32
25 32
24 32
23 32
22 32
22 33
23 33
24 33
24 34
23 34
22 34
22 35
23 35
24 35
25 35
23 36
24 36
25 36
25 37
24 37
26 33
27 33
28 33
26 34
27 34
28 34
28 35
29 35
29 34
30 34
31 34
31 33
32 34
32 33
33 34
33 33
0
Yes
23 41
22 41
22 42
23 42
22 43
23 43
22 44
23 44
24 44
24 43
24 42
24 41
22 40
23 40
24 40
22 39
23 39
24 39
25 39
25 40
25 41
25 42
25 43
25 44
25 45
26 40
26 41
26 42
26 43
26 44
26 45
26 46
25 46
24 46
24 47
25 47
26 47
24 48
25 48
26 48
24 49
25 49
26 49
27 40
27 41
27 42
27 43
27 44
27 45
27 46
27 47
27 48
27 49
28 47
28 46
0
No
0
No
0
Yes
16 25
16 26
15 26
15 25
14 25
13 25
15 27
16 27
16 28
15 28
14 28
14 29
14 30
14 31
15 31
15 30
17 27
17 26
17 25
18 27
18 26
18 25
19 27
19 26
19 25
12 25
12 26
11 26
11 25
10 26
10 25
9 26
9 25
8 25
8 24
9 24
10 24
11 24
12 24
13 24
14 24
15 24
16 24
17 24
18 24
19 24
15 23
16 23
17 23
18 23
19 23
9 23
8 23
8 22
7 22
7 21
8 21
9 21
9 20
8 20
19 22
18 22
17 22
16 22
19 21
18 21
17 21
16 21
0
No
0
No
0
No
0
Yes
49 14
49 15
48 14
48 15
49 13
0
No
0
Yes
22 0
22 1
23 1
23 0
24 1
24 0
21 0
1
643
3 24
3 25
3 26
3 27
3 28
4 28
4 27
4 26
4 25
4 24
5 24
5 25
5 26
5 27
5 28
6 28
6 27
6 26
6 25
6 24
7 26
7 25
7 24
2 28
2 27
2 26
2 25
2 24
1 24
1 25
1 26
1 27
1 28
0 28
0 27
0 26
0 25
0 24
7 23
6 23
5 23
4 23
3 23
2 23
1 23
0 23
Yes
13 17
12 17
11 17
11 16
12 16
13 16
14 16
14 17
14 15
13 15
12 15
11 15
10 15
14 14
13 14
12 14
11 14
10 14
9 14
13 13
12 13
11 13
10 13
9 13
13 12
12 12
11 12
10 12
9 12
8 12
8 13
8 14
8 15
7 15
7 14
7 13
8 11
9 11
10 11
11 11
12 11
13 11
14 11
7 11
7 10
8 10
9 10
10 10
11 10
12 10
13 10
14 10
15 21
15 14
15 15
15 16
15 17
16 15
16 16
16 17
17 17
17 16
16 18
15 18
14 18
13 18
13 19
14 19
15 19
16 19
13 20
14 20
15 20
16 20
14 21
0
No
0
Yes
27 4
27 5
28 5
28 4
29 4
29 5
0
No
0
Yes
37 1
36 1
36 2
37 2
36 3
37 3
36 4
37 4
38 1
38 2
38 3
38 4
39 1
39 2
39 3
39 4
36 5
37 5
38 5
39 5
40 5
40 6
39 6
38 6
37 6
36 6
39 7
41 5
0
No
0
No
0
No
0
No
0
No
0
No
0
Yes
29 46
30 46
30 45
29 45
0
No
0
No
0
Yes
32 29
33 29
33 30
32 30
33 31
32 31
32 32
33 32
31 31
31 30
31 29
30 30
30 31
0
No
0
No
0
Yes
21 19
20 19
19 19
19 18
20 18
21 18
22 18
22 19
22 20
23 20
23 19
23 18
24 19
24 20
23 17
22 17
21 17
20 17
0
No
0
No
0
Yes
18 25
19 25
19 26
18 26
17 26
17 25
16 25
16 26
15 26
15 25
19 27
18 27
17 27
16 27
15 27
16 28
15 28
19 24
18 24
17 24
16 24
15 24
15 23
16 23
17 23
18 23
0
No
0
No
0
No
0
Yes
21 42
21 43
21 44
21 41
21 40
20 40
20 41
20 42
20 43
20 44
20 45
20 46
19 44
19 43
19 42
19 41
19 40
19 45
19 46
18 45
18 46
17 45
17 46
17 47
18 47
19 47
20 47
21 47
22 47
22 48
21 48
20 48
19 48
18 48
17 48
17 49
18 49
19 49
20 49
21 49
22 49
18 42
18 41
18 40
17 42
17 41
17 40
16 42
16 41
16 40
15 40
15 41
17 39
18 39
19 39
20 39
21 39
17 38
18 38
19 38
20 38
0
No
0
No
0
Yes
18 24
19 24
19 25
18 25
19 26
18 26
19 23
18 23
19 22
18 22
17 22
17 23
17 24
17 25
17 26
16 22
16 23
16 24
16 25
16 26
15 23
15 24
15 25
15 26
14 25
14 24
13 24
13 25
12 24
12 25
12 26
11 26
11 25
11 24
16 21
17 21
18 21
19 21
19 27
18 27
17 27
16 27
15 27
16 28
15 28
19 28
0
No
0
No
0
Yes
11 48
12 48
12 49
11 49
0
No
0
No
0
Yes
17 35
18 35
16 35
15 35
15 34
16 34
17 34
18 34
14 34
13 34
13 35
13 36
12 36
12 35
16 36
18 31
18 36
17 31
15 33
16 33
17 33
18 33
18 32
19 32
19 33
19 34
19 35
20 35
20 34
20 33
21 33
21 34
21 35
0
No
0
No
0
No
0
No
0
Yes
23 25
24 25
24 26
23 26
23 27
24 27
22 26
22 25
21 26
21 25
20 26
20 25
20 24
21 24
22 24
23 24
24 24
21 23
22 23
23 23
24 23
22 22
23 22
24 22
22 21
23 21
24 21
24 28
23 28
22 28
25 28
25 21
25 22
25 29
24 29
23 29
22 29
21 29
21 30
22 30
23 30
24 30
25 30
22 31
23 31
24 31
25 31
25 32
24 32
23 32
22 32
22 33
23 33
24 33
24 34
23 34
22 34
22 35
23 35
24 35
25 35
23 36
24 36
25 36
25 37
24 37
24 38
25 38
26 31
26 32
26 33
26 34
27 34
27 33
27 32
27 31
27 30
28 30
28 31
28 32
28 33
28 34
28 35
29 35
29 34
26 37
29 32
29 31
0
No
1
618
33 27
33 26
33 25
34 25
34 26
34 27
35 25
35 26
35 27
33 28
34 28
35 28
Yes
3 16
3 17
3 18
3 19
3 20
4 20
4 19
4 18
4 17
4 16
5 16
5 17
5 18
5 19
6 17
7 17
7 16
4 15
3 15
3 14
4 14
5 14
6 14
6 13
5 13
5 12
6 12
2 15
2 16
2 17
2 18
2 19
2 20
2 21
1 21
1 20
0 20
0 21
0 22
1 18
1 17
1 16
1 15
0 18
0 17
0 16
0 15
0 14
6 11
5 11
4 11
6 10
5 10
4 10
3 10
5 9
4 9
3 9
2 9
1 9
1 8
1 7
2 7
3 7
2 6
1 6
2 5
1 5
2 4
1 4
1 3
1 2
2 2
0 3
0 4
0 5
0 6
0 7
0 8
0 9
0 10
0 11
0 23
1 23
2 23
3 23
3 24
2 24
1 24
0 24
0 25
1 25
2 25
3 25
3 26
2 26
1 26
0 26
0 27
1 27
2 27
3 27
0 28
1 28
2 28
3 28
1 29
2 29
3 29
4 29
4 28
4 27
4 26
4 25
4 24
4 23
4 22
5 22
5 21
5 23
5 24
5 25
5 26
5 27
5 28
5 29
6 28
6 27
6 26
6 25
6 24
6 23
7 26
7 25
7 24
7 23
7 22
7 21
8 22
8 21
9 21
8 20
9 20
10 20
0
No
0
No
0
No
0
No
0
Yes
40 29
41 29
39 29
39 28
40 28
41 28
42 28
41 27
42 27
43 27
43 26
42 26
41 26
42 25
41 25
40 25
39 25
44 27
44 28
45 28
45 27
46 28
46 27
46 26
47 26
47 27
47 28
48 28
48 27
48 26
48 25
49 25
49 26
49 27
49 28
39 24
39 23
41 24
42 24
43 24
44 24
45 24
45 23
44 23
44 22
44 21
45 21
45 20
44 20
43 20
45 19
44 19
43 19
45 18
44 18
43 18
44 17
43 17
43 16
43 15
42 15
42 16
42 17
42 18
42 19
42 20
42 21
42 22
42 23
41 23
41 22
41 21
41 20
41 19
41 18
41 17
41 16
41 15
40 15
40 16
40 18
40 19
40 20
40 21
40 22
39 22
39 21
39 20
39 19
39 18
38 18
38 19
38 20
38 21
38 22
38 23
38 24
38 25
37 20
37 21
37 22
37 23
37 24
37 25
36 24
36 25
0
No
0
No
0
No
0
No
0
No
0
Yes
8 48
9 48
9 47
8 47
7 47
7 48
7 49
8 49
9 49
0
No
0
Yes
47 21
47 22
47 23
48 23
48 22
0
Yes
37 6
36 6
36 5
37 5
38 6
38 5
39 5
39 6
39 7
40 6
40 5
39 2
39 8
39 9
38 2
40 8
40 9
41 8
41 9
36 2
41 10
40 10
37 2
39 4
38 4
37 4
36 4
35 4
34 4
42 9
40 11
38 9
39 3
36 3
37 3
38 3
0
No
0
No
0
No
0
No
0
No
1
593
1 42
2 42
5 45
0 42
2 43
1 43
0 43
0 44
1 44
2 44
3 44
2 45
3 45
3 46
2 46
3 42
4 46
4 45
5 46
Yes
25 8
25 7
25 6
24 8
24 7
24 6
23 7
23 8
23 6
22 6
23 9
22 9
22 8
20 3
22 5
23 5
24 5
25 5
25 4
24 4
23 4
22 4
25 3
24 3
23 3
22 3
21 3
21 2
22 2
23 2
0
No
0
Yes
39 18
40 18
40 19
39 19
39 20
40 20
40 21
39 21
40 22
39 22
41 22
41 21
41 20
41 19
41 18
41 17
42 21
42 22
42 20
42 19
42 18
42 17
43 20
43 19
43 18
43 17
44 17
44 18
44 19
44 20
45 18
45 19
45 20
45 21
44 21
44 22
43 16
42 16
41 16
40 16
40 15
41 15
42 15
43 15
38 18
38 19
38 20
38 21
38 22
40 14
0
Yes
48 26
48 25
49 25
49 26
47 26
46 26
46 27
47 27
48 27
49 27
49 28
48 28
47 28
46 28
45 28
45 27
49 24
0
No
0
No
0
Yes
15 16
15 17
16 17
16 16
17 16
17 17
16 15
15 15
15 14
14 14
14 15
14 16
14 17
13 17
13 16
13 15
13 14
12 17
12 16
12 15
12 14
11 17
11 16
11 15
11 14
13 18
14 18
15 18
16 18
0
Yes
37 21
37 20
36 20
36 21
35 21
35 20
35 19
37 22
36 22
35 22
35 23
36 23
37 23
34 23
34 22
34 21
34 20
34 19
34 18
33 22
33 21
33 20
33 19
33 18
33 17
32 20
32 19
32 18
32 17
32 16
31 16
31 17
31 18
31 19
30 19
30 18
30 17
30 16
29 16
29 17
29 18
29 19
0
Yes
10 14
10 13
11 13
12 13
13 13
13 12
12 12
11 12
10 12
10 11
11 11
12 11
13 11
14 11
14 10
13 10
12 10
11 10
10 10
15 10
16 10
16 9
17 9
17 10
17 11
17 12
18 12
18 11
18 10
18 9
19 9
19 10
20 10
20 9
9 10
9 11
9 12
9 13
9 14
8 12
8 13
8 14
8 11
8 10
7 10
7 11
19 12
0
No
0
No
0
Yes
22 0
22 1
23 1
23 0
24 1
24 0
25 0
0
No
0
Yes
18 33
18 32
17 33
16 33
15 33
15 34
16 34
17 34
18 34
16 36
18 36
15 35
16 35
17 35
18 35
19 32
19 33
19 34
19 35
20 35
20 34
20 33
21 33
21 34
21 35
1
739
43 24
44 24
45 24
45 23
44 23
42 24
42 23
42 25
41 23
41 24
41 25
40 25
39 25
39 24
39 23
38 23
38 24
38 25
38 26
38 27
38 28
39 28
39 29
40 29
40 28
41 29
41 28
42 28
41 27
41 26
42 26
42 27
43 27
43 26
37 28
37 27
37 26
37 25
37 24
36 24
36 25
36 26
36 27
36 28
36 29
44 27
44 28
Yes
12 8
11 8
11 9
12 9
13 8
13 9
13 10
12 10
11 10
10 10
9 10
8 10
7 10
7 11
8 11
9 11
10 11
11 11
12 11
13 11
14 11
14 10
14 9
14 8
14 7
14 6
14 5
13 5
12 5
12 4
13 4
13 3
12 3
12 2
11 2
10 2
10 3
10 4
9 4
9 3
8 4
8 3
8 2
8 1
11 1
12 1
13 1
13 0
12 0
11 0
7 1
7 2
7 3
7 4
7 5
6 5
6 4
6 3
6 2
6 1
5 1
5 2
5 3
4 3
4 2
5 0
6 0
7 0
15 5
15 6
15 7
15 8
15 9
15 10
16 10
16 9
16 8
16 7
16 6
17 6
17 7
17 8
17 9
17 10
18 6
18 7
18 8
18 9
18 10
18 11
17 11
17 12
18 12
19 10
19 9
20 9
20 10
14 3
15 3
15 2
14 2
13 12
12 12
11 12
10 12
9 12
8 12
13 13
12 13
11 13
0
No
0
No
0
Yes
49 20
49 21
48 21
48 20
48 19
49 19
0
No
0
No
0
No
0
Yes
47 49
48 49
46 49
45 49
48 48
47 48
46 48
45 48
48 47
47 47
46 47
45 47
1
604
37 24
36 24
38 24
38 23
39 23
39 24
39 25
38 25
37 25
36 25
36 26
37 26
38 26
38 27
37 27
36 27
36 28
37 28
38 28
Yes
41 46
41 47
40 47
40 46
40 45
41 45
41 44
41 43
39 45
39 46
39 47
39 44
39 43
38 43
38 44
38 45
38 46
38 47
37 47
37 46
37 45
37 44
37 43
37 42
37 41
36 41
36 42
36 43
36 44
36 45
36 46
36 47
35 42
35 43
35 44
35 45
35 46
35 47
34 47
34 46
34 45
34 44
34 43
34 42
33 46
33 45
33 44
33 43
33 42
33 41
33 40
32 42
32 43
33 39
34 39
35 39
36 39
36 38
36 37
36 36
35 36
34 38
33 38
32 38
31 38
34 48
35 48
36 48
37 48
38 48
39 48
40 48
41 48
41 49
40 49
39 49
38 49
37 49
36 49
35 49
34 49
42 48
42 47
42 46
42 45
42 44
42 43
42 42
43 43
43 44
43 45
43 46
43 47
43 48
44 48
44 47
44 46
44 45
44 44
44 43
44 42
45 42
45 43
45 44
45 45
45 46
46 46
46 45
46 44
46 43
46 42
47 42
47 43
47 44
47 45
47 46
48 46
48 45
48 44
48 43
48 42
49 42
49 43
49 44
49 45
49 46
33 48
33 49
32 48
32 49
31 48
31 49
30 48
30 49
29 48
29 49
28 48
28 49
42 41
41 41
43 41
43 40
42 40
43 39
42 39
41 39
41 38
41 37
42 38
0
No
0
No
0
No
0
No
0
No
0
No
0
No
1
737
13 44
12 44
11 44
11 45
12 45
13 45
14 45
14 44
15 44
15 45
16 45
16 44
16 43
15 43
14 43
13 43
11 46
12 46
13 46
14 46
15 46
16 46
16 47
15 47
14 47
13 47
12 47
14 48
15 48
Yes
7 4
7 5
6 5
6 4
8 4
9 4
10 4
10 3
9 3
8 3
7 3
6 3
10 2
11 2
12 2
12 3
12 4
12 5
13 5
13 4
13 3
14 3
14 2
14 5
14 6
14 7
11 1
12 1
13 1
13 0
12 0
11 0
5 3
8 2
7 2
6 2
5 2
8 1
7 1
6 1
5 1
5 0
6 0
7 0
14 8
13 8
12 8
11 8
11 9
12 9
13 9
14 9
14 10
13 10
12 10
11 10
14 11
13 11
12 11
11 11
13 12
12 12
11 12
13 13
12 13
11 13
10 10
10 11
10 12
10 13
9 10
9 11
9 12
9 13
9 14
10 14
11 14
12 14
13 14
14 14
8 12
8 13
8 14
8 11
8 10
7 10
7 11
7 13
7 14
7 15
8 15
15 14
10 15
11 15
12 15
13 15
14 15
15 15
16 15
4 2
4 3
15 5
15 6
15 7
15 8
15 9
15 10
15 2
15 3
16 10
16 9
16 8
16 7
16 6
17 6
17 7
17 8
17 9
17 10
18 6
18 7
18 8
18 9
18 10
18 11
17 11
17 12
18 12
19 10
19 9
20 9
20 10
11 16
12 16
13 16
14 16
15 16
16 16
0
No
0
Yes
32 15
31 15
30 15
30 14
31 14
32 14
33 14
33 13
32 13
31 13
30 13
32 12
33 12
31 12
30 12
31 11
30 11
29 11
29 12
29 13
29 14
29 15
28 15
28 14
28 13
28 12
27 15
27 14
0
No
0
Yes
36 13
36 14
36 12
35 14
35 13
35 12
34 14
34 13
34 12
34 11
35 11
0
No
0
No
0
No
0
No
0
No
0
No
0
No
0
No
0
Yes
21 35
21 34
21 33
20 33
20 34
20 35
19 35
19 34
19 33
19 32
18 32
18 33
18 34
18 35
17 35
17 34
17 33
16 33
16 34
16 35
15 35
15 34
15 33
16 36
0
Yes
45 24
44 24
44 23
45 23
43 24
0
Yes
23 29
23 30
23 31
22 31
22 30
22 29
22 28
23 28
22 32
23 32
22 33
23 33
24 33
24 32
24 31
24 30
24 29
24 28
25 28
25 29
25 30
25 31
25 32
24 34
23 34
0
Yes
32 30
32 31
32 32
31 31
31 30
30 30
30 31
29 31
29 32
31 29
32 29
28 32
28 31
28 30
28 33
28 34
28 35
29 35
29 34
30 34
31 34
31 33
32 33
32 34
33 34
33 33
33 32
33 31
33 30
33 29
27 30
27 31
27 32
27 33
27 34
26 34
26 33
26 32
26 31
0
Yes
4 38
3 38
3 39
4 39
4 40
3 37
2 37
1 37
0 37
5 40
5 39
5 38
5 37
6 37
6 38
6 39
6 40
7 38
7 39
7 40
8 38
8 39
8 40
5 41
6 41
7 41
8 41
8 42
7 42
6 42
3 36
2 36
1 36
0 36
1
774
15 45
16 45
16 46
15 46
16 47
15 47
16 44
15 44
16 43
15 43
14 43
14 44
14 45
14 46
14 47
13 43
13 44
13 45
13 46
13 47
12 47
12 46
12 45
12 44
Yes
12 30
12 31
12 32
11 32
13 30
11 30
11 29
12 29
13 29
12 28
13 28
14 28
14 29
14 30
14 31
15 31
15 30
10 29
10 30
10 31
10 32
10 33
10 34
10 35
11 35
12 35
12 36
13 36
13 35
13 34
14 34
12 37
11 37
11 38
12 38
9 34
9 33
9 32
9 31
9 30
9 29
9 35
9 36
9 28
10 28
13 32
8 32
8 31
8 30
7 31
7 30
7 29
8 36
8 35
7 35
7 36
15 34
15 35
15 33
16 33
16 34
16 35
17 35
17 34
17 33
6 36
6 35
6 29
6 30
6 31
11 39
12 39
12 40
13 40
13 39
5 31
5 30
4 30
4 31
3 30
3 31
3 32
2 30
2 31
2 32
1 31
1 32
1 33
0 33
0 32
18 35
18 34
18 33
18 32
19 32
19 33
19 34
19 35
20 33
20 34
20 35
20 36
20 37
21 37
21 38
22 38
23 38
21 33
21 34
21 35
22 34
22 35
23 35
23 36
24 35
24 36
25 35
25 36
25 37
24 37
24 38
0
Yes
20 20
20 19
21 19
19 19
19 18
20 18
21 18
20 17
21 17
22 17
22 18
22 19
22 20
23 17
23 18
23 19
23 20
24 19
24 20
20 21
21 21
22 21
23 21
24 21
25 21
25 22
24 22
23 22
22 22
24 23
23 23
22 23
23 24
24 24
0
No
0
No
0
No
0
No
0
No
0
Yes
27 8
27 9
27 10
28 10
28 9
28 8
29 8
29 9
29 10
28 7
27 7
28 6
27 6
26 6
26 7
26 8
26 9
0
No
0
No
0
Yes
26 11
27 11
27 12
26 12
26 13
27 13
0
No
0
Yes
34 30
34 29
35 29
35 30
36 30
0
No
0
No
0
Yes
27 9
27 10
28 10
28 9
28 8
27 8
28 7
27 7
29 8
29 9
29 10
26 10
26 9
26 8
0
No
0
Yes
12 39
12 40
13 40
13 39
11 39
11 38
12 38
11 37
12 37
12 36
13 36
13 35
12 35
11 35
9 37
6 34
10 35
10 34
10 33
9 33
9 34
9 35
9 36
8 36
7 36
6 36
8 35
7 35
6 35
9 32
10 32
11 32
12 32
12 31
8 32
10 31
9 31
8 31
8 30
9 30
10 30
11 30
12 30
13 30
11 29
12 29
13 29
10 29
9 29
9 28
10 28
5 35
12 28
13 28
14 28
14 29
14 30
14 31
15 31
15 30
0
Yes
17 33
16 33
16 34
17 34
17 35
16 35
18 35
18 34
18 33
18 32
19 32
19 33
19 34
19 35
15 35
15 34
15 33
20 33
20 34
20 35
18 36
0
Yes
16 17
17 17
17 16
16 18
15 17
15 18
15 19
16 19
16 20
15 20
15 21
17 20
17 19
18 19
18 20
14 21
14 20
14 19
14 18
14 17
13 20
13 19
13 18
13 17
0
No
0
No
0
No
0
No
0
Yes
46 44
46 45
46 46
46 47
46 48
46 49
45 49
45 48
45 47
45 46
45 45
45 44
44 48
44 47
44 46
44 45
44 44
43 48
43 47
43 46
43 45
43 44
43 43
44 43
45 43
46 43
44 42
45 42
46 42
47 42
47 43
47 44
47 45
47 46
47 47
47 48
47 49
48 49
48 48
48 47
48 46
48 45
48 44
48 43
48 42
49 42
49 43
49 44
49 45
49 46
42 48
42 47
42 46
42 45
42 44
42 43
42 42
41 43
41 44
41 45
41 46
41 47
41 48
41 49
40 45
40 46
40 47
40 48
40 49
42 41
43 41
43 40
42 40
43 39
42 39
41 39
39 49
39 48
39 47
39 46
39 45
39 44
39 43
38 43
38 44
38 45
38 46
38 47
38 48
38 49
37 49
37 48
37 47
37 46
37 45
37 44
37 43
37 42
37 41
36 41
36 42
36 43
36 44
36 45
36 46
36 47
36 48
36 49
35 42
35 43
35 44
35 45
35 46
35 47
35 48
35 49
34 47
34 48
34 49
34 46
34 45
34 44
34 43
34 42
33 46
33 45
33 44
33 43
33 42
33 41
33 40
32 42
32 43
33 39
33 38
34 38
34 39
35 39
36 39
36 38
36 37
41 41
31 38
32 38
0
Yes
1 49
2 49
3 49
3 48
2 48
1 48
1 47
2 47
3 47
1 46
2 46
3 46
2 45
3 45
3 44
2 44
2 43
2 42
1 42
1 43
1 44
0 44
0 43
0 42
0 47
0 48
0 49
4 45
4 46
4 47
4 48
4 49
3 42
0
Yes
23 27
24 27
24 26
23 26
22 26
21 26
20 26
20 25
21 25
22 25
23 25
24 25
20 24
21 24
22 24
23 24
24 24
21 23
22 23
23 23
24 23
22 22
23 22
24 22
24 21
23 21
22 21
21 21
20 21
20 20
22 20
23 20
24 20
24 19
23 19
22 19
21 19
20 19
23 18
22 18
21 18
20 18
20 17
21 17
22 17
23 17
19 18
19 19
25 21
25 22
26 22
26 23
27 23
27 22
28 22
28 23
28 24
29 24
29 23
25 25
0
No
0
No
0
Yes
49 44
49 45
49 46
48 46
48 45
48 44
48 47
48 48
48 49
47 49
47 48
47 47
47 46
47 45
47 44
47 43
48 43
49 43
49 42
48 42
47 42
46 42
46 43
46 44
46 45
46 46
46 47
46 48
46 49
45 49
45 48
45 47
45 46
45 45
45 44
45 43
45 42
44 42
44 43
44 44
44 45
44 46
44 47
44 48
43 48
43 47
43 46
43 45
43 44
43 43
42 48
42 47
42 46
42 45
42 44
42 43
41 48
41 43
41 44
41 45
41 46
41 47
1
808
26 12
26 13
25 13
25 12
25 11
26 11
26 10
26 9
24 12
24 13
24 14
25 14
25 15
25 16
24 16
23 16
23 15
23 14
23 13
23 12
22 12
22 13
22 14
22 15
22 16
22 11
21 13
21 14
21 15
21 16
20 16
20 15
19 15
19 16
18 16
27 13
27 12
27 11
27 10
27 9
28 10
28 9
29 10
29 9
29 8
28 8
27 8
26 8
30 8
31 8
32 8
31 7
31 6
32 9
32 10
33 9
26 7
27 7
28 7
28 6
27 6
26 6
Yes
36 49
37 49
38 49
39 49
40 49
41 49
41 48
40 48
39 48
38 48
37 48
36 48
36 47
37 47
38 47
39 47
40 47
41 47
41 46
40 46
39 46
38 46
37 46
36 46
40 45
41 45
39 45
38 45
37 45
36 45
39 44
38 44
37 44
36 44
39 43
38 43
37 43
36 43
37 42
36 42
35 42
35 43
35 44
35 45
35 46
35 47
35 48
35 49
34 47
34 48
34 49
34 46
34 45
34 44
34 43
34 42
33 46
33 45
33 44
33 43
33 42
32 42
32 43
33 48
33 49
32 48
32 49
31 48
31 49
30 48
30 49
29 48
29 49
28 48
28 49
41 44
41 43
33 41
33 40
36 41
37 41
33 39
33 38
34 38
34 39
35 39
36 39
36 38
36 37
36 36
37 36
38 36
39 36
40 36
40 35
39 35
38 35
37 35
37 34
38 34
39 34
40 34
42 48
42 47
42 46
42 45
0
Yes
48 47
48 48
48 49
47 49
47 48
47 47
47 46
48 46
49 46
49 45
48 45
47 45
47 44
48 44
49 44
49 43
48 43
47 43
46 43
46 44
46 45
46 46
46 47
46 48
46 49
45 49
45 48
45 47
45 46
45 45
45 44
45 43
44 48
44 47
44 46
44 45
44 44
44 43
43 48
43 47
43 46
43 45
43 44
43 43
42 44
42 43
42 42
44 42
45 42
46 42
47 42
48 42
49 42
42 41
41 41
0
No
1
776
29 13
29 14
29 15
30 15
30 14
30 13
31 15
31 14
31 13
32 15
32 14
32 13
32 12
31 12
30 12
29 12
29 11
30 11
31 11
28 12
28 13
28 14
28 15
27 15
27 14
Yes
20 33
21 33
22 33
22 32
22 31
23 31
23 32
23 33
24 33
24 32
24 31
25 32
25 31
25 30
24 30
23 30
22 30
21 30
21 29
22 29
23 29
24 29
25 29
25 28
24 28
23 28
22 28
19 33
19 32
18 32
18 33
17 33
16 33
15 33
15 34
16 34
17 34
18 34
19 34
20 34
21 34
22 34
23 34
24 34
15 35
16 35
17 35
18 35
19 35
20 35
21 35
22 35
23 35
24 35
24 36
23 36
0
Yes
6 31
7 31
5 31
4 31
3 31
3 32
2 32
2 31
1 31
1 32
0 32
2 30
3 30
4 30
5 30
6 30
7 30
7 29
6 29
0 33
1 33
1 34
2 34
0
No
0
No
0
No
0
No
0
No
0
No
0
No
0
No
0
No
0
No
0
Yes
49 21
48 21
47 21
47 22
48 22
48 23
47 23
0
No
0
No
0
No
0
No
0
No
0
No
0
Yes
23 0
24 0
24 1
23 1
23 2
22 1
22 2
22 0
21 2
21 3
22 3
23 3
24 3
25 3
25 4
24 4
23 4
22 4
22 5
23 5
24 5
25 5
22 6
23 6
24 6
25 6
26 6
27 6
23 7
24 7
25 7
26 7
27 7
25 8
24 8
23 8
26 8
27 8
23 9
22 9
22 8
26 9
27 9
26 10
27 10
27 11
26 11
25 11
27 12
26 12
25 12
24 12
23 12
22 12
22 11
27 13
26 13
25 13
24 13
23 13
22 13
21 13
28 6
28 7
28 8
28 9
28 10
29 10
29 9
29 8
21 14
22 14
23 14
24 14
25 14
25 15
25 16
24 16
24 17
25 17
26 17
26 18
25 18
24 18
23 16
23 15
0
Yes
46 27
46 26
47 26
47 27
47 28
46 28
45 28
45 27
44 28
44 27
43 27
43 26
48 28
48 27
48 26
48 25
49 25
49 26
49 27
49 28
42 26
42 27
42 28
42 25
42 24
43 24
42 23
44 24
45 24
45 23
44 23
41 23
41 24
41 25
41 26
41 27
41 28
41 29
40 25
39 25
39 24
39 23
38 23
38 24
38 25
38 26
38 27
38 28
39 28
40 28
40 29
39 29
37 28
37 27
37 26
37 25
37 24
0
No
0
No
0
No
0
No
0
No
0
Yes
11 48
12 48
12 49
11 49
12 47
1
673
48 20
49 20
48 19
49 19
49 18
48 18
Yes
23 8
23 9
22 9
22 8
24 8
25 8
23 7
24 7
25 7
26 7
26 8
26 9
26 6
25 6
24 6
23 6
22 6
22 5
23 5
24 5
25 5
25 4
24 4
23 4
22 4
27 6
27 7
27 8
27 9
28 7
28 6
28 8
28 9
29 8
29 9
27 5
28 5
29 5
29 4
28 4
27 4
29 10
28 10
27 10
26 10
25 3
24 3
23 3
22 3
21 3
21 2
22 2
23 2
22 1
23 1
24 1
24 0
23 0
0
No
0
Yes
40 5
40 6
39 6
39 5
39 4
39 3
39 2
38 6
38 5
38 4
38 3
38 2
37 6
37 5
37 4
37 3
37 2
36 6
36 5
36 4
36 3
36 2
0
No
0
Yes
26 40
27 40
27 41
26 41
26 42
27 42
27 43
26 43
27 44
26 44
25 44
25 43
25 42
25 41
25 40
24 44
24 43
24 42
24 41
24 40
23 44
23 43
23 42
23 41
23 40
22 44
22 43
22 42
22 41
22 40
28 42
28 43
1
839
35 20
35 19
36 20
37 20
37 21
36 21
35 21
37 22
36 22
35 22
37 23
36 23
35 23
34 23
34 22
34 21
34 20
34 19
34 18
33 22
33 21
33 20
33 19
33 18
33 17
32 20
32 19
32 18
32 17
32 16
36 24
36 25
36 26
36 27
36 28
36 29
31 16
31 17
31 18
31 19
30 19
30 18
30 17
30 16
29 16
29 17
29 18
29 19
28 18
28 19
29 20
28 20
27 20
27 21
28 21
29 21
30 21
31 21
Yes
23 6
22 6
22 5
23 5
22 4
23 4
23 7
23 8
23 9
22 9
22 8
24 8
24 7
24 6
24 5
24 4
24 3
23 3
22 3
21 3
21 2
22 2
23 2
25 3
25 4
25 5
25 6
25 7
25 8
26 6
26 7
26 8
26 9
26 10
22 1
23 1
24 1
24 0
23 0
22 0
21 0
20 0
19 0
19 1
18 1
18 0
26 11
25 11
27 11
27 10
27 9
27 8
27 7
27 6
28 6
28 7
28 8
28 9
28 10
29 10
29 9
29 8
27 5
28 5
29 5
29 4
28 4
27 4
27 12
26 12
25 12
24 12
23 12
22 12
27 13
26 13
25 13
24 13
23 13
22 13
18 2
0
No
0
Yes
8 49
9 49
9 48
8 48
7 48
7 49
7 47
8 47
0
No
0
No
0
Yes
33 30
33 31
33 32
32 32
32 31
32 30
31 31
31 30
30 30
30 31
29 31
29 32
28 32
28 31
28 30
27 30
27 31
27 32
26 31
26 32
33 29
32 29
31 29
31 28
32 28
26 33
27 33
28 33
26 34
27 34
0
No
0
No
0
No
0
No
0
Yes
11 45
11 46
11 44
12 44
12 45
12 46
13 46
13 45
13 44
13 43
13 47
14 43
14 44
14 45
14 46
14 47
14 48
15 48
15 47
15 46
15 45
15 44
15 43
16 43
16 44
16 45
16 46
16 47
0
Yes
8 38
8 39
8 40
8 41
8 42
7 42
7 41
7 40
7 39
7 38
6 42
6 41
6 40
6 39
6 38
6 37
5 37
5 38
5 39
5 40
5 41
4 40
4 39
4 38
3 39
0
No
0
No
0
Yes
36 13
36 14
36 12
35 14
35 13
35 12
35 11
34 11
34 12
34 13
34 14
33 14
33 13
33 12
0
No
0
Yes
18 26
18 27
17 27
17 26
17 25
18 25
18 24
17 24
17 23
18 23
18 22
17 22
16 22
16 23
16 24
16 25
16 26
16 27
16 28
15 28
15 27
15 26
15 25
15 24
15 23
14 24
14 25
13 25
13 24
12 24
12 25
12 26
11 26
11 25
11 24
16 21
17 21
18 21
15 21
14 21
19 21
19 22
19 23
19 24
19 25
19 26
19 27
18 20
17 20
16 20
15 20
14 20
13 20
18 19
17 19
16 19
15 19
14 19
13 19
13 18
14 18
15 18
16 18
13 17
14 17
15 17
16 17
17 17
17 16
18 16
19 16
19 15
20 15
20 16
21 16
21 15
21 14
22 14
22 15
22 16
23 16
23 15
23 14
24 14
25 14
25 15
25 16
24 16
24 17
25 17
26 17
26 18
25 18
24 18
0
No
0
Yes
30 46
30 45
29 45
29 46
28 46
0
Yes
43 36
42 36
43 37
42 37
41 37
41 38
42 38
43 38
41 39
42 39
43 39
43 40
42 40
0
No
0
No
0
Yes
12 26
11 26
11 25
12 25
12 24
11 24
10 24
10 25
10 26
0
Yes
24 17
24 16
25 16
25 17
26 17
26 18
25 18
24 18
25 19
24 19
25 15
24 20
24 21
25 21
25 22
24 22
26 22
27 22
28 22
23 22
23 21
23 20
23 19
23 18
23 17
23 16
23 15
26 23
27 23
28 23
28 24
29 24
29 23
25 14
24 14
23 14
22 14
22 15
22 16
22 17
22 18
22 19
22 20
22 21
22 22
21 21
21 14
21 15
21 16
21 17
21 18
21 19
20 17
20 18
20 19
20 16
20 15
19 15
19 16
18 16
17 16
17 17
20 20
20 21
19 18
19 19
18 19
18 20
17 19
17 20
19 21
18 21
17 21
19 22
18 22
17 22
16 22
16 21
16 20
16 19
16 18
16 17
15 17
15 18
15 19
15 20
15 21
14 21
14 20
14 19
14 18
14 17
13 17
13 18
13 19
13 20
19 23
18 23
17 23
16 23
15 23
24 23
23 23
22 23
21 23
24 24
0
Yes
3 36
3 37
2 37
2 36
1 36
1 37
0 37
0 36
0
No
0
No
0
No
0
Yes
41 9
41 10
41 8
40 10
40 9
40 8
39 8
39 9
0
No
0
Yes
18 24
19 24
19 25
18 25
18 26
19 26
19 27
18 27
17 27
17 26
17 25
17 24
16 24
16 25
16 26
16 27
16 28
15 28
15 27
15 26
15 25
15 24
14 24
14 25
0
No
0
No
0
Yes
5 3
4 3
4 2
5 2
5 1
5 0
6 0
6 1
6 2
6 3
6 4
6 5
7 5
7 4
7 3
7 2
7 1
7 0
8 1
8 2
8 3
8 4
9 4
9 3
10 4
10 3
10 2
0
Yes
47 16
47 17
48 17
48 16
47 15
48 15
47 14
48 14
49 14
49 15
0
Yes
27 49
27 48
27 47
26 47
26 48
26 49
25 49
25 48
25 47
24 47
24 48
24 49
24 46
25 46
26 46
27 46
27 45
26 45
0
Yes
44 21
44 20
43 20
43 19
44 19
44 18
43 18
44 17
43 17
42 17
42 18
42 19
42 20
42 21
42 22
41 22
41 21
41 20
41 19
41 18
41 17
40 18
40 19
40 20
40 21
40 22
45 18
45 19
45 20
45 21
39 22
39 21
39 20
39 19
39 18
38 18
38 19
38 20
38 21
38 22
43 16
42 16
41 16
44 22
0
No
0
No
0
No
0
Yes
24 49
24 48
25 48
25 49
26 49
26 48
24 47
25 47
26 47
24 46
25 46
26 46
0
Yes
7 13
8 13
8 12
9 12
9 13
9 11
8 11
7 11
7 10
8 10
9 10
10 10
10 11
10 12
10 13
9 14
10 14
8 14
7 14
7 15
8 15
10 15
11 15
11 14
11 13
11 12
11 11
11 10
11 9
11 8
12 8
12 9
12 10
12 11
12 12
12 13
12 14
12 15
13 13
13 12
13 11
13 10
13 9
13 8
13 14
13 15
14 11
14 10
14 9
14 8
14 7
14 6
14 5
15 5
15 6
15 7
15 8
15 9
15 10
16 10
16 9
16 8
16 7
16 6
17 6
17 7
17 8
17 9
17 10
18 6
18 7
18 8
18 9
18 10
18 11
17 11
17 12
18 12
19 10
19 9
20 9
20 10
13 5
12 5
12 4
13 4
13 3
12 3
12 2
11 2
11 1
12 1
13 1
13 0
12 0
11 0
14 3
15 3
15 2
14 2
13 16
12 16
11 16
11 17
12 17
1
839
28 42
28 43
29 43
30 43
30 42
30 41
31 41
31 40
30 40
22 45
29 39
27 43
27 42
27 41
27 40
26 40
26 41
26 42
26 43
27 44
26 44
26 45
27 45
25 36
25 45
25 44
25 43
25 42
25 41
25 40
25 39
25 38
24 44
24 43
24 42
24 41
24 40
24 39
24 38
24 37
25 37
25 35
30 39
26 37
23 38
23 39
23 40
23 41
23 42
23 43
23 44
22 44
22 43
22 42
22 41
22 40
22 39
22 38
Yes
30 30
31 30
31 29
32 29
32 30
33 30
33 29
34 30
34 29
35 30
35 29
36 30
36 29
36 28
35 28
34 28
33 28
32 28
31 28
30 28
30 27
31 27
32 27
33 27
34 27
35 27
36 27
36 26
35 26
34 26
33 26
32 26
31 26
30 26
30 25
31 25
32 25
33 25
34 25
35 25
36 25
36 24
33 24
32 24
31 24
30 24
30 23
31 23
32 23
36 23
37 23
37 22
36 22
37 21
36 21
37 20
36 20
35 23
35 22
35 21
35 20
35 19
34 23
34 22
34 21
34 20
34 19
34 18
33 22
33 21
33 20
33 19
33 18
33 17
32 20
32 19
32 18
32 17
32 16
31 16
31 17
31 18
31 19
30 19
30 18
30 17
30 16
29 16
29 17
29 18
29 19
28 18
28 19
29 20
28 20
27 20
27 21
28 21
29 21
33 31
32 31
31 31
30 31
34 35
34 34
32 32
33 32
33 33
32 33
31 33
33 34
32 34
31 34
30 34
29 34
29 35
28 35
28 34
29 26
0
Yes
7 49
8 49
7 48
8 48
9 49
0
Yes
45 36
45 35
46 35
46 36
47 35
47 36
48 35
48 36
44 36
44 37
45 37
46 37
47 37
48 37
48 38
47 38
46 38
45 38
44 38
44 39
45 39
46 39
47 39
48 39
46 40
45 40
44 40
47 40
48 40
47 41
48 41
49 41
49 40
49 39
49 38
49 37
49 36
49 35
43 40
43 39
43 38
0
No
0
Yes
30 11
31 11
29 11
29 12
30 12
31 12
31 13
30 13
29 13
29 14
30 14
31 14
31 15
30 15
29 15
32 15
32 14
32 13
32 12
28 12
28 13
28 14
28 15
0
No
1
890
17 27
18 27
19 27
19 26
18 26
17 26
20 26
20 25
19 25
18 25
17 25
17 24
18 24
19 24
20 24
16 24
16 25
16 26
16 27
15 27
15 26
15 25
15 24
Yes
23 3
24 3
25 3
25 4
24 4
23 4
22 4
22 3
21 3
21 2
22 2
23 2
22 1
23 1
24 1
24 0
23 0
22 0
21 0
20 0
22 5
23 5
24 5
25 5
22 6
23 6
24 6
25 6
23 7
24 7
25 7
25 8
24 8
23 8
23 9
22 9
22 8
19 0
19 1
18 1
18 0
26 6
26 7
26 8
26 9
26 10
26 11
25 11
25 12
25 13
24 13
24 12
23 12
23 13
22 13
22 12
26 12
26 13
27 11
27 12
27 13
27 10
27 9
27 8
27 7
27 6
28 6
28 7
28 8
28 9
28 10
29 8
29 9
29 10
29 11
30 11
31 11
27 5
28 5
29 5
29 4
28 4
27 4
27 14
27 15
28 15
28 14
28 13
28 12
29 12
29 13
29 14
29 15
30 12
30 13
30 14
30 15
31 12
31 13
31 14
31 15
32 15
32 14
32 13
32 12
0
Yes
14 14
15 14
14 15
15 15
16 15
16 16
15 16
0
No
1
880
27 42
28 42
28 43
27 43
27 44
27 45
27 41
27 40
26 40
26 41
26 42
26 43
26 44
26 45
25 45
25 44
25 43
25 42
25 41
25 40
25 39
25 38
24 44
24 43
24 42
24 41
24 40
24 39
24 38
23 38
23 39
23 40
23 41
23 42
23 43
23 44
22 44
22 43
22 42
22 41
22 40
22 39
22 38
22 45
Yes
34 29
34 30
35 30
35 29
36 30
36 29
36 28
35 28
34 28
33 28
33 29
33 30
33 31
33 32
33 33
33 34
32 34
32 33
32 32
32 31
32 30
32 29
32 28
31 33
31 34
30 34
29 34
29 35
28 35
28 34
28 33
27 34
27 33
31 29
31 30
31 31
31 28
30 28
30 30
30 31
29 31
29 32
28 32
28 31
27 32
27 31
27 30
28 30
26 31
26 32
26 33
26 34
30 27
31 27
32 27
33 27
34 27
35 27
36 27
36 26
35 26
34 26
33 26
32 26
31 26
30 26
30 25
31 25
32 25
33 25
34 25
35 25
36 25
36 24
33 24
32 24
31 24
30 24
30 23
31 23
32 23
36 23
37 23
35 23
34 23
34 22
35 22
36 22
37 22
33 22
33 21
34 21
35 21
36 21
37 21
37 20
36 20
35 20
34 20
33 20
32 20
35 19
34 19
33 19
32 19
34 18
33 18
32 18
33 17
32 17
32 16
31 16
31 17
31 18
31 19
30 19
30 18
30 17
30 16
29 16
29 17
29 18
29 19
28 18
28 19
29 20
28 20
27 20
27 21
28 21
29 21
38 22
38 21
38 20
38 19
38 18
39 18
39 19
39 20
39 21
39 22
40 22
40 21
40 20
40 19
0
No
0
No
0
No
0
Yes
17 27
18 27
18 26
17 26
17 25
18 25
18 24
17 24
16 24
16 25
16 26
16 27
16 28
15 28
15 27
15 26
15 25
15 24
15 23
16 23
17 23
18 23
19 27
19 26
19 25
19 24
19 23
19 22
18 22
17 22
16 22
0
No
0
No
0
No
0
No
0
No
1
899
43 19
43 20
44 20
44 19
44 21
45 21
45 20
45 19
42 20
42 19
41 19
41 20
41 21
42 21
42 22
41 22
45 18
44 18
43 18
42 18
41 18
44 17
43 17
42 17
41 17
43 16
42 16
41 16
43 15
42 15
41 15
Yes
16 27
16 28
15 28
15 27
15 26
16 26
17 27
17 26
18 27
18 26
19 27
19 26
20 26
20 25
19 25
18 25
17 25
16 25
15 25
20 24
19 24
18 24
17 24
16 24
15 24
15 23
16 23
17 23
18 23
19 23
19 22
18 22
17 22
16 22
19 21
18 21
17 21
16 21
15 21
18 20
17 20
16 20
15 20
17 19
18 19
16 19
15 19
0
No
0
No
0
No
0
Yes
20 15
19 15
19 16
20 16
21 13
20 17
20 18
19 18
19 19
20 19
20 20
21 19
21 18
21 17
21 16
21 15
21 14
22 14
22 15
22 16
22 17
22 18
22 19
22 20
23 15
23 14
23 16
23 17
23 18
23 19
23 20
24 14
25 14
25 15
20 21
21 21
22 21
23 21
22 22
23 22
25 16
24 16
24 17
24 18
24 19
24 20
24 21
24 22
25 17
25 18
25 19
26 18
26 17
0
No
0
Yes
6 2
6 3
6 4
6 5
5 3
5 2
4 2
4 3
5 1
6 1
5 0
6 0
7 5
7 4
7 3
7 2
7 1
7 0
8 1
8 2
8 3
8 4
9 4
0
Yes
22 24
21 24
21 25
22 25
21 26
22 26
23 26
23 25
23 24
24 24
24 25
24 26
24 27
23 27
24 23
23 23
22 23
21 23
0
Yes
47 14
47 15
47 16
47 17
48 17
48 16
48 15
48 14
49 14
49 15
0
Yes
6 29
7 29
7 30
6 30
7 31
6 31
5 31
5 30
4 30
4 31
0
No
0
Yes
0 32
0 33
1 33
1 32
1 34
0
Yes
46 49
45 49
45 48
46 48
47 48
47 49
48 49
48 48
48 47
47 47
46 47
45 47
45 46
46 46
47 46
48 46
49 46
49 45
48 45
47 45
46 45
45 45
45 44
46 44
47 44
48 44
49 44
49 43
48 43
47 43
46 43
45 43
45 42
46 42
47 42
48 42
49 42
44 42
44 43
44 44
44 45
44 46
44 47
44 48
43 48
43 47
43 46
43 45
43 44
43 43
42 44
42 43
42 42
42 41
0
No
0
No
0
Yes
42 3
43 3
44 3
45 3
46 3
46 2
45 2
44 2
43 2
42 2
46 1
45 1
44 1
43 1
42 1
46 0
45 0
44 0
43 0
42 0
46 4
45 4
44 4
43 4
42 4
0
Yes
12 16
12 17
11 17
11 16
11 15
12 15
10 15
10 14
11 14
12 14
9 14
9 13
10 13
11 13
12 13
13 13
13 14
13 15
13 16
13 17
13 18
14 14
14 15
14 16
14 17
14 18
13 12
12 12
11 12
10 12
9 12
8 12
8 13
8 14
8 15
7 15
7 14
7 13
8 11
9 11
10 11
11 11
12 11
13 11
14 11
7 11
7 10
8 10
9 10
10 10
11 10
12 10
13 10
14 10
11 9
12 9
13 9
14 9
11 8
12 8
13 8
14 8
15 14
15 15
15 16
15 17
15 18
16 18
16 17
16 16
16 15
17 16
17 17
0
Yes
11 26
12 26
12 25
11 25
11 24
12 24
13 24
13 25
14 25
14 24
10 24
10 25
10 26
0
Yes
24 40
24 41
24 42
24 43
25 43
25 42
25 41
25 40
26 40
26 41
26 42
26 43
27 40
27 41
27 42
27 43
28 42
28 43
25 39
24 39
25 38
24 38
23 38
23 39
23 40
23 41
23 42
23 43
22 38
22 39
22 40
22 41
22 42
22 43
22 44
23 44
24 44
25 44
26 44
27 44
0
Yes
8 39
8 38
7 38
7 39
8 40
7 40
8 41
7 41
8 42
7 42
6 42
6 41
6 40
6 39
6 38
6 37
5 37
5 38
5 39
5 40
5 41
4 40
4 39
0
Yes
41 30
40 30
39 30
38 30
38 31
39 31
40 31
41 31
42 31
43 31
44 31
45 31
46 31
46 32
45 32
44 32
43 32
42 32
41 32
40 32
39 32
38 32
38 33
39 33
40 33
41 33
42 33
43 33
44 33
45 33
46 33
44 34
43 34
42 34
41 34
41 35
42 35
43 35
1
905
18 7
18 6
17 6
17 7
16 6
16 7
18 8
17 8
16 8
15 8
15 7
15 6
15 9
16 9
17 9
18 9
15 10
16 10
17 10
18 10
19 10
19 9
20 9
20 10
15 5
14 7
14 6
14 5
13 5
12 5
12 4
13 4
13 3
12 3
12 2
11 2
11 1
12 1
13 1
13 0
12 0
11 0
14 3
15 3
15 2
14 2
11 5
Yes
15 26
15 27
15 28
16 28
16 27
16 26
17 27
17 26
18 27
18 26
19 27
19 26
19 28
15 25
16 25
17 25
18 25
19 25
15 24
16 24
17 24
18 24
19 24
15 23
16 23
17 23
18 23
19 23
20 24
20 25
20 26
20 28
20 29
21 29
21 30
19 22
18 22
17 22
16 22
19 21
18 21
17 21
16 21
15 21
14 21
18 20
17 20
16 20
15 20
14 20
13 20
13 19
14 19
15 19
16 19
17 19
18 19
22 30
22 29
22 28
23 28
23 29
23 30
24 28
24 29
24 30
25 28
25 29
25 30
25 31
24 31
23 31
22 31
25 32
24 32
23 32
22 32
24 33
23 33
22 33
21 33
20 33
19 33
19 32
18 32
18 33
17 33
16 33
15 33
15 34
16 34
17 34
18 34
19 34
20 34
21 34
22 34
23 34
24 34
15 35
16 35
17 35
18 35
19 35
20 35
21 35
22 35
23 35
24 35
25 35
23 36
24 36
25 36
0
No
0
No
0
Yes
36 13
36 14
36 12
35 14
35 13
35 12
35 11
34 11
34 12
34 13
34 14
0
No
0
Yes
30 45
30 46
29 45
29 46
28 46
28 47
28 48
29 48
30 48
31 48
32 48
33 48
33 49
32 49
31 49
30 49
29 49
28 49
27 49
27 48
27 47
27 46
27 45
26 45
26 46
26 47
26 48
26 49
25 45
25 46
25 47
25 48
25 49
24 46
24 47
24 48
24 49
34 49
34 48
34 47
34 46
33 46
33 45
34 45
33 44
34 44
35 44
35 45
35 46
36 46
36 45
36 44
36 43
35 43
34 43
33 43
32 43
32 42
33 42
34 42
35 42
36 42
36 41
33 41
33 40
33 39
33 38
34 38
34 39
35 39
36 39
36 38
23 49
39 49
35 47
35 48
35 49
36 47
36 48
36 49
37 41
37 42
37 43
37 44
37 45
37 46
37 47
37 48
37 49
38 43
38 44
38 45
38 46
38 47
38 48
38 49
39 43
39 44
39 45
39 46
39 47
39 48
0
Yes
44 6
44 7
45 7
45 6
45 5
44 5
43 5
43 6
43 7
43 8
42 8
42 7
42 6
42 5
46 5
46 6
46 7
0
No
0
No
0
No
0
No
0
Yes
41 44
41 43
42 43
42 44
42 42
42 41
43 43
43 44
43 45
42 45
41 45
40 45
40 46
41 46
42 46
43 46
40 47
41 47
42 47
43 47
43 48
42 48
41 48
40 48
44 48
44 47
44 46
44 45
44 44
44 43
44 42
45 42
45 43
45 44
45 45
45 46
45 47
45 48
46 42
46 43
46 44
46 45
46 46
46 47
46 48
47 42
47 43
47 44
47 45
47 46
47 47
47 48
48 48
48 47
48 46
48 45
48 44
48 43
48 42
49 42
49 43
49 44
49 45
49 46
42 40
42 39
41 39
41 38
42 38
41 37
42 37
43 37
43 36
42 36
48 49
47 49
46 49
45 49
40 49
41 49
42 35
43 35
44 35
44 34
43 34
42 34
41 35
41 34
0
Yes
2 48
2 49
3 49
3 48
4 48
4 49
4 47
3 47
2 47
1 47
1 48
1 49
0 47
0 48
0 49
1 46
2 46
0
No
0
Yes
39 5
39 6
40 6
40 5
38 6
38 5
37 6
37 5
36 6
36 5
39 4
38 4
37 4
36 4
36 3
37 3
38 3
39 3
36 2
37 2
38 2
39 2
0
No
0
Yes
41 2
41 3
40 2
40 1
41 1
42 1
42 2
42 3
42 4
42 5
42 6
43 6
43 5
43 4
43 3
43 2
43 1
44 1
44 2
44 3
44 4
44 5
44 6
45 6
45 5
45 4
45 3
45 2
45 1
46 1
46 2
46 3
46 4
46 5
46 6
47 3
47 2
46 0
45 0
44 0
43 0
42 0
41 0
40 0
48 2
48 3
46 7
45 7
44 7
43 7
42 7
0
No
0
Yes
46 27
46 26
47 26
47 27
47 28
46 28
45 28
45 27
44 28
44 27
43 27
43 26
48 28
48 27
48 26
49 28
49 27
49 26
48 25
49 25
42 26
42 27
42 28
41 27
41 26
41 28
41 29
41 30
40 28
40 29
40 30
39 29
39 28
39 30
38 30
38 31
39 31
40 31
41 31
42 31
43 31
44 31
45 31
46 31
46 32
45 32
44 32
43 32
46 33
45 33
44 33
43 33
42 32
42 33
41 32
41 33
40 32
40 33
39 32
38 32
39 33
38 33
40 34
39 34
38 34
37 34
37 35
38 35
39 35
40 35
40 36
39 36
38 36
37 36
38 28
37 28
37 27
38 27
38 26
37 26
0
No
0
No
0
No
0
No
0
No
0
Yes
22 26
21 26
21 25
22 25
21 24
22 24
21 23
22 23
23 23
23 24
23 25
23 26
0
No
0
No
0
No
0
No
0
No
0
Yes
12 0
13 0
13 1
12 1
11 1
11 0
11 2
0
Yes
38 1
39 1
39 2
38 2
39 3
38 3
39 4
38 4
39 0
38 0
37 0
37 1
37 2
37 3
37 4
37 5
38 5
39 5
40 5
40 6
39 6
38 6
37 6
36 6
36 5
36 4
36 3
36 2
36 1
36 0
35 0
35 1
0
No
0
No
0
Yes
47 49
48 49
48 48
47 48
48 47
47 47
47 46
48 46
49 46
49 45
48 45
47 45
47 44
48 44
49 44
49 43
48 43
47 43
47 42
48 42
49 42
46 42
46 43
46 44
46 45
46 46
46 47
46 48
46 49
45 49
45 48
45 47
45 46
45 45
45 44
45 43
45 42
44 42
44 43
44 44
44 45
44 46
44 47
44 48
43 48
43 47
43 46
43 45
43 44
43 43
0
Yes
40 45
40 46
40 47
40 48
40 49
41 49
41 48
41 47
41 46
41 45
42 48
42 47
42 46
42 45
0
No
0
No
0
Yes
20 20
20 21
21 21
20 19
19 19
19 18
20 18
20 17
21 19
21 18
21 17
21 16
20 16
19 16
19 15
20 15
21 15
21 14
22 14
22 15
22 16
22 17
22 18
22 19
22 20
22 21
22 22
23 22
23 21
23 20
23 19
23 18
23 17
23 16
23 15
23 14
24 14
25 14
25 15
25 16
24 16
24 17
24 18
24 19
24 20
24 21
24 22
25 17
25 18
25 19
26 18
26 17
0
Yes
48 21
47 21
47 22
48 22
48 23
47 23
0
No
0
No
0
No
0
Yes
12 9
12 8
11 8
11 9
13 8
13 9
13 10
12 10
11 10
10 10
9 10
8 10
7 10
7 11
8 11
9 11
10 11
11 11
12 11
13 11
14 11
14 10
14 9
14 8
12 7
13 12
12 12
11 12
10 12
9 12
8 12
13 13
12 13
11 13
10 13
9 13
8 13
7 13
7 14
8 14
9 14
10 14
11 14
12 14
13 14
10 15
11 15
12 15
13 15
8 15
7 15
14 14
14 15
15 14
15 15
16 15
11 16
12 16
13 16
14 16
15 16
16 16
17 16
17 17
16 17
15 17
14 17
13 17
12 17
11 17
13 18
14 18
15 18
16 18
0
No
0
Yes
36 1
36 2
36 3
36 4
36 5
36 6
37 6
37 5
37 4
37 3
37 2
37 1
38 6
38 5
38 4
38 3
38 2
38 1
39 1
39 2
39 3
39 4
39 5
39 6
39 0
38 0
37 0
36 0
40 6
40 5
0
Yes
43 46
43 47
43 48
44 48
44 47
44 46
45 46
45 47
45 48
45 49
46 49
46 48
46 47
46 46
47 46
47 47
47 48
47 49
48 49
48 48
48 47
48 46
49 46
43 45
44 45
45 45
46 45
47 45
48 45
49 45
49 44
48 44
47 44
46 44
45 44
44 44
43 44
43 43
44 43
45 43
46 43
47 43
48 43
49 43
44 42
45 42
46 42
47 42
48 42
49 42
42 44
42 43
0
Yes
7 1
8 1
8 2
7 2
7 0
6 0
6 1
6 2
5 1
5 0
5 2
4 2
4 3
5 3
6 3
7 3
8 3
0
Yes
48 3
48 2
47 2
47 3
46 3
46 2
46 1
46 0
46 4
46 5
46 6
46 7
45 7
45 6
45 5
45 4
45 3
45 2
45 1
45 0
44 7
44 6
44 5
44 4
44 3
44 2
44 1
44 0
43 0
43 1
43 2
43 3
43 4
43 5
43 6
43 7
42 7
42 6
42 5
42 4
42 3
42 2
42 1
42 0
41 3
41 2
41 1
41 0
41 5
40 5
40 6
39 6
39 5
39 4
39 3
40 2
40 1
40 0
39 2
39 1
39 0
42 8
43 8
38 6
38 5
38 4
38 3
38 2
38 1
38 0
37 6
37 5
37 4
37 3
37 2
37 1
37 0
36 6
36 5
36 4
36 3
36 2
36 1
36 0
0
Yes
23 40
22 40
22 41
23 41
22 42
23 42
22 43
23 43
22 44
23 44
24 44
24 43
24 42
24 41
24 40
25 44
25 43
25 42
25 41
25 40
26 40
26 41
26 42
26 43
26 44
25 39
24 39
23 39
22 39
22 38
23 38
24 38
25 38
25 37
24 37
0
No
0
Yes
1 47
0 47
0 48
1 48
1 49
0 49
2 49
2 48
2 47
3 47
3 48
3 49
4 49
4 48
0
Yes
44 19
45 19
45 18
44 18
44 17
45 20
44 20
45 21
44 21
43 20
43 19
43 18
43 17
43 16
43 15
42 15
42 16
42 17
42 18
42 19
42 20
42 21
41 21
41 20
41 19
41 18
41 17
41 16
41 15
40 15
40 16
44 22
0
Yes
48 49
48 48
48 47
48 46
49 46
49 45
48 45
48 44
49 44
47 44
47 45
47 46
47 47
47 48
47 49
46 49
46 48
46 47
46 46
46 45
46 44
45 49
45 48
45 47
45 46
45 45
45 44
44 48
44 47
44 46
44 45
44 44
43 48
43 47
43 46
43 45
43 44
42 44
41 44
41 43
42 43
43 43
44 43
45 43
46 43
47 43
48 43
49 43
44 42
45 42
46 42
47 42
48 42
49 42
0
No
0
Yes
15 45
16 45
16 44
15 44
16 43
15 43
14 43
14 44
14 45
13 43
13 44
13 45
12 44
12 45
11 44
11 45
11 46
12 46
13 46
14 46
15 46
16 46
13 47
14 47
15 47
16 47
16 48
15 48
14 48
0
Yes
7 40
8 40
8 41
7 41
8 42
7 42
6 42
6 41
6 40
8 39
7 39
6 39
8 38
7 38
6 38
6 37
6 36
6 35
7 35
7 36
8 36
8 35
9 36
9 35
10 35
11 35
5 37
5 38
5 39
5 40
5 41
4 40
4 39
4 38
3 39
3 38
3 37
3 36
2 37
2 36
2 35
2 34
1 34
1 33
0 33
0 32
1 32
1 31
2 32
2 31
2 30
3 30
3 31
3 32
1 36
1 37
0 37
0 36
12 35
12 36
13 36
13 35
13 34
6 34
0
Yes
22 35
21 35
20 35
20 34
21 34
22 34
21 33
20 33
22 33
22 32
22 31
23 31
23 32
23 33
23 34
23 35
24 34
24 33
24 32
24 31
24 35
25 35
25 32
25 31
25 30
24 30
23 30
22 30
21 30
25 36
24 36
23 36
21 29
22 29
23 29
24 29
25 29
25 28
24 28
23 28
22 28
0
Yes
0 44
1 44
2 44
2 43
1 43
0 43
2 42
1 42
0 42
0
Yes
1 37
2 37
3 37
3 36
2 36
1 36
2 35
2 34
1 34
0 36
0 37
3 38
3 39
4 38
4 39
4 40
5 40
5 39
5 38
5 37
6 37
6 38
6 39
6 40
7 38
7 39
7 40
8 38
8 39
8 40
6 36
6 35
7 35
7 36
8 36
8 35
9 36
9 35
9 34
5 41
6 41
7 41
8 41
8 42
7 42
6 42
10 34
10 35
11 35
12 35
12 36
13 36
13 35
13 34
9 37
12 37
11 37
11 38
12 38
11 39
12 39
12 40
13 40
13 39
14 39
14 38
15 38
16 38
5 35
0
Yes
20 41
20 42
20 43
19 43
19 42
19 41
19 44
20 44
21 44
21 43
21 42
21 41
22 44
22 43
22 42
22 41
23 44
23 43
23 42
23 41
24 44
24 43
24 42
24 41
25 44
25 43
25 42
25 41
26 44
26 43
26 42
26 41
27 44
27 43
27 42
27 41
27 40
26 40
25 40
24 40
23 40
22 40
21 40
20 40
19 40
25 39
24 39
23 39
22 39
21 39
20 39
19 39
19 38
20 38
21 38
22 38
23 38
24 38
25 38
25 37
24 37
21 37
20 37
28 42
28 43
0
Yes
2 45
3 45
3 46
2 46
1 46
1 47
2 47
3 47
0 47
0 48
1 48
2 48
3 48
3 49
2 49
1 49
0 49
4 49
4 48
4 47
4 46
0
Yes
40 30
41 30
41 31
40 31
42 31
43 31
44 31
45 31
46 31
46 32
45 32
44 32
43 32
42 32
41 32
40 32
46 33
45 33
44 33
43 33
42 33
41 33
40 33
44 34
43 34
42 34
41 34
40 34
39 34
39 33
39 32
39 31
39 30
38 30
38 31
38 32
38 33
38 34
44 35
43 35
42 35
41 35
40 35
39 35
38 35
40 36
39 36
38 36
1
973
1 48
1 49
2 49
2 48
3 48
3 49
4 49
4 48
4 47
3 47
2 47
1 47
0 47
0 48
0 49
1 46
2 46
Yes
7 35
6 35
6 36
7 36
8 36
8 35
9 36
9 35
10 35
11 35
12 35
12 36
13 36
13 35
13 34
14 34
12 37
11 37
11 38
12 38
11 39
12 39
12 40
13 40
13 39
14 39
14 38
15 38
16 38
10 34
9 34
9 33
10 33
6 37
5 37
5 38
6 38
7 38
8 38
8 39
7 39
6 39
5 39
8 40
7 40
6 40
5 40
4 40
4 39
4 38
3 39
3 38
3 37
3 36
2 37
2 36
2 35
2 34
1 34
1 33
0 33
0 32
1 32
2 32
3 32
1 36
1 37
0 37
0 36
10 32
9 32
8 32
11 32
12 32
15 34
15 35
15 33
16 33
16 34
16 35
12 31
1 31
2 31
3 31
2 30
3 30
5 41
6 41
7 41
8 41
8 42
7 42
6 42
13 41
14 41
15 41
15 40
16 40
16 41
16 42
17 42
17 41
17 40
18 42
18 41
18 40
18 39
17 39
17 38
18 38
4 30
4 31
5 31
5 30
6 31
6 30
6 29
7 29
7 30
7 31
8 31
8 30
9 31
10 31
9 30
10 30
11 30
12 30
13 30
11 29
12 29
13 29
10 29
9 29
9 28
10 28
9 37
12 28
13 28
14 28
14 29
14 30
14 31
15 31
15 30
16 36
13 32
5 35
0
Yes
23 5
22 5
22 6
23 6
23 7
22 4
23 4
24 4
24 5
24 6
24 7
25 5
25 4
25 6
25 7
25 3
24 3
23 3
22 3
21 3
26 6
26 7
27 7
27 6
27 5
27 4
21 2
22 2
23 2
22 1
23 1
24 1
24 0
23 0
22 0
30 8
21 5
28 4
28 5
28 6
28 7
29 5
29 4
25 8
24 8
23 8
26 8
27 8
28 8
29 8
23 9
22 9
22 8
21 8
20 8
20 9
20 10
19 10
19 9
29 9
28 9
27 9
26 9
26 10
27 10
28 10
29 10
0
Yes
19 45
20 45
20 46
19 46
18 45
18 46
17 46
17 45
17 44
16 44
16 45
16 46
16 43
15 43
15 44
15 45
15 46
14 43
14 44
14 45
14 46
13 43
13 44
13 45
13 46
13 47
14 47
15 47
16 47
17 47
18 47
19 47
20 47
14 48
15 48
16 48
17 48
18 48
19 48
20 48
17 49
18 49
19 49
20 49
0
Yes
8 1
8 2
8 3
8 4
7 4
7 3
7 2
7 1
6 4
6 3
6 2
6 1
5 1
5 2
5 3
4 3
4 2
6 5
7 5
5 0
6 0
7 0
9 4
9 3
10 4
0
Yes
8 21
9 21
9 20
8 20
7 21
7 22
8 22
8 23
7 23
9 23
6 23
6 24
7 24
8 24
9 24
10 24
11 24
12 24
8 25
9 25
10 25
11 25
12 25
7 25
6 25
5 25
5 24
5 23
5 22
4 22
4 23
4 24
4 25
3 23
3 24
3 25
2 23
2 24
2 25
1 23
1 24
1 25
0 25
0 24
0 23
0 22
0 21
1 21
2 21
1 20
0 20
2 20
3 20
4 20
2 19
3 19
4 19
5 19
5 18
4 18
3 18
2 18
1 18
0 18
0 17
1 17
2 17
3 17
4 17
5 17
0 14
5 21
12 23
5 16
4 16
3 16
2 16
1 16
0 16
7 26
6 26
5 26
4 26
3 26
2 26
1 26
0 26
12 26
11 26
10 26
9 26
6 27
5 27
4 27
3 27
2 27
1 27
0 27
6 28
5 28
4 28
3 28
2 28
1 28
0 28
1 29
2 29
3 29
4 29
5 29
0 15
1 15
2 15
3 15
4 15
3 14
4 14
10 20
0
Yes
11 1
12 1
13 1
11 2
12 2
13 0
12 0
11 0
1
994
40 10
41 10
41 9
40 9
39 9
39 8
40 8
41 8
Yes
11 0
11 1
11 2
10 2
10 3
10 4
9 4
9 3
8 4
8 3
8 2
8 1
12 2
12 1
12 0
13 1
13 0
12 3
12 4
12 5
13 5
13 4
13 3
14 3
14 2
14 5
14 6
14 7
14 8
13 8
12 8
11 8
11 9
12 9
13 9
14 9
14 10
13 10
12 10
11 10
10 10
9 10
8 10
7 10
6 10
5 10
5 9
7 1
7 2
7 3
7 4
7 5
6 5
6 4
6 3
6 2
6 1
5 1
5 2
5 3
5 0
6 0
7 0
4 3
4 2
14 11
13 11
12 11
11 11
10 11
9 11
8 11
7 11
6 11
5 11
4 11
4 10
4 9
3 10
3 9
17 13
15 5
15 6
15 7
15 8
15 9
15 10
15 2
15 3
16 10
16 9
16 8
16 7
16 6
17 6
17 7
17 8
17 9
17 10
18 6
18 7
18 8
18 9
18 10
18 11
17 11
17 12
18 12
1
995
42 36
43 36
44 36
45 36
45 35
46 35
46 36
47 35
47 36
48 35
48 36
49 35
49 36
49 37
48 37
47 37
46 37
45 37
44 37
43 37
42 37
41 37
41 38
42 38
43 38
44 38
45 38
46 38
47 38
48 38
49 38
41 39
42 39
43 39
44 39
45 39
46 39
47 39
48 39
49 39
46 40
45 40
44 40
43 40
42 40
47 40
48 40
49 40
43 41
42 41
42 42
47 41
48 41
49 41
49 42
48 42
47 42
46 42
45 42
44 42
44 43
45 43
46 43
47 43
48 43
49 43
43 43
42 43
41 43
41 44
42 44
43 44
44 44
45 44
46 44
47 44
48 44
49 44
43 45
44 45
45 45
46 45
47 45
48 45
49 45
49 46
48 46
47 46
46 46
45 46
44 46
43 46
43 47
44 47
45 47
46 47
47 47
48 47
43 48
44 48
45 48
46 48
47 48
48 48
48 49
47 49
46 49
45 49
Yes
44 20
44 21
44 22
45 21
45 20
45 19
44 19
45 18
44 18
44 17
44 23
45 23
45 24
44 24
43 24
43 20
43 19
43 18
43 17
43 16
43 15
42 15
42 16
42 17
42 18
42 19
42 20
42 21
42 22
42 23
42 24
42 25
41 24
41 23
41 22
41 21
41 20
41 19
41 18
41 17
41 16
41 15
41 25
40 25
40 15
40 16
39 25
39 24
39 23
38 23
38 24
38 25
37 24
37 25
37 26
38 26
38 27
37 27
37 28
38 28
39 28
39 29
40 29
40 28
41 29
41 28
42 28
41 27
41 26
42 26
42 27
43 26
43 27
40 14
44 15
0
Yes
18 49
17 49
17 48
18 48
16 48
15 48
15 47
16 47
17 47
18 47
19 47
19 48
19 49
20 49
20 48
20 47
21 47
21 48
21 49
22 47
22 48
22 49
20 46
19 46
18 46
17 46
16 46
15 46
20 45
19 45
18 45
17 45
16 45
15 45
17 44
16 44
15 44
14 48
14 47
14 46
14 45
14 44
14 43
15 43
16 43
13 43
13 44
13 45
13 46
13 47
12 47
12 46
0
Yes
19 41
2 29
2 30
2 31
1 31
2 32
1 32
3 32
3 31
3 30
3 29
4 31
4 30
4 29
5 31
5 30
5 29
6 31
6 30
6 29
7 29
7 30
7 31
8 30
8 31
8 32
1 33
1 34
2 34
2 35
0 33
0 32
2 36
3 36
3 37
2 37
1 37
1 36
0 36
0 37
3 38
4 38
5 38
5 37
6 37
6 38
7 38
8 38
6 36
6 35
7 35
7 36
8 36
8 35
9 36
9 35
10 35
11 35
12 35
12 36
13 36
13 35
13 32
12 33
12 37
11 37
11 38
12 38
10 34
9 34
9 33
10 33
9 32
10 32
9 31
10 31
9 30
10 30
11 32
12 32
12 31
11 30
12 30
13 30
11 29
12 29
13 29
10 29
9 29
14 29
14 30
14 31
15 31
15 30
9 28
10 28
9 37
12 28
13 28
14 28
11 39
12 39
12 40
3 39
4 39
5 39
6 39
7 39
8 39
4 40
5 40
6 40
7 40
8 40
5 41
6 41
7 41
8 41
8 42
7 42
6 42
13 40
13 39
14 39
14 38
15 38
16 38
13 41
14 41
15 41
15 40
16 40
16 41
16 42
17 42
17 41
17 40
17 39
17 38
18 38
18 39
18 40
18 41
18 42
19 38
19 39
19 40
1
998
40 29
40 28
39 28
39 29
38 28
37 28
39 30
40 30
38 30
38 31
39 31
40 31
38 32
39 32
40 32
38 33
39 33
40 33
40 34
39 34
38 34
37 34
37 35
38 35
39 35
40 35
40 36
39 36
38 36
37 36
41 35
41 34
41 33
41 32
41 31
41 30
41 29
41 28
42 28
41 27
42 27
43 27
43 26
42 26
41 26
42 25
41 25
40 25
39 25
39 24
39 23
38 23
38 24
38 25
37 24
37 25
37 26
37 27
38 27
38 26
41 24
42 24
43 24
44 24
45 24
45 23
44 23
44 22
44 21
45 21
45 20
44 20
43 20
45 19
44 19
43 19
45 18
44 18
43 18
44 17
43 17
43 16
43 15
42 15
42 16
42 17
42 18
42 19
42 20
42 21
42 22
42 23
41 23
41 22
41 21
41 20
41 19
41 18
41 17
41 16
41 15
40 15
40 16
44 27
44 28
45 28
45 27
46 28
46 27
46 26
47 26
47 27
47 28
48 28
48 27
48 26
48 25
49 25
49 26
49 27
49 28
42 31
42 32
42 33
42 34
42 35
42 36
43 31
43 32
43 33
43 34
43 35
43 36
44 34
44 35
44 36
44 33
44 32
44 31
45 31
45 32
45 33
46 31
46 32
46 33
36 34
46 25
Yes
4 38
3 38
3 39
4 39
4 40
3 37
3 36
2 37
2 36
2 35
2 34
1 34
1 33
0 33
0 32
1 32
1 31
2 32
2 31
3 32
3 31
0 38
20 40
6 34
9 37
1 36
1 37
0 37
0 36
5 40
5 39
5 38
5 37
5 41
6 37
6 38
6 39
6 40
6 41
6 42
7 42
7 41
7 40
7 39
7 38
6 36
6 35
7 35
7 36
8 38
8 39
8 40
8 41
8 42
8 36
8 35
9 36
9 35
10 35
11 35
12 35
12 36
13 36
13 35
20 39
20 41
12 37
11 37
11 38
12 38
11 39
12 39
12 40
13 40
13 39
14 39
14 38
15 38
16 38
13 41
14 41
15 41
15 40
16 40
16 41
16 42
17 42
17 41
17 40
17 39
17 38
18 38
18 39
18 40
18 41
18 42
19 38
19 39
19 40
19 41
