0
Yes
43 5
43 6
43 7
44 7
44 6
44 5
45 7
45 6
45 5
44 8
43 8
43 4
44 4
45 4
46 4
46 3
45 3
44 3
44 2
45 2
46 2
47 2
48 2
49 2
49 1
48 1
47 1
46 1
45 1
44 1
43 1
43 0
44 0
45 0
46 0
47 0
48 0
49 0
0
Yes
38 0
38 1
38 2
38 3
38 4
39 4
39 3
39 2
39 1
39 0
40 3
40 2
40 1
40 0
41 1
41 0
37 4
37 3
37 2
37 1
37 0
36 4
36 3
36 2
36 1
36 0
35 0
35 1
35 2
35 3
35 4
35 5
35 6
34 6
34 5
34 4
34 3
34 2
34 1
34 0
33 0
33 1
33 2
33 3
33 4
33 5
33 6
32 6
32 5
32 4
32 3
32 2
32 1
32 0
31 0
31 1
31 2
31 3
31 4
31 5
31 6
30 6
30 5
30 4
30 3
30 2
30 1
30 0
29 5
29 4
29 3
29 2
29 1
29 0
28 4
28 3
28 2
28 1
28 0
0
Yes
5 17
6 17
7 17
8 17
5 16
6 16
7 16
8 16
8 15
7 15
0
Yes
0 36
0 37
1 37
1 36
2 36
2 37
3 37
3 36
4 36
4 37
5 37
5 36
5 35
4 35
3 35
2 35
1 35
0 35
5 34
4 34
3 34
2 34
1 34
0 34
4 38
3 38
2 38
1 38
0 38
4 39
3 39
2 39
1 39
0 39
4 40
3 40
2 40
1 40
0 40
3 41
2 41
0
Yes
1 42
1 41
0 41
0 42
0 43
0
Yes
45 15
45 16
45 17
45 18
46 18
46 17
46 16
46 15
47 15
47 16
47 17
47 18
48 18
48 17
48 16
48 15
49 15
49 16
49 17
49 18
49 14
48 14
47 14
46 14
45 14
45 13
46 13
47 13
48 13
49 13
46 12
47 12
48 12
49 12
44 13
44 14
44 15
44 16
44 17
44 18
43 13
43 14
43 15
43 16
43 17
0
Yes
4 33
5 33
6 33
6 32
5 32
4 32
3 33
3 32
2 33
2 32
1 33
1 32
0 33
0 32
0 31
1 31
2 31
3 31
4 31
5 31
6 31
6 30
5 30
4 30
3 30
2 30
1 30
0 30
0 29
1 29
2 29
3 29
4 29
5 29
6 29
6 28
5 28
4 28
3 28
2 28
1 28
0 28
0 27
1 27
2 27
0
Yes
11 49
12 49
13 49
14 49
15 49
16 49
17 49
18 49
19 49
20 49
20 48
19 48
18 48
17 48
16 48
15 48
14 48
13 48
12 48
11 48
11 47
12 47
13 47
14 47
15 47
16 47
17 47
18 47
19 47
20 47
20 46
19 46
18 46
17 46
16 46
15 46
14 46
13 46
12 46
11 46
11 45
12 45
13 45
14 45
15 45
16 45
17 45
18 45
19 45
20 45
11 44
12 44
13 44
14 44
15 44
16 44
17 44
18 44
19 44
20 44
12 43
13 43
14 43
15 43
16 43
17 43
18 43
19 43
20 43
13 42
14 42
15 42
16 42
17 42
18 42
19 42
20 42
21 42
21 43
21 44
21 45
21 46
21 47
21 48
21 49
22 49
22 48
22 47
22 46
22 45
22 44
22 43
0
Yes
48 23
48 24
48 25
48 26
48 27
48 28
49 28
49 27
49 26
49 25
49 24
49 23
49 22
48 22
48 21
49 21
49 20
48 20
48 19
49 19
47 19
47 20
47 21
47 22
47 23
47 24
47 25
47 26
47 27
47 28
46 19
46 20
46 21
46 22
46 23
46 24
46 25
46 26
46 27
46 28
45 19
45 20
45 21
45 22
45 23
45 24
45 25
45 26
45 27
45 28
44 19
44 20
44 21
44 22
44 23
44 24
44 25
44 26
44 27
44 28
43 28
43 27
43 26
43 25
43 24
43 23
43 22
43 21
43 20
43 19
42 19
42 20
42 21
42 22
42 23
42 24
42 25
42 26
42 27
42 28
41 28
41 27
41 26
41 25
41 24
41 23
41 22
41 21
41 20
41 19
40 19
40 20
40 21
40 22
40 23
40 24
40 25
0
Yes
47 48
47 49
46 48
46 49
45 48
45 49
44 48
44 49
0
Yes
44 37
44 36
43 36
42 36
42 35
43 35
44 35
44 34
43 34
42 34
42 33
43 33
44 33
44 32
43 32
42 32
42 31
43 31
44 31
41 31
41 32
41 33
41 34
41 35
41 36
41 37
40 37
40 36
40 35
40 34
40 33
40 32
40 31
39 36
39 35
39 34
39 33
39 32
39 31
38 36
38 35
38 34
38 33
38 32
38 31
37 35
37 34
37 33
37 32
37 31
36 35
36 34
36 33
36 32
36 31
45 37
45 36
45 35
45 34
45 33
45 32
45 31
46 34
46 33
46 32
46 31
47 34
47 33
47 32
47 31
48 34
48 33
48 32
48 31
49 34
49 33
49 32
49 31
35 35
35 34
35 33
35 32
35 31
35 30
36 30
37 30
38 30
39 30
40 30
41 30
42 30
43 30
44 30
45 30
46 30
47 30
48 30
49 30
49 29
48 29
47 29
46 29
45 29
44 29
43 29
42 29
41 29
40 29
0
Yes
1 49
2 49
3 49
4 49
5 49
6 49
7 49
8 49
9 49
10 49
10 48
9 48
8 48
7 48
6 48
5 48
4 48
3 48
2 48
1 48
6 47
7 47
8 47
9 47
10 47
5 47
4 47
3 47
2 47
1 47
0 47
0 48
0 49
5 46
4 46
3 46
2 46
1 46
0 46
3 45
2 45
0
Yes
17 2
18 2
18 1
17 1
16 1
16 0
17 0
18 0
19 2
19 1
19 0
20 2
20 1
20 0
21 2
21 1
21 0
22 2
22 1
22 0
23 2
23 1
23 0
24 1
24 0
25 1
25 0
26 0
26 1
26 2
0
Yes
1 2
2 2
3 2
4 2
4 1
3 1
2 1
1 1
1 0
2 0
3 0
4 0
0 0
0 1
0 2
5 0
5 1
0
Yes
32 7
31 7
33 7
34 7
31 8
32 8
33 8
34 8
35 8
35 9
34 9
33 9
32 9
31 9
31 10
32 10
33 10
34 10
35 10
32 11
33 11
34 11
35 11
36 11
32 12
33 12
34 12
35 12
36 12
37 12
0
Yes
11 14
12 14
13 14
13 15
12 15
11 15
10 15
10 16
11 16
12 16
13 16
13 17
12 17
11 17
10 17
10 18
11 18
12 18
13 18
14 18
14 17
14 16
14 15
14 14
14 13
14 12
14 11
15 11
15 12
15 13
15 14
15 15
15 16
15 17
15 18
15 10
16 10
16 11
16 12
16 13
16 14
16 15
16 16
16 17
16 18
17 12
17 13
17 14
17 15
17 16
17 17
17 18
18 12
18 13
18 14
18 15
18 16
18 17
18 18
19 14
19 15
19 16
19 17
19 18
20 15
20 16
20 17
20 18
21 15
21 16
21 17
21 18
22 17
22 18
9 17
9 18
9 19
10 19
11 19
12 19
13 19
14 19
15 19
16 19
17 19
18 19
19 19
20 19
21 19
22 19
11 20
12 20
13 20
14 20
15 20
16 20
17 20
18 20
19 20
20 20
21 20
22 20
11 21
12 21
13 21
14 21
15 21
16 21
17 21
18 21
19 21
20 21
21 21
22 21
11 22
12 22
13 22
14 22
15 22
16 22
17 22
18 22
19 22
20 22
21 22
22 22
23 17
23 18
23 19
23 20
23 21
0
Yes
8 22
9 22
7 22
6 22
5 22
5 23
6 23
7 23
8 23
9 23
10 23
11 23
11 24
10 24
9 24
8 24
7 24
6 24
5 24
4 24
4 25
5 25
6 25
7 25
8 25
9 25
10 25
11 25
11 26
10 26
9 26
8 26
7 26
6 26
5 26
4 26
4 27
5 27
6 27
7 27
8 27
9 27
10 27
11 27
3 27
3 26
3 25
3 24
3 23
3 22
7 28
8 28
9 28
10 28
11 28
7 29
8 29
9 29
10 29
11 29
7 30
8 30
9 30
10 30
11 30
7 31
8 31
9 31
10 31
11 31
11 32
10 32
9 32
3 21
2 21
2 22
2 23
2 24
2 25
2 26
1 26
1 25
1 24
1 23
0 23
0 24
0 25
0 26
12 30
12 29
12 28
12 27
12 26
12 25
12 24
12 23
13 23
13 24
13 25
13 26
13 27
13 28
13 29
13 30
14 30
14 29
14 28
14 27
14 26
14 25
14 24
0
Yes
15 32
15 31
15 30
15 29
15 28
15 27
15 26
15 25
15 24
15 23
16 23
16 24
16 25
16 26
16 27
16 28
16 29
16 30
16 31
16 32
16 33
16 34
17 23
17 24
17 25
17 26
17 27
17 28
17 29
17 30
17 31
17 32
17 33
17 34
18 23
18 24
18 25
18 26
18 27
18 28
18 29
18 30
18 31
18 32
18 33
18 34
19 23
19 24
19 25
19 26
19 27
19 28
19 29
19 30
19 31
19 32
19 33
19 34
20 23
20 24
20 25
20 26
20 27
20 28
20 29
20 30
20 31
20 32
20 33
20 34
21 23
21 24
21 25
21 26
21 27
21 28
21 29
21 30
21 31
21 32
21 33
21 34
22 23
22 24
22 25
22 26
22 27
22 28
22 29
22 30
22 31
22 32
22 33
22 34
23 34
23 33
23 32
23 31
23 30
23 29
23 28
23 27
23 26
23 25
23 24
23 23
24 23
24 24
24 25
24 26
24 27
24 28
24 29
24 30
24 31
24 32
24 33
24 34
25 34
25 33
25 32
25 31
25 30
25 29
25 28
25 27
25 26
25 25
25 24
25 23
26 23
26 24
26 25
26 26
0
Yes
18 0
18 1
18 2
17 2
17 1
17 0
16 1
16 0
0
Yes
29 14
29 15
29 13
29 12
30 12
30 13
30 14
30 15
31 13
31 14
31 15
32 13
32 14
32 15
29 16
30 16
31 16
32 16
31 17
32 17
32 18
33 13
33 14
33 15
33 16
33 17
33 18
34 13
34 14
34 15
34 16
34 17
34 18
35 13
35 14
35 15
35 16
35 17
35 18
36 13
36 14
36 15
36 16
36 17
36 18
37 13
37 14
37 15
37 16
37 17
0
Yes
21 18
21 19
21 20
21 21
21 22
22 22
22 21
22 20
22 19
22 18
22 17
21 17
21 16
21 15
20 15
20 16
20 17
20 18
20 19
20 20
20 21
20 22
19 22
19 21
19 20
19 19
19 18
19 17
19 16
19 15
18 22
18 21
18 20
18 19
18 18
18 17
18 16
18 15
23 17
23 18
23 19
23 20
23 21
23 22
24 17
24 18
24 19
24 20
24 21
24 22
25 18
25 19
25 20
25 21
25 22
26 20
26 21
26 22
17 22
17 21
17 20
17 19
17 18
17 17
17 16
17 15
16 22
16 21
16 20
16 19
16 18
16 17
0
Yes
32 22
32 23
32 24
32 25
32 26
32 27
32 28
31 28
31 27
31 26
31 25
31 24
31 23
31 22
30 22
30 23
30 24
30 25
30 26
30 27
30 28
29 28
29 27
29 26
29 25
29 24
29 23
29 22
28 22
28 23
28 24
28 25
28 26
28 27
28 28
27 26
27 25
27 24
27 23
27 22
27 27
27 28
26 27
26 28
27 21
28 21
29 21
30 21
31 21
32 21
30 20
31 20
32 20
30 19
31 19
32 19
33 19
33 20
33 21
33 22
33 23
33 24
33 25
33 26
33 27
33 28
34 19
34 20
34 21
34 22
34 23
34 24
34 25
34 26
34 27
34 28
35 19
35 20
35 21
35 22
35 23
35 24
35 25
35 26
35 27
35 28
35 29
34 29
33 29
32 29
31 29
30 29
29 29
28 29
27 29
26 29
26 30
27 30
28 30
0
Yes
24 0
24 1
23 1
23 0
23 2
22 2
22 1
22 0
21 2
21 1
21 0
20 2
20 1
20 0
19 2
19 1
19 0
0
Yes
34 37
35 37
35 38
34 38
35 39
34 39
35 40
34 40
34 41
35 41
35 42
36 42
36 41
33 41
33 40
33 39
33 38
33 37
33 42
32 42
32 41
32 40
32 39
32 38
32 37
31 37
31 38
31 39
31 40
31 41
31 42
31 43
31 44
31 45
30 45
30 44
30 43
30 42
30 41
30 40
30 39
30 38
30 37
29 37
29 38
29 39
29 40
29 41
29 42
29 43
29 44
29 45
28 45
28 44
28 43
28 42
28 41
28 40
28 39
28 38
28 37
27 37
27 38
27 39
27 40
27 41
27 42
27 43
27 44
27 45
26 45
26 44
26 43
26 42
26 41
26 40
26 39
26 38
26 37
25 37
25 38
25 39
25 40
25 41
25 42
25 43
25 44
25 45
24 45
24 44
24 43
24 42
24 41
24 40
24 39
24 38
24 37
23 43
23 44
23 45
23 42
23 41
23 40
23 39
23 38
23 37
22 42
22 41
22 40
22 39
22 38
22 37
29 46
28 46
27 46
26 46
25 46
24 46
23 46
28 47
27 47
26 47
25 47
24 47
23 47
23 48
24 48
25 48
26 48
27 48
27 49
26 49
25 49
24 49
23 49
21 41
21 40
21 39
0
Yes
0 45
1 45
1 44
0 44
0 43
0
Yes
13 16
14 16
15 16
16 16
17 16
18 16
19 16
20 16
21 16
21 15
20 15
19 15
18 15
17 15
16 15
15 15
14 15
13 15
19 14
18 14
17 14
16 14
15 14
14 14
13 14
12 14
12 15
12 16
11 14
11 15
11 16
14 13
15 13
16 13
17 13
18 13
18 12
17 12
16 12
15 12
14 12
14 11
15 11
16 11
16 10
15 10
10 15
10 16
10 17
11 17
12 17
13 17
14 17
15 17
16 17
17 17
18 17
19 17
20 17
21 17
22 17
23 17
24 17
9 17
9 18
10 18
11 18
12 18
13 18
14 18
15 18
16 18
17 18
18 18
19 18
20 18
21 18
22 18
23 18
24 18
25 18
9 19
10 19
11 19
12 19
13 19
14 19
15 19
16 19
17 19
18 19
19 19
20 19
21 19
22 19
23 19
24 19
25 19
11 20
12 20
13 20
14 20
15 20
16 20
17 20
18 20
19 20
20 20
21 20
22 20
23 20
24 20
25 20
26 20
26 21
25 21
24 21
23 21
22 21
21 21
20 21
19 21
18 21
17 21
16 21
15 21
14 21
13 21
12 21
11 21
11 22
12 22
13 22
0
Yes
18 26
18 27
19 27
19 26
20 26
20 27
21 27
21 26
22 26
22 27
23 27
23 26
24 26
24 27
25 27
25 26
25 25
24 25
23 25
22 25
21 25
20 25
19 25
18 25
18 24
19 24
20 24
21 24
22 24
23 24
24 24
25 24
25 23
24 23
23 23
22 23
21 23
20 23
19 23
18 23
18 22
19 22
20 22
21 22
22 22
23 22
24 22
25 22
17 22
17 23
17 24
17 25
17 26
17 27
16 22
16 23
16 24
16 25
16 26
16 27
15 27
15 26
15 25
15 24
15 23
15 22
15 28
16 28
17 28
18 28
19 28
20 28
21 28
22 28
23 28
24 28
25 28
25 29
24 29
23 29
22 29
21 29
20 29
19 29
18 29
17 29
16 29
15 29
15 30
16 30
17 30
18 30
19 30
20 30
21 30
22 30
23 30
24 30
25 30
15 31
16 31
17 31
18 31
19 31
20 31
21 31
22 31
23 31
24 31
0
Yes
34 36
34 35
34 34
34 33
34 32
34 31
34 30
33 36
33 35
33 34
33 33
33 32
33 31
33 30
32 36
32 35
32 34
32 33
32 32
32 31
32 30
31 36
31 35
31 34
31 33
31 32
31 31
31 30
30 36
30 35
30 34
30 33
30 32
30 31
30 30
29 36
29 35
29 34
29 33
29 32
29 31
29 30
28 36
28 35
28 34
28 33
28 32
28 31
28 30
27 36
27 35
27 34
27 33
27 32
27 31
27 30
26 30
26 31
26 32
26 33
26 34
26 35
26 36
25 31
25 32
25 33
25 34
25 35
25 36
26 29
27 29
28 29
29 29
30 29
31 29
32 29
0
Yes
40 17
40 18
41 18
41 17
42 18
42 17
42 16
41 16
40 16
42 15
41 15
40 15
39 15
39 16
39 17
39 18
39 14
39 13
39 12
38 12
38 13
38 14
38 15
38 16
38 17
38 18
37 12
37 13
37 14
37 15
37 16
37 17
37 18
36 18
36 17
36 16
36 15
36 14
36 13
36 12
36 11
35 11
35 12
35 13
35 14
35 15
35 16
35 17
35 18
34 18
34 17
34 16
34 15
34 14
34 13
34 12
34 11
33 11
33 12
33 13
33 14
33 15
33 16
33 17
33 18
32 18
32 17
32 16
32 15
32 14
32 13
32 12
32 11
31 17
31 16
31 15
31 14
31 13
30 16
30 15
30 14
30 13
30 12
29 12
29 13
29 14
29 15
29 16
35 10
34 10
33 10
32 10
31 10
31 9
32 9
33 9
34 9
35 9
35 8
34 8
33 8
32 8
31 8
31 7
32 7
33 7
34 7
39 19
38 19
37 19
36 19
35 19
34 19
33 19
32 19
31 19
30 19
30 20
31 20
32 20
33 20
34 20
35 20
36 20
37 20
38 20
39 20
39 21
38 21
0
No
1
10
14 30
14 29
13 30
13 29
12 30
12 29
11 29
11 30
11 31
11 32
10 32
10 31
10 30
10 29
9 32
9 31
9 30
9 29
8 31
8 30
8 29
7 31
7 30
7 29
7 28
8 28
9 28
10 28
11 28
12 28
13 28
14 28
14 27
13 27
12 27
11 27
10 27
9 27
8 27
7 27
6 27
5 27
4 27
3 27
14 26
13 26
12 26
11 26
10 26
9 26
8 26
7 26
6 26
5 26
4 26
3 26
2 26
1 26
0 26
14 25
13 25
12 25
11 25
10 25
9 25
8 25
7 25
6 25
5 25
4 25
3 25
2 25
1 25
0 25
4 24
5 24
6 24
7 24
8 24
9 24
10 24
11 24
12 24
13 24
14 24
3 24
2 24
1 24
0 24
14 23
13 23
12 23
11 23
10 23
9 23
8 23
7 23
6 23
5 23
5 22
6 22
7 22
8 22
9 22
0 23
1 23
2 23
3 23
Yes
39 36
38 36
38 35
39 35
37 35
36 35
35 35
35 34
36 34
37 34
38 34
39 34
35 33
36 33
37 33
38 33
39 33
35 32
36 32
37 32
38 32
39 32
35 31
36 31
37 31
38 31
39 31
35 30
36 30
37 30
38 30
39 30
40 30
40 31
40 32
40 33
40 34
40 35
40 36
41 36
41 35
41 34
41 33
41 32
41 31
41 30
41 29
40 29
39 29
38 29
37 29
36 29
35 29
40 28
39 28
38 28
37 28
36 28
35 28
40 27
39 27
38 27
37 27
36 27
35 27
42 29
42 30
42 31
42 32
42 33
42 34
42 35
42 36
43 36
43 35
43 34
43 33
43 32
43 31
43 30
43 29
44 29
44 30
44 31
44 32
44 33
44 34
44 35
44 36
45 36
45 35
45 34
45 33
45 32
45 31
45 30
45 29
46 29
46 30
46 31
46 32
46 33
46 34
47 34
47 33
47 32
47 31
47 30
47 29
48 29
48 30
48 31
48 32
48 33
48 34
49 34
49 33
49 32
49 31
49 30
49 29
45 37
44 37
40 26
39 26
38 26
37 26
36 26
35 26
41 37
40 37
39 25
38 25
37 25
36 25
35 25
39 24
38 24
37 24
36 24
35 24
39 23
38 23
37 23
36 23
35 23
39 22
38 22
37 22
0
No
0
Yes
6 17
5 17
5 16
6 16
7 17
7 16
8 17
8 16
1
27
36 21
36 22
35 22
35 21
34 21
34 22
34 23
34 24
34 25
34 26
33 21
33 22
33 23
33 24
33 25
33 26
32 21
32 22
32 23
32 24
32 25
32 26
31 21
31 22
31 23
31 24
31 25
31 26
30 21
30 22
30 23
30 24
30 25
30 26
29 21
29 22
29 23
29 24
29 25
29 26
28 21
28 22
28 23
28 24
28 25
28 26
27 21
27 22
27 23
27 24
27 25
27 26
26 22
26 23
26 24
26 25
26 26
26 27
27 27
28 27
29 27
30 27
31 27
32 27
33 27
34 27
34 28
33 28
32 28
31 28
30 28
29 28
28 28
27 28
26 28
37 21
Yes
30 33
30 34
30 35
30 36
31 36
31 35
31 34
31 33
32 36
32 35
32 34
32 33
33 36
33 35
33 34
33 33
34 36
34 35
34 34
34 33
29 36
29 35
29 34
29 33
28 36
28 35
28 34
28 33
27 36
27 35
27 34
27 33
26 36
26 35
26 34
26 33
25 36
25 35
25 34
25 33
24 36
24 35
24 34
24 33
23 36
23 35
23 34
23 33
22 36
22 35
22 34
22 33
22 32
23 32
24 32
25 32
26 32
27 32
28 32
29 32
30 32
31 32
32 32
33 32
34 32
25 31
26 31
27 31
28 31
29 31
30 31
31 31
32 31
33 31
34 31
34 30
33 30
32 30
31 30
30 30
29 30
28 30
27 30
26 30
26 29
27 29
28 29
29 29
30 29
31 29
32 29
33 29
34 29
0
Yes
48 34
49 34
47 34
46 34
46 33
47 33
48 33
49 33
49 32
48 32
47 32
46 32
46 31
47 31
48 31
49 31
49 30
48 30
47 30
46 30
46 29
47 29
48 29
49 29
45 29
45 30
45 31
45 32
45 33
45 34
44 29
44 30
44 31
44 32
44 33
44 34
43 29
43 30
43 31
43 32
43 33
43 34
42 29
42 30
42 31
42 32
42 33
42 34
41 29
41 30
41 31
41 32
41 33
41 34
40 34
40 33
40 32
40 31
40 30
40 29
39 29
39 30
39 31
39 32
39 33
39 34
0
No
1
34
18 38
18 39
19 39
19 38
20 39
20 38
21 38
21 37
20 37
19 37
18 37
21 36
20 36
19 36
18 36
21 35
20 35
19 35
18 35
21 34
20 34
19 34
18 34
21 33
20 33
19 33
18 33
21 32
20 32
19 32
18 32
17 32
17 33
17 34
17 35
17 36
17 37
17 38
17 39
16 37
16 36
16 35
16 34
16 33
16 32
16 38
16 39
15 32
15 38
15 39
14 39
13 39
14 40
15 40
16 40
17 40
18 40
19 40
20 40
20 41
19 41
18 41
17 41
16 41
15 41
14 41
Yes
49 33
49 34
48 34
48 33
47 34
47 33
46 34
46 33
46 32
47 32
48 32
49 32
49 31
48 31
47 31
46 31
46 30
47 30
48 30
49 30
49 29
48 29
47 29
46 29
45 29
45 30
45 31
45 32
45 33
45 34
45 35
45 36
44 29
44 30
44 31
44 32
44 33
44 34
44 35
44 36
43 36
43 35
43 34
43 33
43 32
43 31
43 30
43 29
42 29
42 30
42 31
42 32
42 33
42 34
42 35
42 36
41 29
41 30
41 31
41 32
41 33
41 34
41 35
41 36
40 36
40 35
40 34
40 33
40 32
40 31
40 30
40 29
39 36
39 35
39 34
39 33
39 32
39 31
39 30
39 29
38 36
38 35
38 34
38 33
38 32
38 31
38 30
38 29
37 35
37 34
37 33
37 32
37 31
37 30
37 29
40 37
41 37
44 37
45 37
36 35
36 34
36 33
0
No
0
No
0
No
0
No
0
No
0
Yes
0 0
1 0
2 0
3 0
4 0
5 0
5 1
4 1
3 1
2 1
1 1
0 1
2 2
3 2
4 2
5 2
1 2
0 2
1 3
0 3
0
No
0
Yes
39 0
39 1
39 2
40 2
40 1
40 0
40 3
39 3
39 4
38 4
38 3
38 2
38 1
38 0
37 4
37 3
37 2
37 1
37 0
36 4
36 3
36 2
36 1
0
Yes
26 34
27 34
28 34
29 34
30 34
31 34
32 34
33 34
33 33
32 33
31 33
30 33
29 33
28 33
27 33
26 33
26 32
27 32
28 32
29 32
30 32
31 32
32 32
33 32
33 31
32 31
31 31
30 31
29 31
28 31
27 31
26 31
26 30
27 30
28 30
29 30
30 30
31 30
32 30
33 30
26 29
27 29
28 29
29 29
30 29
31 29
32 29
33 29
33 35
32 35
31 35
30 35
29 35
28 35
27 35
26 35
26 36
27 36
28 36
29 36
30 36
31 36
32 36
33 36
0
No
1
23
10 49
10 48
10 47
10 46
10 45
9 45
9 46
9 47
9 48
9 49
8 46
8 47
8 48
8 49
7 47
7 48
7 49
6 47
6 48
6 49
5 49
5 48
5 47
5 46
4 46
4 47
4 48
4 49
3 49
3 48
3 47
3 46
3 45
2 45
2 46
2 47
2 48
2 49
1 49
1 48
1 47
1 46
1 45
1 44
0 44
0 45
0 46
0 47
0 48
0 49
0 43
0 42
1 42
1 41
0 41
2 41
3 41
3 40
2 40
1 40
0 40
4 40
4 39
3 39
2 39
1 39
0 39
4 38
3 38
2 38
1 38
0 38
0 37
1 37
2 37
3 37
4 37
5 37
5 36
4 36
3 36
2 36
1 36
0 36
5 35
4 35
3 35
2 35
1 35
0 35
5 34
4 34
3 34
2 34
1 34
0 34
0 33
1 33
2 33
3 33
4 33
5 33
6 33
6 32
5 32
4 32
3 32
2 32
1 32
0 32
6 31
5 31
4 31
3 31
2 31
1 31
0 31
6 30
5 30
4 30
3 30
2 30
1 30
0 30
6 29
5 29
4 29
3 29
2 29
1 29
0 29
6 28
5 28
4 28
3 28
2 28
1 28
0 28
Yes
46 28
47 28
48 28
49 28
45 28
44 28
43 28
42 28
42 27
43 27
44 27
45 27
46 27
47 27
48 27
49 27
49 26
48 26
47 26
46 26
45 26
44 26
43 26
42 26
42 25
43 25
44 25
45 25
46 25
47 25
48 25
49 25
49 24
48 24
47 24
46 24
45 24
44 24
43 24
42 24
42 23
43 23
44 23
45 23
46 23
47 23
48 23
49 23
49 22
48 22
47 22
46 22
45 22
44 22
43 22
42 22
42 21
43 21
44 21
45 21
46 21
47 21
48 21
49 21
49 20
48 20
47 20
46 20
45 20
44 20
43 20
42 20
42 19
43 19
44 19
45 19
46 19
47 19
48 19
49 19
43 18
44 18
45 18
46 18
47 18
48 18
49 18
43 17
44 17
45 17
46 17
47 17
48 17
49 17
43 16
44 16
45 16
46 16
47 16
48 16
49 16
43 15
44 15
45 15
46 15
47 15
48 15
49 15
43 14
44 14
45 14
46 14
47 14
48 14
49 14
43 13
44 13
45 13
46 13
47 13
48 13
49 13
46 12
47 12
48 12
49 12
47 11
48 11
49 11
41 19
41 20
41 21
0
Yes
29 0
29 1
29 2
29 3
29 4
29 5
30 5
30 4
30 3
30 2
30 1
30 0
30 6
31 6
31 5
31 4
31 3
31 2
31 1
31 0
32 6
32 5
32 4
32 3
32 2
32 1
32 0
33 6
33 5
33 4
33 3
33 2
33 1
33 0
34 6
34 5
34 4
34 3
34 2
34 1
34 0
35 6
35 5
35 4
35 3
35 2
35 1
35 0
36 0
0
No
0
Yes
25 49
26 49
27 49
27 48
26 48
25 48
25 47
26 47
27 47
28 47
28 46
27 46
26 46
25 46
29 46
29 45
28 45
27 45
26 45
25 45
30 45
30 44
29 44
28 44
27 44
26 44
25 44
25 43
26 43
27 43
28 43
29 43
30 43
30 42
29 42
28 42
27 42
26 42
25 42
25 41
26 41
27 41
28 41
29 41
30 41
30 40
29 40
28 40
27 40
26 40
25 40
25 39
26 39
27 39
28 39
29 39
30 39
30 38
29 38
28 38
27 38
26 38
25 38
26 37
27 37
28 37
29 37
30 37
25 37
25 36
25 35
24 35
24 36
24 37
24 38
24 39
24 40
24 41
24 42
24 43
24 44
24 45
24 46
24 47
24 48
24 49
23 49
23 48
23 47
23 46
23 45
23 44
23 43
23 42
23 41
23 40
23 39
23 38
23 37
23 36
23 35
22 42
22 41
22 40
22 39
22 38
22 37
22 36
22 35
21 39
21 40
21 41
31 45
31 44
31 43
31 42
31 41
31 40
31 39
31 38
31 37
32 37
32 38
32 39
32 40
32 41
32 42
33 42
33 41
33 40
33 39
33 38
33 37
34 41
34 40
34 39
34 38
34 37
35 37
35 38
35 39
35 40
35 41
35 42
36 42
36 41
0
Yes
0 49
1 49
2 49
3 49
3 48
2 48
1 48
0 48
0 47
1 47
2 47
3 47
3 46
2 46
1 46
0 46
0
No
0
Yes
46 48
45 48
45 49
46 49
44 48
44 49
43 49
0
Yes
3 41
2 41
2 40
3 40
4 40
4 39
3 39
2 39
4 38
3 38
2 38
2 37
3 37
4 37
5 37
1 37
1 38
1 39
1 40
1 41
0 41
0 40
0 39
0 38
0 37
5 36
4 36
3 36
2 36
1 36
0 36
5 35
4 35
3 35
2 35
1 35
0 35
5 34
4 34
3 34
2 34
1 34
0 34
0 33
1 33
2 33
3 33
4 33
5 33
0
No
0
No
0
Yes
4 3
4 4
5 4
5 3
6 3
6 4
0
Yes
0 32
1 32
2 32
3 32
4 32
4 31
3 31
2 31
1 31
0 31
0 30
1 30
2 30
3 30
4 30
4 29
3 29
2 29
1 29
0 29
3 28
4 28
2 28
1 28
0 28
2 27
1 27
0 27
5 28
5 29
5 30
5 31
5 32
6 32
6 31
6 30
6 29
0
Yes
39 24
39 25
39 26
39 27
39 28
40 28
40 27
40 26
40 25
40 24
41 28
41 27
41 26
41 25
41 24
41 23
40 23
39 23
41 22
40 22
39 22
38 22
38 23
38 24
38 25
38 26
38 27
38 28
37 22
37 23
37 24
37 25
37 26
37 27
0
No
0
Yes
21 47
22 47
22 48
21 48
22 49
21 49
22 46
21 46
22 45
21 45
22 44
21 44
22 43
21 43
21 42
20 42
20 43
20 44
20 45
20 46
20 47
20 48
20 49
19 42
19 43
19 44
19 45
19 46
19 47
19 48
19 49
18 42
18 43
18 44
18 45
18 46
18 47
18 48
18 49
17 42
17 43
17 44
17 45
17 46
17 47
17 48
17 49
16 42
16 43
16 44
16 45
0
No
0
Yes
5 49
4 49
4 48
5 48
4 47
5 47
6 47
6 48
6 49
7 47
7 48
7 49
8 49
8 48
8 47
9 47
9 48
9 49
0
Yes
16 49
16 48
16 47
16 46
15 46
15 47
15 48
15 49
15 45
14 45
14 46
14 47
14 48
14 49
13 49
13 48
13 47
13 46
13 45
12 45
12 46
12 47
12 48
12 49
11 49
11 48
11 47
11 46
11 45
11 44
12 44
13 44
14 44
15 44
12 43
13 43
14 43
15 43
0
Yes
16 24
15 24
15 25
16 25
15 26
16 26
15 27
16 27
15 28
16 28
15 29
16 29
15 30
16 30
15 31
16 31
17 31
17 30
17 29
17 28
17 27
17 26
17 25
17 24
18 31
18 30
18 29
18 28
18 27
18 26
18 25
18 24
19 31
19 30
19 29
19 28
19 27
19 26
19 25
19 24
20 31
20 30
20 29
20 28
20 27
20 26
20 25
20 24
21 31
21 30
21 29
21 28
21 27
21 26
21 25
21 24
15 23
16 23
17 23
18 23
19 23
20 23
21 23
15 22
16 22
17 22
18 22
19 22
20 22
21 22
22 22
22 23
22 24
22 25
22 26
22 27
22 28
22 29
22 30
22 31
23 22
23 23
23 24
23 25
23 26
23 27
23 28
23 29
23 30
23 31
24 22
24 23
24 24
24 25
24 26
24 27
24 28
24 29
24 30
24 31
25 22
25 23
25 24
25 25
25 26
25 27
25 28
0
Yes
0 25
0 26
1 26
1 25
2 26
2 25
3 25
3 26
3 27
4 27
4 26
4 25
4 24
3 24
2 24
1 24
0 24
0 23
1 23
2 23
3 23
3 22
2 22
5 27
5 26
5 25
5 24
5 23
5 22
6 22
6 23
6 24
6 25
6 26
6 27
6 28
7 22
7 23
7 24
7 25
7 26
7 27
7 28
7 29
7 30
8 22
8 23
8 24
8 25
8 26
8 27
8 28
8 29
8 30
9 22
9 23
9 24
9 25
9 26
9 27
9 28
9 29
9 30
10 23
10 24
10 25
10 26
10 27
10 28
10 29
10 30
11 23
11 24
11 25
11 26
11 27
11 28
11 29
11 30
12 30
12 29
12 28
12 27
12 26
12 25
12 24
12 23
7 31
8 31
9 31
10 31
11 31
11 32
10 32
9 32
2 21
3 21
13 23
13 24
13 25
13 26
13 27
13 28
13 29
13 30
14 30
14 29
14 28
14 27
14 26
14 25
14 24
0
Yes
36 24
36 23
35 23
35 24
35 25
36 25
36 26
35 26
0
Yes
28 1
28 2
28 3
27 3
27 2
27 1
28 0
27 0
26 2
26 1
26 0
25 1
25 0
0
Yes
31 30
31 29
32 29
32 30
33 29
33 30
30 29
30 30
29 29
29 30
28 29
28 30
27 29
27 30
26 29
26 30
26 31
27 31
28 31
29 31
30 31
31 31
32 31
33 31
33 32
32 32
31 32
30 32
29 32
28 32
27 32
26 32
26 33
27 33
28 33
29 33
30 33
31 33
32 33
33 33
33 34
32 34
31 34
30 34
29 34
28 34
27 34
26 34
26 35
27 35
28 35
29 35
30 35
31 35
32 35
33 35
26 36
27 36
28 36
29 36
30 36
31 36
32 36
33 36
34 36
34 35
34 34
34 33
34 32
34 31
34 30
34 29
35 35
35 34
35 33
35 32
35 31
0
No
0
Yes
45 35
45 36
45 37
44 37
44 36
44 35
43 36
43 35
42 36
42 35
42 34
43 34
44 34
45 34
46 34
47 34
48 34
49 34
49 33
48 33
47 33
46 33
45 33
44 33
43 33
42 33
42 32
43 32
44 32
45 32
46 32
47 32
48 32
49 32
49 31
48 31
47 31
46 31
45 31
44 31
43 31
42 31
42 30
43 30
44 30
45 30
46 30
47 30
48 30
49 30
49 29
48 29
47 29
46 29
45 29
44 29
43 29
0
Yes
39 34
39 35
39 36
38 36
38 35
38 34
37 35
37 34
37 33
38 33
39 33
40 33
40 34
40 35
40 36
40 37
41 37
41 36
41 35
41 34
41 33
41 32
40 32
39 32
38 32
37 32
0
No
0
Yes
24 35
25 35
25 36
24 36
25 34
24 34
23 34
23 35
23 36
22 36
22 35
22 34
22 33
23 33
24 33
25 33
25 32
24 32
23 32
22 32
22 37
23 37
0
Yes
28 40
28 41
28 42
29 42
29 41
29 40
30 40
30 41
30 42
30 39
29 39
28 39
28 38
29 38
30 38
30 37
29 37
28 37
27 37
27 38
27 39
27 40
27 41
27 42
26 37
26 38
26 39
26 40
26 41
26 42
25 37
25 38
25 39
25 40
25 41
25 42
24 37
24 38
24 39
24 40
24 41
24 42
23 38
23 39
23 40
23 41
23 42
22 42
22 41
22 40
22 39
22 38
21 39
21 40
21 41
23 43
24 43
25 43
26 43
27 43
28 43
29 43
30 43
31 43
31 42
31 41
31 40
31 39
31 38
31 37
32 37
32 38
32 39
32 40
32 41
32 42
33 42
33 41
33 40
33 39
33 38
33 37
34 37
34 38
34 39
34 40
34 41
35 37
35 38
35 39
35 40
35 41
35 42
36 42
36 41
31 44
30 44
29 44
28 44
27 44
26 44
25 44
24 44
23 44
31 45
30 45
29 45
28 45
27 45
26 45
25 45
24 45
23 45
29 46
28 46
27 46
26 46
25 46
24 46
23 46
28 47
27 47
26 47
25 47
24 47
23 47
0
No
0
Yes
32 27
32 28
33 28
33 27
34 28
34 27
31 28
31 27
30 28
30 27
29 28
29 27
28 28
28 27
28 26
29 26
30 26
31 26
32 26
33 26
34 26
35 26
35 27
35 28
36 27
36 26
36 28
36 25
35 25
34 25
33 25
32 25
31 25
30 25
29 25
28 25
36 24
35 24
34 24
33 24
32 24
31 24
30 24
29 24
28 24
36 23
35 23
34 23
33 23
32 23
31 23
30 23
29 23
28 23
36 22
35 22
34 22
33 22
32 22
31 22
30 22
29 22
28 22
36 21
35 21
34 21
33 21
32 21
31 21
30 21
29 21
28 21
0
No
0
Yes
11 30
11 31
11 32
10 32
10 31
10 30
9 32
9 31
9 30
12 30
13 30
14 30
14 29
13 29
12 29
11 29
10 29
9 29
14 28
13 28
12 28
11 28
10 28
9 28
14 27
13 27
12 27
11 27
10 27
9 27
14 26
13 26
12 26
11 26
10 26
9 26
14 25
13 25
12 25
11 25
10 25
9 25
14 24
13 24
12 24
11 24
10 24
9 24
14 23
13 23
12 23
11 23
10 23
9 23
8 31
8 30
8 29
8 28
8 27
8 26
8 25
8 24
8 23
7 31
7 30
7 29
7 28
7 27
7 26
7 25
7 24
0
No
0
No
0
Yes
12 46
12 47
12 48
12 49
13 49
13 48
13 47
13 46
14 46
14 47
14 48
14 49
15 49
15 48
15 47
15 46
16 46
16 47
16 48
16 49
17 49
17 48
17 47
17 46
17 45
16 45
15 45
14 45
13 45
12 45
12 44
13 44
14 44
15 44
16 44
17 44
12 43
13 43
14 43
15 43
16 43
17 43
13 42
14 42
15 42
16 42
17 42
18 42
18 43
18 44
18 45
18 46
18 47
18 48
18 49
19 42
19 43
19 44
19 45
19 46
19 47
19 48
19 49
20 42
20 43
20 44
20 45
20 46
20 47
20 48
20 49
21 42
21 43
21 44
21 45
21 46
21 47
21 48
0
Yes
49 0
49 1
49 2
48 2
48 1
48 0
47 2
47 1
47 0
46 0
46 1
46 2
46 3
46 4
45 4
45 3
45 2
45 1
45 0
44 2
44 3
44 4
44 1
44 0
43 1
43 0
43 4
43 5
44 5
45 5
42 0
45 6
44 6
43 6
45 7
44 7
43 7
43 8
44 8
41 0
41 1
40 1
40 0
49 3
42 7
0
No
0
No
0
Yes
19 19
19 20
19 21
20 21
20 20
20 19
21 21
21 20
21 19
22 21
22 20
22 19
23 21
23 20
23 19
24 21
24 20
24 19
25 19
25 20
25 21
25 18
24 18
23 18
22 18
21 18
20 18
19 18
18 21
18 20
18 19
18 18
24 17
23 17
22 17
21 17
20 17
19 17
0
Yes
14 22
13 22
12 22
11 22
11 21
12 21
13 21
14 21
15 21
16 21
17 21
17 20
16 20
15 20
14 20
13 20
12 20
11 20
17 19
16 19
15 19
14 19
13 19
12 19
11 19
17 18
16 18
15 18
14 18
13 18
12 18
11 18
11 17
12 17
13 17
14 17
15 17
16 17
17 17
17 16
16 16
15 16
14 16
13 16
12 16
11 16
11 15
12 15
13 15
14 15
15 15
16 15
17 15
11 14
12 14
13 14
14 14
15 14
16 14
17 14
0
Yes
41 29
41 30
41 31
40 31
40 30
40 29
39 29
39 30
39 31
38 31
38 30
38 29
37 29
37 30
37 31
36 29
36 30
36 31
36 32
36 33
36 34
36 35
35 35
35 34
35 33
35 32
35 31
35 30
35 29
34 29
34 30
34 31
34 32
34 33
34 34
34 35
34 36
33 36
33 35
33 34
33 33
33 32
33 31
33 30
33 29
32 29
32 30
32 31
32 32
32 33
32 34
32 35
32 36
31 36
31 35
31 34
31 33
31 32
31 31
31 30
31 29
30 29
30 30
30 31
30 32
30 33
30 34
30 35
30 36
29 36
29 35
29 34
29 33
29 32
29 31
29 30
29 29
28 29
28 30
28 31
28 32
28 33
28 34
28 35
28 36
27 36
27 35
27 34
27 33
27 32
27 31
27 30
27 29
26 36
26 35
26 34
26 33
26 32
26 31
26 30
26 29
25 29
25 30
25 31
26 28
27 28
27 27
26 27
26 26
27 26
27 25
26 25
26 24
27 24
37 28
0
No
0
No
0
No
0
No
0
Yes
40 2
40 3
39 3
39 2
39 4
38 4
38 3
38 2
37 4
37 3
37 2
36 4
36 3
36 2
39 1
38 1
37 1
36 1
39 0
38 0
37 0
36 0
35 0
35 1
35 2
35 3
35 4
35 5
35 6
34 6
34 5
34 4
34 3
34 2
34 1
34 0
33 6
33 5
33 4
33 3
33 2
33 1
33 0
32 6
32 5
32 4
32 3
32 2
32 1
32 0
31 6
31 5
31 4
31 3
31 2
31 1
31 0
30 6
30 5
30 4
30 3
30 2
30 1
30 0
29 5
29 4
29 3
29 2
29 1
29 0
28 4
28 3
28 2
28 1
28 0
0
No
0
No
0
No
0
Yes
17 20
17 21
18 21
18 20
16 21
16 20
15 21
15 20
15 19
16 19
17 19
18 19
18 18
17 18
16 18
15 18
15 17
16 17
17 17
18 17
18 16
17 16
16 16
15 16
14 16
14 17
14 18
14 19
14 20
14 21
14 22
13 22
13 21
13 20
13 19
13 18
13 17
13 16
12 22
12 21
12 20
12 19
12 18
12 17
12 16
11 22
11 21
11 20
11 19
11 18
11 17
11 16
10 16
10 17
10 18
10 19
9 19
9 18
9 17
10 15
11 15
12 15
13 15
14 15
15 15
16 15
17 15
18 15
11 14
12 14
13 14
14 14
15 14
16 14
17 14
18 14
0
Yes
29 44
29 45
29 46
30 45
30 44
31 45
31 44
31 43
30 43
29 43
29 42
30 42
31 42
32 42
33 42
33 41
32 41
31 41
30 41
29 41
34 41
34 40
33 40
32 40
31 40
30 40
29 40
28 40
28 41
28 42
28 43
28 44
28 45
28 46
28 47
27 47
27 46
27 45
27 44
27 43
27 42
27 41
27 40
27 48
27 49
26 49
26 48
26 47
26 46
26 45
26 44
26 43
26 42
26 41
26 40
35 40
35 41
35 42
36 42
36 41
35 39
34 39
33 39
32 39
31 39
30 39
29 39
28 39
27 39
26 39
35 38
34 38
33 38
32 38
31 38
30 38
29 38
28 38
27 38
26 38
35 37
34 37
33 37
32 37
31 37
30 37
29 37
28 37
27 37
26 37
0
Yes
36 21
36 22
36 23
36 24
36 25
36 26
36 27
35 21
35 22
35 23
35 24
35 25
35 26
35 27
36 28
35 28
34 28
34 27
34 26
34 25
34 24
34 23
34 22
34 21
33 21
33 22
33 23
33 24
33 25
33 26
33 27
33 28
32 28
32 27
32 26
32 25
32 24
32 23
32 22
32 21
31 21
31 22
31 23
31 24
31 25
31 26
31 27
31 28
30 28
30 27
30 26
30 25
30 24
30 23
30 22
30 21
29 21
29 22
29 23
29 24
29 25
29 26
29 27
29 28
28 28
28 27
28 26
28 25
28 24
28 23
0
Yes
19 33
19 34
19 35
19 36
19 37
19 38
19 39
19 40
20 40
20 39
20 38
20 37
20 36
20 35
20 34
20 33
21 33
21 34
21 35
21 36
21 37
21 38
21 39
21 40
22 40
22 39
22 38
22 37
22 36
22 35
22 34
22 33
23 33
23 34
23 35
23 36
23 37
23 38
23 39
23 40
24 40
24 39
24 38
24 37
24 36
24 35
24 34
24 33
25 33
25 34
25 35
25 36
25 37
25 38
25 39
25 40
18 40
18 39
18 38
18 37
18 36
18 35
18 34
18 33
17 33
17 34
17 35
17 36
17 37
17 38
17 39
17 40
16 37
16 36
16 35
16 34
16 33
16 38
16 39
16 40
15 38
15 39
15 40
14 39
14 40
14 41
15 41
16 41
17 41
18 41
19 41
20 41
21 41
22 41
23 41
24 41
25 41
0
Yes
49 21
49 22
49 23
49 24
49 25
49 26
49 27
49 28
48 28
48 27
48 26
48 25
48 24
48 23
48 22
48 21
47 28
47 27
47 26
47 25
47 24
47 23
47 22
47 21
46 28
46 27
46 26
46 25
46 24
46 23
46 22
46 21
45 28
45 27
45 26
45 25
45 24
45 23
45 22
45 21
44 28
44 27
44 26
44 25
44 24
44 23
44 22
44 21
43 28
43 27
43 26
43 25
43 24
43 23
43 22
43 21
42 28
42 27
42 26
42 25
42 24
42 23
42 22
42 21
42 20
43 20
44 20
45 20
46 20
47 20
48 20
49 20
42 19
43 19
44 19
45 19
46 19
47 19
48 19
49 19
0
Yes
43 17
43 18
44 18
44 17
45 18
45 17
46 18
46 17
47 18
47 17
48 18
48 17
49 18
49 17
43 16
44 16
45 16
46 16
47 16
48 16
49 16
43 15
44 15
45 15
46 15
47 15
48 15
49 15
43 14
44 14
45 14
46 14
47 14
48 14
49 14
43 13
44 13
45 13
46 13
47 13
48 13
0
Yes
22 18
22 17
23 17
23 18
24 17
24 18
24 19
23 19
22 19
22 20
23 20
24 20
21 20
21 19
21 18
21 17
20 17
20 18
20 19
20 20
19 20
19 19
19 18
19 17
19 21
20 21
21 21
22 21
23 21
24 21
0
No
0
No
0
Yes
44 49
44 48
45 48
45 49
46 48
46 49
47 49
0
Yes
35 22
35 21
36 21
36 22
37 21
37 22
38 22
34 21
34 22
33 21
33 22
32 21
32 22
31 21
31 22
31 23
32 23
33 23
34 23
35 23
36 23
37 23
38 23
38 24
37 24
36 24
35 24
34 24
33 24
32 24
31 24
31 25
32 25
33 25
34 25
35 25
36 25
37 25
38 25
38 26
37 26
36 26
35 26
34 26
33 26
32 26
31 26
37 27
38 27
36 27
35 27
34 27
33 27
32 27
31 27
36 28
35 28
34 28
33 28
32 28
31 28
38 28
39 28
39 27
39 26
39 25
39 24
39 23
39 22
40 28
40 27
40 26
40 25
40 24
40 23
40 22
41 28
41 27
41 26
41 25
41 24
41 23
41 22
41 21
40 21
40 20
41 20
41 19
40 19
30 28
30 27
30 26
30 25
30 24
30 23
30 22
30 21
29 21
29 22
29 23
29 24
29 25
29 26
29 27
29 28
28 28
28 27
28 26
28 25
28 24
28 23
28 22
28 21
0
No
1
58
45 0
45 1
45 2
44 2
44 1
44 0
44 3
45 3
46 3
46 2
46 1
46 0
46 4
45 4
44 4
45 5
44 5
45 6
44 6
47 2
47 1
47 0
48 2
48 1
48 0
49 2
49 1
49 0
45 7
44 7
44 8
43 8
43 7
43 6
43 5
43 4
49 3
Yes
1 32
2 32
3 32
4 32
5 32
0 32
0 31
1 31
2 31
3 31
4 31
5 31
5 30
4 30
3 30
2 30
1 30
0 30
0 29
1 29
2 29
3 29
4 29
5 29
5 28
4 28
3 28
2 28
1 28
0 28
0 27
1 27
2 27
3 27
4 27
5 27
5 26
4 26
3 26
2 26
1 26
0 26
0 25
1 25
2 25
3 25
4 25
5 25
4 24
5 24
3 24
2 24
1 24
0 24
6 32
6 31
6 30
6 29
6 28
6 27
6 26
6 25
6 24
0 23
1 23
2 23
3 23
0 22
0
Yes
24 46
24 47
24 48
24 49
23 49
23 48
23 47
23 46
22 46
22 47
22 48
22 49
25 49
25 48
25 47
25 46
0
No
0
Yes
4 38
4 37
4 36
4 35
4 34
4 33
3 33
3 34
3 35
3 36
3 37
3 38
2 33
2 34
2 35
2 36
2 37
2 38
1 33
1 34
1 35
1 36
1 37
1 38
5 33
5 34
5 35
5 36
5 37
0 33
0 34
0 35
0 36
0 37
0 38
4 39
3 39
2 39
1
101
38 15
38 16
38 17
38 18
38 19
38 20
38 21
37 20
37 19
37 18
37 17
37 16
37 15
36 20
36 19
36 18
36 17
36 16
36 15
35 20
35 19
35 18
35 17
35 16
35 15
34 20
34 19
34 18
34 17
34 16
34 15
33 20
33 19
33 18
33 17
33 16
33 15
32 18
32 19
32 20
32 17
32 16
32 15
32 14
33 14
34 14
35 14
36 14
37 14
38 14
38 13
37 13
36 13
35 13
34 13
33 13
32 13
32 12
33 12
34 12
35 12
36 12
37 12
38 12
36 11
35 11
34 11
33 11
32 11
39 12
39 13
39 14
39 15
39 16
39 17
39 18
39 19
39 20
39 21
31 17
Yes
34 36
34 35
35 35
36 35
36 34
35 34
34 34
36 33
35 33
34 33
36 32
35 32
34 32
34 31
35 31
36 31
37 31
38 31
39 31
40 31
41 31
41 30
40 30
39 30
38 30
37 30
36 30
35 30
34 30
34 29
35 29
36 29
37 29
38 29
39 29
40 29
41 29
42 29
42 28
43 28
44 28
45 28
46 28
47 28
48 28
49 28
42 27
43 27
44 27
45 27
46 27
47 27
48 27
49 27
42 26
43 26
44 26
45 26
46 26
47 26
48 26
49 26
42 25
43 25
44 25
45 25
46 25
47 25
48 25
49 25
42 24
43 24
44 24
45 24
46 24
47 24
48 24
49 24
42 23
43 23
44 23
45 23
46 23
47 23
48 23
49 23
42 22
43 22
44 22
45 22
46 22
47 22
48 22
49 22
42 21
43 21
44 21
45 21
46 21
47 21
48 21
49 21
42 20
43 20
44 20
45 20
46 20
47 20
48 20
49 20
49 19
48 19
47 19
46 19
45 19
44 19
43 19
42 19
42 18
42 17
42 16
42 15
41 15
41 16
41 17
41 18
40 18
40 17
40 16
40 15
33 29
33 30
33 31
33 32
33 33
33 34
33 35
33 36
32 36
32 35
32 34
0
No
1
103
49 0
49 1
49 2
48 2
48 1
48 0
47 2
47 1
47 0
46 0
46 1
46 2
46 3
46 4
45 4
45 3
45 2
45 1
45 0
44 2
44 3
44 4
44 1
44 0
43 1
43 0
43 4
43 5
44 5
45 5
Yes
26 26
26 27
26 28
27 28
27 27
27 26
27 25
26 25
26 24
27 24
27 23
26 23
27 29
26 29
25 29
25 30
26 30
27 30
25 31
26 31
27 31
25 32
26 32
27 32
26 33
27 33
26 34
27 34
26 35
27 35
26 36
27 36
28 36
28 35
28 34
28 33
28 32
28 31
28 30
28 29
29 29
29 30
29 31
29 32
29 33
29 34
29 35
29 36
30 36
30 35
30 34
30 33
30 32
30 31
30 30
30 29
31 36
31 35
31 34
31 33
31 32
31 31
31 30
31 29
32 29
32 30
32 31
32 32
32 33
26 22
27 22
27 21
26 21
26 20
25 21
25 20
25 19
25 18
24 21
24 20
24 19
24 18
24 17
23 17
23 18
23 19
23 20
23 21
22 21
22 20
22 19
22 18
0
No
0
No
0
Yes
36 28
37 28
38 28
39 28
40 28
41 28
41 27
40 27
39 27
38 27
37 27
36 27
41 26
40 26
39 26
38 26
37 26
36 26
41 25
40 25
39 25
38 25
37 25
36 25
41 24
40 24
39 24
38 24
37 24
36 24
41 23
40 23
39 23
38 23
37 23
36 23
38 22
39 22
40 22
41 22
37 22
36 22
35 28
35 27
35 26
0
No
0
No
0
Yes
16 1
16 0
17 0
17 1
17 2
18 2
18 1
18 0
19 2
19 1
19 0
20 2
20 1
20 0
21 2
21 1
21 0
22 2
22 1
22 0
23 2
23 1
23 0
24 1
24 0
25 1
25 0
0
Yes
1 29
1 30
1 31
1 32
2 32
2 31
2 30
2 29
3 32
3 31
3 30
3 29
4 32
4 31
4 30
4 29
5 32
5 31
5 30
5 29
0 32
0 31
0 30
0 29
0 28
1 28
2 28
3 28
4 28
5 28
5 27
4 27
3 27
2 27
1 27
0 27
0 26
1 26
2 26
3 26
4 26
5 26
6 32
6 31
6 30
6 29
6 28
6 27
0
Yes
28 3
28 4
29 4
29 3
29 5
30 5
30 4
30 3
31 3
31 4
31 5
32 5
32 4
32 3
32 2
31 2
30 2
29 2
28 2
28 1
29 1
30 1
31 1
32 1
32 0
31 0
30 0
29 0
28 0
27 3
27 2
27 1
27 0
33 0
33 1
33 2
33 3
33 4
33 5
34 5
34 4
34 3
34 2
34 1
34 0
35 5
35 4
35 3
35 2
35 1
35 0
0
No
0
Yes
35 39
35 40
35 38
35 37
34 37
34 38
34 39
34 40
34 41
35 41
33 37
33 38
33 39
33 40
33 41
32 37
32 38
32 39
32 40
32 41
31 37
31 38
31 39
31 40
31 41
30 37
30 38
30 39
30 40
30 41
29 37
29 38
29 39
29 40
29 41
0
Yes
29 24
28 24
28 25
29 25
28 26
29 26
28 27
29 27
28 28
29 28
30 28
30 27
30 26
30 25
30 24
31 28
31 27
31 26
31 25
31 24
32 28
32 27
32 26
32 25
32 24
33 28
33 27
33 26
33 25
33 24
34 28
34 27
34 26
34 25
34 24
35 28
35 27
35 26
35 25
35 24
36 28
36 27
36 26
36 25
36 24
28 23
29 23
30 23
31 23
32 23
33 23
34 23
35 23
36 23
28 22
29 22
30 22
31 22
32 22
33 22
34 22
35 22
36 22
28 21
29 21
30 21
31 21
32 21
33 21
34 21
35 21
36 21
30 20
31 20
32 20
33 20
34 20
35 20
36 20
30 19
31 19
32 19
33 19
34 19
35 19
36 19
37 28
37 27
37 26
37 25
37 24
37 23
37 22
37 21
37 20
37 19
38 28
38 27
38 26
38 25
38 24
38 23
38 22
38 21
38 20
38 19
39 28
39 27
39 26
39 25
39 24
39 23
39 22
39 21
39 20
39 19
40 19
40 20
40 21
40 22
40 23
40 24
0
No
0
Yes
39 15
39 16
39 17
39 18
38 18
38 17
38 16
38 15
37 18
37 17
37 16
37 15
36 18
36 17
36 16
36 15
35 18
35 17
35 16
35 15
34 18
34 17
34 16
34 15
33 18
33 17
33 16
33 15
32 18
32 17
32 16
32 15
31 17
31 16
31 15
30 16
30 15
29 16
29 15
29 14
30 14
31 14
32 14
33 14
34 14
35 14
36 14
37 14
38 14
39 14
39 13
38 13
37 13
36 13
35 13
34 13
33 13
32 13
31 13
30 13
29 13
29 12
30 12
39 12
38 12
37 12
36 12
35 12
0
Yes
28 45
28 46
28 47
29 46
29 45
30 45
31 45
31 44
30 44
29 44
28 44
31 43
30 43
29 43
28 43
31 42
30 42
29 42
28 42
27 42
27 43
27 44
27 45
27 46
27 47
26 47
26 46
26 45
26 44
26 43
26 42
25 42
25 43
25 44
25 45
24 45
24 44
24 43
24 42
23 42
23 43
23 44
23 45
22 45
22 44
22 43
22 42
0
Yes
21 16
21 15
20 15
20 16
21 17
20 17
21 18
20 18
21 19
20 19
21 20
20 20
21 21
20 21
19 21
19 20
19 19
19 18
19 17
19 16
19 15
19 14
18 21
18 20
18 19
18 18
18 17
18 16
18 15
18 14
18 13
18 12
17 12
17 13
17 14
17 15
17 16
17 17
17 18
17 19
17 20
17 21
16 21
16 20
16 19
16 18
16 17
16 16
16 15
16 14
16 13
16 12
16 11
16 10
15 10
15 11
15 12
15 13
15 14
15 15
15 16
15 17
15 18
15 19
15 20
15 21
14 11
14 12
14 13
14 14
14 15
14 16
14 17
14 18
14 19
14 20
14 21
14 22
13 22
13 21
13 20
13 19
13 18
13 17
13 16
13 15
13 14
12 14
12 15
12 16
12 17
12 18
12 19
12 20
12 21
12 22
11 22
11 21
11 20
11 19
11 18
11 17
11 16
11 15
11 14
10 15
10 16
10 17
10 18
10 19
0
No
0
Yes
46 22
46 23
46 24
46 25
47 25
47 24
47 23
47 22
48 22
48 23
48 24
48 25
49 25
49 24
49 23
49 22
49 21
48 21
47 21
46 21
46 20
47 20
48 20
49 20
49 19
48 19
47 19
46 19
45 19
45 20
45 21
45 22
45 23
45 24
0
Yes
32 29
33 29
34 29
35 29
35 30
34 30
33 30
32 30
32 31
33 31
34 31
35 31
35 32
34 32
33 32
32 32
32 33
33 33
34 33
35 33
35 34
34 34
33 34
32 34
35 35
34 35
33 35
32 35
34 36
33 36
32 36
36 35
36 34
36 33
36 32
36 31
36 30
36 29
31 36
31 35
31 34
31 33
31 32
31 31
31 30
31 29
0
Yes
2 1
2 2
3 2
3 1
4 2
4 1
5 2
5 1
5 0
4 0
3 0
2 0
1 0
1 1
1 2
0 2
0 1
0 0
0
Yes
0 43
0 44
1 44
1 45
0 45
2 45
3 45
3 46
2 46
1 46
0 46
4 46
5 46
5 47
4 47
3 47
2 47
1 47
0 47
6 47
6 48
5 48
4 48
3 48
2 48
1 48
0 48
7 47
7 48
7 49
6 49
5 49
4 49
3 49
2 49
1 49
0 49
0
Yes
36 4
37 4
38 4
36 3
37 3
38 3
36 2
37 2
38 2
36 1
37 1
38 1
36 0
37 0
38 0
39 4
39 3
39 2
39 1
39 0
0
Yes
18 21
19 21
20 21
21 21
22 21
23 21
24 21
25 21
17 21
17 20
18 20
19 20
20 20
21 20
22 20
23 20
24 20
25 20
25 19
24 19
23 19
22 19
21 19
20 19
19 19
18 19
17 19
25 18
24 18
23 18
22 18
21 18
20 18
19 18
18 18
17 18
24 17
23 17
22 17
21 17
20 17
19 17
18 17
17 17
21 16
20 16
19 16
18 16
17 16
21 15
20 15
19 15
18 15
17 15
19 14
18 14
17 14
0
Yes
30 36
30 37
31 37
32 37
33 37
34 37
35 37
35 38
34 38
33 38
32 38
31 38
30 38
35 39
34 39
33 39
32 39
31 39
30 39
35 40
34 40
33 40
32 40
31 40
30 40
34 41
35 41
33 41
32 41
31 41
30 41
33 42
32 42
31 42
30 42
35 42
36 42
36 41
31 43
30 43
31 44
30 44
31 45
30 45
29 45
29 44
29 43
29 42
29 41
29 40
29 39
29 38
29 37
29 36
28 36
28 37
28 38
28 39
28 40
28 41
28 42
28 43
28 44
28 45
27 45
27 44
27 43
27 42
27 41
27 40
27 39
27 38
27 37
27 36
26 36
26 37
26 38
26 39
26 40
26 41
26 42
26 43
26 44
26 45
29 46
28 46
27 46
26 46
28 47
27 47
26 47
26 48
27 48
27 49
26 49
25 45
25 44
25 43
25 42
25 41
25 40
25 39
25 38
25 37
25 36
24 45
24 44
24 43
24 42
24 41
24 40
24 39
24 38
24 37
24 36
23 45
0
Yes
16 21
16 20
16 19
16 18
16 17
16 16
15 21
15 20
15 19
15 18
15 17
15 16
14 16
14 17
14 18
14 19
14 20
14 21
14 22
13 22
13 21
13 20
13 19
13 18
13 17
13 16
12 22
12 21
12 20
12 19
12 18
12 17
12 16
11 22
11 21
11 20
11 19
11 18
11 17
11 16
10 16
10 17
10 18
10 19
9 19
9 18
9 17
10 15
11 15
12 15
13 15
14 15
15 15
16 15
11 14
12 14
13 14
14 14
15 14
16 14
14 13
15 13
0
Yes
38 26
38 27
38 28
39 28
39 27
39 26
40 26
40 27
40 28
41 28
41 27
41 26
42 26
42 27
42 28
43 28
43 27
43 26
43 25
42 25
41 25
40 25
39 25
38 25
38 24
39 24
40 24
41 24
42 24
43 24
43 23
42 23
41 23
40 23
39 23
38 23
38 22
39 22
40 22
41 22
42 22
43 22
43 21
42 21
41 21
40 21
39 21
38 21
38 20
39 20
40 20
41 20
42 20
43 20
39 19
38 19
40 19
41 19
42 19
43 19
37 19
37 20
37 21
37 22
37 23
37 24
37 25
37 26
37 27
37 28
36 28
36 27
36 26
36 25
36 24
36 23
36 22
36 21
36 20
36 19
35 19
35 20
35 21
35 22
35 23
35 24
35 25
35 26
35 27
35 28
34 28
34 27
34 26
34 25
34 24
34 23
34 22
34 21
34 20
34 19
33 19
33 20
33 21
33 22
33 23
33 24
33 25
33 26
33 27
33 28
32 28
32 27
32 26
32 25
32 24
32 23
32 22
32 21
32 20
32 19
31 19
31 20
31 21
31 22
31 23
31 24
31 25
31 26
31 27
31 28
30 19
30 20
30 21
30 22
30 23
30 24
30 25
0
Yes
29 26
30 26
30 27
29 27
30 28
29 28
30 29
29 29
30 30
29 30
29 25
28 25
28 26
28 27
28 28
28 29
28 30
27 30
27 29
27 28
27 27
27 26
27 25
26 25
26 26
26 27
26 28
26 29
26 30
0
Yes
8 15
8 16
8 17
7 15
7 16
7 17
6 17
6 16
5 16
5 17
0
Yes
0 3
0 4
1 4
1 3
1 2
0 2
0
Yes
38 30
38 31
37 31
37 30
37 29
38 29
39 31
39 30
39 29
40 31
40 30
40 29
40 28
39 28
38 28
37 28
37 27
38 27
39 27
40 27
41 31
41 30
41 29
41 28
41 27
0
Yes
48 12
48 11
47 11
47 12
46 12
49 11
49 12
49 13
48 13
47 13
46 13
45 13
45 14
46 14
47 14
48 14
49 14
49 15
48 15
47 15
46 15
45 15
45 16
46 16
47 16
48 16
49 16
49 17
48 17
47 17
46 17
45 17
45 18
46 18
47 18
48 18
49 18
0
Yes
31 21
31 22
31 23
31 24
31 25
31 26
31 27
31 28
32 28
32 27
32 26
32 25
32 24
32 23
32 22
32 21
33 28
33 27
33 26
33 25
33 24
33 23
33 22
33 21
34 28
34 27
34 26
34 25
34 24
34 23
34 22
34 21
35 28
35 27
35 26
35 25
35 24
35 23
35 22
35 21
36 28
36 27
36 26
36 25
36 24
36 23
36 22
36 21
37 21
37 22
37 23
37 24
37 25
37 26
37 27
37 28
37 20
36 20
35 20
34 20
33 20
32 20
31 20
31 19
32 19
33 19
34 19
35 19
36 19
37 19
38 19
38 20
38 21
38 22
38 23
38 24
38 25
38 26
38 27
38 28
39 19
39 20
39 21
39 22
39 23
0
Yes
49 29
49 30
49 31
49 32
49 33
49 34
48 34
48 33
48 32
48 31
48 30
48 29
47 34
47 33
47 32
47 31
47 30
47 29
46 34
46 33
46 32
46 31
46 30
46 29
45 29
45 30
45 31
45 32
45 33
45 34
45 35
45 36
45 37
44 37
44 36
44 35
44 34
44 33
44 32
44 31
44 30
44 29
43 36
43 35
43 34
43 33
43 32
43 31
43 30
43 29
42 36
42 35
42 34
42 33
42 32
42 31
42 30
42 29
41 31
41 30
41 29
40 31
40 30
40 29
39 31
39 30
39 29
39 28
40 28
41 28
42 28
43 28
44 28
45 28
46 28
47 28
48 28
49 28
39 27
40 27
41 27
42 27
43 27
44 27
45 27
46 27
47 27
48 27
49 27
49 26
48 26
47 26
46 26
45 26
44 26
43 26
42 26
41 26
40 26
39 26
45 25
44 25
43 25
0
Yes
14 17
14 18
15 18
15 17
16 17
16 18
16 16
15 16
14 16
16 15
15 15
14 15
16 14
15 14
14 14
13 14
13 15
13 16
13 17
13 18
12 14
12 15
12 16
12 17
12 18
11 14
11 15
11 16
11 17
11 18
10 15
10 16
10 17
10 18
9 17
9 18
9 19
10 19
11 19
12 19
13 19
14 19
15 19
16 19
0
Yes
1 30
1 31
1 32
2 32
2 31
2 30
3 32
3 31
3 30
4 32
4 31
4 30
5 32
5 31
5 30
6 32
6 31
6 30
6 29
5 29
4 29
3 29
2 29
1 29
0 32
0 31
0 30
0 29
6 28
5 28
4 28
3 28
2 28
1 28
0 28
6 27
5 27
4 27
3 27
0
Yes
49 11
48 11
47 11
47 12
48 12
49 12
49 13
48 13
47 13
47 14
48 14
49 14
49 15
48 15
47 15
47 16
48 16
49 16
49 17
48 17
47 17
47 18
48 18
49 18
46 12
46 13
46 14
46 15
46 16
46 17
46 18
45 18
45 17
45 16
45 15
45 14
45 13
44 13
44 14
44 15
0
Yes
40 0
40 1
41 1
41 0
42 0
0
Yes
43 15
42 15
41 15
41 16
42 16
43 16
44 16
44 17
43 17
42 17
41 17
44 18
43 18
42 18
41 18
44 19
43 19
42 19
41 19
44 20
43 20
42 20
41 20
44 21
43 21
42 21
41 21
44 22
43 22
42 22
41 22
44 23
43 23
42 23
41 23
44 24
43 24
42 24
41 24
40 15
40 16
40 17
40 18
40 19
40 20
40 21
40 22
40 23
40 24
0
Yes
25 31
26 31
27 31
28 31
28 32
27 32
26 32
25 32
24 32
23 32
22 32
21 32
20 32
19 32
18 32
17 32
16 32
16 33
17 33
18 33
19 33
20 33
21 33
22 33
23 33
24 33
25 33
26 33
27 33
28 33
16 34
17 34
18 34
19 34
20 34
21 34
22 34
23 34
24 34
25 34
26 34
27 34
28 34
28 35
27 35
26 35
25 35
24 35
23 35
22 35
21 35
20 35
19 35
18 35
17 35
16 35
16 36
17 36
18 36
19 36
20 36
21 36
22 36
23 36
23 37
22 37
21 37
20 37
19 37
18 37
17 37
16 37
23 38
22 38
21 38
20 38
19 38
18 38
17 38
16 38
23 39
22 39
21 39
20 39
19 39
18 39
17 39
16 39
15 38
15 39
14 39
14 40
15 40
16 40
17 40
18 40
19 40
20 40
21 40
22 40
23 40
14 41
15 41
16 41
17 41
18 41
19 41
20 41
21 41
22 41
23 41
0
No
0
Yes
26 24
27 24
28 24
29 24
30 24
30 23
29 23
28 23
27 23
26 23
26 22
27 22
28 22
29 22
30 22
30 21
29 21
28 21
27 21
26 21
0
Yes
44 48
45 48
44 49
45 49
0
No
0
No
0
Yes
38 35
37 35
37 34
38 34
37 33
38 33
37 32
38 32
39 32
39 33
39 34
39 35
40 32
40 33
40 34
40 35
41 32
41 33
41 34
41 35
38 36
39 36
40 36
41 36
0
No
0
Yes
33 4
33 5
33 6
33 7
34 7
34 6
34 5
34 4
35 6
35 5
35 4
35 3
34 3
33 3
35 2
34 2
33 2
35 1
34 1
33 1
35 0
34 0
33 0
32 0
32 1
32 2
32 3
32 4
32 5
32 6
32 7
32 8
33 8
34 8
35 8
35 9
34 9
33 9
32 9
31 9
31 8
31 7
31 6
31 5
31 4
31 3
31 2
31 1
31 0
30 7
30 6
30 5
30 4
30 3
30 2
30 1
30 0
29 5
29 4
29 3
29 2
29 1
29 0
28 4
28 3
28 2
28 1
28 0
31 10
32 10
33 10
34 10
35 10
35 11
34 11
33 11
32 11
32 12
33 12
34 12
27 3
27 2
27 1
27 0
0
Yes
14 28
14 29
14 30
13 30
13 29
13 28
14 27
13 27
14 26
13 26
14 25
13 25
14 24
13 24
14 23
13 23
14 22
13 22
12 30
12 29
12 28
12 27
12 26
12 25
12 24
12 23
12 22
11 22
11 23
11 24
11 25
11 26
11 27
11 28
11 29
11 30
11 31
11 32
10 32
10 31
10 30
10 29
10 28
10 27
10 26
10 25
10 24
10 23
9 32
9 31
9 30
9 29
9 28
9 27
9 26
9 25
9 24
9 23
9 22
8 22
8 23
8 24
8 25
8 26
8 27
8 28
8 29
8 30
8 31
7 31
7 30
7 29
7 28
7 27
7 26
7 25
7 24
7 23
7 22
6 22
6 23
6 24
6 25
6 26
5 22
5 23
5 24
5 25
5 26
4 26
4 25
4 24
3 26
3 25
3 24
3 23
3 22
3 21
2 21
2 22
2 23
2 24
2 25
2 26
2 27
1 27
1 26
1 25
1 24
1 23
0 23
0 24
0 25
0 26
0 27
11 21
12 21
13 21
14 21
0
No
0
Yes
21 2
20 2
19 2
18 2
17 2
22 2
23 2
23 1
22 1
21 1
20 1
19 1
18 1
17 1
16 1
16 0
17 0
18 0
19 0
20 0
21 0
22 0
23 0
24 1
24 0
0
No
0
No
0
No
1
152
47 0
47 1
47 2
48 2
48 1
48 0
49 0
49 1
49 2
49 3
46 2
46 1
46 0
46 3
46 4
45 4
45 3
45 2
45 1
45 0
44 2
44 3
44 4
44 1
44 0
43 1
43 0
43 4
42 0
41 0
41 1
40 1
40 0
40 2
40 3
41 3
43 5
44 5
45 5
43 6
44 6
45 6
46 6
45 7
44 7
43 7
42 7
43 8
44 8
Yes
34 13
33 13
32 13
32 14
33 14
34 14
34 15
33 15
32 15
32 16
33 16
34 16
34 17
33 17
32 17
32 18
33 18
34 18
35 18
35 17
35 16
35 15
35 14
35 13
35 12
36 12
36 13
36 14
36 15
36 16
36 17
36 18
37 18
37 17
37 16
37 15
37 14
37 13
37 12
38 12
38 13
38 14
38 15
38 16
38 17
38 18
39 12
39 13
39 14
39 15
39 16
39 17
39 18
40 15
40 16
40 17
40 18
41 15
41 16
41 17
41 18
42 15
42 16
42 17
42 18
43 15
43 16
43 17
43 18
44 16
44 17
44 18
31 17
31 16
31 15
31 14
31 13
30 16
30 15
30 14
30 13
30 12
29 12
29 13
29 14
29 15
29 16
44 19
43 19
42 19
41 19
40 19
36 11
0
No
0
No
0
Yes
19 1
19 2
20 2
20 1
21 2
21 1
22 2
22 1
23 2
23 1
18 2
18 1
17 2
17 1
16 1
16 0
17 0
18 0
19 0
20 0
21 0
22 0
23 0
24 1
24 0
25 1
25 0
0
No
0
No
0
No
0
No
0
No
0
Yes
22 49
22 48
22 47
22 46
22 45
22 44
22 43
22 42
23 42
23 43
23 44
23 45
23 46
23 47
23 48
23 49
24 49
24 48
24 47
24 46
24 45
24 44
24 43
24 42
25 42
25 43
25 44
25 45
25 46
25 47
25 48
25 49
26 49
26 48
26 47
26 46
26 45
26 44
26 43
26 42
27 48
27 49
27 47
27 46
27 45
27 44
27 43
27 42
28 47
28 46
28 45
28 44
28 43
28 42
29 46
29 45
29 44
29 43
29 42
30 45
30 44
30 43
30 42
31 45
31 44
31 43
31 42
32 42
33 42
33 41
32 41
31 41
30 41
29 41
28 41
27 41
26 41
25 41
24 41
23 41
22 41
22 40
23 40
24 40
25 40
26 40
27 40
28 40
29 40
30 40
31 40
32 40
33 40
33 39
32 39
31 39
30 39
29 39
28 39
27 39
26 39
25 39
24 39
23 39
22 39
22 38
23 38
24 38
25 38
26 38
27 38
28 38
29 38
30 38
31 38
32 38
33 38
33 37
32 37
31 37
30 37
29 37
28 37
27 37
26 37
25 37
24 37
23 37
22 37
30 36
29 36
28 36
27 36
26 36
25 36
24 36
23 36
22 36
0
Yes
21 32
20 32
19 32
18 32
17 32
16 32
16 33
17 33
18 33
19 33
20 33
21 33
16 34
17 34
18 34
19 34
20 34
21 34
16 35
17 35
18 35
19 35
20 35
21 35
21 36
20 36
19 36
18 36
17 36
16 36
16 37
17 37
18 37
19 37
20 37
0
No
0
No
0
No
0
No
0
No
0
No
0
Yes
10 49
11 49
11 48
10 48
11 47
10 47
9 47
9 48
9 49
8 49
8 48
8 47
8 46
9 46
10 46
11 46
9 45
10 45
11 45
0
No
0
Yes
13 16
13 17
13 18
13 19
14 19
14 18
14 17
14 16
15 16
15 17
15 18
15 19
16 19
16 18
16 17
16 16
16 15
15 15
14 15
13 15
13 14
14 14
15 14
16 14
14 13
15 13
16 13
17 13
18 13
12 14
12 15
12 16
12 17
12 18
12 19
11 14
11 15
11 16
11 17
11 18
11 19
10 15
10 16
10 17
10 18
10 19
9 17
9 18
9 19
8 19
11 20
12 20
13 20
14 20
15 20
16 20
16 21
15 21
18 12
17 12
16 12
15 12
14 12
13 12
14 11
15 11
16 11
15 10
16 10
0
Yes
29 44
29 45
29 46
30 45
30 44
31 45
31 44
31 43
30 43
29 43
29 42
30 42
31 42
32 42
33 42
33 41
32 41
31 41
30 41
29 41
34 41
34 40
33 40
32 40
31 40
30 40
29 40
29 39
30 39
31 39
32 39
33 39
34 39
34 38
33 38
32 38
31 38
30 38
29 38
31 37
32 37
33 37
34 37
30 37
29 37
28 37
28 38
28 39
28 40
28 41
28 42
28 43
28 44
28 45
28 46
28 47
27 47
27 46
27 45
27 44
27 43
27 42
27 41
27 40
27 39
27 38
27 37
27 48
27 49
26 49
26 48
26 47
26 46
26 45
26 44
26 43
26 42
26 41
26 40
26 39
26 38
26 37
25 37
25 38
25 39
25 40
25 41
25 42
25 43
25 44
25 45
25 46
25 47
25 48
25 49
24 49
24 48
24 47
24 46
24 45
24 44
24 43
24 42
24 41
24 40
24 39
24 38
24 37
23 37
23 38
23 39
23 40
23 41
23 42
23 43
23 44
23 45
23 46
23 47
23 48
23 49
35 37
35 38
35 39
35 40
35 41
35 42
36 42
36 41
22 49
22 48
22 47
22 46
22 45
22 44
22 43
22 42
22 41
22 40
22 39
22 38
22 37
21 37
21 38
21 39
21 40
21 41
0
No
0
No
0
No
0
Yes
47 0
47 1
47 2
48 2
48 1
48 0
49 2
49 1
49 0
46 2
46 1
46 0
45 0
45 1
45 2
1
168
31 1
31 2
31 3
31 4
31 5
31 6
30 6
30 5
30 4
30 3
30 2
30 1
29 5
29 4
29 3
29 2
29 1
28 4
28 3
28 2
28 1
27 3
27 2
27 1
26 2
26 1
30 7
31 7
25 1
24 1
24 0
25 0
26 0
27 0
28 0
29 0
30 0
31 0
32 0
32 1
32 2
32 3
32 4
32 5
32 6
32 7
33 7
33 6
33 5
33 4
33 3
33 2
33 1
33 0
23 0
23 1
23 2
22 2
22 1
22 0
21 2
21 1
21 0
20 2
20 1
20 0
19 2
19 1
19 0
18 2
18 1
18 0
17 2
17 1
17 0
16 1
16 0
34 7
34 6
34 5
34 4
34 3
34 2
34 1
34 0
35 6
35 5
35 4
35 3
35 2
35 1
35 0
15 0
Yes
29 13
29 12
30 12
30 13
31 13
29 14
30 14
31 14
32 14
32 13
32 12
32 11
33 11
33 12
33 13
33 14
34 14
34 13
34 12
34 11
35 11
35 12
35 13
35 14
35 10
34 10
33 10
32 10
31 10
31 9
32 9
33 9
34 9
35 9
35 8
34 8
33 8
32 8
31 8
36 11
36 12
36 13
36 14
37 12
37 13
37 14
38 12
38 13
38 14
39 12
39 13
39 14
29 15
30 15
31 15
32 15
33 15
34 15
35 15
36 15
37 15
38 15
39 15
29 16
30 16
31 16
32 16
33 16
34 16
35 16
36 16
37 16
38 16
39 16
31 17
32 17
33 17
34 17
35 17
36 17
37 17
38 17
39 17
32 18
33 18
34 18
35 18
36 18
37 18
38 18
39 18
40 15
40 16
40 17
40 18
41 15
41 16
41 17
41 18
42 15
42 16
42 17
42 18
0
Yes
0 0
0 1
0 2
1 2
1 1
1 0
2 2
2 1
2 0
3 2
3 1
3 0
4 0
4 1
4 2
5 2
5 1
5 0
4 3
5 3
6 3
6 4
5 4
4 4
0
No
0
Yes
8 15
8 16
8 17
7 15
7 16
7 17
0
No
0
Yes
33 26
33 27
33 28
34 28
34 27
34 26
35 28
35 27
35 26
36 28
36 27
36 26
32 28
32 27
32 26
31 28
31 27
31 26
31 25
32 25
33 25
34 25
35 25
36 25
31 24
32 24
33 24
34 24
35 24
36 24
31 23
32 23
33 23
34 23
35 23
36 23
31 22
32 22
33 22
34 22
35 22
36 22
31 21
32 21
33 21
34 21
35 21
36 21
37 21
37 22
37 23
37 24
37 25
37 26
37 27
37 28
37 29
38 29
38 28
38 27
38 26
38 25
38 24
38 23
38 22
38 21
39 25
39 24
39 23
39 22
39 21
40 25
40 24
40 23
40 22
40 21
41 25
41 24
41 23
41 22
41 21
41 20
40 20
39 20
38 20
37 20
36 20
35 20
34 20
33 20
32 20
31 20
31 19
32 19
33 19
34 19
35 19
36 19
37 19
38 19
39 19
40 19
41 19
30 19
30 20
42 25
42 24
42 23
42 22
42 21
42 20
42 19
43 24
43 23
43 22
43 21
43 20
43 19
44 24
44 23
44 22
44 21
44 20
44 19
0
Yes
47 17
47 18
48 18
48 17
49 18
49 17
46 18
46 17
45 18
45 17
44 18
44 17
43 18
43 17
43 16
44 16
45 16
46 16
47 16
48 16
49 16
43 15
44 15
45 15
46 15
47 15
48 15
49 15
43 14
44 14
45 14
46 14
47 14
48 14
49 14
43 13
44 13
45 13
46 13
47 13
48 13
49 13
46 12
47 12
48 12
49 12
0
Yes
19 28
19 29
19 30
20 30
20 29
20 28
21 28
21 29
21 30
22 30
22 29
22 28
23 28
23 29
23 30
24 30
24 29
24 28
25 28
25 29
25 30
25 27
24 27
23 27
22 27
21 27
20 27
19 27
25 26
24 26
23 26
22 26
21 26
20 26
19 26
25 25
24 25
23 25
22 25
21 25
20 25
19 25
25 24
24 24
23 24
22 24
21 24
20 24
19 24
25 23
24 23
23 23
22 23
21 23
20 23
19 23
25 22
24 22
23 22
22 22
21 22
20 22
19 22
18 22
18 23
18 24
18 25
18 26
18 27
18 28
18 29
18 30
17 22
17 23
17 24
17 25
17 26
17 27
17 28
17 29
17 30
16 22
16 23
16 24
16 25
16 26
16 27
16 28
16 29
16 30
15 22
15 23
15 24
15 25
15 26
15 27
15 28
15 29
15 30
15 31
16 31
17 31
18 31
19 31
20 31
21 31
22 31
23 31
24 31
25 31
0
No
0
Yes
43 8
44 8
43 7
44 7
45 7
45 6
44 6
43 6
43 5
44 5
45 5
43 4
44 4
0
No
0
Yes
31 6
31 7
30 7
30 6
32 7
32 6
33 7
33 6
34 7
34 6
35 6
35 5
34 5
33 5
32 5
31 5
30 5
35 4
34 4
33 4
32 4
31 4
30 4
29 5
29 4
28 4
35 3
34 3
33 3
32 3
31 3
30 3
29 3
28 3
27 3
35 2
34 2
33 2
32 2
31 2
30 2
29 2
28 2
27 2
26 2
35 1
34 1
33 1
32 1
31 1
30 1
29 1
28 1
27 1
26 1
25 1
24 1
35 0
34 0
33 0
32 0
31 0
30 0
29 0
28 0
27 0
26 0
25 0
24 0
0
Yes
1 48
1 49
2 49
2 48
3 48
3 49
4 49
4 48
5 48
5 49
6 49
6 48
6 47
5 47
4 47
3 47
2 47
1 47
5 46
4 46
3 46
2 46
1 46
3 45
2 45
1 45
7 47
7 48
7 49
8 49
8 48
8 47
5 45
0 45
0 46
0 47
0 48
0 49
1 44
0 44
5 44
0
No
0
No
0
No
0
Yes
0 28
1 28
2 28
2 29
1 29
0 29
0 30
1 30
2 30
2 31
1 31
0 31
0 32
1 32
2 32
3 32
3 31
3 30
3 29
3 28
3 27
4 27
4 28
4 29
4 30
4 31
4 32
5 27
5 28
5 29
5 30
5 31
5 32
6 27
6 28
6 29
6 30
6 31
6 32
6 33
0
No
0
Yes
28 36
28 37
28 38
28 39
29 39
29 38
29 37
29 36
30 36
30 37
30 38
30 39
30 35
29 35
28 35
30 34
29 34
28 34
27 34
27 35
27 36
27 37
27 38
27 39
26 39
26 38
26 37
26 36
26 35
26 34
25 34
25 35
25 36
25 37
25 38
25 39
24 39
24 38
24 37
24 36
24 35
24 34
23 34
23 35
23 36
23 37
23 38
23 39
22 36
22 35
22 34
22 37
22 38
22 39
22 33
23 33
24 33
25 33
26 33
27 33
28 33
29 33
30 33
30 32
29 32
28 32
27 32
26 32
25 32
24 32
23 32
22 32
30 31
29 31
28 31
27 31
26 31
25 31
0
Yes
1 36
1 37
1 38
1 39
1 40
1 41
1 42
0 42
0 41
0 40
0 39
0 38
0 37
0 36
2 41
2 40
2 39
2 38
2 37
2 36
3 41
3 40
3 39
3 38
3 37
3 36
4 40
4 39
4 38
4 37
4 36
0
Yes
46 49
46 48
45 48
45 49
44 48
44 49
0
Yes
31 37
31 38
31 39
32 37
32 38
32 39
33 37
33 38
33 39
34 37
34 38
34 39
35 37
35 38
35 39
35 40
34 40
33 40
32 40
31 40
30 40
34 41
35 41
33 41
32 41
31 41
30 41
33 42
32 42
31 42
30 42
35 42
36 42
36 41
31 43
30 43
31 44
30 44
31 45
30 45
29 40
29 41
29 42
29 43
29 44
29 45
29 46
28 40
28 41
28 42
28 43
28 44
28 45
28 46
28 47
27 40
27 41
27 42
27 43
27 44
27 45
27 46
27 47
27 48
27 49
26 40
26 41
26 42
26 43
26 44
26 45
26 46
26 47
26 48
26 49
25 40
25 41
25 42
25 43
25 44
25 45
25 46
25 47
25 48
25 49
24 40
24 41
24 42
24 43
24 44
24 45
24 46
24 47
24 48
24 49
23 40
23 41
23 42
23 43
23 44
23 45
23 46
23 47
23 48
23 49
22 49
22 48
22 47
22 46
22 45
22 44
22 43
0
Yes
0 33
1 33
2 33
3 33
4 33
4 34
3 34
2 34
1 34
0 34
0 35
1 35
2 35
3 35
4 35
0
Yes
19 29
19 30
19 31
20 31
20 30
20 29
18 31
18 30
18 29
17 31
17 30
17 29
16 31
16 30
16 29
15 31
15 30
15 29
15 28
16 28
17 28
18 28
19 28
20 28
15 27
16 27
17 27
18 27
19 27
20 27
15 26
16 26
17 26
18 26
19 26
20 26
15 25
16 25
17 25
18 25
19 25
20 25
15 24
16 24
17 24
18 24
19 24
20 24
15 23
16 23
17 23
18 23
19 23
20 23
20 22
19 22
18 22
17 22
16 22
15 22
21 22
21 23
21 24
21 25
21 26
21 27
21 28
21 29
21 30
21 31
22 22
22 23
22 24
22 25
22 26
22 27
22 28
22 29
22 30
22 31
23 22
23 23
23 24
23 25
23 26
0
Yes
30 32
30 31
29 31
29 32
28 31
28 32
27 31
27 32
26 31
26 32
30 33
29 33
28 33
27 33
26 33
30 34
29 34
28 34
27 34
26 34
30 35
29 35
28 35
27 35
26 35
30 36
29 36
28 36
27 36
26 36
30 37
29 37
28 37
27 37
26 37
30 38
29 38
28 38
27 38
26 38
25 38
25 37
25 36
25 35
25 34
25 33
25 32
25 31
30 39
29 39
28 39
27 39
26 39
25 39
24 39
24 38
24 37
24 36
24 35
24 34
24 33
24 32
24 31
23 31
23 32
23 33
23 34
23 35
23 36
23 37
23 38
23 39
22 32
22 33
22 34
22 35
22 36
22 37
22 38
22 39
0
Yes
49 21
49 22
49 23
49 24
49 25
48 25
48 24
48 23
48 22
48 21
47 25
47 24
47 23
47 22
47 21
46 25
46 24
46 23
46 22
46 21
45 24
45 23
45 22
45 21
44 24
44 23
44 22
44 21
43 24
43 23
43 22
43 21
43 20
44 20
45 20
46 20
47 20
48 20
49 20
49 19
48 19
47 19
46 19
45 19
44 19
43 19
43 18
44 18
45 18
46 18
47 18
48 18
49 18
43 17
44 17
45 17
46 17
47 17
48 17
49 17
43 16
44 16
45 16
46 16
47 16
48 16
49 16
43 15
44 15
45 15
46 15
47 15
48 15
49 15
43 14
44 14
45 14
46 14
47 14
48 14
49 14
43 13
44 13
45 13
46 13
47 13
48 13
49 13
46 12
47 12
48 12
49 12
47 11
48 11
49 11
42 19
42 20
42 21
42 22
42 23
42 24
42 25
41 25
41 24
41 23
41 22
41 21
41 20
0
Yes
17 2
18 2
19 2
20 2
20 1
19 1
18 1
17 1
16 1
16 0
17 0
18 0
19 0
20 0
21 2
21 1
21 0
0
No
0
Yes
18 26
18 27
18 28
18 29
18 30
18 31
19 31
19 30
19 29
19 28
19 27
19 26
20 31
20 30
20 29
20 28
20 27
20 26
21 31
21 30
21 29
21 28
21 27
21 26
17 31
17 30
17 29
17 28
17 27
17 26
17 25
18 25
19 25
20 25
21 25
22 25
22 26
22 27
22 28
22 29
22 30
22 31
22 24
21 24
20 24
19 24
18 24
17 24
16 31
16 30
16 29
16 28
16 27
16 26
16 25
16 24
15 31
15 30
15 29
15 28
15 27
15 26
15 25
15 24
0
Yes
31 36
32 36
32 35
31 35
31 34
32 34
32 33
31 33
31 32
32 32
32 31
31 31
31 30
32 30
30 30
30 31
30 32
30 33
30 34
30 35
30 36
30 37
30 38
30 39
29 39
29 38
29 37
29 36
29 35
29 34
29 33
29 32
29 31
29 30
28 39
28 38
28 37
28 36
28 35
28 34
28 33
28 32
28 31
28 30
27 39
27 38
27 37
27 36
27 35
27 34
27 33
27 32
27 31
27 30
26 39
26 38
26 37
26 36
26 35
26 34
26 33
26 32
26 31
26 30
25 39
25 38
25 37
25 36
25 35
25 34
25 33
25 32
25 31
25 30
24 39
24 38
24 37
24 36
24 35
24 34
24 33
24 32
24 31
24 30
23 30
23 31
23 32
23 33
23 34
23 35
23 36
23 37
23 38
23 39
22 32
22 33
22 34
22 35
22 36
22 37
22 38
22 39
0
Yes
39 4
38 4
38 3
39 3
40 3
40 2
39 2
38 2
38 1
39 1
40 1
40 0
39 0
38 0
37 4
37 3
37 2
37 1
37 0
0
Yes
40 25
40 24
40 23
40 22
40 21
40 20
39 25
39 24
39 23
39 22
39 21
39 20
38 20
38 21
38 22
38 23
38 24
38 25
38 26
37 26
37 25
37 24
37 23
37 22
37 21
37 20
36 20
36 21
36 22
36 23
36 24
36 25
36 26
35 26
35 25
35 24
35 23
35 22
35 21
35 20
34 20
34 21
34 22
34 23
34 24
34 25
34 26
33 26
33 25
33 24
33 23
33 22
33 21
33 20
40 19
39 19
38 19
37 19
36 19
35 19
34 19
33 19
0
Yes
49 2
48 2
47 2
47 1
48 1
49 1
49 0
48 0
47 0
46 0
46 1
46 2
46 3
46 4
45 4
45 3
45 2
45 1
45 0
44 2
44 3
44 4
44 1
44 0
45 5
44 5
45 6
44 6
45 7
44 7
44 8
43 8
43 7
43 6
43 5
43 4
49 3
1
137
4 34
4 35
5 35
5 34
3 35
3 34
2 35
2 34
1 35
1 34
0 35
0 34
0 33
1 33
2 33
3 33
4 33
5 33
6 33
6 32
5 32
4 32
3 32
2 32
1 32
0 32
6 31
5 31
4 31
3 31
2 31
1 31
0 31
6 30
5 30
4 30
3 30
2 30
1 30
0 30
6 29
5 29
4 29
3 29
2 29
1 29
0 29
0 28
1 28
2 28
3 28
4 28
5 28
6 28
6 27
5 27
4 27
Yes
14 13
14 12
14 11
15 11
15 12
15 13
16 11
16 12
16 13
17 12
17 13
18 12
18 13
18 14
17 14
16 14
15 14
14 14
13 14
12 14
11 14
11 15
12 15
13 15
14 15
15 15
16 15
17 15
18 15
10 15
10 16
11 16
12 16
13 16
14 16
15 16
16 16
17 16
18 16
18 17
17 17
16 17
15 17
14 17
13 17
12 17
11 17
10 17
9 17
9 18
10 18
11 18
12 18
13 18
14 18
15 18
16 18
17 18
18 18
9 19
10 19
11 19
12 19
13 19
14 19
15 19
16 19
17 19
18 19
11 20
12 20
13 20
14 20
15 20
16 20
17 20
18 20
19 14
19 15
19 16
19 17
19 18
19 19
19 20
8 19
0
Yes
33 35
33 34
33 33
33 32
33 31
33 30
34 30
34 31
34 32
34 33
34 34
34 35
35 35
35 34
35 33
35 32
35 31
35 30
36 35
36 34
36 33
36 32
36 31
36 30
37 35
37 34
37 33
37 32
37 31
37 30
38 30
38 31
38 32
38 33
38 34
38 35
38 29
37 29
36 29
35 29
34 29
33 29
0
Yes
14 30
14 29
14 28
14 27
14 26
14 25
13 30
13 29
13 28
13 27
13 26
13 25
12 30
12 29
12 28
12 27
12 26
12 25
11 25
11 26
11 27
11 28
11 29
11 30
11 31
11 32
10 32
10 31
10 30
10 29
10 28
10 27
10 26
10 25
9 32
9 31
9 30
9 29
9 28
9 27
9 26
9 25
8 31
8 30
8 29
8 28
8 27
8 26
8 25
14 24
13 24
12 24
11 24
10 24
9 24
0
No
0
No
0
Yes
23 29
24 29
25 29
26 29
27 29
28 29
29 29
23 28
24 28
25 28
26 28
27 28
28 28
29 28
23 27
24 27
25 27
26 27
27 27
28 27
29 27
23 26
24 26
25 26
26 26
27 26
28 26
29 26
23 25
24 25
25 25
26 25
27 25
28 25
29 25
23 24
24 24
25 24
26 24
27 24
28 24
29 24
29 23
28 23
27 23
26 23
25 23
24 23
23 23
0
Yes
7 15
8 15
8 16
7 16
7 17
8 17
6 17
6 16
0
Yes
0 25
0 26
0 27
1 27
1 26
1 25
2 27
2 26
2 25
3 27
3 26
3 25
3 24
2 24
1 24
0 24
0
Yes
0 48
0 49
1 49
1 48
2 48
2 49
3 49
3 48
4 48
4 49
5 49
5 48
6 48
6 49
6 47
5 47
4 47
3 47
2 47
1 47
0 47
5 46
4 46
3 46
2 46
1 46
0 46
3 45
2 45
1 45
0 45
1 44
0 44
0
No
0
Yes
6 16
5 16
7 16
6 18
5 17
6 17
7 17
0
No
0
No
0
Yes
47 16
47 17
47 18
48 18
48 17
48 16
49 16
49 17
49 18
49 15
48 15
47 15
47 14
48 14
49 14
49 13
48 13
47 13
47 12
48 12
49 12
47 11
48 11
49 11
46 12
46 13
46 14
46 15
46 16
46 17
46 18
45 13
45 14
45 15
45 16
45 17
45 18
44 13
44 14
44 15
44 16
44 17
44 18
43 13
43 14
43 15
43 16
43 17
43 18
43 19
44 19
45 19
46 19
47 19
48 19
49 19
42 19
41 19
41 20
42 20
43 20
44 20
45 20
46 20
47 20
48 20
49 20
41 21
42 21
43 21
44 21
45 21
46 21
47 21
48 21
49 21
41 22
42 22
43 22
44 22
45 22
46 22
47 22
48 22
49 22
41 23
42 23
43 23
44 23
45 23
46 23
47 23
48 23
49 23
0
Yes
32 36
32 35
32 34
31 36
31 35
31 34
30 34
30 35
30 36
30 37
30 38
29 38
29 37
29 36
29 35
29 34
28 34
28 35
28 36
28 37
28 38
27 38
27 37
27 36
27 35
27 34
26 34
26 35
26 36
26 37
26 38
30 39
29 39
28 39
27 39
26 39
32 33
31 33
30 33
29 33
28 33
27 33
26 33
0
No
0
No
0
No
0
Yes
15 18
16 18
16 17
15 17
15 16
16 16
16 15
15 15
15 14
16 14
14 14
14 15
14 16
14 17
14 18
13 14
13 15
13 16
13 17
13 18
12 14
12 15
12 16
12 17
12 18
11 14
11 15
11 16
11 17
11 18
10 15
10 16
10 17
10 18
9 17
9 18
9 19
10 19
11 19
12 19
13 19
14 19
15 19
16 19
11 20
12 20
13 20
14 20
15 20
16 20
0
Yes
24 17
23 17
22 17
22 18
23 18
24 18
25 18
25 19
24 19
23 19
22 19
22 20
23 20
24 20
25 20
26 20
26 21
25 21
24 21
23 21
22 21
22 22
23 22
24 22
25 22
26 22
22 23
23 23
24 23
25 23
26 23
23 24
24 24
25 24
26 24
21 23
21 22
21 21
21 20
21 19
21 18
21 17
21 16
21 15
20 15
20 16
20 17
20 18
20 19
20 20
20 21
20 22
20 23
19 23
19 22
19 21
19 20
19 19
19 18
19 17
19 16
19 15
19 14
18 23
18 22
18 21
18 20
18 19
18 18
18 17
18 16
18 15
18 14
18 13
18 12
17 12
17 13
17 14
17 15
17 16
17 17
17 18
17 19
17 20
17 21
17 22
0
Yes
28 21
27 21
27 22
28 22
27 23
28 23
27 24
28 24
29 21
29 22
29 23
29 24
29 25
28 25
27 25
26 25
25 25
24 25
23 25
23 26
24 26
25 26
26 26
27 26
28 26
29 26
23 27
24 27
25 27
26 27
27 27
28 27
29 27
23 28
24 28
25 28
26 28
27 28
28 28
29 28
23 29
24 29
25 29
26 29
27 29
28 29
29 29
23 30
24 30
25 30
26 30
27 30
28 30
29 30
23 31
24 31
25 31
26 31
27 31
28 31
29 31
30 31
30 30
30 29
30 28
30 27
30 26
30 25
30 24
30 23
30 22
30 21
30 20
30 19
31 19
31 20
31 21
31 22
31 23
31 24
31 25
31 26
31 27
31 28
31 29
31 30
31 31
32 19
32 20
32 21
32 22
32 23
32 24
32 25
32 26
32 27
32 28
32 29
32 30
32 31
32 32
31 32
30 32
29 32
28 32
27 32
26 32
25 32
24 32
0
Yes
28 41
28 42
28 43
28 44
28 45
28 46
28 47
29 46
29 45
29 44
29 43
29 42
29 41
30 45
30 44
30 43
30 42
30 41
31 45
31 44
31 43
31 42
31 41
32 42
32 41
32 40
31 40
30 40
29 40
28 40
27 40
27 41
27 42
27 43
27 44
27 45
27 46
27 47
27 48
27 49
26 49
26 48
26 47
26 46
26 45
26 44
26 43
26 42
26 41
26 40
25 40
25 41
25 42
25 43
25 44
25 45
25 46
25 47
25 48
25 49
24 49
24 48
24 47
24 46
24 45
24 44
24 43
24 42
24 41
24 40
23 40
23 41
23 42
23 43
23 44
23 45
23 46
23 47
23 48
23 49
22 49
22 48
22 47
22 46
22 45
22 44
22 43
22 42
22 41
22 40
0
No
0
Yes
26 36
26 37
26 38
26 39
27 39
27 38
27 37
27 36
28 39
28 38
28 37
28 36
29 39
29 38
29 37
29 36
25 39
25 38
25 37
25 36
25 35
26 35
27 35
28 35
29 35
29 34
28 34
27 34
26 34
25 34
25 33
26 33
27 33
28 33
29 33
30 33
30 34
30 35
30 36
30 37
30 38
30 39
31 39
31 38
31 37
31 36
31 35
31 34
31 33
32 33
32 34
32 35
32 36
32 37
32 38
32 39
24 33
0
No
0
Yes
1 2
2 2
3 2
3 1
2 1
1 1
1 0
2 0
3 0
4 0
4 1
4 2
5 2
5 1
5 0
0 0
0 1
0
Yes
36 0
36 1
36 2
36 3
36 4
37 4
37 3
37 2
37 1
37 0
38 4
38 3
38 2
38 1
38 0
39 4
39 3
39 2
39 1
39 0
40 0
0
Yes
1 40
2 40
3 40
4 40
4 39
3 39
2 39
1 39
4 38
3 38
2 38
1 38
1 37
2 37
3 37
4 37
0 37
0 38
0 39
0 40
3 41
2 41
1 41
0 41
0 36
1 36
2 36
3 36
0
Yes
0 49
1 49
2 49
3 49
3 48
2 48
1 48
0 48
0 47
1 47
2 47
3 47
3 46
2 46
1 46
0 46
3 45
2 45
1 45
0 45
1 44
0 44
4 46
4 47
4 48
4 49
5 46
5 47
5 48
5 49
0 43
0
Yes
34 28
34 27
33 27
33 28
33 29
34 29
33 30
34 30
33 31
34 31
33 32
34 32
33 33
34 33
33 34
34 34
35 27
35 28
35 29
35 30
35 31
35 32
35 33
35 34
36 27
36 28
36 29
36 30
36 31
36 32
36 33
36 34
36 35
35 35
34 35
33 35
37 35
37 34
37 33
37 32
37 31
37 30
37 29
37 28
37 27
0
Yes
44 48
44 49
45 48
45 49
46 48
46 49
47 49
0
Yes
33 31
33 32
33 33
33 34
33 35
33 36
34 36
34 35
34 34
34 33
34 32
34 31
35 35
35 34
35 33
35 32
35 31
36 35
36 34
36 33
36 32
36 31
37 35
37 34
37 33
37 32
37 31
33 30
34 30
35 30
36 30
37 30
33 29
34 29
35 29
36 29
37 29
33 28
34 28
35 28
36 28
37 28
33 27
34 27
35 27
36 27
37 27
38 27
38 28
38 29
38 30
38 31
38 32
38 33
38 34
38 35
38 36
39 36
39 35
39 34
39 33
0
Yes
5 0
5 1
5 2
4 2
4 1
4 0
3 2
3 1
3 0
2 2
2 1
2 0
0
Yes
30 45
31 45
31 44
30 44
31 43
30 43
30 42
31 42
32 42
33 42
29 42
29 43
29 44
29 45
29 46
28 46
28 45
28 44
28 43
28 42
28 47
27 47
27 46
27 45
27 44
27 43
27 42
27 48
27 49
26 49
26 48
26 47
26 46
26 45
26 44
26 43
26 42
25 42
25 43
25 44
25 45
25 46
25 47
25 48
25 49
24 49
24 48
24 47
24 46
24 45
24 44
24 43
24 42
23 42
23 43
23 44
23 45
23 46
23 47
23 48
23 49
22 49
22 48
22 47
22 46
22 45
22 44
22 43
22 42
22 41
23 41
24 41
25 41
26 41
27 41
28 41
29 41
30 41
31 41
32 41
33 41
33 43
32 40
31 40
30 40
29 40
28 40
27 40
26 40
25 40
24 40
23 40
22 40
33 40
1
178
8 22
9 22
9 23
8 23
8 24
10 23
11 23
12 23
13 23
11 22
12 22
13 22
11 21
12 21
13 21
7 22
7 23
7 24
7 25
7 26
6 26
6 25
6 24
6 23
6 22
5 22
5 23
5 24
5 25
5 26
4 26
4 25
4 24
14 21
14 22
Yes
21 38
21 39
21 40
21 41
20 41
20 40
20 39
20 38
19 41
19 40
19 39
19 38
18 41
18 40
18 39
18 38
17 41
17 40
17 39
17 38
16 41
16 40
16 39
16 38
16 37
17 37
18 37
19 37
20 37
21 37
16 36
17 36
18 36
19 36
20 36
21 36
16 35
17 35
18 35
19 35
20 35
21 35
16 34
17 34
18 34
19 34
20 34
21 34
16 33
17 33
18 33
19 33
20 33
21 33
16 32
17 32
18 32
19 32
20 32
21 32
15 38
15 39
15 40
15 41
14 41
14 40
14 39
0
Yes
6 47
6 48
7 47
7 48
6 49
7 49
8 49
8 48
8 47
8 46
9 46
9 47
9 48
9 49
0
Yes
35 42
36 42
36 41
35 41
34 41
34 40
35 40
0
Yes
46 13
46 12
45 13
44 13
43 13
43 14
44 14
45 14
46 14
43 15
44 15
45 15
46 15
47 15
47 14
47 13
47 12
47 11
47 10
48 11
48 12
48 13
48 14
48 15
49 15
49 14
49 13
49 12
49 11
49 10
49 9
49 8
48 8
43 16
44 16
45 16
46 16
47 16
48 16
49 16
43 17
44 17
45 17
46 17
47 17
48 17
49 17
43 18
44 18
45 18
46 18
47 18
48 18
49 18
49 19
48 19
47 19
46 19
45 19
44 19
43 19
42 19
41 19
41 20
42 20
43 20
44 20
45 20
46 20
47 20
48 20
49 20
41 21
42 21
43 21
44 21
45 21
46 21
47 21
48 21
49 21
41 22
42 22
43 22
44 22
45 22
46 22
47 22
48 22
49 22
41 23
42 23
43 23
44 23
45 23
46 23
47 23
48 23
49 23
45 24
44 24
43 24
42 24
41 24
46 24
47 24
48 24
49 24
46 25
47 25
48 25
49 25
0
Yes
23 33
23 32
23 34
24 34
24 35
23 35
24 36
23 36
22 32
22 33
22 34
22 35
22 36
0
Yes
26 43
26 44
27 44
27 43
28 43
28 44
29 44
29 43
30 43
30 44
31 44
31 43
31 42
30 42
29 42
28 42
27 42
26 42
26 41
27 41
28 41
29 41
30 41
31 41
31 40
30 40
29 40
28 40
27 40
26 40
25 40
25 41
25 42
25 43
25 44
24 44
24 43
24 42
24 41
24 40
24 39
24 38
24 37
23 37
23 38
23 39
23 40
23 41
23 42
23 43
23 44
22 37
22 38
22 39
22 40
22 41
22 42
22 43
22 44
31 45
30 45
29 45
28 45
27 45
26 45
25 45
24 45
23 45
22 45
29 46
28 46
27 46
26 46
25 46
24 46
23 46
22 46
28 47
27 47
26 47
25 47
24 47
23 47
22 47
22 48
23 48
24 48
25 48
26 48
27 48
27 49
26 49
25 49
24 49
23 49
22 49
32 40
32 41
32 42
33 42
33 41
33 40
33 43
0
No
1
261
10 45
11 45
11 44
10 44
10 43
11 46
10 46
11 47
10 47
11 48
10 48
11 49
10 49
10 42
Yes
1 48
1 49
2 49
2 48
3 48
3 49
4 49
4 48
4 47
3 47
2 47
1 47
4 46
3 46
2 46
1 46
3 45
2 45
1 45
0 45
0 46
0 47
0 48
0 49
5 46
5 47
5 48
5 49
6 47
6 48
6 49
7 47
7 48
7 49
8 49
8 48
8 47
0
Yes
23 48
22 48
22 49
23 49
22 47
23 47
22 46
23 46
22 45
23 45
22 44
23 44
22 43
23 43
22 42
23 42
22 41
23 41
22 40
23 40
24 40
24 41
24 42
24 43
24 44
24 45
24 46
24 47
24 48
24 49
25 40
25 41
25 42
25 43
25 44
25 45
25 46
25 47
25 48
25 49
26 40
26 41
26 42
26 43
26 44
26 45
26 46
26 47
26 48
26 49
27 49
27 48
27 47
27 46
27 45
27 44
27 43
27 42
27 41
27 40
28 47
28 46
28 45
28 44
28 43
28 42
28 41
28 40
29 46
29 45
0
No
0
Yes
35 31
35 32
35 33
36 33
36 32
36 31
37 31
37 32
37 33
38 31
38 32
38 33
38 30
37 30
36 30
35 30
38 29
37 29
36 29
35 29
34 29
34 30
34 31
34 32
34 33
33 33
33 32
33 31
33 30
33 29
33 28
34 28
35 28
36 28
37 28
38 28
38 27
37 27
36 27
35 27
34 27
33 27
0
No
0
No
0
Yes
0 0
1 0
1 1
0 1
0
No
0
No
0
Yes
31 14
31 13
32 13
32 14
32 12
32 11
33 11
33 12
33 13
33 14
34 14
34 13
34 12
34 11
35 11
35 12
35 13
35 14
36 11
36 12
36 13
36 14
37 12
37 13
37 14
38 12
38 13
38 14
39 12
39 13
39 14
35 10
34 10
33 10
32 10
31 10
31 9
32 9
33 9
34 9
35 9
35 8
34 8
33 8
32 8
31 8
30 13
30 14
30 12
29 12
29 13
29 14
29 15
30 15
31 15
32 15
33 15
34 15
35 15
36 15
37 15
38 15
39 15
29 16
30 16
0
Yes
35 18
35 19
35 20
35 21
35 22
35 23
35 24
35 25
35 26
36 26
36 25
36 24
36 23
36 22
36 21
36 20
36 19
36 18
37 26
37 25
37 24
37 23
37 22
37 21
37 20
37 19
37 18
38 26
38 25
38 24
38 23
38 22
38 21
38 20
38 19
38 18
39 25
39 24
39 23
39 22
39 21
39 20
39 19
39 18
34 26
34 25
34 24
34 23
34 22
34 21
34 20
34 19
34 18
33 26
33 25
33 24
33 23
33 22
33 21
33 20
33 19
33 18
33 17
34 17
35 17
36 17
37 17
38 17
39 17
39 16
38 16
37 16
36 16
35 16
34 16
33 16
40 25
40 24
40 23
40 22
40 21
40 20
1
221
33 35
33 36
33 37
33 38
33 39
33 40
32 40
31 40
30 40
29 40
34 39
34 38
34 37
34 36
34 35
35 37
35 38
35 39
35 35
36 35
33 34
34 34
35 34
36 34
37 34
37 35
38 34
38 35
38 36
39 36
39 35
39 34
39 33
39 32
40 32
40 33
40 34
40 35
40 36
40 37
41 37
41 36
41 35
41 34
41 33
41 32
29 41
30 41
31 41
32 41
33 41
33 42
32 42
31 42
30 42
29 42
29 43
30 43
31 43
29 44
30 44
31 44
31 45
30 45
Yes
3 26
3 27
2 27
2 26
1 27
1 26
0 27
0 26
4 26
5 26
6 26
7 26
7 25
6 25
5 25
4 25
3 25
2 25
1 25
0 25
4 24
5 24
6 24
7 24
3 24
2 24
1 24
0 24
8 24
0 23
1 23
2 23
3 23
3 22
2 22
2 21
3 21
5 23
6 23
7 23
8 23
5 22
6 22
7 22
8 22
9 22
9 23
10 23
11 23
12 23
13 23
14 23
11 22
12 22
13 22
14 22
11 21
12 21
13 21
14 21
15 21
15 22
15 23
16 21
16 22
16 23
17 23
15 24
16 24
17 24
18 24
19 24
20 24
21 24
22 24
22 25
21 25
20 25
19 25
18 25
17 25
16 25
15 25
15 26
16 26
17 26
18 26
19 26
20 26
21 26
22 26
22 27
21 27
20 27
19 27
18 27
17 27
16 27
15 27
15 28
16 28
17 28
18 28
19 28
20 28
21 28
22 28
22 29
21 29
20 29
19 29
18 29
17 29
16 29
15 29
15 30
16 30
17 30
18 30
19 30
20 30
21 30
22 30
22 31
21 31
20 31
19 31
18 31
17 31
16 31
15 31
0
Yes
47 1
48 1
48 0
47 0
46 0
46 1
45 1
45 0
44 0
44 1
43 1
43 0
44 2
45 2
46 2
47 2
48 2
0
No
0
No
0
No
0
No
0
Yes
0 2
0 3
0 4
1 4
1 3
0
No
0
Yes
25 49
26 49
27 49
27 48
26 48
25 48
25 47
26 47
27 47
27 46
26 46
25 46
25 45
26 45
27 45
27 44
26 44
25 44
24 44
24 45
24 46
24 47
24 48
24 49
23 49
23 48
23 47
23 46
23 45
23 44
22 44
22 45
22 46
22 47
22 48
22 49
22 43
23 43
0
Yes
24 39
24 40
24 41
24 42
24 43
25 43
25 42
25 41
25 40
25 39
26 43
26 42
26 41
26 40
26 39
27 43
27 42
27 41
27 40
27 39
28 40
28 41
28 42
28 43
28 39
0
Yes
26 38
27 38
28 38
29 38
30 38
31 38
32 38
32 37
31 37
30 37
29 37
28 37
27 37
26 37
32 36
31 36
30 36
29 36
28 36
27 36
26 36
32 35
31 35
30 35
29 35
28 35
27 35
26 35
32 39
31 39
30 39
29 39
32 34
31 34
30 34
29 34
28 34
27 34
0
Yes
49 32
49 31
49 30
49 29
48 29
48 30
48 31
48 32
47 32
47 31
47 30
47 29
46 29
46 30
46 31
46 32
45 32
45 31
45 30
45 29
44 29
44 30
44 31
44 32
44 33
45 33
46 33
47 33
48 33
49 33
49 34
48 34
47 34
46 34
45 34
44 34
0
Yes
35 42
36 42
36 41
35 41
35 40
34 40
34 41
0
No
0
Yes
5 37
5 36
5 35
5 34
4 34
4 35
4 36
4 37
4 38
4 39
4 40
3 40
3 39
3 38
3 37
3 36
3 35
3 34
3 41
2 41
2 40
2 39
2 38
2 37
2 36
2 35
2 34
1 34
1 35
1 36
1 37
1 38
1 39
1 40
1 41
1 42
0 42
0 41
0 40
0 39
0 38
0 37
0 36
0 35
0 34
0 33
1 33
2 33
3 33
4 33
5 33
6 33
6 32
5 32
4 32
3 32
2 32
1 32
0 32
0 31
1 31
2 31
3 31
4 31
0
No
0
No
0
Yes
16 0
16 1
17 1
17 0
17 2
18 2
18 1
18 0
19 2
19 1
19 0
20 2
20 1
20 0
21 2
21 1
21 0
22 2
22 1
22 0
23 2
23 1
0
Yes
30 1
30 2
30 3
30 4
30 5
30 6
30 7
31 7
31 6
31 5
31 4
31 3
31 2
31 1
32 7
32 6
32 5
32 4
32 3
32 2
32 1
33 7
33 6
33 5
33 4
33 3
33 2
33 1
34 7
34 6
34 5
34 4
34 3
34 2
34 1
35 6
35 5
35 4
35 3
35 2
35 1
35 0
34 0
33 0
32 0
31 0
30 0
29 5
29 4
29 3
29 2
29 1
29 0
28 4
28 3
28 2
28 1
0
Yes
28 40
28 39
27 39
27 40
26 39
26 40
28 41
27 41
26 41
28 42
27 42
26 42
25 42
25 41
25 40
25 39
24 39
24 40
24 41
24 42
23 42
23 41
23 40
23 39
22 42
22 41
22 40
22 39
24 43
25 43
26 43
27 43
28 43
0
No
0
Yes
24 49
25 49
26 49
26 48
25 48
24 48
24 47
25 47
26 47
26 46
25 46
24 46
23 46
23 47
23 48
23 49
22 49
22 48
22 47
22 46
22 45
23 45
24 45
25 45
26 45
26 44
25 44
24 44
23 44
22 44
22 43
23 43
0
Yes
2 49
3 49
4 49
5 49
6 49
7 49
8 49
9 49
9 48
8 48
7 48
6 48
5 48
4 48
3 48
2 48
6 47
7 47
8 47
9 47
5 47
4 47
3 47
2 47
5 46
4 46
3 46
2 46
3 45
2 45
9 46
8 46
1 45
1 46
1 47
1 48
1 49
0 49
0 48
0 47
0 46
0 45
9 45
0
Yes
23 27
23 28
23 29
23 30
23 31
23 26
23 25
24 25
24 26
24 27
24 28
24 29
24 30
24 31
25 25
25 26
25 27
25 28
25 29
25 30
25 31
26 25
26 26
26 27
26 28
26 29
26 30
26 31
27 31
27 30
27 29
27 28
27 27
27 26
27 25
27 24
27 23
27 22
27 21
28 21
28 22
28 23
28 24
28 25
28 26
28 27
28 28
28 29
28 30
28 31
29 21
29 22
29 23
29 24
29 25
29 26
29 27
29 28
29 29
29 30
29 31
30 31
30 30
30 29
30 28
30 27
30 26
30 25
30 24
30 23
30 22
30 21
30 20
30 19
31 19
31 20
31 21
31 22
31 23
31 24
31 25
31 26
31 27
31 28
31 29
31 30
31 31
32 31
32 30
32 29
32 28
32 27
32 26
32 25
32 24
32 23
32 22
32 21
32 20
32 19
32 32
31 32
30 32
29 32
28 32
27 32
26 32
25 32
24 32
23 32
32 33
31 33
30 33
29 33
28 33
27 33
0
Yes
48 31
48 32
48 33
48 34
49 34
49 33
49 32
49 31
47 34
47 33
47 32
47 31
46 34
46 33
46 32
46 31
46 30
47 30
48 30
49 30
49 29
48 29
47 29
46 29
45 29
45 30
45 31
45 32
45 33
45 34
44 34
44 33
44 32
44 31
44 30
44 29
44 28
45 28
46 28
47 28
48 28
49 28
49 27
48 27
47 27
46 27
45 27
44 27
0
No
0
Yes
38 15
37 15
36 15
35 15
34 15
33 15
33 14
34 14
35 14
36 14
37 14
38 14
38 13
37 13
36 13
35 13
34 13
33 13
32 13
32 14
32 15
32 16
32 17
31 17
31 16
31 15
31 14
31 13
30 16
30 15
30 14
30 13
30 12
29 12
29 13
29 14
29 15
29 16
32 12
33 12
34 12
35 12
36 12
37 12
38 12
39 12
39 13
39 14
39 15
36 11
35 11
1
244
42 34
42 35
42 36
42 33
42 32
42 31
41 31
40 31
39 31
39 30
40 30
41 30
42 30
43 30
43 31
43 32
43 33
43 34
43 35
43 36
44 35
44 36
44 37
45 37
45 36
45 35
43 29
42 29
41 29
40 29
39 29
39 28
40 28
41 28
42 28
43 28
43 27
42 27
41 27
40 27
39 27
39 26
40 26
41 26
42 26
43 26
41 25
42 25
43 25
46 36
Yes
14 13
14 12
14 11
15 11
15 12
15 13
15 10
16 10
16 11
16 12
16 13
17 12
17 13
17 14
16 14
15 14
14 14
13 14
12 14
11 14
11 15
12 15
13 15
14 15
15 15
16 15
17 15
10 15
10 16
11 16
12 16
13 16
14 16
15 16
16 16
17 16
17 17
16 17
15 17
14 17
13 17
12 17
11 17
10 17
9 17
8 17
8 16
8 15
7 15
7 16
7 17
6 17
6 16
5 16
5 17
18 12
18 13
18 14
18 15
18 16
18 17
19 14
19 15
19 16
19 17
20 15
20 16
20 17
21 15
21 16
21 17
22 17
23 17
24 17
9 18
10 18
11 18
12 18
13 18
14 18
15 18
16 18
17 18
18 18
19 18
20 18
21 18
22 18
23 18
24 18
25 18
9 19
10 19
11 19
12 19
13 19
14 19
15 19
16 19
17 19
18 19
19 19
20 19
21 19
22 19
23 19
24 19
25 19
11 20
12 20
13 20
14 20
15 20
16 20
17 20
18 20
19 20
20 20
21 20
22 20
23 20
0
No
0
No
0
Yes
35 0
35 1
35 2
35 3
35 4
35 5
35 6
36 4
36 3
36 2
36 1
36 0
34 6
34 5
34 4
34 3
34 2
34 1
34 0
34 7
33 7
33 6
33 5
33 4
33 3
33 2
33 1
33 0
32 0
32 1
32 2
32 3
32 4
32 5
32 6
32 7
31 7
31 6
31 5
31 4
31 3
31 2
31 1
31 0
30 7
30 6
30 5
30 4
30 3
30 2
30 1
30 0
29 5
29 4
29 3
29 2
29 1
29 0
28 4
28 3
28 2
28 1
28 0
27 3
27 2
27 1
27 0
0
No
0
No
0
Yes
23 0
23 1
23 2
22 2
22 1
22 0
24 1
24 0
21 2
21 1
21 0
20 2
20 1
20 0
19 2
19 1
19 0
18 2
18 1
18 0
17 2
17 1
17 0
16 1
16 0
0
No
0
Yes
7 28
7 27
6 27
6 28
5 27
5 28
4 27
4 28
3 28
2 28
1 28
0 28
7 29
6 29
5 29
4 29
3 29
2 29
1 29
0 29
0 30
1 30
2 30
3 30
4 30
5 30
6 30
7 30
7 31
6 31
5 31
0
No
0
No
0
Yes
5 48
5 49
6 49
6 48
6 47
5 47
5 46
4 46
4 47
4 48
4 49
3 49
3 48
3 47
3 46
3 45
2 45
2 46
2 47
2 48
2 49
1 49
1 48
1 47
1 46
1 45
0 45
0 46
0 47
0 48
0 49
0
No
0
No
0
Yes
19 45
19 46
19 47
19 48
19 49
20 49
20 48
20 47
20 46
20 45
21 45
21 46
21 47
21 48
21 49
21 44
20 44
19 44
21 43
20 43
19 43
21 42
20 42
19 42
18 42
18 43
18 44
18 45
18 46
18 47
18 48
18 49
17 42
17 43
17 44
17 45
17 46
17 47
17 48
17 49
16 42
16 43
16 44
16 45
16 46
16 47
16 48
16 49
15 42
15 43
15 44
15 45
15 46
15 47
15 48
15 49
14 42
14 43
14 44
14 45
14 46
14 47
14 48
14 49
13 42
13 43
13 44
13 45
13 46
13 47
13 48
13 49
12 43
12 44
12 45
12 46
12 47
12 48
0
Yes
37 0
37 1
37 2
37 3
38 3
38 2
38 1
38 0
39 0
39 1
39 2
39 3
39 4
38 4
37 4
40 3
40 2
40 1
40 0
41 1
41 0
0
No
0
Yes
26 48
27 48
27 49
26 49
25 49
25 48
25 47
26 47
27 47
27 46
26 46
25 46
25 45
26 45
27 45
27 44
26 44
25 44
25 43
26 43
27 43
27 42
26 42
25 42
24 42
24 43
24 44
24 45
24 46
24 47
24 48
24 49
23 49
23 48
23 47
23 46
23 45
23 44
23 43
23 42
22 42
22 43
22 44
22 45
22 46
22 47
22 48
22 49
0
Yes
26 40
26 41
27 41
27 40
28 40
28 41
28 42
28 43
28 44
28 45
28 46
25 41
25 40
24 41
24 40
23 41
23 40
22 41
22 40
29 46
29 45
28 39
27 39
26 39
25 39
24 39
23 39
22 39
22 38
23 38
24 38
25 38
25 37
24 37
23 37
22 37
22 36
23 36
24 36
25 36
25 35
24 35
23 35
22 35
22 34
23 34
24 34
25 34
26 34
26 33
25 33
24 33
23 33
0
No
1
304
32 35
32 34
33 34
33 35
34 34
34 35
34 36
33 36
32 36
31 34
31 35
31 36
30 34
30 35
30 36
29 34
29 35
29 36
29 37
30 37
31 37
32 37
33 37
34 37
34 38
33 38
32 38
31 38
30 38
29 38
29 39
30 39
31 39
32 39
33 39
34 39
33 40
32 40
31 40
30 40
29 40
29 41
30 41
31 41
32 41
33 41
33 42
32 42
31 42
30 42
29 42
Yes
29 1
29 2
29 3
29 4
29 5
28 4
28 3
28 2
28 1
27 3
27 2
27 1
26 2
26 1
25 1
24 1
24 0
25 0
26 0
27 0
28 0
29 0
30 0
30 1
30 2
30 3
30 4
30 5
30 6
30 7
31 7
31 6
31 5
31 4
31 3
31 2
31 1
31 0
31 8
32 8
32 7
32 6
32 5
32 4
32 3
32 2
32 1
32 0
33 0
33 1
33 2
33 3
33 4
33 5
33 6
33 7
33 8
34 7
34 8
34 6
34 5
34 4
34 3
34 2
34 1
34 0
35 6
35 5
35 4
35 3
35 2
35 1
35 0
36 4
36 3
36 2
36 1
36 0
35 8
23 0
23 1
23 2
22 2
22 1
22 0
21 2
21 1
21 0
20 2
20 1
20 0
19 2
19 1
19 0
18 2
18 1
18 0
17 2
17 1
17 0
16 1
16 0
35 9
34 9
33 9
32 9
31 9
31 10
32 10
33 10
34 10
35 10
32 11
33 11
34 11
35 11
36 11
32 12
0
No
0
No
0
No
1
323
4 38
4 39
4 40
3 40
3 39
3 38
3 37
4 37
5 37
2 37
2 38
2 39
2 40
1 40
1 39
1 38
1 37
0 37
0 38
0 39
0 40
5 36
4 36
3 36
2 36
1 36
0 36
5 35
4 35
3 35
2 35
1 35
0 35
5 34
4 34
3 34
2 34
1 34
0 34
0 33
1 33
2 33
3 33
4 33
5 33
6 33
6 32
5 32
4 32
3 32
2 32
1 32
0 32
Yes
31 45
31 44
31 43
30 45
30 44
30 43
30 42
31 42
32 42
33 42
33 41
32 41
31 41
30 41
33 40
32 40
31 40
30 40
30 39
31 39
32 39
33 39
34 39
35 39
35 38
34 38
33 38
32 38
31 38
30 38
29 38
29 39
29 40
29 41
29 42
29 43
29 44
29 45
29 46
28 46
28 45
28 44
28 43
28 42
28 41
28 40
28 39
28 38
27 41
27 40
27 39
27 38
26 41
26 40
26 39
26 38
25 41
25 40
25 39
25 38
35 37
34 37
33 37
32 37
31 37
30 37
29 37
28 37
27 37
26 37
25 37
34 36
33 36
32 36
31 36
30 36
29 36
28 36
27 36
26 36
25 36
24 41
24 40
24 39
24 38
24 37
24 36
23 41
23 40
23 39
23 38
23 37
23 36
22 41
22 40
22 39
22 38
22 37
22 36
22 35
23 35
24 35
25 35
26 35
27 35
28 35
29 35
30 35
31 35
32 35
33 35
34 35
35 35
36 35
37 35
37 34
36 34
35 34
34 34
33 34
32 34
31 34
30 34
29 34
28 34
27 34
26 34
25 34
24 34
23 34
22 34
22 33
23 33
24 33
25 33
26 33
38 34
38 35
38 36
39 36
39 35
39 34
33 43
0
Yes
29 12
30 12
29 13
30 13
29 14
30 14
29 15
30 15
29 16
30 16
31 13
31 14
31 15
31 16
31 17
32 13
32 14
32 15
32 16
32 17
32 18
33 18
33 17
33 16
33 15
33 14
33 13
33 12
34 12
34 13
34 14
34 15
34 16
34 17
34 18
35 12
35 13
35 14
35 15
35 16
35 17
35 18
36 12
36 13
36 14
36 15
36 16
36 17
36 18
37 12
37 13
37 14
37 15
37 16
37 17
37 18
38 12
38 13
38 14
38 15
38 16
38 17
38 18
39 12
39 13
39 14
39 15
39 16
0
Yes
40 25
40 24
40 23
39 25
39 24
39 23
38 23
38 24
38 25
38 26
37 26
37 25
37 24
37 23
36 26
36 25
36 24
36 23
35 26
35 25
35 24
35 23
34 26
34 25
34 24
34 23
40 22
39 22
38 22
37 22
36 22
35 22
34 22
0
Yes
30 31
30 32
30 33
31 33
31 32
31 31
32 33
32 32
32 31
32 30
31 30
30 30
29 33
29 32
29 31
29 30
28 33
28 32
28 31
28 30
27 33
27 32
27 31
27 30
32 29
31 29
30 29
29 29
28 29
27 29
32 28
31 28
30 28
29 28
28 28
27 28
32 27
31 27
30 27
29 27
28 27
27 27
0
No
0
No
0
Yes
0 28
1 28
2 28
2 29
1 29
0 29
0 30
1 30
2 30
2 31
1 31
0 31
3 31
3 30
3 29
3 28
4 31
4 30
4 29
0
Yes
8 49
7 49
7 48
8 48
7 47
8 47
9 47
9 48
9 49
10 49
10 48
10 47
0
Yes
36 13
36 12
37 12
37 13
38 12
38 13
39 12
39 13
39 14
38 14
37 14
36 14
35 12
35 13
35 14
34 12
34 13
34 14
34 15
35 15
36 15
37 15
38 15
39 15
40 15
40 16
39 16
38 16
37 16
36 16
35 16
34 16
34 17
35 17
36 17
37 17
38 17
39 17
40 17
40 18
39 18
38 18
37 18
36 18
35 18
34 18
40 19
39 19
38 19
37 19
36 19
35 19
34 19
40 20
39 20
38 20
37 20
36 20
35 20
34 20
40 21
39 21
38 21
37 21
36 21
35 21
34 21
0
No
0
Yes
25 25
25 26
26 26
26 25
27 26
27 25
28 26
28 25
29 26
29 25
30 26
30 25
30 24
29 24
28 24
27 24
26 24
25 24
25 23
26 23
27 23
28 23
29 23
30 23
30 22
29 22
28 22
27 22
26 22
25 22
27 21
28 21
29 21
30 21
26 21
25 21
26 20
25 20
24 20
24 21
24 22
24 23
24 24
24 25
24 26
23 26
23 25
23 24
23 23
23 22
23 21
22 21
22 22
22 23
21 23
21 22
21 21
30 20
30 19
31 19
31 20
31 21
31 22
31 23
31 24
31 25
31 26
32 26
32 25
32 24
32 23
32 22
32 21
32 20
32 19
33 26
33 25
33 24
33 23
33 22
33 21
33 20
33 19
33 18
32 18
0
Yes
43 7
43 8
43 6
43 5
44 8
44 7
44 6
44 5
45 7
45 6
45 5
0
No
0
Yes
4 32
3 32
2 32
1 32
0 32
0 33
1 33
2 33
3 33
4 33
4 34
3 34
2 34
1 34
0 34
0 35
1 35
2 35
3 35
4 35
4 36
3 36
2 36
1 36
0 36
0 37
1 37
2 37
3 37
4 37
4 38
3 38
2 38
1 38
0 38
0
Yes
14 30
14 29
14 28
14 27
14 26
14 25
14 24
13 24
13 25
13 26
13 27
13 28
13 29
13 30
12 30
12 29
12 28
12 27
12 26
12 25
12 24
11 24
11 25
11 26
11 27
11 28
11 29
11 30
11 31
11 32
10 32
10 31
10 30
10 29
10 28
10 27
10 26
10 25
10 24
9 24
9 25
9 26
9 27
9 28
9 29
9 30
9 31
9 32
8 25
8 26
8 27
8 28
8 29
0
No
0
Yes
32 28
32 27
31 27
31 28
30 27
30 28
29 27
29 28
28 27
28 28
27 27
27 28
26 27
26 28
25 27
25 28
24 27
24 28
32 29
31 29
30 29
29 29
28 29
27 29
26 29
25 29
24 29
32 30
31 30
30 30
29 30
28 30
27 30
26 30
25 30
24 30
32 31
31 31
30 31
29 31
28 31
27 31
26 31
25 31
24 31
32 32
31 32
30 32
29 32
28 32
27 32
0
Yes
41 30
41 31
41 32
41 33
41 34
41 35
41 36
42 36
42 35
42 34
42 33
42 32
42 31
42 30
43 30
43 31
43 32
43 33
43 34
43 35
43 36
40 36
40 35
40 34
40 33
40 32
40 31
40 30
39 30
39 31
39 32
39 33
39 34
39 35
39 36
0
Yes
22 38
22 39
22 40
22 41
22 42
22 43
22 44
22 45
22 37
23 37
23 38
23 39
23 40
23 41
23 42
23 43
23 44
23 45
24 45
24 44
24 43
24 42
24 41
24 40
24 39
24 38
24 37
25 37
25 38
25 39
25 40
25 41
25 42
25 43
25 44
25 45
26 45
26 44
26 43
26 42
26 41
26 40
26 39
26 38
26 37
27 37
27 38
27 39
27 40
27 41
27 42
27 43
27 44
27 45
28 45
28 44
28 43
28 42
28 41
28 40
28 39
28 38
28 37
29 37
29 38
29 39
29 40
29 41
29 42
29 43
29 44
29 45
30 45
30 44
30 43
30 42
30 41
30 40
30 39
30 38
30 37
31 45
31 44
31 43
31 42
31 41
31 40
31 39
31 38
31 37
29 46
28 46
27 46
26 46
25 46
24 46
23 46
22 46
28 47
27 47
26 47
25 47
24 47
23 47
22 47
22 48
23 48
24 48
25 48
26 48
27 48
27 49
26 49
25 49
24 49
23 49
22 49
22 36
23 36
24 36
25 36
26 36
27 36
28 36
0
No
0
Yes
44 49
44 48
45 48
45 49
46 48
46 49
47 48
47 49
1
339
3 35
3 36
4 36
4 35
5 35
5 36
5 34
4 34
3 34
3 33
4 33
5 33
6 33
6 32
5 32
4 32
3 32
3 31
4 31
5 31
6 31
7 31
8 31
8 30
7 30
6 30
5 30
4 30
3 30
7 29
6 29
5 29
4 29
3 29
2 29
2 30
2 31
2 32
2 33
2 34
2 35
2 36
1 36
1 35
1 34
1 33
1 32
1 31
1 30
1 29
0 29
0 30
0 31
0 32
0 33
0 34
0 35
0 36
5 37
4 37
3 37
2 37
1 37
0 37
4 38
3 38
2 38
1 38
0 38
4 39
3 39
2 39
1 39
0 39
4 40
3 40
2 40
1 40
0 40
3 41
2 41
1 41
0 41
1 42
0 42
Yes
12 15
12 14
13 14
13 15
13 16
12 16
12 17
13 17
13 18
12 18
14 18
14 17
14 16
14 15
14 14
14 13
14 12
14 11
15 11
15 12
15 13
15 14
15 15
15 16
15 17
15 18
15 10
16 10
16 11
16 12
16 13
16 14
16 15
16 16
16 17
16 18
17 12
17 13
17 14
17 15
17 16
17 17
17 18
18 12
18 13
18 14
18 15
18 16
18 17
18 18
19 14
19 15
19 16
19 17
19 18
20 15
20 16
20 17
20 18
21 15
21 16
21 17
21 18
22 17
22 18
23 17
23 18
24 17
24 18
25 18
11 14
11 15
11 16
11 17
11 18
10 15
10 16
10 17
10 18
10 19
11 19
12 19
13 19
14 19
15 19
16 19
17 19
18 19
19 19
20 19
21 19
22 19
23 19
24 19
25 19
11 20
12 20
13 20
14 20
15 20
16 20
17 20
18 20
19 20
20 20
21 20
22 20
23 20
24 20
25 20
7 14
9 19
9 18
9 17
8 17
8 16
8 15
7 15
7 16
7 17
6 17
6 16
5 16
5 17
13 12
0
Yes
26 28
26 29
26 30
27 30
27 29
27 28
28 28
28 29
28 30
29 30
29 29
29 28
30 28
30 29
30 30
31 30
31 29
31 28
32 28
32 29
32 30
32 27
31 27
30 27
29 27
28 27
27 27
26 27
26 26
27 26
28 26
29 26
30 26
31 26
32 26
33 26
33 25
32 25
31 25
30 25
29 25
28 25
27 25
26 25
33 24
32 24
31 24
30 24
29 24
28 24
27 24
26 24
33 23
32 23
31 23
30 23
29 23
28 23
27 23
26 23
33 22
32 22
31 22
30 22
29 22
28 22
27 22
26 22
26 21
27 21
28 21
29 21
30 21
31 21
32 21
33 21
25 21
25 22
25 23
25 24
25 25
25 26
25 27
25 28
25 29
25 30
24 21
24 22
24 23
24 24
24 25
24 26
24 27
24 28
24 29
24 30
32 31
31 31
30 31
29 31
28 31
27 31
26 31
25 31
0
Yes
30 12
29 12
29 13
30 13
31 13
32 13
29 14
30 14
31 14
32 14
29 15
30 15
31 15
32 15
29 16
30 16
31 16
32 16
0
Yes
6 47
6 48
6 49
5 49
5 48
5 47
5 46
4 46
4 47
4 48
4 49
3 49
3 48
3 47
3 46
2 46
2 47
2 48
2 49
1 49
1 48
1 47
1 46
0 46
0 47
0 48
0 49
1
351
4 27
5 27
6 27
7 27
7 28
6 28
5 28
4 28
3 28
2 28
7 29
6 29
5 29
4 29
3 29
2 29
2 30
3 30
4 30
5 30
6 30
7 30
8 30
8 31
7 31
6 31
5 31
4 31
3 31
2 31
6 32
5 32
4 32
3 32
2 32
6 33
5 33
4 33
3 33
2 33
5 34
4 34
3 34
2 34
5 35
4 35
3 35
2 35
1 28
1 29
1 30
1 31
1 32
1 33
1 34
1 35
0 28
0 29
0 30
0 31
0 32
0 33
0 34
0 35
0 36
1 36
2 36
3 36
4 36
5 36
6 36
5 37
4 37
3 37
2 37
1 37
0 37
4 38
3 38
2 38
1 38
0 38
4 39
3 39
2 39
1 39
0 39
4 40
3 40
2 40
1 40
0 40
3 41
2 41
1 41
0 41
1 42
0 42
0 43
0 44
1 44
1 45
0 45
2 45
Yes
26 34
26 35
27 35
27 34
28 35
28 34
25 35
25 34
24 35
24 34
23 35
23 34
22 35
22 34
22 33
23 33
24 33
25 33
26 33
27 33
28 33
22 32
23 32
24 32
25 32
26 32
27 32
28 32
23 31
24 31
25 31
26 31
27 31
28 31
23 30
24 30
25 30
26 30
27 30
28 30
23 29
24 29
25 29
26 29
27 29
28 29
23 28
24 28
25 28
26 28
27 28
28 28
23 27
24 27
25 27
26 27
27 27
28 27
23 26
24 26
25 26
26 26
27 26
28 26
29 26
29 27
29 28
29 29
29 30
29 31
29 32
29 33
29 34
29 35
29 36
30 36
30 35
30 34
30 33
30 32
30 31
30 30
30 29
30 28
30 27
30 26
31 36
31 35
31 34
31 33
31 32
31 31
31 30
31 29
31 28
31 27
31 26
32 27
32 28
32 29
32 30
32 31
32 32
32 33
32 34
32 35
32 36
32 26
23 25
24 25
25 25
26 25
27 25
28 25
29 25
30 25
31 25
32 25
23 24
24 24
25 24
26 24
27 24
28 24
29 24
30 24
31 24
32 24
32 23
31 23
30 23
29 23
28 23
27 23
26 23
25 23
24 23
0
No
0
No
0
Yes
47 0
47 1
47 2
48 2
48 1
48 0
49 2
49 1
49 0
0
Yes
30 22
31 22
32 22
33 22
33 21
32 21
31 21
30 21
30 20
31 20
32 20
33 20
30 19
31 19
32 19
33 19
34 21
34 20
34 19
35 21
35 20
35 19
36 21
36 20
36 19
37 21
37 20
37 19
38 21
38 20
38 19
39 21
39 20
39 19
40 21
40 20
40 19
32 18
33 18
34 18
35 18
36 18
37 18
38 18
39 18
40 18
32 17
33 17
34 17
35 17
36 17
37 17
38 17
39 17
40 17
33 16
34 16
35 16
36 16
37 16
38 16
39 16
40 16
40 15
39 15
38 15
37 15
36 15
35 15
34 15
33 15
33 14
34 14
35 14
36 14
37 14
38 14
39 14
39 13
38 13
37 13
36 13
35 13
34 13
33 13
33 12
34 12
35 12
36 12
37 12
38 12
39 12
41 15
41 16
41 17
41 18
0
Yes
44 2
44 3
44 4
44 5
45 5
45 4
45 3
45 2
46 4
46 3
46 2
46 1
45 1
44 1
46 0
45 0
44 0
45 6
44 6
45 7
44 7
44 8
43 8
43 7
43 6
43 5
43 4
0
Yes
3 37
3 38
4 38
4 37
5 37
5 36
4 36
3 36
5 35
4 35
3 35
5 34
4 34
3 34
4 39
3 39
4 40
3 40
2 40
2 39
2 38
2 37
2 36
2 35
2 34
2 33
3 33
4 33
5 33
6 33
6 32
5 32
4 32
3 32
2 32
2 31
3 31
4 31
5 31
6 31
1 31
1 32
1 33
1 34
1 35
1 36
1 37
1 38
1 39
1 40
0 40
0 39
0 38
0 37
0 36
0 35
0 34
0 33
0 32
0 31
3 41
2 41
1 41
0 41
0 30
1 30
2 30
3 30
4 30
5 30
0
Yes
3 0
3 1
3 2
2 2
2 1
2 0
1 2
1 1
1 0
0 1
0 0
0
Yes
12 24
13 24
14 24
14 25
13 25
12 25
14 26
13 26
12 26
14 27
13 27
12 27
14 28
13 28
12 28
14 29
13 29
12 29
14 30
13 30
12 30
11 24
11 25
11 26
11 27
11 28
11 29
11 30
10 24
10 25
10 26
10 27
10 28
10 29
10 30
9 24
9 25
9 26
9 27
9 28
9 29
9 30
0
Yes
39 4
38 4
37 4
37 3
38 3
39 3
40 3
40 2
39 2
38 2
37 2
37 1
38 1
39 1
40 1
37 0
38 0
39 0
40 0
0
No
0
Yes
36 19
37 19
38 19
39 19
40 19
40 18
39 18
38 18
37 18
36 18
41 18
41 17
40 17
39 17
38 17
37 17
36 17
36 16
37 16
38 16
39 16
40 16
41 16
41 15
40 15
39 15
38 15
37 15
36 15
39 14
38 14
37 14
36 14
39 13
38 13
37 13
36 13
39 12
38 12
37 12
36 12
42 15
42 16
42 17
42 18
35 12
35 13
35 14
35 15
35 16
35 17
35 18
35 19
34 12
34 13
34 14
34 15
34 16
34 17
34 18
34 19
33 12
33 13
33 14
33 15
33 16
33 17
33 18
33 19
0
Yes
0 49
1 49
2 49
3 49
4 49
5 49
6 49
6 48
5 48
4 48
3 48
2 48
1 48
0 48
6 47
5 47
4 47
3 47
2 47
1 47
0 47
5 46
4 46
3 46
2 46
1 46
0 46
3 45
2 45
1 45
0 45
0 44
0
No
0
Yes
29 0
29 1
29 2
29 3
29 4
29 5
30 5
30 4
30 3
30 2
30 1
30 0
30 6
30 7
31 7
31 6
31 5
31 4
31 3
31 2
31 1
31 0
32 0
32 1
32 2
32 3
32 4
32 5
32 6
32 7
33 7
33 6
33 5
33 4
33 3
33 2
33 1
33 0
34 7
34 6
34 5
34 4
34 3
34 2
34 1
34 0
35 6
35 5
35 4
35 3
35 2
35 1
35 0
0
Yes
16 32
16 33
16 34
16 35
16 36
17 32
17 33
17 34
17 35
17 36
18 32
18 33
18 34
18 35
18 36
19 32
19 33
19 34
19 35
19 36
20 32
20 33
20 34
20 35
20 36
21 32
21 33
21 34
21 35
21 36
22 32
22 33
22 34
22 35
22 36
16 37
17 37
18 37
19 37
0
Yes
22 43
22 44
22 45
22 46
22 47
22 48
22 49
22 42
23 42
23 43
23 44
23 45
23 46
23 47
23 48
23 49
24 49
24 48
24 47
24 46
24 45
24 44
24 43
24 42
25 42
25 43
25 44
25 45
25 46
25 47
25 48
25 49
26 49
26 48
26 47
26 46
26 45
26 44
26 43
26 42
27 48
27 49
27 47
27 46
27 45
27 44
27 43
27 42
28 47
28 46
28 45
28 44
28 43
28 42
29 46
29 45
29 44
29 43
29 42
30 45
30 44
30 43
30 42
31 45
31 44
31 43
31 42
32 42
32 41
31 41
30 41
29 41
28 41
27 41
26 41
25 41
24 41
23 41
22 41
22 40
23 40
24 40
25 40
26 40
27 40
28 40
29 40
30 40
31 40
32 40
32 39
31 39
30 39
29 39
28 39
27 39
26 39
25 39
24 39
23 39
22 39
22 38
23 38
24 38
25 38
26 38
27 38
28 38
29 38
30 38
31 38
32 38
22 37
23 37
24 37
25 37
26 37
27 37
28 37
29 37
30 37
31 37
32 37
23 36
24 36
25 36
26 36
27 36
28 36
29 36
30 36
31 36
32 36
33 42
33 41
33 40
33 39
33 38
33 37
33 36
34 36
34 37
34 38
34 39
35 39
35 38
35 37
0
Yes
4 4
5 4
6 4
6 3
5 3
4 3
5 2
0
Yes
19 2
20 2
21 2
22 2
23 2
18 2
17 2
17 1
18 1
19 1
20 1
21 1
22 1
23 1
23 0
22 0
21 0
20 0
19 0
18 0
17 0
0
Yes
0 41
1 41
2 41
3 41
3 40
2 40
1 40
0 40
4 40
4 39
3 39
2 39
1 39
0 39
4 38
3 38
2 38
1 38
0 38
0 37
1 37
2 37
3 37
4 37
4 36
3 36
2 36
1 36
0 36
0
Yes
39 0
39 1
39 2
40 2
40 1
40 0
41 1
41 0
40 3
39 3
39 4
38 4
38 3
38 2
38 1
38 0
37 4
37 3
37 2
37 1
37 0
0
Yes
29 43
29 44
29 45
29 46
30 45
30 44
30 43
31 45
31 44
31 43
31 42
30 42
29 42
29 41
30 41
31 41
31 40
30 40
29 40
29 39
30 39
31 39
31 38
30 38
29 38
29 37
30 37
31 37
28 37
28 38
28 39
28 40
28 41
28 42
28 43
28 44
28 45
28 46
28 47
27 47
27 46
27 45
27 44
27 43
27 42
27 41
27 40
27 39
27 38
27 37
26 37
26 38
26 39
26 40
26 41
26 42
26 43
26 44
26 45
26 46
26 47
25 47
25 46
25 45
25 44
25 43
25 42
25 41
25 40
25 39
25 38
25 37
24 37
24 38
24 39
24 40
24 41
24 42
24 43
24 44
24 45
24 46
24 47
23 47
23 46
23 45
23 44
23 43
23 42
23 41
23 40
23 39
23 38
23 37
22 37
22 38
22 39
22 40
22 41
22 42
22 43
22 44
22 45
22 46
22 47
0
Yes
3 31
3 32
3 33
3 34
3 35
4 35
4 34
4 33
4 32
4 31
5 35
5 34
5 33
5 32
5 31
6 33
6 32
6 31
7 31
8 31
2 35
2 34
2 33
2 32
2 31
1 35
1 34
1 33
1 32
1 31
0 35
0 34
0 33
0 32
0 31
0 30
1 30
2 30
3 30
4 30
5 30
6 30
7 30
8 30
9 30
9 31
9 32
10 32
10 31
10 30
11 32
11 31
11 30
11 29
10 29
9 29
8 29
7 29
6 29
5 29
4 29
3 29
2 29
1 29
0 29
0 28
1 28
2 28
3 28
4 28
5 28
6 28
7 28
8 28
9 28
10 28
11 28
4 27
5 27
6 27
7 27
0
Yes
44 8
43 8
43 7
44 7
45 7
45 6
44 6
43 6
43 5
44 5
45 5
43 4
44 4
45 4
0
Yes
21 40
21 41
20 41
20 40
19 41
19 40
21 39
20 39
19 39
19 38
20 38
21 38
21 37
20 37
18 38
18 39
18 40
18 41
0
Yes
34 0
34 1
34 2
34 3
34 4
34 5
35 5
35 4
35 3
35 2
35 1
35 0
36 4
36 3
36 2
36 1
36 0
35 6
34 6
34 7
34 8
35 8
35 9
34 9
35 10
34 10
35 11
34 11
33 11
33 10
33 9
33 8
33 7
33 6
33 5
33 4
33 3
33 2
33 1
33 0
32 11
32 10
32 9
32 8
32 7
32 6
32 5
32 4
32 3
32 2
32 1
32 0
31 10
31 9
31 8
31 7
31 6
31 5
31 4
31 3
31 2
31 1
31 0
30 7
30 6
30 5
30 4
30 3
30 2
30 1
30 0
29 5
29 4
29 3
29 2
29 1
29 0
28 4
28 3
28 2
28 1
0
Yes
24 29
23 29
23 30
24 30
23 31
24 31
23 32
24 32
23 33
24 33
23 34
24 34
23 35
24 35
23 28
24 28
23 27
24 27
23 26
24 26
23 25
24 25
23 24
24 24
25 24
25 25
25 26
25 27
25 28
25 29
25 30
25 31
25 32
25 33
25 34
25 35
26 35
26 34
26 33
26 32
26 31
26 30
26 29
26 28
26 27
26 26
26 25
26 24
27 24
27 25
27 26
27 27
27 28
27 29
27 30
27 31
27 32
27 33
27 34
27 35
28 35
28 34
28 33
28 32
28 31
28 30
28 29
28 28
28 27
28 26
28 25
28 24
29 24
29 25
29 26
29 27
29 28
29 29
29 30
29 31
29 32
29 33
29 34
29 35
30 35
30 34
30 33
30 32
30 31
30 30
30 29
30 28
30 27
30 26
30 25
30 24
31 24
31 25
31 26
31 27
31 28
31 29
31 30
31 31
31 32
31 33
31 34
31 35
32 33
32 32
32 31
32 30
32 29
32 28
32 27
32 26
32 25
32 24
32 34
32 35
33 26
33 25
33 24
33 23
32 23
31 23
30 23
29 23
28 23
27 23
26 23
25 23
24 23
23 23
33 22
32 22
31 22
30 22
29 22
28 22
27 22
26 22
25 22
0
Yes
2 31
2 32
2 33
2 34
3 34
3 33
3 32
3 31
4 31
4 32
4 33
4 34
5 34
5 33
5 32
5 31
6 33
6 32
6 31
6 30
5 30
4 30
3 30
2 30
2 29
3 29
4 29
5 29
6 29
1 29
1 30
1 31
1 32
1 33
1 34
0 34
0 33
0 32
0 31
0 30
0 29
5 35
4 35
3 35
2 35
1 35
0 35
0 28
1 28
0
No
0
No
0
No
0
Yes
49 28
49 29
49 30
49 31
49 32
49 33
49 34
48 34
48 33
48 32
48 31
48 30
48 29
48 28
47 34
47 33
47 32
47 31
47 30
47 29
47 28
46 34
46 33
46 32
46 31
46 30
46 29
46 28
46 27
47 27
48 27
49 27
49 26
48 26
47 26
46 26
45 26
45 27
45 28
45 29
45 30
45 31
45 32
45 33
45 34
45 25
44 25
44 26
44 27
44 28
44 29
44 30
44 31
44 32
44 33
44 34
0
No
0
Yes
45 37
44 37
45 36
44 36
45 35
44 35
1
385
14 27
14 28
14 29
14 30
14 26
14 25
14 24
13 24
13 25
13 26
13 27
13 28
13 29
13 30
12 30
12 29
12 28
12 27
12 26
12 25
12 24
11 24
11 25
11 26
11 27
11 28
11 29
11 30
11 31
11 32
10 32
10 31
10 30
10 29
10 28
10 27
10 26
10 25
10 24
9 24
9 25
9 26
9 27
9 28
9 29
9 30
9 31
9 32
8 25
8 26
8 27
8 28
8 29
8 30
8 31
7 31
Yes
42 26
42 27
42 28
42 29
42 30
42 31
42 32
42 33
42 34
43 34
43 33
43 32
43 31
43 30
43 29
43 28
43 27
43 26
44 34
44 33
44 32
44 31
44 30
44 29
44 28
44 27
44 26
45 34
45 33
45 32
45 31
45 30
45 29
45 28
45 27
45 26
46 26
46 27
46 28
46 29
46 30
46 31
46 32
46 33
46 34
47 34
47 33
47 32
47 31
47 30
47 29
47 28
47 27
47 26
48 26
48 27
48 28
48 29
48 30
48 31
48 32
48 33
48 34
49 34
49 33
49 32
49 31
49 30
49 29
49 28
49 27
49 26
41 34
41 33
41 32
41 31
41 30
41 29
41 28
41 27
41 26
40 26
40 27
40 28
40 29
40 30
40 31
40 32
40 33
40 34
1
369
29 21
28 21
27 21
30 21
31 21
30 20
31 20
30 19
31 19
32 19
32 20
32 21
26 21
25 21
24 21
24 22
23 22
23 21
22 21
22 22
22 23
21 23
21 22
21 21
20 21
20 22
20 23
19 23
19 22
19 21
18 23
18 22
18 21
17 21
17 22
33 21
33 20
34 20
34 21
Yes
33 37
32 37
32 38
33 38
32 39
33 39
33 40
32 40
32 41
33 41
33 42
32 42
34 39
34 38
34 37
34 36
33 36
32 36
31 36
30 36
29 36
28 36
27 36
26 36
25 36
24 36
23 36
35 37
35 38
35 39
22 36
22 35
22 34
22 33
22 32
21 32
21 33
21 34
21 35
21 36
20 36
20 35
20 34
20 33
20 32
19 32
19 33
19 34
19 35
19 36
19 37
18 37
18 36
18 35
18 34
18 33
18 32
17 32
17 33
17 34
17 35
17 36
17 37
16 32
16 33
16 34
16 35
16 36
16 37
17 38
16 38
0
No
0
Yes
0 0
0 1
1 1
1 0
1 2
2 2
2 1
2 0
3 2
3 1
3 0
4 2
4 1
4 0
0
No
0
No
0
No
0
Yes
46 49
46 48
45 48
45 49
44 48
44 49
0
No
1
378
21 0
21 1
21 2
22 2
22 1
22 0
20 2
20 1
20 0
19 2
19 1
19 0
18 2
18 1
18 0
17 2
17 1
17 0
Yes
30 44
30 45
31 45
31 44
31 43
30 43
31 42
30 42
31 41
30 41
31 40
30 40
31 39
30 39
31 38
30 38
29 38
29 39
29 40
29 41
29 42
29 43
29 44
29 45
29 46
28 46
28 45
28 44
28 43
28 42
28 41
28 40
28 39
28 38
28 47
27 47
27 46
27 45
27 44
27 43
27 42
27 41
27 40
27 39
27 38
27 48
27 49
26 49
26 48
26 47
26 46
26 45
26 44
26 43
26 42
26 41
26 40
26 39
26 38
25 38
25 39
25 40
25 41
25 42
25 43
25 44
25 45
25 46
25 47
25 48
25 49
24 49
24 48
24 47
24 46
24 45
24 44
24 43
24 42
24 41
24 40
24 39
24 38
31 37
30 37
29 37
28 37
27 37
26 37
25 37
24 37
23 37
23 38
23 39
23 40
23 41
23 42
23 43
23 44
23 45
23 46
23 47
23 48
23 49
22 49
22 48
22 47
22 46
22 45
22 44
22 43
22 42
22 41
22 40
22 39
22 38
22 37
21 37
21 38
21 39
21 40
21 41
20 37
20 38
20 39
20 40
20 41
19 41
19 40
19 39
19 38
18 38
18 39
0
No
0
No
0
Yes
48 29
48 30
48 31
48 32
48 33
49 33
49 32
49 31
49 30
49 29
49 28
48 28
47 28
47 29
47 30
47 31
47 32
47 33
46 33
46 32
46 31
46 30
46 29
46 28
45 28
45 29
45 30
45 31
45 32
45 33
44 33
44 32
44 31
44 30
44 29
44 28
43 28
43 29
43 30
43 31
43 32
43 33
46 34
47 34
48 34
49 34
45 34
44 34
43 34
0
Yes
49 30
49 31
48 31
48 30
48 29
49 29
49 28
48 28
48 27
49 27
49 26
48 26
47 26
47 27
47 28
47 29
47 30
47 31
46 26
46 27
46 28
46 29
46 30
46 31
45 31
45 30
45 29
45 28
45 27
45 26
44 26
44 27
44 28
44 29
44 30
44 31
43 31
43 30
43 29
43 28
43 27
43 26
43 32
44 32
45 32
46 32
47 32
48 32
49 32
49 33
48 33
47 33
46 33
45 33
44 33
43 33
46 34
47 34
48 34
49 34
45 34
0
No
0
Yes
43 1
43 0
44 0
44 1
44 2
44 3
45 3
45 2
45 1
45 0
46 3
46 2
46 1
46 0
47 2
47 1
47 0
0
No
0
Yes
27 37
28 37
29 37
30 37
31 37
31 38
30 38
29 38
28 38
27 38
31 39
30 39
29 39
28 39
27 39
31 40
30 40
29 40
28 40
27 40
31 41
30 41
29 41
28 41
27 41
26 37
26 38
26 39
26 40
26 41
25 37
25 38
25 39
25 40
25 41
24 37
24 38
24 39
24 40
24 41
23 37
23 38
23 39
23 40
23 41
22 37
22 38
22 39
22 40
22 41
22 42
23 42
24 42
25 42
26 42
27 42
28 42
29 42
30 42
31 42
31 43
30 43
29 43
28 43
27 43
26 43
25 43
24 43
23 43
22 43
22 44
23 44
24 44
25 44
26 44
27 44
28 44
29 44
30 44
31 44
31 45
30 45
29 45
28 45
27 45
26 45
25 45
24 45
23 45
22 45
29 46
28 46
27 46
26 46
25 46
24 46
23 46
22 46
28 47
27 47
26 47
25 47
24 47
23 47
22 47
0
No
0
Yes
2 40
3 40
4 40
4 39
3 39
2 39
4 38
3 38
2 38
2 37
3 37
4 37
4 36
3 36
2 36
1 36
1 37
1 38
1 39
1 40
0 36
0 37
0 38
0 39
0 40
5 36
5 37
0
Yes
16 0
16 1
17 1
17 0
18 0
0
No
0
No
0
No
0
Yes
20 0
20 1
20 2
21 2
21 1
21 0
22 2
22 1
22 0
23 2
23 1
23 0
0
Yes
9 49
10 49
11 49
11 48
10 48
9 48
11 47
10 47
9 47
11 46
10 46
9 46
9 45
10 45
11 45
8 46
8 47
8 48
8 49
7 47
7 48
7 49
0
Yes
31 43
31 44
31 45
30 45
30 44
30 43
30 42
31 42
32 42
33 42
33 41
32 41
31 41
30 41
33 40
32 40
31 40
30 40
30 39
31 39
32 39
33 39
34 39
34 38
33 38
32 38
31 38
30 38
30 37
31 37
32 37
33 37
34 37
34 36
33 36
32 36
31 36
30 36
29 36
29 37
29 38
29 39
29 40
29 41
29 42
29 43
29 44
29 45
28 36
28 37
28 38
28 39
28 40
28 41
28 42
28 43
28 44
28 45
27 36
27 37
27 38
27 39
27 40
27 41
27 42
27 43
27 44
27 45
26 36
26 37
26 38
26 39
26 40
26 41
26 42
26 43
26 44
26 45
25 36
25 37
25 38
25 39
25 40
25 41
25 42
25 43
25 44
25 45
24 36
24 37
24 38
24 39
24 40
24 41
24 42
24 43
24 44
24 45
0
Yes
14 25
14 24
13 24
13 25
12 24
12 25
11 24
11 25
10 24
10 25
14 26
13 26
12 26
11 26
10 26
14 27
13 27
12 27
11 27
10 27
14 28
13 28
12 28
11 28
10 28
14 29
13 29
12 29
11 29
10 29
14 30
13 30
12 30
11 30
10 30
11 31
10 31
11 32
10 32
9 32
9 31
9 30
9 29
9 28
9 27
9 26
9 25
9 24
8 25
8 26
8 27
8 28
8 29
8 30
8 31
7 31
7 30
7 29
0
Yes
1 37
1 36
2 36
2 37
3 36
3 37
4 36
4 37
4 38
3 38
2 38
1 38
4 39
3 39
2 39
1 39
4 40
3 40
2 40
1 40
0 36
0 37
0 38
0 39
0 40
3 41
2 41
1 41
0 41
0
No
0
No
0
Yes
16 40
16 41
17 41
17 40
18 41
18 40
19 41
19 40
20 41
20 40
21 41
21 40
15 41
15 40
14 41
14 40
14 39
15 39
16 39
17 39
18 39
19 39
20 39
21 39
15 38
16 38
17 38
18 38
19 38
20 38
21 38
16 37
17 37
18 37
19 37
20 37
21 37
22 37
22 38
22 39
22 40
22 41
22 42
22 43
22 44
22 45
22 46
22 47
22 48
22 49
23 45
23 44
23 43
23 42
23 41
23 40
23 39
23 38
23 37
23 46
23 47
23 48
23 49
23 36
22 36
21 36
20 36
19 36
18 36
17 36
16 36
16 35
17 35
18 35
19 35
20 35
21 35
22 35
22 34
21 34
20 34
19 34
18 34
17 34
16 34
16 33
17 33
18 33
19 33
20 33
21 33
22 33
22 32
21 32
20 32
19 32
18 32
17 32
16 32
24 46
24 47
24 48
24 49
25 46
25 47
0
Yes
0 0
0 1
0 2
1 2
1 1
1 0
2 2
2 1
2 0
3 2
3 1
3 0
4 2
4 1
4 0
0
Yes
25 0
25 1
26 1
26 0
27 0
27 1
24 1
24 0
0
Yes
39 26
39 27
38 26
37 26
36 26
35 26
35 25
36 25
37 25
38 25
39 25
40 25
40 26
40 27
40 24
39 24
38 24
37 24
36 24
35 24
40 23
39 23
38 23
37 23
36 23
35 23
40 22
39 22
38 22
37 22
36 22
35 22
40 21
39 21
38 21
37 21
36 21
35 21
40 20
39 20
38 20
37 20
36 20
35 20
34 26
34 25
34 24
34 23
34 22
34 21
34 20
33 20
33 21
32 21
32 20
32 19
31 19
31 20
31 21
30 19
30 20
30 21
29 21
0
Yes
0 28
1 28
2 28
3 28
3 29
2 29
1 29
0 29
0 30
1 30
2 30
3 30
3 31
2 31
1 31
0 31
0 32
1 32
2 32
3 32
3 33
2 33
1 33
0 33
0 34
1 34
2 34
3 34
3 35
2 35
1 35
0 35
4 35
4 34
4 33
4 32
4 31
4 30
4 29
4 28
5 35
5 34
5 33
5 32
5 31
5 30
5 29
5 28
6 33
6 32
6 31
6 30
6 29
0
Yes
41 36
42 36
43 36
44 36
45 36
46 36
45 35
44 35
43 35
42 35
41 35
44 34
43 34
42 34
41 34
42 33
41 33
42 32
41 32
42 31
41 31
40 31
40 32
40 33
40 34
40 35
40 36
39 36
39 35
39 34
39 33
39 32
39 31
38 34
38 35
38 36
37 35
37 34
36 34
36 35
38 37
38 38
40 37
41 37
41 38
45 37
44 37
35 35
35 34
34 34
34 35
33 35
33 34
39 30
40 30
41 30
42 30
42 29
41 29
40 29
39 29
39 28
40 28
41 28
42 28
42 27
41 27
41 26
0
No
0
Yes
13 18
13 17
13 16
13 15
13 14
12 14
12 15
12 16
12 17
12 18
11 14
11 15
11 16
11 17
11 18
10 15
10 16
10 17
10 18
9 18
9 17
9 19
10 19
11 19
12 19
13 19
11 20
12 20
13 20
14 20
14 19
14 18
14 17
14 16
14 15
14 14
14 13
14 12
14 11
15 20
15 19
15 18
15 17
15 16
15 15
15 14
15 13
15 12
15 11
15 10
16 10
16 11
16 12
16 13
16 14
16 15
16 16
16 17
16 18
16 19
16 20
17 12
17 13
17 14
17 15
0
Yes
1 0
1 1
1 2
2 2
2 1
2 0
0 2
0 1
0 0
1 3
0 3
1 4
0 4
0
Yes
2 41
3 41
3 40
2 40
4 40
4 39
3 39
2 39
4 38
3 38
2 38
1 38
1 39
1 40
1 41
1 42
0 42
0 41
0 40
0 39
0 38
0 37
1 37
2 37
3 37
4 37
5 37
5 36
4 36
3 36
2 36
1 36
0 36
5 35
4 35
3 35
2 35
1 35
0 35
5 34
4 34
3 34
2 34
1 34
0
Yes
45 0
45 1
45 2
44 2
44 1
44 0
43 1
43 0
46 2
46 1
46 0
47 2
47 1
47 0
48 2
48 1
48 0
49 2
49 1
49 0
0
Yes
3 0
3 1
4 1
4 0
5 0
5 1
3 2
4 2
5 2
0
Yes
24 21
24 22
24 23
24 24
23 24
23 23
23 22
23 21
23 25
24 25
23 26
24 26
23 27
24 27
23 28
24 28
23 29
24 29
23 30
24 30
25 30
25 29
25 28
25 27
25 26
25 25
25 24
25 23
25 22
25 21
26 21
26 22
26 23
26 24
26 25
26 26
26 27
26 28
26 29
26 30
27 21
27 22
27 23
27 24
27 25
27 26
27 27
27 28
27 29
27 30
28 21
28 22
28 23
28 24
28 25
28 26
28 27
28 28
28 29
28 30
29 21
29 22
29 23
29 24
29 25
29 26
29 27
29 28
29 29
29 30
30 30
30 29
30 28
30 27
30 26
30 25
30 24
30 23
30 22
0
Yes
36 0
36 1
36 2
36 3
36 4
35 4
35 3
35 2
35 1
35 0
34 0
34 1
34 2
34 3
34 4
33 4
33 3
33 2
33 1
33 0
32 0
32 1
32 2
32 3
32 4
31 4
31 3
31 2
31 1
31 0
30 0
30 1
30 2
30 3
30 4
29 4
29 3
29 2
29 1
29 0
28 4
28 3
28 2
28 1
28 0
27 2
27 3
29 5
30 5
31 5
32 5
33 5
34 5
35 5
35 6
34 6
33 6
32 6
31 6
30 6
30 7
31 7
32 7
33 7
34 7
31 8
32 8
33 8
34 8
0
Yes
31 45
31 44
31 43
30 45
30 44
30 43
30 42
31 42
32 42
33 42
33 41
32 41
31 41
30 41
34 41
34 40
33 40
32 40
31 40
30 40
30 39
31 39
32 39
33 39
34 39
34 38
33 38
32 38
31 38
30 38
30 37
31 37
32 37
33 37
34 37
34 36
33 36
32 36
31 36
30 36
29 36
29 37
29 38
29 39
29 40
29 41
29 42
29 43
29 44
29 45
29 46
28 46
28 45
28 44
28 43
28 42
28 41
28 40
28 39
28 38
28 37
28 36
28 47
27 47
27 46
27 45
27 44
27 43
27 42
27 41
27 40
27 39
27 38
27 37
27 36
26 46
26 47
26 45
26 44
26 43
26 42
26 41
26 40
26 39
26 38
26 37
26 36
27 48
26 48
27 49
26 49
25 48
25 49
35 37
35 38
35 39
35 40
35 41
35 42
36 42
36 41
25 45
25 44
25 43
25 42
25 41
25 40
25 39
25 38
25 37
25 36
24 45
24 44
24 43
24 42
24 41
24 40
24 39
24 38
24 37
0
Yes
11 27
11 28
11 29
11 30
12 30
12 29
12 28
12 27
13 30
13 29
13 28
13 27
14 30
14 29
14 28
14 27
14 26
13 26
12 26
11 26
10 26
10 27
10 28
10 29
10 30
14 25
13 25
12 25
11 25
10 25
14 24
13 24
12 24
11 24
10 24
9 24
9 25
0
No
0
No
0
No
0
Yes
31 29
31 30
32 30
32 29
32 28
31 28
31 27
32 27
31 26
32 26
33 26
34 26
35 26
36 26
37 26
31 25
32 25
33 25
34 25
35 25
36 25
37 25
31 24
32 24
33 24
34 24
35 24
36 24
37 24
31 23
32 23
33 23
34 23
35 23
36 23
37 23
31 22
32 22
33 22
34 22
35 22
36 22
37 22
32 31
31 31
32 32
31 32
32 33
31 33
32 34
31 34
32 35
31 35
37 21
36 21
35 21
34 21
33 21
32 21
31 21
33 20
34 20
35 20
36 20
37 20
32 20
31 20
32 19
31 19
30 19
30 20
30 21
38 20
38 21
38 22
38 23
38 24
38 25
38 26
39 20
39 21
39 22
39 23
39 24
39 25
39 26
39 27
40 27
40 26
40 25
40 24
40 23
40 22
40 21
40 20
30 35
30 34
30 33
30 32
30 31
29 31
29 32
29 33
29 34
29 35
28 35
28 34
28 33
28 32
0
Yes
1 32
1 33
2 33
2 32
3 33
3 32
4 33
4 32
5 33
5 32
6 33
6 32
0 33
0 32
0 31
1 31
2 31
3 31
4 31
5 31
6 31
7 31
8 31
8 30
7 30
6 30
5 30
4 30
3 30
2 30
1 30
0 30
0 29
1 29
2 29
3 29
4 29
5 29
6 29
7 29
8 29
3 28
2 28
1 28
0 28
4 28
5 28
6 28
7 28
8 28
4 27
5 27
6 27
7 27
0
No
0
Yes
23 17
24 17
22 17
22 18
23 18
24 18
25 18
25 19
24 19
23 19
22 19
25 20
24 20
23 20
22 20
21 20
21 19
21 18
21 17
20 17
20 18
20 19
0
Yes
35 11
35 10
34 11
34 10
33 11
33 10
32 11
32 10
35 9
34 9
33 9
32 9
0
Yes
7 47
7 48
8 48
8 47
9 47
9 48
10 48
10 47
7 49
8 49
9 49
10 49
0
No
0
Yes
14 24
14 25
14 26
14 27
14 28
13 24
13 25
13 26
13 27
13 28
12 24
12 25
12 26
12 27
12 28
11 24
11 25
11 26
11 27
11 28
10 24
10 25
10 26
10 27
10 28
9 24
9 25
9 26
9 27
9 28
8 27
8 26
8 25
9 29
10 29
11 29
12 29
13 29
14 29
14 30
13 30
12 30
11 30
10 30
9 30
0
No
0
No
0
Yes
15 31
16 31
17 31
18 31
19 31
20 31
21 31
22 31
22 30
21 30
20 30
19 30
18 30
17 30
16 30
15 30
15 29
16 29
17 29
18 29
19 29
20 29
21 29
22 29
22 28
21 28
20 28
19 28
18 28
17 28
16 28
15 28
15 27
16 27
17 27
18 27
19 27
20 27
21 27
22 27
22 26
21 26
20 26
19 26
18 26
17 26
16 26
15 26
15 25
16 25
17 25
18 25
0
Yes
33 22
33 23
33 24
33 25
33 26
34 26
34 25
34 24
34 23
34 22
35 26
35 25
35 24
35 23
35 22
36 26
36 25
36 24
36 23
36 22
37 26
37 25
37 24
37 23
37 22
38 26
38 25
38 24
38 23
38 22
38 21
37 21
36 21
35 21
34 21
33 21
33 20
34 20
35 20
36 20
37 20
38 20
39 20
39 21
39 22
39 23
39 24
39 25
39 26
40 20
40 21
40 22
40 23
40 24
40 25
40 26
0
No
0
No
0
Yes
7 26
7 25
6 26
6 25
5 26
5 25
4 26
4 25
4 24
5 24
6 24
7 24
8 24
5 23
6 23
7 23
8 23
5 22
6 22
7 22
8 22
0
Yes
21 49
22 49
22 48
21 48
21 47
22 47
22 46
21 46
21 45
22 45
22 44
21 44
21 43
22 43
22 42
21 42
20 42
20 43
20 44
20 45
20 46
20 47
20 48
20 49
19 49
19 48
19 47
19 46
19 45
19 44
19 43
19 42
18 42
18 43
18 44
18 45
18 46
18 47
18 48
18 49
17 49
17 48
17 47
17 46
17 45
17 44
17 43
17 42
16 42
16 43
16 44
16 45
16 46
16 47
16 48
16 49
15 49
15 48
15 47
15 46
15 45
15 44
15 43
15 42
14 42
14 43
14 44
14 45
14 46
14 47
14 48
14 49
13 42
13 43
13 44
13 45
13 46
13 47
13 48
13 49
12 43
12 44
12 45
12 46
12 47
12 48
12 49
11 49
11 48
11 47
11 46
11 45
0
Yes
37 25
37 26
37 27
37 28
37 29
37 30
37 31
38 31
38 30
38 29
38 28
38 27
38 26
38 25
39 25
39 26
39 27
39 28
39 29
39 30
39 31
40 31
40 30
40 29
40 28
40 27
40 26
40 25
41 25
41 26
41 27
41 28
41 29
41 30
41 31
42 25
42 26
42 27
42 28
42 29
42 30
42 31
36 31
36 30
36 29
36 28
36 27
36 26
36 25
42 32
41 32
40 32
39 32
38 32
37 32
36 32
0
Yes
31 10
32 10
33 10
34 10
35 10
35 11
34 11
33 11
32 11
35 9
34 9
33 9
32 9
31 9
0
No
0
Yes
40 0
41 0
41 1
40 1
40 2
40 3
39 3
39 2
39 1
39 0
38 0
38 1
38 2
38 3
37 3
37 2
37 1
37 0
39 4
38 4
37 4
0
No
0
No
0
Yes
33 4
33 5
34 5
34 4
34 3
33 3
33 2
34 2
34 1
33 1
33 0
34 0
32 0
32 1
32 2
32 3
32 4
32 5
31 5
31 4
31 3
31 2
31 1
31 0
30 0
30 1
30 2
30 3
30 4
30 5
29 5
29 4
29 3
29 2
29 1
29 0
0
Yes
38 24
39 24
40 24
40 23
39 23
38 23
40 22
39 22
38 22
40 21
39 21
38 21
40 20
39 20
38 20
37 20
37 21
37 22
37 23
37 24
36 24
36 23
36 22
36 21
36 20
35 20
35 21
35 22
35 23
35 24
34 20
34 21
34 22
34 23
34 24
33 20
33 21
33 22
33 23
33 24
32 24
32 23
32 22
32 21
32 20
32 19
31 19
31 20
31 21
31 22
31 23
31 24
30 21
30 20
30 19
31 25
32 25
33 25
34 25
35 25
0
Yes
16 25
16 26
16 27
17 27
17 26
17 25
18 25
18 26
18 27
19 27
19 26
19 25
20 25
20 26
20 27
21 27
21 26
21 25
22 25
22 26
22 27
22 24
21 24
20 24
19 24
18 24
17 24
16 24
22 23
21 23
20 23
19 23
18 23
17 23
16 23
22 22
21 22
20 22
19 22
18 22
17 22
16 22
22 21
21 21
20 21
19 21
18 21
17 21
16 21
15 21
15 22
15 23
15 24
15 25
15 26
15 27
14 21
14 22
14 23
14 24
14 25
14 26
14 27
22 28
21 28
20 28
19 28
18 28
17 28
16 28
15 28
0
Yes
5 0
5 1
4 1
4 0
3 0
3 1
3 2
4 2
5 2
0
Yes
19 20
19 19
19 18
19 17
18 20
18 19
18 18
18 17
17 20
17 19
17 18
17 17
16 20
16 19
16 18
16 17
15 20
15 19
15 18
15 17
14 20
14 19
14 18
14 17
14 16
15 16
16 16
17 16
18 16
19 16
20 16
21 16
21 15
20 15
19 15
18 15
17 15
16 15
15 15
14 15
13 15
13 16
13 17
13 18
13 19
13 20
13 21
12 21
12 20
12 19
12 18
12 17
12 16
12 15
19 14
18 14
17 14
16 14
15 14
14 14
13 14
12 14
11 14
11 15
11 16
11 17
11 18
11 19
11 20
11 21
10 15
10 16
10 17
10 18
10 19
0
Yes
5 24
5 23
4 24
4 25
5 25
5 26
4 26
6 26
6 25
6 24
6 23
7 26
7 25
7 24
7 23
8 23
8 24
8 25
8 26
8 27
9 27
9 26
9 25
9 24
9 23
9 28
9 29
9 30
9 31
9 32
9 22
8 22
7 22
6 22
5 22
10 32
10 31
10 30
10 29
10 28
10 27
10 26
10 25
10 24
10 23
11 32
11 31
11 30
11 29
11 28
11 27
11 26
11 25
11 24
11 23
11 22
12 22
12 23
12 24
12 25
12 26
12 27
12 28
12 29
12 30
13 22
13 23
13 24
13 25
13 26
13 27
13 28
0
No
0
Yes
18 29
19 29
20 29
21 29
17 29
16 29
15 29
14 29
13 29
13 30
14 30
15 30
16 30
17 30
18 30
19 30
20 30
21 30
22 29
22 30
15 31
16 31
17 31
18 31
19 31
20 31
21 31
22 31
15 32
16 32
17 32
18 32
19 32
20 32
21 32
22 32
16 33
17 33
18 33
19 33
20 33
21 33
22 33
16 34
17 34
18 34
19 34
20 34
21 34
22 34
0
Yes
0 36
0 37
0 38
0 39
0 40
1 40
1 39
1 38
1 37
1 36
2 36
2 37
2 38
2 39
2 40
3 40
3 39
3 38
3 37
3 36
4 40
4 39
4 38
4 37
4 36
5 37
5 36
5 35
4 35
3 35
2 35
1 35
0 35
5 34
4 34
3 34
2 34
1 34
0 34
0
No
0
No
1
454
31 17
32 17
32 16
31 16
30 16
29 16
29 15
30 15
31 15
32 15
32 14
31 14
30 14
29 14
29 13
30 13
31 13
32 13
32 12
30 12
29 12
32 11
32 10
31 10
31 9
32 9
31 8
32 8
32 7
31 7
30 7
30 6
31 6
32 6
33 6
33 7
33 8
33 9
33 10
33 11
34 11
34 10
34 9
34 8
34 7
34 6
35 6
35 5
35 8
35 9
35 10
35 11
35 4
36 4
36 3
35 3
Yes
5 22
5 23
6 22
6 23
7 22
7 23
8 22
8 23
9 22
9 23
9 24
8 24
7 24
6 24
5 24
4 24
4 25
5 25
6 25
7 25
8 25
9 25
7 26
6 26
5 26
4 26
8 26
9 26
8 27
9 27
9 28
3 26
3 25
3 24
3 27
2 27
2 26
2 25
2 24
1 27
1 26
1 25
1 24
1 23
2 23
3 23
3 22
2 22
2 21
3 21
0 23
0 24
0 25
0 26
0 27
9 29
9 30
9 31
9 32
10 32
10 31
10 30
10 29
10 28
10 27
10 26
10 25
10 24
10 23
11 32
11 31
11 30
11 29
11 28
11 27
11 26
11 25
11 24
11 23
11 22
12 22
12 23
12 24
12 25
12 26
12 27
12 28
12 29
12 30
13 22
13 23
13 24
13 25
13 26
13 27
13 28
13 29
13 30
14 28
14 29
14 30
15 29
15 30
15 31
15 32
16 29
16 30
16 31
16 32
16 33
16 34
16 35
16 36
16 37
17 29
17 30
17 31
17 32
17 33
17 34
17 35
17 36
17 37
18 29
18 30
18 31
18 32
18 33
18 34
18 35
18 36
18 37
19 29
19 30
19 31
19 32
19 33
19 34
19 35
19 36
19 37
7 21
0
Yes
47 49
47 48
46 48
46 49
45 48
45 49
48 49
0
No
0
Yes
49 1
49 2
48 2
48 1
47 2
47 1
47 0
48 0
49 0
46 0
46 1
46 2
46 3
45 3
45 2
45 1
45 0
44 3
44 2
44 1
44 0
43 1
0
Yes
45 37
44 37
45 36
44 36
45 35
44 35
46 36
0
Yes
18 38
17 38
16 38
15 38
15 39
16 39
17 39
18 39
14 39
14 40
15 40
16 40
17 40
18 40
14 41
15 41
16 41
17 41
18 41
0
Yes
42 33
42 32
42 31
42 30
42 29
42 28
42 27
42 26
42 25
41 25
41 26
41 27
41 28
41 29
41 30
41 31
41 32
41 33
40 25
40 26
40 27
40 28
40 29
40 30
40 31
40 32
40 33
39 25
39 26
39 27
39 28
39 29
39 30
39 31
39 32
39 33
38 25
38 26
38 27
38 28
38 29
38 30
38 31
38 32
38 33
37 25
37 26
37 27
37 28
37 29
37 30
37 31
37 32
37 33
37 34
38 34
39 34
40 34
41 34
42 34
43 34
43 35
42 35
41 35
40 35
39 35
38 35
37 35
38 36
39 36
40 36
41 36
42 36
43 36
41 37
40 37
36 25
36 26
36 27
36 28
36 29
36 30
36 31
36 32
36 33
36 34
36 35
35 35
35 34
35 33
35 32
35 31
35 30
35 29
35 28
35 27
35 26
34 26
34 27
34 28
34 29
34 30
34 31
34 32
34 33
34 34
34 35
33 35
33 34
33 33
33 32
33 31
33 30
33 29
33 28
33 27
33 26
32 26
32 27
32 28
32 29
32 30
32 31
32 32
32 33
32 34
32 35
31 26
31 27
31 28
31 29
31 30
31 31
31 32
31 33
31 34
31 35
30 35
30 34
0
No
0
Yes
18 13
18 12
17 12
17 13
17 14
18 14
19 14
16 14
16 13
16 12
16 11
16 10
15 10
15 11
15 12
15 13
15 14
14 11
14 12
14 13
14 14
13 14
12 14
11 14
11 15
12 15
13 15
14 15
15 15
16 15
17 15
18 15
19 15
10 15
10 16
11 16
12 16
13 16
14 16
15 16
16 16
17 16
18 16
19 16
20 15
20 16
21 15
21 16
21 17
20 17
19 17
18 17
17 17
16 17
15 17
14 17
13 17
12 17
11 17
10 17
9 17
9 18
10 18
11 18
12 18
13 18
14 18
15 18
16 18
17 18
18 18
19 18
20 18
21 18
9 19
10 19
11 19
12 19
13 19
14 19
15 19
16 19
17 19
18 19
19 19
20 19
21 19
11 20
12 20
13 20
14 20
15 20
16 20
17 20
18 20
19 20
0
Yes
0 35
0 34
1 34
1 35
2 34
2 35
3 34
3 35
3 36
2 36
1 36
0 36
0 37
1 37
2 37
3 37
3 38
2 38
1 38
0 38
0 39
1 39
2 39
3 39
4 39
4 38
4 37
4 36
4 35
4 34
0
Yes
26 32
26 33
26 34
26 35
27 35
27 34
27 33
27 32
28 35
28 34
28 33
28 32
29 35
29 34
29 33
29 32
25 35
25 34
25 33
25 32
24 32
24 33
24 34
24 35
24 36
23 36
23 35
23 34
23 33
23 32
23 37
30 33
30 32
30 31
29 31
28 31
27 31
26 31
25 31
24 31
23 31
0
Yes
27 3
27 2
26 2
26 1
27 1
27 0
26 0
28 3
28 2
28 1
28 0
0
Yes
7 26
6 26
5 26
5 25
6 25
7 25
8 25
8 26
9 26
9 25
10 25
10 26
11 26
11 25
11 24
10 24
9 24
8 24
7 24
6 24
5 24
5 23
6 23
7 23
8 23
9 23
10 23
11 23
9 22
8 22
7 22
6 22
5 22
0
Yes
20 30
21 30
22 30
22 29
21 29
20 29
22 28
21 28
20 28
22 27
21 27
20 27
22 26
21 26
20 26
22 25
21 25
20 25
22 24
21 24
20 24
22 23
21 23
20 23
22 22
21 22
20 22
22 21
21 21
20 21
19 21
19 22
19 23
19 24
19 25
19 26
19 27
19 28
19 29
19 30
18 21
18 22
18 23
18 24
18 25
18 26
18 27
18 28
18 29
18 30
17 21
17 22
17 23
17 24
17 25
17 26
17 27
17 28
17 29
17 30
16 21
16 22
16 23
16 24
16 25
16 26
16 27
16 28
16 29
16 30
15 21
15 22
15 23
15 24
15 25
15 26
15 27
15 28
15 29
15 30
14 30
14 29
14 28
14 27
14 26
14 25
14 24
14 23
14 22
14 21
13 21
13 22
13 23
13 24
13 25
13 26
13 27
13 28
13 29
13 30
12 30
12 29
12 28
12 27
12 26
12 25
12 24
12 23
12 22
12 21
11 21
11 22
0
No
0
Yes
36 0
36 1
36 2
35 2
35 1
35 0
0
Yes
10 31
11 31
9 31
9 32
10 32
11 32
9 30
10 30
11 30
11 29
10 29
9 29
0
No
0
No
0
Yes
19 32
19 31
20 31
20 32
18 31
18 32
17 31
17 32
16 31
16 32
15 32
15 31
16 33
17 33
18 33
19 33
20 33
16 34
17 34
18 34
19 34
20 34
16 35
17 35
18 35
19 35
20 35
16 36
17 36
18 36
19 36
0
No
0
Yes
45 4
45 5
45 6
45 7
44 7
44 6
44 5
44 4
43 4
43 5
43 6
43 7
43 8
44 8
1
490
47 1
47 2
48 2
48 1
49 2
49 1
46 2
46 1
46 3
45 3
45 2
45 1
44 3
44 2
44 1
43 1
43 0
44 0
45 0
46 0
47 0
48 0
49 0
42 0
41 0
41 1
40 1
49 3
39 1
40 0
39 0
Yes
20 33
21 33
22 33
22 32
21 32
20 32
22 31
21 31
20 31
19 31
19 32
19 33
18 31
18 32
18 33
17 31
17 32
17 33
16 33
16 32
16 31
15 31
15 32
16 34
17 34
18 34
19 34
20 34
21 34
22 34
22 35
21 35
20 35
19 35
18 35
17 35
16 35
16 36
0
No
0
Yes
7 17
8 17
6 17
5 17
5 16
6 16
7 16
8 16
0
Yes
44 13
43 13
43 14
44 14
43 15
44 15
43 16
44 16
43 17
44 17
45 13
45 14
45 15
45 16
45 17
46 17
46 16
46 15
46 14
46 13
47 13
47 14
47 15
47 16
47 17
48 17
48 16
48 15
48 14
48 13
49 13
49 14
49 15
49 16
49 17
46 12
47 12
48 12
49 12
47 11
48 11
49 11
0
No
0
Yes
23 0
23 1
24 1
24 0
25 1
25 0
22 1
22 0
0
Yes
0 33
0 34
0 35
0 36
0 37
0 38
0 39
0 40
1 40
1 39
1 38
1 37
1 36
1 35
1 34
1 33
2 33
2 34
2 35
2 36
2 37
2 38
2 39
2 40
3 40
3 39
3 38
3 37
3 36
3 35
3 34
3 33
4 40
4 39
4 38
4 37
4 36
4 35
4 34
4 33
5 37
5 36
5 35
5 34
5 33
6 33
6 32
5 32
4 32
3 32
2 32
1 32
0 32
0 31
1 31
2 31
3 31
4 31
5 31
6 31
7 31
7 30
6 30
5 30
4 30
3 30
2 30
1 30
0 30
0 29
1 29
2 29
3 29
4 29
5 29
6 29
7 29
7 28
6 28
5 28
4 28
3 28
2 28
1 28
0 28
5 27
6 27
7 27
4 27
3 27
2 27
1 27
0 27
4 26
3 26
2 26
1 26
0 26
3 41
2 41
1 41
0 41
1 42
0 42
4 25
3 25
2 25
1 25
0 25
4 24
3 24
2 24
1 24
0 24
0 23
1 23
2 23
3 23
0
Yes
16 28
16 29
16 30
16 31
15 31
15 30
15 29
15 28
15 32
16 32
16 33
16 34
16 35
14 30
14 29
14 28
13 30
13 29
13 28
13 27
14 27
15 27
16 27
17 27
17 28
17 29
17 30
17 31
17 32
17 33
17 34
17 35
18 35
18 34
18 33
18 32
18 31
18 30
18 29
18 28
18 27
19 27
19 28
19 29
19 30
19 31
19 32
19 33
19 34
19 35
20 35
20 34
20 33
20 32
20 31
20 30
20 29
20 28
20 27
21 27
21 28
21 29
21 30
21 31
21 32
21 33
21 34
21 35
22 35
22 34
22 33
22 32
22 31
22 30
22 29
22 28
22 27
22 26
21 26
20 26
19 26
18 26
17 26
16 26
15 26
14 26
13 26
22 25
21 25
20 25
19 25
18 25
17 25
16 25
15 25
14 25
13 25
22 36
21 36
20 36
19 36
18 36
17 36
16 36
16 37
17 37
18 37
19 37
20 37
21 37
22 37
0
Yes
19 2
20 2
21 2
21 1
20 1
19 1
19 0
20 0
21 0
20 3
0
Yes
44 13
43 13
43 14
44 14
43 15
44 15
43 16
44 16
43 17
44 17
43 18
44 18
45 13
45 14
45 15
45 16
45 17
45 18
45 19
44 19
43 19
42 19
41 19
41 20
42 20
43 20
44 20
45 20
41 21
42 21
43 21
44 21
45 21
46 21
46 20
46 19
46 18
46 17
46 16
46 15
46 14
46 13
46 12
47 12
47 13
47 14
47 15
47 16
47 17
47 18
47 19
47 20
47 21
48 21
48 20
48 19
48 18
48 17
48 16
48 15
48 14
48 13
48 12
49 12
49 13
49 14
49 15
49 16
49 17
49 18
49 19
49 20
49 21
47 11
48 11
49 11
41 22
42 22
43 22
44 22
45 22
46 22
47 22
48 22
49 22
41 23
42 23
43 23
44 23
45 23
46 23
47 23
48 23
49 23
41 24
42 24
43 24
44 24
45 24
46 24
47 24
48 24
49 24
43 25
44 25
45 25
0
Yes
32 7
32 6
33 6
33 7
34 7
34 6
31 6
31 7
31 8
32 8
33 8
34 8
31 9
32 9
33 9
34 9
31 10
32 10
33 10
34 10
35 8
35 9
35 10
35 11
34 11
33 11
0
Yes
16 24
17 24
15 24
14 24
13 24
12 24
12 25
12 26
12 27
12 28
12 29
12 30
11 30
11 29
11 28
11 27
11 26
11 25
11 24
11 31
11 32
10 32
10 31
10 30
10 29
10 28
10 27
10 26
10 25
10 24
9 32
9 31
9 30
9 29
9 28
9 27
9 26
9 25
9 24
8 31
8 30
8 29
8 28
8 27
8 26
8 25
8 24
7 26
7 25
7 24
6 26
6 25
6 24
5 26
5 25
5 24
5 23
6 23
7 23
8 23
9 23
10 23
11 23
12 23
13 23
14 23
15 23
16 23
17 23
9 22
8 22
7 22
6 22
5 22
11 22
12 22
13 22
14 22
15 22
16 22
17 22
11 21
12 21
13 21
14 21
15 21
16 21
17 21
18 21
18 22
18 23
18 24
19 24
19 23
19 22
19 21
20 24
20 23
20 22
20 21
9 21
1
365
44 29
43 29
43 30
44 30
43 31
44 31
43 32
44 32
43 33
44 33
44 34
43 28
44 28
43 27
44 27
43 26
44 26
45 26
45 27
45 28
45 29
45 30
45 31
45 32
45 33
45 34
46 34
46 33
46 32
46 31
46 30
46 29
46 28
46 27
46 26
46 25
47 25
47 26
47 27
47 28
47 29
47 30
47 31
47 32
47 33
47 34
48 34
48 33
48 32
48 31
48 30
48 29
48 28
48 27
48 26
48 25
49 25
49 26
49 27
49 28
49 29
49 30
49 31
49 32
49 33
49 34
45 35
44 35
49 35
Yes
30 21
30 20
30 19
31 19
31 20
31 21
32 21
32 20
32 19
32 18
33 18
33 19
33 20
33 21
34 21
34 20
34 19
34 18
35 18
35 19
35 20
35 21
36 21
36 20
36 19
36 18
37 18
37 19
37 20
37 21
38 21
38 20
38 19
38 18
39 18
39 19
39 20
39 21
40 21
40 20
40 19
40 18
41 18
41 17
40 17
39 17
38 17
37 17
36 17
35 17
34 17
33 17
32 17
31 17
31 16
32 16
33 16
34 16
35 16
36 16
37 16
38 16
39 16
40 16
41 16
41 15
40 15
39 15
38 15
37 15
36 15
35 15
34 15
33 15
32 15
31 15
39 14
38 14
37 14
36 14
35 14
34 14
33 14
32 14
31 14
31 13
32 13
33 13
34 13
35 13
36 13
37 13
38 13
39 13
39 12
38 12
37 12
36 12
35 12
34 12
33 12
32 12
30 16
30 15
30 14
30 13
30 12
29 12
29 13
29 14
29 15
29 16
42 15
42 16
42 17
42 18
40 22
39 22
38 22
37 22
36 22
35 22
34 22
33 22
0
No
0
No
1
503
34 25
35 25
33 25
32 25
31 25
31 24
32 24
33 24
34 24
35 24
36 24
37 24
38 24
39 24
40 24
40 23
39 23
38 23
37 23
36 23
35 23
34 23
33 23
32 23
31 23
31 22
Yes
31 7
31 8
31 9
31 10
31 6
32 6
32 7
32 8
32 9
32 10
32 11
33 11
33 10
33 9
33 8
33 7
33 6
34 6
34 7
34 8
34 9
34 10
34 11
35 11
35 10
35 9
35 8
35 6
35 5
30 6
30 7
35 4
35 3
36 3
36 4
37 4
37 3
37 2
37 1
37 0
38 4
38 3
38 2
38 1
38 0
39 4
39 3
39 2
39 1
39 0
40 3
40 2
40 1
40 0
41 1
41 0
37 5
41 3
30 9
1
476
44 0
43 0
45 0
46 0
47 0
48 0
49 0
43 1
44 1
45 1
46 1
47 1
48 1
49 1
49 2
48 2
47 2
46 2
45 2
Yes
20 39
20 40
20 41
21 41
21 40
21 39
22 41
22 40
22 39
23 39
23 40
23 41
23 42
23 43
23 44
12 41
23 38
22 38
21 38
20 38
19 38
19 39
19 40
19 41
18 41
18 40
18 39
18 38
17 38
17 39
17 40
17 41
16 41
16 40
16 39
16 38
15 38
15 39
15 40
15 41
14 41
14 40
14 39
13 39
13 41
0
Yes
49 30
49 29
49 28
49 27
49 26
49 25
48 25
48 26
48 27
48 28
48 29
48 30
47 25
47 26
47 27
47 28
47 29
47 30
46 25
46 26
46 27
46 28
46 29
46 30
45 26
45 27
45 28
45 29
45 30
44 26
44 27
44 28
44 29
44 30
43 26
43 27
43 28
43 29
43 30
43 31
44 31
45 31
46 31
47 31
48 31
49 31
43 32
44 32
45 32
0
No
0
Yes
32 11
32 10
31 10
31 9
32 9
31 8
32 8
33 11
33 10
33 9
33 8
34 11
34 10
34 9
34 8
35 8
35 9
35 10
35 11
34 7
33 7
32 7
31 7
30 7
30 6
31 6
32 6
33 6
34 6
36 9
0
Yes
40 1
41 1
41 0
40 0
40 2
40 3
39 3
39 2
39 1
39 0
39 4
38 4
38 3
38 2
38 1
38 0
37 0
37 1
37 2
37 3
37 4
36 4
36 3
42 0
0
Yes
15 15
15 16
15 17
15 18
15 19
15 20
16 20
16 19
16 18
16 17
16 16
16 15
17 20
17 19
17 18
17 17
17 16
17 15
18 20
18 19
18 18
18 17
18 16
18 15
14 20
14 19
14 18
14 17
14 16
14 15
13 20
13 19
13 18
13 17
13 16
13 15
13 14
14 14
15 14
16 14
17 14
18 14
12 14
12 15
12 16
12 17
12 18
12 19
12 20
11 20
11 19
11 18
11 17
11 16
11 15
11 14
10 15
10 16
10 17
10 18
10 19
9 19
9 18
9 17
19 14
19 15
19 16
19 17
19 18
19 19
0
Yes
21 19
21 20
21 21
22 21
22 20
22 19
23 20
23 19
24 20
24 19
25 20
25 19
25 18
24 18
23 18
22 18
21 18
24 17
23 17
22 17
21 17
20 20
20 19
20 18
20 17
20 16
21 16
21 15
20 15
22 22
21 22
21 23
22 23
23 16
0
No
0
No
0
No
0
No
0
No
0
Yes
44 34
44 33
49 35
45 33
45 34
45 35
44 35
44 36
45 36
49 34
45 37
44 37
46 34
46 33
46 32
47 32
47 33
47 34
48 34
48 33
48 32
49 32
49 33
0
No
0
No
0
No
0
Yes
1 2
1 3
1 4
1 1
1 0
0 4
0 3
0 2
0 1
0 0
0
No
0
No
0
No
0
Yes
31 34
31 35
32 35
32 34
33 35
33 34
34 35
34 34
31 33
32 33
33 33
34 33
31 32
32 32
33 32
34 32
35 35
35 34
35 33
35 32
36 35
36 34
36 33
36 32
37 35
37 34
37 33
37 32
0
Yes
16 0
16 1
17 1
17 0
17 2
18 2
18 1
18 0
0
Yes
33 31
34 31
35 31
36 31
37 31
32 31
31 31
31 30
32 30
33 30
34 30
35 30
36 30
37 30
31 29
32 29
33 29
34 29
35 29
36 29
37 29
31 28
32 28
33 28
34 28
35 28
36 28
37 28
31 27
32 27
33 27
34 27
35 27
36 27
37 27
38 27
38 28
38 29
38 30
38 31
38 32
38 33
38 34
38 35
38 36
39 36
39 35
39 34
39 33
39 32
39 31
39 30
39 29
39 28
39 27
31 26
32 26
33 26
34 26
35 26
36 26
37 26
38 26
39 26
31 25
32 25
33 25
34 25
35 25
36 25
37 25
38 25
39 25
31 24
32 24
33 24
34 24
35 24
36 24
37 24
38 24
39 24
40 24
40 25
40 26
40 27
40 28
40 29
40 30
40 31
40 32
40 33
40 34
40 35
40 36
40 37
41 37
41 36
41 35
41 34
41 33
41 32
41 31
41 30
41 29
41 28
41 27
41 26
41 25
42 25
42 26
42 27
42 28
42 29
42 30
42 31
42 32
42 33
42 34
42 35
42 36
40 23
39 23
38 23
37 23
36 23
35 23
0
No
0
No
0
Yes
43 8
44 8
43 7
44 7
45 7
45 6
44 6
43 6
43 5
44 5
45 5
43 4
44 4
45 4
0
No
0
No
0
No
0
No
0
No
0
No
0
No
0
No
0
No
0
Yes
47 30
47 31
47 32
48 32
48 31
48 30
49 30
49 31
49 32
49 29
48 29
47 29
47 28
48 28
49 28
49 27
48 27
47 27
46 27
46 28
46 29
46 30
46 31
46 32
45 32
45 31
45 30
45 29
45 28
45 27
44 27
44 28
44 29
44 30
44 31
44 32
43 32
43 31
43 30
43 29
43 28
43 27
43 26
44 26
45 26
46 26
47 26
48 26
49 26
43 25
44 25
45 25
46 25
47 25
48 25
49 25
43 33
44 33
45 33
46 33
47 33
48 33
49 33
49 34
48 34
47 34
46 34
0
Yes
1 44
0 44
0 45
1 45
1 46
0 46
0 47
1 47
1 48
0 48
0 49
1 49
2 45
2 46
2 47
2 48
2 49
3 45
3 46
3 47
3 48
3 49
0
No
0
No
0
Yes
27 0
27 1
27 2
27 3
26 2
26 1
26 0
28 3
28 2
28 1
28 0
28 4
29 4
29 3
29 2
29 1
29 0
29 5
30 5
30 4
30 3
30 2
30 1
30 0
30 6
30 7
31 7
31 6
31 5
31 4
31 3
31 2
31 1
31 0
32 0
32 1
32 2
32 3
32 4
32 5
32 6
32 7
33 7
33 6
33 5
33 4
33 3
33 2
33 1
33 0
34 7
34 6
34 5
34 4
34 3
34 2
34 1
34 0
35 6
35 5
35 4
35 3
35 2
35 1
35 0
0
Yes
45 24
46 24
47 24
48 24
49 24
44 24
43 24
42 24
42 23
43 23
44 23
45 23
46 23
47 23
48 23
49 23
49 22
48 22
47 22
46 22
45 22
44 22
43 22
42 22
42 21
43 21
44 21
45 21
46 21
47 21
48 21
49 21
49 20
48 20
47 20
46 20
45 20
44 20
43 20
42 20
42 19
43 19
44 19
45 19
46 19
47 19
48 19
49 19
43 18
44 18
45 18
46 18
47 18
48 18
49 18
43 17
44 17
45 17
46 17
47 17
48 17
49 17
0
Yes
24 31
25 31
26 31
27 31
28 31
29 31
29 32
28 32
27 32
26 32
25 32
24 32
24 33
25 33
26 33
27 33
28 33
29 33
29 34
28 34
27 34
26 34
25 34
24 34
24 35
25 35
26 35
27 35
28 35
29 35
29 36
28 36
27 36
26 36
25 36
24 36
30 31
30 32
30 33
30 34
30 35
30 36
23 31
23 32
23 33
23 34
23 35
23 36
23 37
24 37
25 37
26 37
27 37
28 37
29 37
30 37
24 38
25 38
26 38
27 38
28 38
29 38
30 38
24 39
25 39
0
Yes
31 42
31 43
31 44
31 45
30 45
30 44
30 43
30 42
32 42
32 41
31 41
30 41
29 41
29 42
29 43
29 44
29 45
29 46
28 46
28 45
28 44
28 43
28 42
28 41
28 47
27 47
27 46
27 45
27 44
27 43
27 42
27 41
27 48
27 49
26 49
26 48
26 47
26 46
26 45
26 44
26 43
26 42
26 41
25 41
25 42
25 43
25 44
25 45
25 46
25 47
25 48
25 49
24 44
24 43
24 42
24 41
24 45
24 46
24 47
24 48
24 49
23 45
23 46
23 47
23 48
23 49
24 40
25 40
26 40
27 40
28 40
29 40
30 40
31 40
32 40
26 39
27 39
28 39
29 39
30 39
31 39
32 39
33 42
33 41
33 40
33 39
34 41
34 40
34 39
35 39
35 40
35 41
0
Yes
36 18
36 19
36 20
36 21
37 21
37 20
37 19
37 18
38 18
38 19
38 20
38 21
39 21
39 20
39 19
39 18
40 18
40 19
40 20
40 21
41 21
41 20
41 19
41 18
42 18
42 17
41 17
40 17
39 17
38 17
37 17
36 17
36 16
37 16
38 16
39 16
40 16
41 16
42 16
42 15
41 15
40 15
39 15
38 15
37 15
36 15
39 14
38 14
37 14
36 14
39 13
38 13
37 13
36 13
39 12
38 12
37 12
36 12
35 12
35 13
35 14
35 15
35 16
35 17
35 18
35 19
35 20
35 21
34 21
34 20
34 19
34 18
34 17
34 16
34 15
34 14
34 13
34 12
33 12
33 13
33 14
33 15
33 16
33 17
33 18
33 19
33 20
33 21
32 18
32 19
32 20
32 21
32 17
32 16
32 15
32 14
32 13
32 12
31 17
31 16
31 15
31 14
31 13
30 16
30 15
30 14
30 13
30 12
29 12
29 13
29 14
29 15
29 16
31 19
31 20
31 21
30 21
30 20
30 19
36 11
35 11
34 11
33 11
32 11
41 22
40 22
39 22
38 22
37 22
36 22
35 22
34 22
33 22
0
No
0
No
0
Yes
16 20
17 20
18 20
19 20
15 20
14 20
13 20
12 20
11 20
11 19
12 19
13 19
14 19
15 19
16 19
17 19
18 19
19 19
10 19
9 19
9 18
10 18
11 18
12 18
13 18
14 18
15 18
16 18
17 18
18 18
19 18
9 17
10 17
11 17
12 17
13 17
14 17
15 17
16 17
17 17
18 17
19 17
10 16
11 16
12 16
13 16
14 16
15 16
16 16
17 16
18 16
19 16
10 15
11 15
12 15
13 15
14 15
15 15
16 15
17 15
18 15
19 15
19 14
18 14
17 14
16 14
15 14
14 14
13 14
12 14
11 14
14 13
15 13
16 13
17 13
18 13
18 12
17 12
16 12
15 12
14 12
14 11
15 11
16 11
16 10
15 10
20 15
20 16
20 17
0
Yes
20 35
20 36
20 37
21 37
21 36
21 35
22 37
22 36
22 35
22 34
21 34
20 34
22 33
21 33
20 33
19 37
19 36
19 35
19 34
19 33
18 37
18 36
18 35
18 34
18 33
17 37
17 36
17 35
17 34
17 33
16 37
16 36
16 35
16 34
16 33
22 32
21 32
20 32
19 32
18 32
17 32
16 32
15 32
0
No
0
No
0
No
0
No
0
No
0
Yes
29 27
30 27
30 28
29 28
30 26
29 26
30 25
29 25
30 24
29 24
29 23
30 23
30 22
29 22
29 21
28 21
28 22
28 23
28 24
28 25
28 26
28 27
28 28
27 21
27 22
27 23
27 24
27 25
27 26
27 27
27 28
26 28
26 27
26 26
26 25
26 24
26 23
26 22
26 21
26 20
25 20
25 21
25 22
25 23
25 24
25 25
25 26
25 27
25 28
25 19
25 18
24 18
24 19
24 20
24 21
24 22
24 23
24 24
24 25
24 26
24 27
24 28
24 17
23 17
23 18
23 19
23 20
23 21
23 22
23 23
23 24
23 25
23 26
23 27
23 28
22 17
22 18
22 19
22 20
22 21
22 22
22 23
22 24
22 25
22 26
22 27
22 28
21 17
21 18
21 19
21 20
21 21
21 22
21 23
21 24
21 25
21 26
21 27
21 28
20 20
20 19
20 18
20 25
20 26
20 27
20 28
19 25
19 26
19 27
19 28
0
Yes
0 47
0 48
0 49
1 49
1 48
1 47
2 47
2 48
2 49
3 49
3 48
3 47
4 47
4 48
4 49
4 46
3 46
2 46
1 46
0 46
3 45
2 45
1 45
0 45
1 44
0 44
5 46
5 47
5 48
5 49
6 47
6 48
6 49
7 47
7 48
7 49
8 49
8 48
8 47
8 46
9 46
9 47
9 48
9 49
0
Yes
48 28
48 29
48 30
48 31
48 32
48 33
49 33
49 32
49 31
49 30
49 29
49 28
49 27
48 27
48 26
49 26
49 25
48 25
47 25
47 26
47 27
47 28
47 29
47 30
47 31
47 32
47 33
46 25
46 26
46 27
46 28
46 29
46 30
46 31
46 32
46 33
45 25
45 26
45 27
45 28
45 29
45 30
45 31
45 32
45 33
44 25
44 26
44 27
44 28
44 29
44 30
44 31
44 32
44 33
43 25
43 26
43 27
43 28
43 29
43 30
43 31
43 32
43 33
43 34
44 34
45 34
46 34
47 34
48 34
49 34
45 35
44 35
43 35
43 36
0
Yes
25 42
24 42
24 43
25 43
24 41
25 41
24 40
25 40
24 39
25 39
24 38
25 38
26 38
26 39
26 40
26 41
26 42
26 43
27 43
27 42
27 41
27 40
27 39
27 38
28 38
28 39
28 40
28 41
28 42
28 43
29 43
29 42
29 41
29 40
29 39
29 38
30 38
30 39
30 40
30 41
30 42
30 43
31 43
31 42
31 41
31 40
31 39
31 38
31 37
30 37
29 37
28 37
27 37
26 37
25 37
24 37
31 44
30 44
29 44
28 44
27 44
26 44
25 44
24 44
31 45
30 45
29 45
28 45
27 45
26 45
25 45
24 45
24 36
25 36
26 36
27 36
28 36
29 36
30 36
31 36
0
Yes
44 37
45 37
45 36
44 36
0
Yes
0 28
0 29
0 30
0 31
0 32
0 33
1 33
1 32
1 31
1 30
1 29
1 28
2 28
2 29
2 30
2 31
2 32
2 33
3 33
3 32
3 31
3 30
3 29
3 28
4 28
4 29
4 30
4 31
4 32
4 33
5 33
5 32
5 31
5 30
5 29
5 28
6 33
6 32
6 31
6 30
6 29
6 28
7 31
7 30
7 29
7 28
7 27
6 27
5 27
4 27
3 27
2 27
1 27
0 27
4 26
3 26
2 26
1 26
0 26
4 25
3 25
2 25
1 25
0 25
4 24
3 24
2 24
1 24
0 24
0
No
0
Yes
44 16
43 16
43 15
44 15
43 14
44 14
43 13
44 13
45 13
45 14
45 15
45 16
46 16
46 15
46 14
46 13
46 12
47 16
47 15
47 14
47 13
47 12
48 16
48 15
48 14
48 13
48 12
49 16
49 15
49 14
49 13
49 12
0
Yes
21 41
22 41
23 41
23 40
22 40
21 40
23 39
22 39
21 39
23 38
22 38
21 38
23 37
22 37
21 37
23 36
22 36
21 36
20 41
20 40
20 39
20 38
20 37
20 36
19 41
19 40
19 39
19 38
19 37
19 36
18 41
18 40
18 39
18 38
18 37
18 36
17 41
17 40
17 39
17 38
17 37
17 36
16 36
16 37
16 38
16 39
16 40
16 41
15 38
15 39
15 40
15 41
16 35
17 35
18 35
19 35
20 35
21 35
22 35
23 35
16 34
17 34
18 34
19 34
20 34
21 34
22 34
23 34
16 33
17 33
18 33
19 33
20 33
21 33
22 33
23 33
0
Yes
11 32
11 31
10 32
10 31
9 32
9 31
8 31
8 30
9 30
10 30
11 30
12 30
13 30
14 30
8 29
9 29
10 29
11 29
12 29
13 29
14 29
8 28
9 28
10 28
11 28
12 28
13 28
14 28
8 27
9 27
10 27
11 27
12 27
13 27
14 27
14 26
13 26
12 26
11 26
10 26
9 26
8 26
8 25
9 25
10 25
11 25
12 25
13 25
14 25
14 24
13 24
12 24
11 24
10 24
9 24
8 24
10 23
11 23
12 23
13 23
14 23
9 23
0
Yes
40 26
40 27
40 28
40 29
40 30
41 30
41 29
41 28
41 27
41 26
42 26
42 27
42 28
42 29
42 30
42 25
41 25
40 25
41 24
40 24
41 23
40 23
39 23
39 24
39 25
39 26
39 27
39 28
39 29
39 30
38 23
38 24
38 25
38 26
38 27
38 28
38 29
38 30
37 23
37 24
37 25
37 26
37 27
37 28
37 29
37 30
36 23
36 24
36 25
36 26
36 27
36 28
36 29
36 30
35 23
35 24
35 25
35 26
35 27
35 28
35 29
35 30
34 23
34 24
34 25
34 26
34 27
34 28
34 29
34 30
33 23
33 24
33 25
33 26
33 27
33 28
33 29
33 30
42 31
41 31
40 31
39 31
38 31
37 31
36 31
35 31
34 31
33 31
42 32
41 32
40 32
39 32
38 32
37 32
36 32
35 32
34 32
33 32
42 33
41 33
40 33
39 33
38 33
37 33
36 33
35 33
34 33
33 33
42 34
41 34
40 34
39 34
38 34
37 34
36 34
35 34
34 34
33 34
35 35
36 35
37 35
38 35
39 35
40 35
41 35
42 35
34 35
33 35
42 36
41 36
40 36
39 36
38 36
40 37
41 37
34 36
33 36
32 36
32 35
32 34
32 33
32 32
32 31
32 30
32 29
32 28
32 27
32 26
32 25
32 24
0
Yes
7 17
8 17
8 16
7 16
7 15
8 15
6 16
6 17
5 17
5 16
0
Yes
47 25
48 25
49 25
46 25
45 25
44 25
43 25
43 26
44 26
45 26
46 26
47 26
48 26
49 26
43 27
44 27
45 27
46 27
47 27
48 27
49 27
43 28
44 28
45 28
46 28
47 28
48 28
49 28
43 29
44 29
45 29
46 29
47 29
48 29
49 29
43 30
44 30
45 30
46 30
47 30
48 30
49 30
43 31
44 31
45 31
46 31
47 31
48 31
49 31
43 32
44 32
45 32
46 32
47 32
48 32
49 32
43 33
44 33
45 33
46 33
47 33
48 33
49 33
49 34
48 34
47 34
46 34
45 34
44 34
43 34
0
Yes
1 36
1 37
1 38
1 39
1 40
1 41
1 42
0 42
0 41
0 40
0 39
0 38
0 37
0 36
2 41
2 40
2 39
2 38
2 37
2 36
3 41
3 40
3 39
3 38
3 37
3 36
4 40
4 39
4 38
4 37
4 36
4 35
3 35
2 35
1 35
0 35
0 34
1 34
2 34
3 34
4 34
4 33
3 33
2 33
1 33
0 33
0 32
1 32
2 32
3 32
4 32
4 31
3 31
2 31
1 31
0 31
0 30
1 30
2 30
3 30
4 30
5 37
5 36
5 35
5 34
5 33
5 32
5 31
5 30
6 33
6 32
0
Yes
11 46
11 47
11 48
12 48
12 47
12 46
13 46
13 47
13 48
14 48
14 47
14 46
15 46
15 47
15 48
16 48
16 47
16 46
17 46
17 47
17 48
18 48
18 47
18 46
19 46
19 47
19 48
20 48
20 47
20 46
21 46
21 47
21 48
22 48
22 47
22 46
22 45
21 45
20 45
19 45
18 45
17 45
16 45
15 45
14 45
13 45
12 45
11 45
11 44
12 44
13 44
14 44
15 44
16 44
17 44
18 44
19 44
20 44
21 44
22 44
12 43
13 43
14 43
15 43
16 43
17 43
18 43
19 43
20 43
21 43
22 43
22 42
21 42
20 42
19 42
18 42
17 42
16 42
15 42
14 42
13 42
13 41
14 41
23 42
23 43
23 44
23 45
23 46
23 47
23 48
10 44
10 45
10 46
10 47
10 48
10 49
11 49
12 49
13 49
14 49
15 49
16 49
17 49
18 49
19 49
20 49
21 49
22 49
23 49
24 46
24 47
24 48
24 49
25 46
25 47
25 48
25 49
26 46
26 47
26 48
26 49
27 49
0
Yes
19 46
19 47
19 48
19 49
20 49
20 48
20 47
20 46
21 46
21 47
21 48
21 49
22 49
22 48
22 47
22 46
23 46
23 47
23 48
23 49
23 45
22 45
21 45
20 45
19 45
23 44
22 44
21 44
20 44
19 44
23 43
22 43
21 43
20 43
19 43
23 42
22 42
21 42
20 42
19 42
18 42
18 43
18 44
18 45
18 46
18 47
18 48
18 49
17 42
17 43
17 44
17 45
17 46
17 47
17 48
17 49
16 42
16 43
16 44
16 45
16 46
16 47
16 48
16 49
15 42
15 43
15 44
15 45
15 46
15 47
15 48
15 49
14 49
14 48
14 47
14 46
14 45
14 44
14 43
14 42
0
Yes
36 42
36 41
35 42
35 41
35 40
0
Yes
0 29
1 29
2 29
3 29
4 29
4 28
3 28
2 28
1 28
0 28
0 27
1 27
2 27
3 27
4 27
4 26
3 26
2 26
1 26
0 26
0 25
1 25
2 25
3 25
4 25
4 24
3 24
2 24
1 24
0 24
0
Yes
30 34
30 35
31 35
31 34
31 33
30 33
31 32
30 32
31 31
30 31
31 30
30 30
29 35
29 34
29 33
29 32
29 31
29 30
28 35
28 34
28 33
28 32
28 31
28 30
27 35
27 34
27 33
27 32
27 31
27 30
26 35
26 34
26 33
26 32
26 31
26 30
25 35
25 34
25 33
25 32
25 31
25 30
24 35
24 34
24 33
24 32
0
Yes
41 1
41 0
42 0
43 0
43 1
40 0
40 1
40 2
40 3
39 3
39 2
39 1
39 0
39 4
38 4
38 3
38 2
38 1
38 0
37 4
37 3
37 2
37 1
37 0
36 4
36 3
36 2
36 1
36 0
44 1
44 0
44 2
44 3
45 3
45 2
45 1
45 0
46 3
46 2
46 1
46 0
0
Yes
16 26
16 27
16 28
16 29
16 30
16 31
16 32
17 32
17 31
17 30
17 29
17 28
17 27
17 26
18 26
18 27
18 28
18 29
18 30
18 31
18 32
19 32
19 31
19 30
19 29
20 29
20 30
20 31
20 32
21 32
21 31
21 30
21 29
18 25
17 25
16 25
15 32
15 31
15 30
15 29
15 28
15 27
15 26
15 25
15 24
16 24
17 24
18 24
19 24
20 24
20 23
19 23
18 23
17 23
16 23
15 23
20 22
19 22
18 22
17 22
16 22
15 22
20 21
19 21
18 21
17 21
16 21
15 21
14 21
14 22
13 22
13 21
12 21
12 22
11 22
11 21
22 29
22 30
0
No
0
No
0
Yes
12 47
12 48
11 48
11 47
10 47
10 48
10 46
11 46
12 46
13 46
13 47
13 48
13 49
12 49
11 49
10 49
13 45
12 45
11 45
10 45
10 44
11 44
12 44
13 44
1
579
25 0
25 1
24 1
24 0
23 0
23 1
23 2
22 2
22 1
22 0
21 2
21 1
21 0
20 0
20 1
20 2
20 3
20 4
19 2
19 1
19 0
18 2
18 1
18 0
17 2
17 1
17 0
16 1
16 0
15 0
Yes
7 25
7 26
7 27
7 28
7 24
6 24
6 25
6 26
6 27
6 28
5 28
5 27
5 26
5 25
5 24
4 24
4 25
4 26
4 27
4 28
3 28
3 27
3 26
3 25
3 24
2 24
2 25
2 26
2 27
2 28
1 28
1 27
1 26
1 25
1 24
0 24
0 25
0 26
0 27
0 28
0 29
1 29
2 29
3 29
4 29
5 29
0
No
0
Yes
47 17
48 17
49 17
46 17
45 17
45 18
46 18
47 18
48 18
49 18
49 19
48 19
47 19
46 19
45 19
45 20
46 20
47 20
48 20
49 20
49 21
48 21
47 21
46 21
45 21
45 22
46 22
47 22
48 22
49 22
49 23
48 23
47 23
46 23
45 23
45 24
46 24
47 24
48 24
49 24
44 24
44 23
44 22
44 21
44 20
44 19
44 18
44 17
43 17
43 18
43 19
43 20
43 21
43 22
43 23
43 24
42 24
1
573
0 4
1 4
1 3
0 3
0 2
1 2
1 1
0 1
0 0
1 0
Yes
10 18
10 19
9 19
9 18
8 19
9 17
10 17
10 16
10 15
8 17
8 16
8 15
7 15
7 16
7 17
7 14
6 16
6 17
6 18
5 17
5 16
11 15
11 16
11 17
11 18
11 19
11 14
12 14
12 15
12 16
12 17
12 18
12 19
13 14
13 15
13 16
13 17
13 18
13 19
14 19
14 18
14 17
14 16
14 15
14 14
14 13
15 13
15 14
15 15
15 16
15 17
15 18
15 19
16 19
16 18
16 17
16 16
16 15
16 14
16 13
16 12
15 12
14 12
13 12
14 11
15 11
16 11
15 10
16 10
16 9
11 20
12 20
13 20
14 20
15 20
16 20
17 20
17 19
17 18
17 17
17 16
17 15
17 14
17 13
17 12
18 12
18 13
18 14
18 15
18 16
18 17
18 18
18 19
18 20
19 20
19 19
19 18
19 17
19 16
19 15
19 14
20 17
0
No
0
Yes
47 49
47 48
46 48
46 49
45 48
45 49
48 49
0
Yes
48 28
48 29
48 30
48 31
48 32
49 32
49 31
49 30
49 29
49 28
49 27
48 27
48 26
49 26
49 25
48 25
47 25
47 26
47 27
47 28
47 29
47 30
47 31
47 32
46 25
46 26
46 27
46 28
46 29
46 30
46 31
46 32
45 25
45 26
45 27
45 28
45 29
45 30
45 31
45 32
44 25
44 26
44 27
44 28
44 29
44 30
44 31
44 32
43 25
43 26
43 27
43 28
43 29
43 30
43 31
0
No
0
No
0
No
0
Yes
0 37
0 38
0 39
1 39
1 38
1 37
2 37
2 38
2 39
3 39
3 38
3 37
4 38
4 39
4 37
5 37
5 36
4 36
3 36
2 36
1 36
0 36
5 35
4 35
3 35
2 35
1 35
0 35
5 34
4 34
3 34
2 34
1 34
0 34
4 40
3 40
2 40
1 40
0 40
3 41
2 41
1 41
0 41
0
No
0
Yes
25 46
24 46
24 47
25 47
24 48
25 48
24 49
25 49
26 46
26 47
26 48
26 49
27 49
27 48
27 47
27 46
28 46
28 47
0
Yes
5 16
6 16
7 16
7 15
8 15
8 16
5 17
6 17
7 17
8 17
9 17
9 18
9 19
10 19
10 18
10 17
10 16
10 15
11 15
11 16
11 17
11 18
11 19
11 14
12 14
12 15
12 16
12 17
12 18
12 19
13 14
13 15
13 16
13 17
13 18
13 19
11 20
12 20
13 20
11 21
12 21
13 21
11 22
12 22
13 22
14 22
14 21
14 20
14 19
14 18
14 17
14 16
14 15
14 14
14 13
14 12
14 11
15 11
15 12
15 13
15 14
15 15
15 16
15 17
15 18
15 19
15 20
15 21
15 22
15 10
16 10
16 11
16 12
16 13
16 14
16 15
16 16
16 17
16 18
16 19
16 20
16 21
16 22
17 12
17 13
17 14
17 15
17 16
17 17
17 18
17 19
17 20
17 21
17 22
18 12
18 13
18 14
18 15
18 16
18 17
18 18
18 19
18 20
18 21
18 22
19 14
19 15
19 16
19 17
19 18
19 19
19 20
19 21
19 22
0
Yes
1 24
1 23
0 23
0 24
0 25
1 25
1 26
0 26
0 27
1 27
1 28
0 28
0 29
1 29
1 30
0 30
0 31
1 31
1 32
0 32
0 33
1 33
2 33
2 32
2 31
2 30
2 29
2 28
2 27
2 26
2 25
2 24
2 23
3 23
3 24
3 25
3 26
3 27
3 28
3 29
3 30
3 31
3 32
3 33
4 33
4 32
4 31
4 30
4 29
4 28
4 27
4 26
4 25
4 24
5 33
5 32
5 31
5 30
5 29
5 28
5 27
5 26
5 25
5 24
6 33
6 32
6 31
6 30
6 29
6 28
6 27
6 26
6 25
6 24
7 31
7 30
7 29
7 28
7 27
7 26
7 25
0
Yes
30 31
31 31
31 32
30 32
31 33
30 33
29 33
29 32
29 31
28 31
28 32
28 33
27 33
27 32
27 31
31 34
30 34
29 34
28 34
27 34
31 35
30 35
29 35
28 35
27 35
31 30
30 30
29 30
28 30
0
Yes
0 30
0 31
0 32
0 33
1 33
1 32
1 31
1 30
2 33
2 32
2 31
2 30
3 33
3 32
3 31
3 30
4 33
4 32
4 31
4 30
5 33
5 32
5 31
5 30
6 33
6 32
6 31
6 30
7 31
7 30
7 29
6 29
5 29
4 29
3 29
2 29
1 29
0 29
7 28
6 28
5 28
4 28
3 28
2 28
1 28
0 28
7 27
6 27
5 27
4 27
3 27
2 27
1 27
0 27
7 26
6 26
5 26
4 26
3 26
2 26
1 26
0 26
7 25
6 25
5 25
4 25
3 25
2 25
1 25
0 25
4 24
5 24
6 24
7 24
3 24
2 24
1 24
0 24
0 23
1 23
2 23
3 23
3 22
2 22
2 21
3 21
0
Yes
18 48
18 49
19 49
19 48
19 47
18 47
18 46
19 46
19 45
18 45
18 44
19 44
17 44
17 45
17 46
17 47
17 48
17 49
16 49
16 48
16 47
16 46
16 45
16 44
15 44
15 45
15 46
15 47
15 48
15 49
14 49
14 48
14 47
14 46
14 45
14 44
13 44
13 45
13 46
13 47
13 48
13 49
12 49
12 48
12 47
12 46
12 45
12 44
11 44
11 45
11 46
11 47
11 48
11 49
10 44
10 45
10 46
10 47
10 48
10 49
12 43
13 43
14 43
15 43
16 43
17 43
18 43
19 43
19 42
18 42
17 42
16 42
15 42
0
Yes
16 29
15 29
15 30
16 30
15 31
16 31
15 28
16 28
15 27
16 27
17 27
17 28
17 29
17 30
17 31
18 31
18 30
18 29
18 28
18 27
19 27
19 28
19 29
19 30
19 31
15 32
16 32
17 32
18 32
19 32
15 26
16 26
17 26
18 26
19 26
15 25
16 25
17 25
18 25
0
Yes
43 8
44 8
43 7
44 7
45 7
45 6
44 6
43 6
43 5
44 5
45 5
43 4
44 4
45 4
0
Yes
18 0
18 1
19 1
19 0
20 0
20 1
21 1
21 0
17 1
17 0
17 2
18 2
19 2
20 2
21 2
0
Yes
24 24
25 24
26 24
27 24
28 24
29 24
29 23
28 23
27 23
26 23
25 23
24 23
24 22
25 22
26 22
27 22
28 22
29 22
29 21
28 21
27 21
26 21
25 21
24 21
26 20
25 20
24 20
25 19
24 19
25 18
24 18
24 17
23 17
23 18
23 19
23 20
23 21
23 22
23 23
23 24
22 17
22 18
22 19
22 20
22 21
22 22
22 23
22 24
21 24
21 23
21 22
21 21
21 20
21 19
21 18
21 17
21 16
21 15
20 15
20 16
20 17
20 18
20 19
20 20
20 21
20 22
20 23
20 24
19 23
19 24
19 25
20 25
21 25
22 25
23 25
24 25
25 25
26 25
27 25
28 25
29 25
20 26
21 26
22 26
23 26
24 26
25 26
26 26
27 26
28 26
29 26
20 27
21 27
22 27
23 27
0
No
0
Yes
49 1
49 2
49 0
48 2
48 1
48 0
47 2
47 1
47 0
46 0
46 1
0
Yes
42 24
42 23
42 22
42 21
42 20
42 19
43 19
43 20
43 21
43 22
43 23
43 24
43 25
43 26
43 27
43 28
43 18
44 18
44 19
44 20
44 21
44 22
44 23
44 24
44 25
44 26
44 27
44 28
45 28
45 27
45 26
45 25
45 24
45 23
45 22
45 21
45 20
45 19
45 18
46 18
46 19
46 20
46 21
46 22
46 23
46 24
46 25
46 26
46 27
46 28
47 28
47 27
47 26
47 25
47 24
47 23
47 22
47 21
47 20
47 19
47 18
48 18
48 19
48 20
48 21
48 22
48 23
48 24
48 25
48 26
48 27
48 28
49 28
49 27
49 26
49 25
49 24
49 23
49 22
49 21
49 20
49 19
49 18
43 17
44 17
45 17
46 17
47 17
48 17
49 17
43 29
44 29
45 29
46 29
47 29
48 29
49 29
43 30
44 30
45 30
46 30
47 30
48 30
49 30
43 31
44 31
45 31
46 31
47 31
48 31
49 31
43 32
44 32
45 32
46 32
47 32
48 32
49 32
43 33
44 33
45 33
46 33
47 33
48 33
49 33
1
604
40 0
40 1
41 1
41 0
42 0
40 2
39 2
39 1
39 0
38 0
38 1
38 2
37 2
37 1
37 0
36 0
36 1
36 2
43 0
43 1
40 3
39 3
38 3
37 3
36 3
36 4
37 4
38 4
39 4
44 1
44 0
44 2
44 3
45 3
45 2
45 1
45 0
46 3
46 2
Yes
20 45
20 46
20 47
20 48
20 49
20 44
21 44
21 45
21 46
21 47
21 48
21 49
22 49
22 48
22 47
22 46
22 45
22 44
23 44
23 45
23 46
23 47
23 48
23 49
24 49
24 48
24 47
24 46
24 45
24 44
25 44
25 45
25 46
25 47
25 48
25 49
26 49
26 48
26 47
26 46
26 45
26 44
27 48
27 49
27 47
27 46
27 45
27 44
28 47
28 46
0
Yes
15 29
15 30
15 31
15 32
16 32
16 31
16 30
16 29
17 32
17 31
17 30
17 29
18 32
18 31
18 30
18 29
19 32
19 31
19 30
19 29
20 32
20 31
20 30
20 29
21 32
21 31
21 30
21 29
22 32
22 31
22 30
22 29
15 28
16 28
17 28
18 28
19 28
20 28
21 28
22 28
15 27
16 27
17 27
18 27
19 27
20 27
21 27
22 27
15 26
16 26
17 26
18 26
19 26
20 26
21 26
22 26
15 25
16 25
17 25
18 25
19 25
20 25
21 25
22 25
23 32
23 31
23 30
23 29
23 28
23 27
23 26
23 25
24 25
24 26
24 27
24 28
24 29
24 30
24 31
24 32
25 32
25 31
25 30
25 29
25 28
25 27
25 26
25 25
26 31
26 32
26 30
26 29
26 28
0
No
0
Yes
45 27
45 28
45 29
45 30
45 31
46 31
46 30
46 29
46 28
46 27
47 27
47 28
47 29
47 30
47 31
48 31
48 30
48 29
48 28
48 27
49 27
49 28
49 29
49 30
49 31
44 31
44 30
44 29
44 28
44 27
43 27
43 28
43 29
43 30
43 31
43 32
44 32
45 32
46 32
47 32
48 32
49 32
43 33
44 33
45 33
46 33
47 33
48 33
49 33
49 34
48 34
47 34
46 34
45 34
44 34
43 34
43 35
44 35
45 35
43 36
44 36
45 36
45 37
44 37
43 26
44 26
45 26
46 26
47 26
48 26
49 26
43 25
0
Yes
35 0
35 1
35 2
35 3
35 4
35 5
35 6
34 6
34 5
34 4
34 3
34 2
34 1
34 0
34 7
33 7
33 6
33 5
33 4
33 3
33 2
33 1
33 0
32 0
32 1
32 2
32 3
32 4
32 5
32 6
32 7
31 7
31 6
31 5
31 4
31 3
31 2
31 1
31 0
30 7
30 6
30 5
30 4
30 3
30 2
30 1
30 0
29 5
29 4
29 3
29 2
29 1
29 0
1
612
28 45
29 45
30 45
31 45
31 44
30 44
29 44
28 44
31 43
30 43
29 43
28 43
28 42
29 42
30 42
31 42
32 42
33 42
27 43
27 42
26 43
26 42
25 43
25 42
24 43
24 42
24 41
25 41
26 41
27 41
28 41
29 41
30 41
31 41
32 41
33 41
34 41
34 40
33 40
32 40
31 40
30 40
29 40
28 40
27 40
26 40
25 40
24 40
24 39
25 39
26 39
27 39
28 39
29 39
30 39
31 39
32 39
33 39
34 39
35 39
35 38
34 38
33 38
32 38
31 38
30 38
29 38
28 38
27 38
26 38
25 38
24 38
35 37
34 37
33 37
32 37
31 37
30 37
29 37
28 37
27 37
26 37
25 37
24 37
31 36
30 36
29 36
28 36
27 36
26 36
25 36
24 36
33 43
Yes
15 28
15 29
15 30
15 27
15 26
15 25
15 24
15 23
16 23
16 24
16 25
16 26
16 27
16 28
16 29
16 30
17 23
17 24
17 25
17 26
17 27
17 28
17 29
17 30
18 23
18 24
18 25
18 26
18 27
18 28
18 29
18 30
19 23
19 24
19 25
19 26
19 27
19 28
19 29
19 30
15 31
16 31
17 31
18 31
19 31
15 32
16 32
17 32
18 32
19 32
20 32
20 31
20 30
20 29
20 28
20 27
20 26
20 25
20 24
20 23
20 22
20 21
20 20
20 19
20 18
20 17
20 16
20 15
21 15
21 16
21 17
21 18
21 19
21 20
21 21
21 22
21 23
21 24
21 25
21 26
21 27
21 28
21 29
21 30
21 31
21 32
22 32
22 31
22 30
22 29
22 28
22 27
22 26
22 25
22 24
22 23
22 22
22 21
22 20
22 19
22 18
22 17
23 17
23 18
23 19
23 20
23 21
23 22
23 23
23 24
23 25
23 26
23 27
23 28
23 29
23 30
23 31
23 32
24 17
24 18
24 19
24 20
24 21
24 22
24 23
24 24
24 25
24 26
24 27
24 28
24 29
24 30
24 31
24 32
25 18
25 19
25 20
25 21
25 22
25 23
25 24
25 25
25 26
25 27
25 28
25 29
25 30
25 31
0
No
0
No
0
Yes
49 22
49 23
49 24
49 25
48 25
48 24
48 23
48 22
47 25
47 24
47 23
47 22
46 25
46 24
46 23
46 22
46 21
47 21
48 21
49 21
49 20
48 20
47 20
46 20
46 19
47 19
48 19
49 19
49 18
48 18
47 18
46 18
46 17
47 17
48 17
49 17
45 17
45 18
45 19
45 20
45 21
45 22
45 23
45 24
0
No
0
Yes
10 31
10 32
11 32
11 31
9 32
9 31
8 31
8 30
9 30
10 30
11 30
12 30
8 29
9 29
10 29
11 29
12 29
8 28
9 28
10 28
11 28
12 28
8 27
9 27
10 27
11 27
12 27
8 26
9 26
10 26
11 26
12 26
8 25
9 25
10 25
11 25
12 25
8 24
9 24
10 24
11 24
12 24
12 23
11 23
10 23
9 23
8 23
9 22
8 22
7 22
7 23
6 23
6 22
5 22
5 23
13 23
13 24
13 25
13 26
13 27
13 28
13 29
13 30
14 30
14 29
14 28
14 27
14 26
14 25
14 24
14 23
15 23
15 24
15 25
15 26
15 27
15 28
15 29
15 30
15 31
15 32
16 32
16 31
16 30
16 29
16 28
16 27
16 26
16 25
16 24
16 23
17 23
17 24
17 25
17 26
17 27
17 28
17 29
17 30
17 31
17 32
18 32
18 31
18 30
18 29
18 28
18 27
18 26
18 25
0
No
0
Yes
29 21
28 21
27 21
27 22
28 22
29 22
30 22
30 23
29 23
28 23
27 23
27 24
28 24
29 24
30 24
30 25
29 25
28 25
27 25
27 26
28 26
29 26
30 26
30 27
29 27
28 27
27 27
27 28
28 28
29 28
30 28
30 29
29 29
28 29
27 29
27 30
26 30
26 29
26 28
26 27
26 26
26 25
26 24
26 23
26 22
26 21
25 21
25 22
25 23
25 24
25 25
25 26
25 27
25 28
25 29
25 30
24 30
24 29
24 28
24 27
24 26
24 25
24 24
24 23
24 22
24 21
23 21
23 22
23 23
23 24
23 25
23 26
23 27
23 28
23 29
23 30
22 30
22 29
22 28
22 27
22 26
22 25
22 24
22 23
22 22
22 21
21 21
21 22
21 23
21 24
21 25
21 26
21 27
21 28
21 29
21 30
31 29
31 28
31 27
31 26
31 25
31 24
0
No
0
Yes
29 44
28 44
28 43
29 43
27 43
26 43
25 43
24 43
24 42
25 42
26 42
27 42
28 42
29 42
24 41
25 41
26 41
27 41
28 41
29 41
24 40
25 40
26 40
27 40
28 40
29 40
24 39
25 39
26 39
27 39
28 39
29 39
24 38
25 38
26 38
27 38
28 38
29 38
24 37
25 37
26 37
27 37
28 37
29 37
29 36
28 36
27 36
26 36
25 36
24 36
30 36
30 37
30 38
30 39
30 40
30 41
30 42
30 43
30 44
31 36
31 37
31 38
31 39
31 40
31 41
31 42
31 43
31 44
32 42
32 41
32 40
32 39
32 38
32 37
33 42
33 41
33 40
33 39
33 38
33 37
34 41
34 40
34 39
34 38
34 37
35 37
35 38
35 39
31 45
30 45
29 45
28 45
24 35
25 35
26 35
26 34
25 34
24 34
24 33
25 33
26 33
26 32
25 32
24 32
26 31
25 31
24 31
33 43
0
Yes
46 4
46 3
46 2
47 2
48 2
48 1
47 1
46 1
45 1
45 2
45 3
45 4
44 3
44 2
44 1
44 4
43 4
49 3
43 5
44 5
45 5
45 6
44 6
43 6
45 7
44 7
43 7
43 8
44 8
49 2
49 1
49 0
48 0
47 0
46 0
45 0
44 0
0
No
0
No
0
Yes
0 4
1 4
1 3
0 3
0
Yes
45 21
45 22
46 22
46 21
47 21
47 22
48 22
48 21
49 21
49 22
49 20
48 20
47 20
46 20
45 20
45 19
46 19
47 19
48 19
49 19
49 18
48 18
47 18
46 18
45 18
45 17
46 17
47 17
48 17
49 17
49 16
48 16
47 16
46 16
45 16
45 15
46 15
47 15
48 15
49 15
49 14
48 14
47 14
46 14
45 14
45 13
46 13
47 13
48 13
49 13
46 12
47 12
48 12
49 12
47 11
48 11
49 11
44 13
44 14
44 15
44 16
44 17
44 18
44 19
44 20
44 21
44 22
43 13
43 14
43 15
43 16
43 17
43 18
43 19
43 20
43 21
43 22
42 19
42 20
42 21
1
601
44 3
44 2
45 2
45 3
46 3
46 2
46 4
45 4
44 4
43 4
43 5
44 5
45 5
45 6
44 6
43 6
45 7
44 7
43 7
43 8
44 8
46 1
45 1
44 1
43 1
43 0
44 0
45 0
46 0
Yes
21 22
20 22
20 21
21 21
20 20
21 20
20 19
21 19
20 18
21 18
20 17
21 17
22 17
22 18
22 19
22 20
22 21
22 22
23 17
23 18
23 19
23 20
23 21
23 22
24 17
24 18
24 19
24 20
24 21
24 22
25 18
25 19
25 20
25 21
25 22
25 23
24 23
23 23
22 23
21 23
20 23
20 24
21 24
22 24
23 24
24 24
25 24
25 25
24 25
23 25
22 25
21 25
20 25
26 20
26 21
26 22
26 23
26 24
26 25
27 21
27 22
27 23
27 24
27 25
0
Yes
29 27
29 28
29 29
29 30
29 31
29 32
29 33
29 34
30 34
30 33
30 32
30 31
30 30
30 29
30 28
30 27
31 27
31 28
31 29
31 30
31 31
31 32
31 33
31 34
28 34
28 33
28 32
28 31
28 30
28 29
28 28
28 27
27 31
27 32
27 33
27 34
27 30
27 29
27 28
0
No
0
No
0
Yes
26 29
26 30
25 30
25 29
24 30
24 29
26 28
25 28
24 28
24 27
25 27
26 27
27 27
27 26
26 26
25 26
24 26
23 26
23 27
23 28
23 29
23 30
23 31
23 32
22 32
22 31
22 30
22 29
22 28
22 27
22 26
28 26
29 26
30 26
31 26
31 25
30 25
29 25
28 25
28 24
29 24
30 24
31 24
28 23
29 23
30 23
31 23
32 23
32 22
31 22
30 22
29 22
28 22
28 21
29 21
21 26
21 27
21 28
21 29
21 30
21 31
21 32
20 32
20 31
20 30
20 29
20 28
20 27
20 26
19 32
19 31
19 30
19 29
19 28
19 27
19 26
19 25
0
No
0
No
0
No
0
Yes
37 0
36 0
36 1
37 1
36 2
37 2
36 3
37 3
36 4
37 4
38 4
38 3
38 2
38 1
38 0
39 4
39 3
39 2
39 1
39 0
40 3
40 2
0
Yes
49 26
49 27
49 28
49 29
49 30
49 31
49 32
49 33
49 34
48 34
48 33
48 32
48 31
48 30
48 29
48 28
48 27
48 26
47 34
47 33
47 32
47 31
47 30
47 29
47 28
47 27
47 26
46 34
46 33
46 32
46 31
46 30
46 29
46 28
46 27
46 26
46 25
47 25
48 25
49 25
49 24
48 24
47 24
46 24
46 23
47 23
48 23
49 23
45 23
45 24
45 25
45 26
45 27
45 28
45 29
45 30
45 31
45 32
45 33
45 34
44 23
44 24
44 25
44 26
44 27
44 28
44 29
44 30
44 31
44 32
44 33
44 34
43 23
43 24
43 25
43 26
43 27
43 28
43 29
43 30
43 31
43 32
43 33
43 34
42 23
42 24
42 25
42 26
42 27
42 28
42 29
42 30
42 31
42 32
42 33
42 34
41 23
41 24
41 25
0
Yes
28 43
28 44
28 45
29 45
29 44
29 43
30 45
30 44
30 43
31 45
31 44
31 43
27 43
26 43
25 43
25 42
26 42
27 42
28 42
29 42
30 42
31 42
32 42
33 42
33 41
32 41
31 41
30 41
29 41
28 41
27 41
26 41
25 41
25 40
26 40
27 40
28 40
29 40
30 40
31 40
32 40
33 40
33 39
32 39
31 39
30 39
29 39
28 39
27 39
26 39
25 39
25 38
26 38
27 38
28 38
29 38
30 38
31 38
32 38
33 38
33 37
32 37
31 37
30 37
29 37
28 37
27 37
26 37
25 37
34 41
34 40
34 39
34 38
34 37
35 37
35 38
35 39
34 36
33 36
32 36
31 36
30 36
29 36
28 36
27 36
26 36
25 36
24 36
24 37
24 38
24 39
24 40
0
Yes
45 35
45 36
45 37
44 37
44 36
44 35
43 35
43 36
42 36
42 35
41 35
41 36
41 37
40 37
40 36
40 35
39 36
39 35
38 36
38 35
37 35
36 35
35 35
34 35
41 34
40 34
39 34
38 34
37 34
36 34
35 34
34 34
41 33
40 33
39 33
38 33
37 33
36 33
35 33
34 33
41 32
40 32
39 32
38 32
37 32
36 32
35 32
34 32
41 31
40 31
39 31
38 31
37 31
36 31
35 31
34 31
41 30
40 30
39 30
38 30
37 30
36 30
35 30
34 30
41 29
40 29
39 29
38 29
37 29
36 29
35 29
34 29
41 28
40 28
39 28
38 28
37 28
36 28
35 28
34 28
41 27
40 27
39 27
38 27
37 27
36 27
35 27
34 27
41 26
40 26
39 26
38 26
37 26
36 26
35 26
34 26
40 25
39 25
38 25
37 25
36 25
35 25
34 25
40 24
39 24
38 24
37 24
36 24
35 24
34 24
40 23
39 23
38 23
37 23
36 23
35 23
34 23
33 23
33 24
33 25
33 26
33 27
33 28
33 29
33 30
33 31
33 32
33 33
33 34
33 35
32 35
32 34
32 33
32 32
32 31
32 30
32 29
32 28
32 27
32 26
32 25
32 24
32 23
46 36
0
No
0
No
0
Yes
25 35
24 35
24 34
25 34
24 33
25 33
26 35
26 34
26 33
27 35
27 34
27 33
28 35
28 34
28 33
29 35
29 34
29 33
30 35
30 34
30 33
31 35
31 34
31 33
31 32
30 32
29 32
28 32
27 32
26 32
25 32
24 32
31 31
30 31
29 31
28 31
27 31
26 31
25 31
24 31
31 30
30 30
29 30
28 30
27 30
26 30
25 30
24 30
0
Yes
1 0
1 1
2 1
2 0
0 1
0 0
2 2
1 2
0 2
1 3
0 3
1 4
0 4
0
Yes
23 40
23 39
23 38
23 37
23 36
23 35
23 34
23 33
22 33
22 34
22 35
22 36
22 37
22 38
22 39
22 40
22 41
23 41
24 41
24 42
23 42
22 42
24 43
23 43
22 43
21 43
21 42
21 41
21 40
21 39
21 38
21 37
21 36
21 35
21 34
21 33
20 43
20 42
20 41
20 40
20 39
20 38
20 37
20 36
20 35
20 34
20 33
19 41
19 40
19 39
19 38
19 37
19 36
19 35
19 34
19 33
18 33
18 34
18 35
18 36
18 37
18 38
18 39
18 40
18 41
17 41
17 40
17 39
17 38
17 37
17 36
17 35
17 34
17 33
16 33
16 34
16 35
16 36
16 37
16 38
16 39
16 40
16 41
15 38
15 39
15 40
15 41
14 39
14 40
14 41
14 42
13 42
13 41
19 32
20 32
21 32
22 32
23 32
23 31
22 31
21 31
20 31
19 31
19 30
20 30
21 30
22 30
23 30
0
Yes
0 42
1 42
1 41
0 41
2 41
3 41
3 40
2 40
1 40
0 40
4 40
4 39
3 39
2 39
1 39
0 39
4 38
3 38
2 38
1 38
0 38
0 37
1 37
2 37
3 37
4 37
4 36
3 36
2 36
1 36
0 36
0 35
1 35
2 35
3 35
4 35
4 34
3 34
2 34
1 34
0 34
5 34
5 35
5 36
5 37
0
Yes
40 1
41 1
40 0
41 0
42 0
0
Yes
28 1
28 2
28 3
27 3
27 2
27 1
28 0
27 0
26 2
26 1
26 0
0
Yes
47 25
47 26
47 27
48 27
48 26
48 25
49 25
49 26
49 27
49 24
48 24
47 24
47 23
48 23
49 23
46 23
46 24
46 25
46 26
46 27
45 23
45 24
45 25
45 26
45 27
44 23
44 24
44 25
44 26
44 27
44 28
45 28
46 28
47 28
48 28
49 28
0
No
1
631
42 25
41 25
41 24
42 24
41 23
42 23
49 35
43 23
43 24
43 25
43 26
42 26
42 27
43 27
43 28
42 28
42 29
43 29
44 29
45 29
46 29
47 29
48 29
49 29
42 30
43 30
44 30
45 30
46 30
47 30
48 30
49 30
42 31
43 31
44 31
45 31
46 31
47 31
48 31
49 31
42 32
43 32
44 32
45 32
46 32
47 32
48 32
49 32
42 33
43 33
44 33
45 33
46 33
47 33
48 33
49 33
42 34
43 34
44 34
45 34
46 34
47 34
48 34
49 34
Yes
30 29
31 29
31 28
30 28
31 27
30 27
29 29
29 28
29 27
28 29
28 28
28 27
27 29
27 28
27 27
26 29
26 28
26 27
25 29
25 28
25 27
24 29
24 28
24 27
23 29
23 28
23 27
22 29
22 28
22 27
21 29
21 28
21 27
20 29
20 28
20 27
19 29
19 28
19 27
19 26
20 26
21 26
22 26
23 26
24 26
25 26
26 26
27 26
28 26
29 26
30 26
31 26
31 25
30 25
29 25
28 25
27 25
26 25
25 25
24 25
23 25
22 25
21 25
20 25
19 25
31 24
30 24
29 24
28 24
27 24
26 24
25 24
24 24
23 24
22 24
21 24
20 24
19 24
18 24
18 23
19 23
20 23
21 23
22 23
23 23
24 23
25 23
26 23
27 23
28 23
29 23
30 23
31 23
31 22
30 22
29 22
28 22
27 22
26 22
25 22
24 22
23 22
22 22
21 22
20 22
29 21
28 21
27 21
26 21
25 21
24 21
23 21
22 21
21 21
0
Yes
43 1
43 0
44 0
44 1
44 2
44 3
44 4
43 4
43 5
44 5
43 6
44 6
43 7
44 7
44 8
43 8
45 7
45 6
45 5
45 4
45 3
45 2
45 1
45 0
46 4
46 3
46 2
46 1
46 0
47 2
47 1
47 0
48 2
48 1
48 0
49 2
49 1
0
Yes
2 28
2 29
2 30
2 31
2 32
2 33
3 33
3 32
3 31
3 30
3 29
3 28
4 33
4 32
4 31
4 30
4 29
4 28
5 33
5 32
5 31
5 30
5 29
5 28
6 33
6 32
6 31
6 30
6 29
6 28
7 31
7 30
7 29
7 28
1 33
1 32
1 31
1 30
1 29
1 28
0 33
0 32
0 31
0 30
0 29
0 28
0 27
1 27
2 27
3 27
4 27
5 27
6 27
7 27
7 26
6 26
5 26
4 26
3 26
2 26
1 26
0 26
0 25
1 25
2 25
3 25
4 25
5 25
6 25
7 25
4 24
5 24
6 24
7 24
3 24
2 24
1 24
0 24
0 23
1 23
2 23
3 23
3 22
2 22
2 21
3 21
5 23
6 23
7 23
5 22
6 22
7 22
8 22
8 23
8 24
8 25
8 26
8 27
8 28
8 29
8 30
8 31
9 22
9 23
9 24
9 25
9 26
9 27
9 28
9 29
0
Yes
16 0
16 1
17 1
17 0
18 0
0
Yes
17 47
17 48
17 49
16 49
16 48
16 47
16 46
17 46
17 45
16 45
16 44
17 44
17 43
16 43
15 43
15 44
15 45
15 46
15 47
15 48
15 49
14 43
14 44
14 45
14 46
14 47
14 48
14 49
13 43
13 44
13 45
13 46
13 47
13 48
13 49
12 43
12 44
12 45
12 46
12 47
12 48
12 49
11 44
11 45
11 46
11 47
11 48
11 49
10 44
10 45
10 46
10 47
10 48
10 49
0
Yes
15 29
15 30
15 31
14 30
14 29
13 30
13 29
12 30
12 29
12 28
13 28
14 28
15 28
16 28
16 29
16 30
16 31
17 31
17 30
17 29
17 28
18 28
18 29
18 30
18 31
18 27
17 27
16 27
15 27
14 27
13 27
12 27
18 26
17 26
16 26
15 26
14 26
13 26
12 26
18 25
17 25
16 25
15 25
14 25
13 25
12 25
17 24
16 24
15 24
14 24
13 24
12 24
17 23
16 23
15 23
14 23
13 23
12 23
11 23
11 24
11 25
11 26
11 27
11 28
11 29
11 30
10 23
10 24
10 25
10 26
10 27
10 28
10 29
0
Yes
21 32
21 33
21 34
21 35
21 36
22 36
22 35
22 34
22 33
22 32
23 32
23 33
23 34
23 35
23 36
23 31
22 31
21 31
23 30
22 30
21 30
20 30
20 31
20 32
20 33
20 34
20 35
20 36
19 30
19 31
19 32
19 33
19 34
19 35
19 36
18 32
18 33
18 34
18 35
18 36
17 32
17 33
17 34
17 35
17 36
16 32
16 33
16 34
16 35
16 36
16 37
17 37
18 37
19 37
20 37
0
Yes
11 31
11 32
10 32
10 31
9 32
9 31
0
Yes
2 45
3 45
3 46
2 46
2 47
3 47
3 48
2 48
2 49
3 49
1 49
1 48
1 47
1 46
1 45
1 44
0 44
0 45
0 46
0 47
0 48
0 49
4 46
4 47
4 48
0
Yes
46 25
46 26
46 27
46 28
47 28
47 27
47 26
47 25
47 24
46 24
48 28
48 27
48 26
48 25
48 24
49 28
49 27
49 26
49 25
49 24
0
Yes
19 49
19 48
19 47
19 46
18 46
18 47
18 48
18 49
17 49
17 48
17 47
17 46
16 46
16 47
16 48
16 49
15 49
15 48
15 47
15 46
0
Yes
48 13
48 14
48 15
48 16
49 16
49 15
49 14
49 13
49 12
48 12
48 11
49 11
47 11
47 12
47 13
47 14
47 15
47 16
46 12
46 13
46 14
46 15
46 16
45 13
45 14
45 15
45 16
44 13
44 14
44 15
44 16
43 13
43 14
43 15
43 16
43 17
44 17
45 17
46 17
47 17
48 17
49 17
43 18
44 18
45 18
46 18
47 18
48 18
49 18
49 19
48 19
47 19
46 19
45 19
44 19
43 19
0
Yes
1 24
1 23
0 23
0 24
0 25
1 25
1 26
0 26
0 27
1 27
1 28
0 28
0 29
1 29
1 30
0 30
0 31
1 31
1 32
0 32
0 33
1 33
2 33
2 32
2 31
2 30
2 29
2 28
2 27
2 26
2 25
2 24
2 23
3 23
3 24
3 25
3 26
3 27
3 28
3 29
3 30
3 31
3 32
3 33
4 33
4 32
4 31
4 30
4 29
4 28
4 27
4 26
4 25
4 24
5 33
5 32
5 31
5 30
5 29
5 28
5 27
5 26
5 25
5 24
6 33
6 32
6 31
6 30
6 29
6 28
6 27
6 26
6 25
6 24
7 31
7 30
7 29
7 28
7 27
7 26
7 25
7 24
5 23
6 23
7 23
5 22
6 22
0
No
0
No
0
No
0
No
0
Yes
9 45
10 45
10 44
11 44
11 45
12 45
12 44
12 43
13 43
13 44
13 45
13 42
13 41
14 41
14 42
14 43
14 44
14 45
14 46
13 46
12 46
11 46
10 46
9 46
8 46
14 47
13 47
12 47
11 47
10 47
9 47
8 47
7 47
6 47
5 47
5 48
6 48
7 48
8 48
9 48
10 48
11 48
12 48
13 48
14 48
14 49
13 49
12 49
11 49
10 49
9 49
8 49
7 49
6 49
5 49
15 45
15 44
15 43
15 42
15 41
16 45
16 44
16 43
16 42
16 41
0
No
0
Yes
25 0
24 0
23 0
22 0
21 0
25 1
24 1
23 1
22 1
21 1
23 2
22 2
21 2
0
Yes
17 25
18 25
18 26
17 26
18 27
17 27
18 28
17 28
18 29
17 29
18 30
17 30
17 24
17 23
16 23
16 24
16 25
16 26
16 27
16 28
16 29
16 30
15 23
15 24
15 25
15 26
15 27
15 28
15 29
15 30
14 30
14 29
14 28
14 27
14 26
14 25
14 24
14 23
13 23
13 24
13 25
13 26
13 27
13 28
13 29
13 30
12 30
12 29
12 28
12 27
12 26
12 25
12 24
12 23
11 23
11 24
11 25
11 26
11 27
11 28
11 29
11 30
1
663
49 20
48 20
47 20
47 21
48 21
49 21
49 22
48 22
47 22
47 23
48 23
49 23
49 24
48 24
47 24
46 20
46 21
46 22
46 23
46 24
Yes
19 47
19 48
19 49
19 46
19 45
19 44
19 43
20 43
21 43
22 43
22 42
21 42
20 42
19 42
19 41
20 41
21 41
22 41
22 40
21 40
20 40
19 40
19 39
20 39
21 39
22 39
18 39
18 40
18 41
18 42
18 43
18 44
18 45
18 46
18 47
18 48
18 49
17 45
17 44
17 43
17 42
17 41
17 40
17 39
17 46
17 47
17 48
17 49
16 46
16 47
16 48
16 49
16 40
16 39
15 46
15 47
15 48
15 49
16 38
17 38
18 38
19 38
20 38
21 38
22 38
21 37
22 37
23 37
23 38
23 39
23 40
23 41
23 42
23 43
24 43
24 42
24 41
0
Yes
4 4
5 4
6 4
6 3
5 3
4 3
0
Yes
0 38
1 38
2 38
3 38
4 38
4 37
3 37
2 37
1 37
0 37
5 37
5 36
4 36
3 36
2 36
1 36
0 36
5 35
4 35
3 35
2 35
1 35
0 35
5 34
4 34
3 34
2 34
1 34
0 34
4 39
3 39
2 39
1 39
0 39
4 40
3 40
2 40
1 40
0 40
3 41
2 41
1 41
0
No
0
Yes
29 5
30 5
30 4
29 4
28 4
28 3
29 3
30 3
27 3
27 2
28 2
29 2
30 2
30 1
29 1
28 1
27 1
27 0
28 0
29 0
30 0
31 0
31 1
31 2
31 3
31 4
31 5
32 5
32 4
32 3
32 2
32 1
32 0
0
No
0
Yes
36 42
36 41
35 42
35 41
35 40
35 39
35 38
35 37
34 41
34 40
34 39
34 38
34 37
34 36
33 36
33 37
33 38
33 39
33 40
33 41
33 42
32 42
32 41
32 40
32 39
32 38
32 37
32 36
31 36
31 37
31 38
31 39
31 40
31 41
31 42
31 43
31 44
31 45
30 45
30 44
30 43
30 42
30 41
30 40
30 39
30 38
30 37
30 36
29 36
29 37
29 38
29 39
29 40
29 41
29 42
29 43
29 44
29 45
28 45
28 44
28 43
28 42
28 41
28 40
28 39
28 38
28 37
28 36
27 36
27 37
27 38
27 39
27 40
27 41
0
Yes
15 23
16 23
17 23
17 24
16 24
15 24
14 23
14 24
14 25
15 25
16 25
17 25
18 25
18 26
17 26
16 26
15 26
14 26
18 27
17 27
16 27
15 27
14 27
18 28
17 28
16 28
15 28
14 28
18 29
17 29
16 29
15 29
14 29
14 30
15 30
16 30
17 30
18 30
18 31
17 31
16 31
15 31
13 30
13 29
13 28
13 27
13 26
13 25
13 24
13 23
12 23
12 24
12 25
12 26
12 27
12 28
12 29
12 30
15 32
0
No
0
No
0
No
0
Yes
11 28
11 27
11 26
10 26
10 27
10 28
9 28
9 27
9 26
8 26
8 27
8 28
8 29
9 29
10 29
11 29
11 30
10 30
9 30
8 30
8 31
9 31
10 31
11 31
11 32
10 32
9 32
0
Yes
23 0
23 1
24 1
24 0
25 1
25 0
26 1
26 0
22 1
22 0
0
Yes
47 29
47 30
47 31
47 32
47 33
47 34
48 34
48 33
48 32
48 31
48 30
48 29
49 34
49 33
49 32
49 31
49 30
49 29
46 34
46 33
46 32
46 31
46 30
46 29
45 34
45 33
45 32
45 31
45 30
0
Yes
31 29
31 28
31 27
31 26
31 25
31 24
31 23
31 22
30 22
30 23
30 24
30 25
30 26
30 27
30 28
30 29
29 29
29 28
29 27
29 26
29 25
29 24
29 23
29 22
29 21
28 21
28 22
28 23
28 24
28 25
28 26
28 27
28 28
28 29
27 29
27 28
27 27
27 26
27 25
27 24
27 23
27 22
27 21
26 29
26 28
26 27
26 26
26 25
26 24
26 23
0
Yes
44 49
44 48
45 48
45 49
46 48
46 49
47 48
0
Yes
0 49
1 49
2 49
3 49
3 48
2 48
1 48
0 48
0 47
1 47
2 47
3 47
3 46
2 46
1 46
0 46
3 45
2 45
1 45
0 45
1 44
0 44
4 46
4 47
4 48
0
Yes
18 34
18 35
18 36
18 37
18 38
18 39
18 40
18 41
17 41
17 40
17 39
17 38
17 37
17 36
17 35
17 34
16 34
16 35
16 36
16 37
16 38
16 39
16 40
16 33
17 33
18 33
17 42
18 42
17 43
18 43
19 43
19 42
19 41
19 40
19 39
19 38
19 37
19 36
19 35
19 34
19 33
20 43
20 42
20 41
20 40
20 39
20 38
20 37
20 36
20 35
20 34
20 33
21 43
21 42
21 41
21 40
21 39
21 38
21 37
21 36
21 35
21 34
21 33
22 43
22 42
22 41
22 40
22 39
22 38
22 37
22 36
22 35
22 34
22 33
23 33
23 34
23 35
23 36
23 37
23 38
23 39
23 40
23 41
23 42
23 43
24 43
24 42
24 41
24 40
24 39
24 38
24 37
24 36
25 36
25 37
25 38
25 39
25 40
25 41
25 42
25 43
26 36
26 37
26 38
26 39
26 40
26 41
26 42
26 43
27 43
27 42
23 32
22 32
21 32
20 32
19 32
18 32
17 32
16 32
15 32
15 38
15 39
15 40
14 40
14 39
15 31
16 31
17 31
18 31
19 31
20 31
21 31
22 31
23 31
23 30
22 30
21 30
20 30
19 30
18 30
17 30
0
No
0
Yes
33 3
33 4
33 2
33 1
33 0
34 0
34 1
34 2
34 3
34 4
35 4
35 3
35 2
35 1
35 0
36 4
36 3
36 2
36 1
36 0
37 4
37 3
37 2
37 1
37 0
38 4
38 3
38 2
38 1
38 0
39 4
39 3
39 2
39 1
39 0
0
Yes
13 30
14 30
15 30
16 30
12 30
12 29
13 29
14 29
15 29
16 29
17 29
18 29
11 29
11 30
11 31
11 32
10 32
10 31
10 30
10 29
9 32
9 31
9 30
9 29
8 31
8 30
8 29
8 28
9 28
10 28
11 28
12 28
13 28
14 28
15 28
16 28
17 28
18 28
8 27
9 27
10 27
11 27
12 27
13 27
14 27
15 27
16 27
17 27
18 27
8 26
9 26
10 26
11 26
12 26
13 26
14 26
15 26
16 26
17 26
18 26
8 25
9 25
10 25
11 25
12 25
13 25
14 25
15 25
16 25
17 25
18 25
8 24
9 24
10 24
11 24
12 24
13 24
14 24
15 24
16 24
17 24
18 24
18 23
17 23
16 23
15 23
14 23
13 23
12 23
11 23
10 23
9 23
8 23
8 22
9 22
19 23
19 24
19 25
19 26
19 27
19 28
19 29
9 21
0
Yes
33 10
34 10
35 10
32 10
31 10
31 9
32 9
33 9
34 9
35 9
35 8
34 8
33 8
32 8
31 8
34 7
33 7
32 7
0
Yes
20 28
20 29
21 29
21 28
22 29
22 28
23 29
23 28
24 29
24 28
25 29
25 28
25 27
24 27
23 27
22 27
21 27
20 27
20 26
21 26
22 26
23 26
24 26
25 26
25 25
24 25
23 25
22 25
21 25
20 25
20 24
21 24
22 24
23 24
24 24
25 24
25 23
24 23
23 23
22 23
21 23
20 23
20 22
21 22
22 22
23 22
24 22
25 22
26 22
26 21
25 21
24 21
23 21
22 21
21 21
20 21
26 20
25 20
24 20
23 20
22 20
21 20
20 20
20 19
21 19
22 19
23 19
24 19
25 19
25 18
24 18
23 18
22 18
21 18
20 18
24 17
23 17
22 17
21 17
20 17
1
670
42 27
42 28
42 29
42 30
42 31
42 26
42 25
41 25
41 24
42 24
41 23
42 23
42 22
42 21
42 20
43 20
43 21
43 22
43 23
43 24
43 25
43 26
43 27
43 28
43 29
43 30
43 31
44 31
44 30
44 29
44 28
44 27
44 26
44 25
44 24
44 23
44 22
44 21
44 20
45 20
45 21
45 22
45 23
45 24
45 25
45 26
45 27
45 28
45 29
46 28
46 27
46 26
46 25
47 25
47 26
47 27
47 28
48 28
48 27
48 26
48 25
49 25
49 26
49 27
49 28
Yes
22 44
23 44
24 44
25 44
26 44
27 44
27 45
26 45
25 45
24 45
23 45
22 45
21 44
21 45
20 44
20 45
19 44
19 45
19 46
20 46
21 46
22 46
23 46
24 46
25 46
26 46
27 46
28 46
28 47
27 47
26 47
25 47
24 47
23 47
22 47
21 47
20 47
19 47
27 48
26 48
25 48
24 48
23 48
22 48
21 48
20 48
19 48
27 49
26 49
25 49
24 49
23 49
22 49
21 49
20 49
19 49
18 44
18 45
18 46
18 47
18 48
18 49
17 44
17 45
17 46
17 47
17 48
17 49
16 49
16 48
16 47
16 46
16 45
16 44
16 43
16 42
16 41
15 41
15 42
15 43
15 44
15 45
15 46
15 47
15 48
15 49
14 41
14 42
14 43
14 44
14 45
14 46
14 47
14 48
14 49
13 41
13 42
13 43
13 44
13 45
13 46
13 47
13 48
13 49
12 43
12 44
12 45
12 46
12 47
12 48
12 49
11 44
11 45
11 46
11 47
11 48
11 49
10 44
10 45
10 46
10 47
10 48
10 49
12 41
0
Yes
26 0
26 1
26 2
27 2
27 1
27 0
27 3
28 3
28 2
28 1
28 0
28 4
29 4
29 3
29 2
29 1
29 0
30 0
30 1
30 2
30 3
30 4
31 4
31 3
31 2
31 1
31 0
32 0
32 1
32 2
32 3
0
Yes
30 6
30 7
30 5
31 5
31 6
31 7
31 8
31 9
31 10
32 10
32 9
32 8
32 7
32 6
32 5
33 5
33 6
33 7
33 8
33 9
33 10
34 10
34 9
34 8
34 7
34 6
34 5
0
No
0
Yes
31 20
31 21
30 21
30 20
30 19
31 19
32 19
32 20
32 21
32 22
33 22
33 21
33 20
33 19
34 22
34 21
34 20
34 19
35 22
35 21
35 20
35 19
36 22
36 21
36 20
36 19
32 18
33 18
34 18
35 18
36 18
36 17
35 17
34 17
33 17
32 17
31 17
31 16
32 16
33 16
34 16
35 16
36 16
30 16
29 16
29 15
30 15
31 15
32 15
33 15
34 15
35 15
36 15
29 14
30 14
31 14
32 14
33 14
34 14
35 14
36 14
31 13
32 13
33 13
34 13
35 13
36 13
30 13
29 13
29 12
30 12
32 12
33 12
34 12
35 12
36 12
36 11
35 11
34 11
33 11
32 11
37 12
37 13
37 14
37 15
37 16
37 17
37 18
37 19
37 20
37 21
37 22
38 22
38 21
38 20
38 19
38 18
38 17
38 16
38 15
38 14
38 13
38 12
39 12
39 13
39 14
39 15
39 16
39 17
39 18
39 19
39 20
39 21
39 22
40 22
40 21
40 20
40 19
40 18
40 17
40 16
40 15
35 10
0
Yes
49 25
48 25
47 25
47 26
48 26
49 26
49 27
48 27
47 27
47 28
48 28
49 28
46 25
46 26
46 27
46 28
0
Yes
8 31
8 30
8 29
8 28
9 28
9 29
9 30
9 31
9 32
10 32
10 31
10 30
10 29
10 28
11 32
11 31
11 30
11 29
11 28
0
Yes
44 24
44 25
44 26
44 27
44 28
44 29
44 30
44 31
44 32
44 33
44 34
43 34
43 33
43 32
43 31
43 30
43 29
43 28
43 27
43 26
43 25
43 24
42 34
42 33
42 32
42 31
42 30
42 29
42 28
42 27
42 26
42 25
42 24
41 25
41 24
41 23
42 23
43 23
44 23
45 23
45 24
45 25
45 26
45 27
45 28
45 29
45 30
45 31
45 32
45 33
45 34
46 34
46 33
46 32
46 31
46 30
46 29
47 29
47 30
47 31
47 32
47 33
47 34
48 34
48 33
48 32
48 31
48 30
48 29
49 29
49 30
49 31
49 32
49 33
49 34
45 22
44 22
0
Yes
22 1
22 2
23 2
23 1
24 1
24 0
23 0
22 0
25 1
25 0
0
No
0
No
0
No
0
No
0
Yes
8 27
9 27
10 27
11 27
8 26
9 26
10 26
11 26
8 25
9 25
10 25
11 25
8 24
9 24
10 24
11 24
12 24
12 25
12 26
12 27
12 23
11 23
10 23
9 23
8 23
0
Yes
43 14
43 13
44 13
44 14
45 13
45 14
45 15
44 15
43 15
42 15
41 15
41 16
42 16
43 16
44 16
45 16
41 17
42 17
43 17
44 17
45 17
41 18
42 18
43 18
44 18
45 18
46 18
46 17
46 16
46 15
46 14
46 13
47 13
47 14
47 15
47 16
47 17
47 18
48 18
48 17
48 16
48 15
48 14
48 13
46 12
47 12
48 12
47 11
48 11
49 11
49 12
49 13
49 14
49 15
49 16
49 17
49 18
41 19
42 19
43 19
44 19
45 19
46 19
47 19
48 19
0
No
1
702
29 44
29 45
28 45
28 44
28 43
29 43
28 42
29 42
30 45
30 44
30 43
30 42
31 45
31 44
31 43
31 42
Yes
49 30
49 31
49 32
49 33
49 34
48 34
48 33
48 32
48 31
48 30
47 34
47 33
47 32
47 31
47 30
46 34
46 33
46 32
46 31
46 30
45 34
45 33
45 32
45 31
45 30
44 34
44 33
44 32
44 31
44 30
43 34
43 33
43 32
43 31
43 30
42 34
42 33
42 32
42 31
42 30
42 29
43 29
44 29
45 29
46 29
47 29
48 29
49 29
42 28
43 28
44 28
45 28
46 28
47 28
48 28
49 28
42 27
43 27
44 27
45 27
46 27
47 27
48 27
49 27
42 26
43 26
44 26
45 26
46 26
47 26
48 26
49 26
49 25
48 25
47 25
46 25
45 25
44 25
43 25
42 25
41 25
41 24
42 24
43 24
44 24
45 24
46 24
47 24
48 24
49 24
41 23
42 23
43 23
44 23
45 23
46 23
47 23
48 23
49 23
41 22
42 22
43 22
44 22
45 22
46 22
47 22
48 22
49 22
41 21
42 21
43 21
44 21
45 21
46 21
47 21
48 21
49 21
0
Yes
28 40
28 41
27 41
27 40
27 39
28 39
27 38
28 38
27 37
28 37
27 36
28 36
29 36
29 37
29 38
29 39
29 40
29 41
30 41
30 40
30 39
30 38
30 37
30 36
31 36
31 37
31 38
31 39
31 40
31 41
32 36
32 37
32 38
32 39
32 40
32 41
1
699
0 0
0 1
0 2
0 3
0 4
1 4
1 3
1 2
1 1
1 0
2 2
2 1
2 0
3 2
3 1
3 0
4 0
4 1
4 2
4 3
4 4
5 4
5 3
5 2
5 1
5 0
5 5
Yes
40 1
41 1
40 2
40 3
39 3
39 2
39 1
39 4
38 4
38 3
38 2
38 1
37 4
37 3
37 2
37 1
36 4
36 3
36 2
36 1
36 0
37 0
38 0
39 0
40 0
41 0
42 0
43 0
43 1
44 1
44 2
44 3
44 4
43 4
43 5
44 5
43 6
44 6
43 7
44 7
44 8
43 8
44 0
45 7
45 6
45 5
45 4
45 3
45 2
45 1
45 0
46 4
46 3
46 2
46 1
46 0
47 2
47 1
47 0
48 2
48 1
48 0
49 2
49 1
49 0
35 0
35 1
35 2
35 3
35 4
35 5
35 6
34 6
34 5
34 4
34 3
34 2
34 1
34 0
33 0
33 1
33 2
33 3
33 4
33 5
33 6
32 4
32 5
32 6
0
Yes
9 49
9 48
9 47
9 46
8 46
8 47
8 48
8 49
1
710
34 8
35 8
34 7
35 9
34 9
36 9
34 10
33 10
33 9
33 8
33 7
32 7
32 8
32 9
32 10
31 10
31 9
31 8
31 7
30 9
30 7
30 6
31 6
31 5
30 5
Yes
9 27
10 27
11 27
12 27
12 28
12 29
12 30
13 30
13 29
13 28
13 27
14 30
14 29
14 28
14 27
14 26
13 26
12 26
11 26
10 26
9 26
9 25
10 25
11 25
12 25
13 25
14 25
14 24
13 24
12 24
11 24
10 24
9 24
10 23
11 23
12 23
13 23
14 23
9 23
15 23
15 24
15 25
15 26
15 27
15 28
15 29
15 30
16 30
16 29
16 28
16 27
16 26
16 25
16 24
16 23
17 23
17 24
17 25
17 26
17 27
17 28
17 29
18 29
18 28
18 27
18 26
18 25
18 24
18 23
19 23
19 24
19 25
19 26
19 27
19 28
19 29
0
No
0
No
0
Yes
0 35
0 34
1 34
1 35
2 34
2 35
3 34
3 35
3 36
2 36
1 36
0 36
0 37
1 37
2 37
3 37
3 38
2 38
1 38
0 38
0 39
1 39
2 39
3 39
3 40
2 40
1 40
0 40
4 40
4 39
4 38
4 37
4 36
4 35
4 34
0
Yes
11 29
11 30
10 30
10 29
10 28
11 28
11 27
10 27
10 26
11 26
11 25
10 25
10 24
11 24
11 23
10 23
9 23
9 24
9 25
9 26
9 27
9 28
9 29
9 30
8 30
8 29
8 28
8 27
8 26
8 25
8 24
8 23
12 23
12 24
12 25
12 26
12 27
12 28
12 29
12 30
13 30
13 29
13 28
13 27
13 26
13 25
13 24
13 23
14 23
14 24
14 25
14 26
14 27
14 28
14 29
14 30
15 23
15 24
15 25
15 26
15 27
0
Yes
38 13
39 13
39 12
38 12
37 12
37 13
39 14
38 14
37 14
37 15
38 15
39 15
40 15
40 16
39 16
38 16
37 16
40 17
39 17
38 17
37 17
40 18
39 18
38 18
37 18
40 19
39 19
38 19
37 19
40 20
39 20
38 20
37 20
40 21
39 21
38 21
37 21
40 22
39 22
38 22
37 22
36 22
36 21
36 20
36 19
36 18
36 17
36 16
36 15
36 14
36 13
36 12
36 11
35 11
35 12
35 13
35 14
35 15
35 16
35 17
35 18
35 19
35 20
35 21
35 22
34 11
34 12
34 13
34 14
34 15
34 16
34 17
34 18
34 19
34 20
34 21
34 22
33 11
33 12
33 13
33 14
33 15
33 16
33 17
33 18
33 19
33 20
33 21
33 22
32 11
32 12
32 13
32 14
32 15
32 16
32 17
32 18
32 19
32 20
32 21
32 22
31 17
31 16
31 15
31 14
31 13
30 16
30 15
30 14
30 13
30 12
29 12
29 13
29 14
29 15
29 16
31 19
31 20
31 21
31 22
30 19
30 20
30 21
0
Yes
1 34
2 34
3 34
4 34
5 34
0 34
5 35
4 35
3 35
2 35
1 35
0 35
5 36
4 36
3 36
2 36
1 36
0 36
5 37
4 37
3 37
2 37
1 37
0 37
4 38
3 38
2 38
1 38
0 38
4 39
3 39
2 39
1 39
0 39
4 40
3 40
0
Yes
10 47
10 48
10 49
10 46
10 45
11 45
11 46
11 47
11 48
11 49
12 49
12 48
12 47
12 46
12 45
13 45
13 46
13 47
13 48
13 49
14 49
14 48
14 47
14 46
14 45
15 45
15 46
15 47
15 48
15 49
16 49
16 48
16 47
16 46
16 45
17 45
17 46
17 47
17 48
17 49
10 44
11 44
12 44
13 44
14 44
15 44
16 44
17 44
12 43
13 43
14 43
15 43
16 43
17 43
13 42
14 42
15 42
0
Yes
26 42
26 43
26 44
26 45
26 46
26 47
26 48
27 48
27 47
27 46
27 45
27 44
27 43
27 42
28 47
28 46
28 45
28 44
28 43
28 42
29 46
29 45
29 44
29 43
29 42
30 45
30 44
30 43
30 42
27 49
26 49
25 49
25 48
25 47
25 46
25 45
25 44
25 43
25 42
25 41
26 41
27 41
28 41
29 41
30 41
30 40
29 40
28 40
27 40
26 40
25 40
24 40
24 41
24 42
24 43
24 44
24 45
24 46
24 47
24 48
24 49
23 49
23 48
23 47
23 46
23 45
23 44
23 43
23 42
23 41
23 40
22 40
22 41
22 42
22 43
22 44
22 45
22 46
22 47
22 48
22 49
21 49
21 48
21 47
21 46
21 45
21 44
21 43
21 42
21 41
21 40
0
Yes
0 0
0 1
0 2
1 2
1 1
1 0
2 2
2 1
2 0
0
Yes
17 28
17 29
17 30
17 31
17 32
18 32
18 31
18 30
18 29
18 28
19 28
19 29
19 30
19 31
19 32
20 30
20 31
20 32
21 30
21 31
21 32
19 27
18 27
17 27
16 27
16 28
16 29
16 30
16 31
16 32
15 32
15 31
15 30
15 29
15 28
16 26
17 26
18 26
19 26
19 25
18 25
17 25
16 25
16 24
17 24
18 24
19 24
19 23
18 23
17 23
16 23
16 33
17 33
18 33
19 33
20 33
21 33
16 34
17 34
18 34
19 34
20 34
21 34
16 35
17 35
18 35
0
Yes
28 28
28 29
29 29
29 28
30 28
30 29
31 29
31 28
32 28
32 29
32 27
31 27
30 27
29 27
28 27
28 26
29 26
30 26
31 26
32 26
32 25
31 25
30 25
29 25
28 25
27 25
27 26
27 27
27 28
27 29
26 29
26 28
26 27
26 26
26 25
26 24
27 24
28 24
29 24
30 24
31 24
32 24
26 23
27 23
28 23
29 23
30 23
31 23
32 23
30 22
29 22
28 22
27 22
0
Yes
7 47
7 48
7 49
6 47
6 48
6 49
5 49
5 48
5 47
5 46
4 46
4 47
4 48
4 49
3 49
3 48
3 47
0
Yes
15 23
15 24
15 25
15 26
15 27
14 23
14 24
14 25
14 26
14 27
14 28
13 23
13 24
13 25
13 26
13 27
13 28
12 23
12 24
12 25
12 26
12 27
12 28
11 23
11 24
11 25
11 26
11 27
11 28
10 23
10 24
10 25
10 26
10 27
10 28
9 28
9 27
9 26
9 25
9 24
9 23
14 29
13 29
12 29
11 29
10 29
0
Yes
1 26
1 27
1 28
2 28
2 27
2 26
3 26
3 27
3 28
3 25
2 25
1 25
1 24
2 24
3 24
3 23
2 23
1 23
0 23
0 24
0 25
0 26
0 27
0 28
4 24
4 25
4 26
4 27
4 28
5 28
5 27
5 26
5 25
0
Yes
0 31
0 32
0 33
1 33
1 32
1 31
2 33
2 32
2 31
3 33
3 32
3 31
4 33
4 32
4 31
5 33
5 32
5 31
5 30
4 30
3 30
2 30
1 30
0 30
0 29
1 29
2 29
3 29
4 29
5 29
6 33
6 32
0
Yes
5 22
6 22
7 22
8 22
9 22
5 23
6 23
7 23
8 23
9 23
5 24
6 24
7 24
8 24
9 24
6 25
7 25
8 25
9 25
6 26
7 26
8 26
9 26
6 27
7 27
8 27
9 27
6 28
7 28
8 28
9 28
6 29
7 29
8 29
9 29
6 30
7 30
8 30
9 30
6 31
7 31
8 31
9 31
9 32
10 32
10 31
10 30
10 29
10 28
10 27
10 26
10 25
10 24
10 23
11 32
11 31
11 30
11 29
11 28
11 27
11 26
11 25
11 24
11 23
12 23
12 24
12 25
12 26
12 27
12 28
12 29
12 30
13 30
0
Yes
40 26
41 26
41 27
40 27
41 28
40 28
41 29
40 29
41 30
40 30
41 31
40 31
41 32
40 32
41 33
40 33
41 34
40 34
40 35
41 35
42 35
42 36
41 36
40 36
40 37
41 37
39 36
39 35
39 34
39 33
39 32
39 31
39 30
39 29
39 28
39 27
39 26
38 36
38 35
38 34
38 33
38 32
38 31
38 30
38 29
38 28
38 27
38 26
37 35
37 34
37 33
37 32
37 31
37 30
37 29
37 28
37 27
37 26
36 35
36 34
36 33
36 32
36 31
36 30
36 29
36 28
36 27
36 26
35 35
35 34
35 33
35 32
35 31
35 30
35 29
35 28
35 27
35 26
43 36
43 35
44 35
44 36
44 37
45 37
45 36
45 35
40 25
39 25
38 25
37 25
36 25
35 25
40 24
39 24
38 24
37 24
36 24
35 24
40 23
39 23
38 23
37 23
36 23
35 23
34 23
34 24
34 25
34 26
34 27
34 28
34 29
34 30
34 31
34 32
34 33
34 34
34 35
33 23
33 24
33 25
33 26
33 27
33 28
33 29
33 30
33 31
33 32
33 33
33 34
33 35
32 30
32 31
32 32
32 33
0
No
0
Yes
29 2
29 3
29 4
28 4
28 3
28 2
27 3
27 2
26 2
26 1
27 1
28 1
29 1
26 0
27 0
28 0
29 0
30 0
30 1
30 2
30 3
30 4
31 4
31 3
31 2
31 1
31 0
32 3
32 2
32 1
32 0
0
Yes
22 46
22 47
22 48
23 48
23 47
23 46
24 46
24 47
24 48
25 48
25 47
25 46
26 46
26 47
26 48
27 48
27 47
27 46
28 47
28 46
28 45
27 45
26 45
25 45
24 45
23 45
22 45
22 44
23 44
24 44
25 44
26 44
27 44
28 44
27 49
26 49
25 49
24 49
23 49
22 49
0
Yes
19 18
19 19
19 20
19 21
19 22
18 22
18 21
18 20
18 19
18 18
17 22
17 21
17 20
17 19
17 18
16 22
16 21
16 20
16 19
16 18
19 17
18 17
17 17
16 17
16 16
17 16
18 16
19 16
19 15
18 15
17 15
16 15
15 15
15 16
15 17
15 18
15 19
15 20
15 21
15 22
14 22
14 21
14 20
14 19
14 18
14 17
14 16
14 15
13 15
13 16
13 17
13 18
13 19
13 20
13 21
13 22
12 22
12 21
12 20
12 19
12 18
12 17
12 16
12 15
11 22
11 21
11 20
11 19
11 18
11 17
11 16
11 15
10 15
10 16
10 17
10 18
10 19
11 14
12 14
13 14
14 14
15 14
16 14
17 14
18 14
19 14
0
Yes
29 45
30 45
31 45
31 44
30 44
29 44
31 43
30 43
29 43
28 43
28 42
29 42
30 42
31 42
32 42
33 42
33 41
32 41
31 41
30 41
29 41
28 41
34 41
35 41
35 42
36 42
36 41
35 40
34 40
33 40
32 40
31 40
30 40
29 40
28 40
35 39
34 39
33 39
32 39
31 39
30 39
29 39
28 39
35 38
34 38
33 38
32 38
31 38
30 38
29 38
28 38
35 37
34 37
33 37
32 37
31 37
30 37
29 37
28 37
0
No
0
Yes
8 15
8 16
8 17
7 15
7 16
7 17
6 17
6 16
5 16
5 17
0
Yes
13 24
13 23
14 23
14 24
15 23
15 24
16 23
16 24
17 23
17 24
18 23
18 24
13 25
14 25
15 25
16 25
17 25
18 25
13 26
14 26
15 26
16 26
17 26
18 26
13 27
14 27
15 27
16 27
17 27
18 27
13 28
14 28
15 28
16 28
17 28
18 28
13 29
14 29
15 29
16 29
17 29
18 29
14 30
15 30
16 30
17 30
18 30
15 31
16 31
17 31
18 31
15 32
16 32
17 32
18 32
16 33
17 33
18 33
16 34
17 34
18 34
16 35
17 35
18 35
16 36
17 36
18 36
19 23
19 24
19 25
19 26
19 27
19 28
19 29
19 30
19 31
19 32
19 33
19 34
19 35
19 36
20 30
20 31
20 32
20 33
20 34
20 35
20 36
0
No
0
No
0
Yes
26 33
26 34
26 35
26 36
26 37
27 37
27 36
27 35
27 34
27 33
28 36
28 35
28 34
28 33
29 36
29 35
29 34
29 33
30 36
30 35
30 34
30 33
31 33
31 34
31 35
31 36
32 36
32 35
32 34
31 32
30 32
29 32
28 32
27 32
26 32
31 31
30 31
29 31
28 31
27 31
26 31
27 38
26 38
25 38
25 37
25 36
25 35
25 34
25 33
25 32
25 31
24 31
24 32
24 33
24 34
24 35
24 36
24 37
24 38
23 38
23 37
23 36
23 35
23 34
23 33
23 32
23 31
22 31
22 32
22 33
22 34
22 35
22 36
22 37
22 38
21 38
21 37
21 36
21 35
21 34
21 33
21 32
21 31
20 31
20 32
20 33
20 34
20 35
20 36
20 37
20 38
31 30
30 30
29 30
28 30
27 30
26 30
25 30
24 30
23 30
22 30
21 30
20 30
27 39
0
Yes
9 47
9 48
9 49
8 49
8 48
8 47
7 47
7 48
7 49
6 47
6 48
6 49
5 49
5 48
5 47
4 47
4 48
4 49
3 49
3 48
3 47
2 47
2 48
2 49
1 49
1 48
1 47
0 47
0 48
0 49
5 46
4 46
3 46
2 46
1 46
0 46
3 45
2 45
1 45
0 45
0
Yes
43 13
43 14
44 13
44 14
45 13
45 14
45 15
44 15
43 15
42 15
42 16
43 16
44 16
45 16
45 17
44 17
43 17
42 17
42 18
43 18
44 18
45 18
45 19
44 19
43 19
42 19
46 19
46 18
46 17
46 16
46 15
46 14
46 13
46 12
47 12
47 13
47 14
47 15
47 16
47 17
47 18
47 19
48 19
48 18
48 17
48 16
48 15
48 14
48 13
48 12
49 12
49 13
49 14
49 15
49 16
49 17
49 18
49 19
0
No
0
Yes
20 49
21 49
21 48
20 48
21 47
20 47
21 46
20 46
19 46
19 47
19 48
19 49
18 49
18 48
18 47
18 46
18 45
0
Yes
17 30
18 30
19 30
19 29
18 29
17 29
19 28
18 28
17 28
19 27
18 27
17 27
19 26
18 26
17 26
19 25
18 25
17 25
19 24
18 24
17 24
19 23
18 23
17 23
16 23
16 24
16 25
16 26
16 27
16 28
16 29
16 30
15 23
15 24
15 25
15 26
15 27
15 28
15 29
15 30
14 30
14 29
14 28
14 27
14 26
14 25
14 24
14 23
13 23
13 24
13 25
13 26
13 27
13 28
13 29
0
Yes
20 41
20 42
20 43
20 44
20 45
19 45
19 44
19 43
19 42
19 41
21 45
21 44
21 43
21 42
21 41
22 41
22 42
22 43
22 44
22 45
23 45
23 44
23 43
23 42
23 41
24 41
24 42
24 43
24 44
24 45
25 45
25 44
25 43
25 42
25 41
25 40
24 40
23 40
22 40
21 40
20 40
19 40
20 39
21 39
22 39
23 39
24 39
25 39
19 39
26 39
26 40
26 41
26 42
26 43
26 44
26 45
18 44
18 43
18 42
18 41
0
No
0
No
0
No
0
No
0
No
0
No
0
Yes
4 26
5 26
5 25
4 25
4 24
5 27
4 27
5 28
4 28
3 28
3 27
3 26
3 25
3 24
3 23
2 28
2 27
2 26
2 25
2 24
2 23
1 23
1 24
1 25
1 26
1 27
1 28
0 28
0 27
0 26
0 25
0 24
0 23
0
Yes
26 48
26 49
25 49
25 48
25 47
26 47
26 46
25 46
25 45
26 45
26 44
25 44
25 43
26 43
26 42
25 42
25 41
26 41
24 41
24 42
24 43
24 44
24 45
24 46
24 47
24 48
24 49
23 49
23 48
23 47
23 46
23 45
23 44
23 43
23 42
23 41
22 46
22 47
22 48
22 49
22 45
22 44
22 43
22 42
22 41
21 45
21 44
21 43
21 42
21 41
20 45
20 44
20 43
20 42
20 41
19 45
19 44
19 43
19 42
19 41
18 44
18 43
18 42
18 41
17 42
17 41
16 42
16 41
15 41
14 41
14 40
15 40
16 40
17 40
18 40
19 40
20 40
21 40
22 40
23 40
24 40
25 40
26 40
27 40
27 41
27 42
27 43
27 44
27 45
27 46
27 47
27 48
27 49
28 47
28 46
28 45
28 44
26 39
25 39
24 39
23 39
22 39
21 39
20 39
19 39
18 39
17 39
16 39
15 39
14 39
15 38
16 38
17 38
0
Yes
3 41
2 41
2 40
3 40
4 40
4 39
3 39
2 39
4 38
3 38
2 38
2 37
3 37
4 37
1 37
1 38
1 39
1 40
1 41
0 41
0 40
0 39
0 38
0 37
0 36
1 36
2 36
3 36
4 36
4 35
3 35
2 35
1 35
0 35
0
Yes
0 29
1 29
2 29
3 29
3 30
2 30
1 30
0 30
0 31
1 31
2 31
3 31
3 32
2 32
1 32
0 32
0 33
1 33
2 33
3 33
3 34
2 34
1 34
0 34
4 34
4 33
4 32
0
Yes
44 23
44 24
44 25
44 26
45 26
45 25
45 24
45 23
46 23
46 24
46 25
46 26
47 26
47 25
47 24
47 23
48 23
48 24
48 25
48 26
49 26
49 25
49 24
49 23
49 22
48 22
47 22
46 22
45 22
44 22
44 21
45 21
46 21
47 21
48 21
49 21
49 20
48 20
47 20
46 20
45 20
44 20
43 20
43 21
43 22
43 23
43 24
43 25
43 26
42 26
42 25
42 24
42 23
42 22
42 21
42 20
41 20
41 21
41 22
41 23
41 24
41 25
42 27
43 27
44 27
45 27
46 27
47 27
48 27
49 27
42 28
43 28
44 28
45 28
46 28
47 28
48 28
49 28
42 29
43 29
44 29
45 29
46 29
47 29
0
Yes
23 25
24 25
25 25
25 24
24 24
23 24
23 23
24 23
25 23
25 22
24 22
23 22
23 21
24 21
25 21
22 21
22 22
22 23
22 24
22 25
21 25
21 24
21 23
21 22
21 21
20 21
20 22
20 23
20 24
20 25
20 20
21 20
22 20
23 20
24 20
25 20
25 19
24 19
23 19
22 19
21 19
20 19
25 18
24 18
23 18
22 18
21 18
20 18
24 17
23 17
22 17
21 17
0
No
0
Yes
23 38
24 38
25 38
26 38
27 38
22 38
21 38
20 38
19 38
18 38
27 37
26 37
25 37
24 37
23 37
22 37
21 37
20 37
19 37
18 37
17 37
16 37
16 36
17 36
18 36
19 36
20 36
21 36
22 36
23 36
24 36
25 36
26 36
27 36
28 36
29 36
30 36
31 36
32 36
32 35
31 35
30 35
29 35
28 35
27 35
26 35
25 35
24 35
23 35
22 35
21 35
20 35
19 35
18 35
17 35
16 35
32 34
31 34
30 34
29 34
28 34
27 34
26 34
25 34
24 34
23 34
22 34
21 34
20 34
19 34
18 34
17 34
16 34
16 33
17 33
18 33
19 33
20 33
21 33
22 33
23 33
24 33
25 33
26 33
27 33
28 33
29 33
30 33
31 33
31 32
30 32
29 32
28 32
27 32
26 32
25 32
24 32
23 32
22 32
21 32
20 32
19 32
18 32
17 32
16 32
15 32
15 31
16 31
17 31
18 31
19 31
20 31
21 31
22 31
23 31
24 31
25 31
26 31
27 31
28 31
29 31
30 31
31 31
31 30
30 30
29 30
28 30
27 30
26 30
25 30
24 30
23 30
22 30
21 30
20 30
19 30
18 30
0
No
0
No
0
Yes
18 37
18 38
19 38
19 37
20 38
20 37
21 38
21 37
22 38
22 37
23 38
23 37
24 38
24 37
25 38
25 37
26 38
26 37
17 37
16 37
16 36
17 36
18 36
19 36
20 36
21 36
22 36
23 36
24 36
25 36
26 36
16 35
17 35
18 35
19 35
20 35
21 35
22 35
23 35
24 35
25 35
26 35
16 34
17 34
18 34
19 34
20 34
21 34
22 34
23 34
24 34
25 34
26 34
16 33
17 33
18 33
19 33
20 33
21 33
22 33
23 33
24 33
25 33
26 33
26 32
25 32
24 32
23 32
22 32
21 32
20 32
19 32
18 32
17 32
16 32
16 31
17 31
18 31
19 31
20 31
21 31
22 31
23 31
24 31
25 31
0
Yes
3 41
2 41
2 40
3 40
4 40
4 39
3 39
2 39
4 38
3 38
2 38
2 37
3 37
4 37
5 37
1 37
1 38
1 39
1 40
1 41
0 41
0 40
0 39
0 38
0 37
5 36
4 36
3 36
2 36
1 36
0 36
5 35
4 35
3 35
2 35
1 35
0 35
5 34
4 34
3 34
2 34
1 34
0 34
0 33
1 33
2 33
3 33
4 33
0
No
0
Yes
44 34
45 34
46 34
47 34
43 34
42 34
42 33
43 33
44 33
45 33
46 33
47 33
42 32
43 32
44 32
45 32
46 32
47 32
42 31
43 31
44 31
45 31
46 31
47 31
42 30
43 30
44 30
45 30
46 30
47 30
48 34
48 33
48 32
48 31
48 30
49 34
49 33
49 32
49 31
49 30
0
Yes
6 18
6 17
5 17
5 16
6 16
0
Yes
39 31
39 32
39 33
39 34
39 35
40 35
40 34
40 33
40 32
40 31
41 31
41 32
41 33
41 34
41 35
41 30
40 30
39 30
41 29
40 29
39 29
41 28
40 28
39 28
41 27
40 27
39 27
41 26
40 26
39 26
40 25
39 25
40 24
39 24
40 23
39 23
38 23
38 24
38 25
38 26
38 27
38 28
38 29
38 30
38 31
38 32
38 33
38 34
38 35
37 35
37 34
37 33
37 32
37 31
37 30
37 29
37 28
37 27
37 26
37 25
37 24
37 23
36 23
36 24
36 25
36 26
36 27
36 28
36 29
36 30
36 31
36 32
36 33
36 34
36 35
35 35
35 34
35 33
35 32
35 31
35 30
35 29
35 28
35 27
35 26
35 25
35 24
35 23
34 23
34 24
34 25
34 26
34 27
34 28
34 29
34 30
34 31
34 32
34 33
34 34
34 35
33 23
33 24
33 25
33 26
33 27
33 28
33 29
33 30
33 31
33 32
33 33
33 34
33 35
32 23
32 24
32 25
32 26
32 27
32 28
32 29
32 30
32 31
32 32
32 33
32 34
32 35
31 23
31 24
31 25
31 26
31 27
31 28
31 29
31 30
31 31
31 32
0
Yes
0 49
1 49
2 49
3 49
4 49
4 48
3 48
2 48
1 48
0 48
0 47
1 47
2 47
3 47
4 47
4 46
3 46
2 46
1 46
0 46
3 45
2 45
1 45
0 45
1 44
0 44
5 46
5 47
5 48
5 49
6 47
6 48
6 49
0
Yes
29 1
29 2
29 3
29 4
28 4
28 3
28 2
28 1
28 0
29 0
30 0
30 1
30 2
30 3
30 4
31 4
31 3
31 2
31 1
31 0
32 3
32 2
32 1
32 0
27 3
27 2
27 1
27 0
0
No
0
No
0
Yes
19 24
19 25
19 26
20 26
21 26
22 26
22 27
21 27
20 27
19 27
19 28
20 28
21 28
22 28
22 29
21 29
20 29
19 29
19 30
20 30
21 30
22 30
18 30
18 29
18 28
18 27
18 26
18 25
18 24
17 30
17 29
17 28
17 27
17 26
17 25
17 24
16 30
16 29
16 28
16 27
16 26
16 25
16 24
19 23
18 23
17 23
16 23
15 23
15 24
15 25
15 26
15 27
15 28
15 29
15 30
14 30
14 29
14 28
14 27
14 26
14 25
14 24
14 23
13 23
13 24
13 25
13 26
13 27
13 28
13 29
23 30
23 29
23 28
23 27
23 26
24 26
24 27
24 28
24 29
24 30
25 30
25 29
25 28
25 27
25 26
26 26
26 27
26 28
26 29
26 30
27 30
27 29
27 27
27 28
0
No
0
No
0
No
0
No
0
No
0
Yes
44 49
44 48
45 48
45 49
46 48
46 49
47 48
0
Yes
15 11
15 10
16 10
16 11
14 11
14 12
15 12
16 12
14 13
15 13
16 13
17 13
17 12
0
No
0
No
0
Yes
44 13
43 13
43 14
44 14
45 13
45 14
45 15
44 15
43 15
42 15
41 15
41 16
42 16
43 16
44 16
45 16
41 17
42 17
43 17
44 17
45 17
41 18
42 18
43 18
44 18
45 18
41 19
42 19
43 19
44 19
45 19
46 19
46 18
46 17
46 16
46 15
46 14
46 13
47 19
47 18
47 17
47 16
47 15
47 14
47 13
48 19
48 18
48 17
48 16
48 15
48 14
0
Yes
17 47
17 48
17 49
18 49
18 48
18 47
19 47
19 48
19 49
20 49
20 48
20 47
21 47
21 48
21 49
21 46
20 46
19 46
18 46
17 46
17 45
18 45
19 45
20 45
21 45
21 44
20 44
19 44
18 44
17 44
17 43
18 43
19 43
20 43
21 43
21 42
20 42
19 42
18 42
17 42
17 41
18 41
19 41
20 41
21 41
16 41
16 42
16 43
16 44
16 45
16 46
16 47
16 48
16 49
15 49
15 48
15 47
15 46
15 45
15 44
15 43
15 42
15 41
14 41
14 42
14 43
14 44
14 45
14 46
14 47
14 48
14 49
13 41
13 42
13 43
13 44
13 45
13 46
13 47
13 48
13 49
12 43
12 44
12 45
12 46
12 47
12 48
12 49
14 40
15 40
16 40
17 40
18 40
19 40
20 40
21 40
14 39
15 39
16 39
17 39
18 39
19 39
20 39
0
Yes
35 15
35 16
35 17
35 18
35 19
35 20
36 20
36 19
36 18
36 17
36 16
36 15
37 15
37 16
37 17
37 18
37 19
37 20
38 20
38 19
38 18
38 17
38 16
38 15
39 15
39 16
39 17
39 18
39 19
39 20
40 15
40 16
40 17
40 18
40 19
40 20
39 14
38 14
37 14
36 14
35 14
39 13
38 13
37 13
36 13
35 13
39 12
38 12
37 12
36 12
35 12
34 12
34 13
34 14
34 15
34 16
34 17
34 18
34 19
34 20
33 20
33 19
33 18
33 17
33 16
33 15
33 14
33 13
33 12
32 12
32 13
32 14
32 15
32 16
32 17
32 18
32 19
32 20
40 21
39 21
38 21
37 21
36 21
35 21
34 21
33 21
32 21
40 22
39 22
38 22
37 22
36 22
35 22
34 22
33 22
0
Yes
15 10
16 10
16 11
15 11
14 11
14 12
15 12
16 12
17 12
18 12
18 13
17 13
16 13
15 13
14 13
14 14
15 14
16 14
17 14
18 14
19 14
13 14
12 14
11 14
11 15
12 15
13 15
14 15
15 15
16 15
17 15
18 15
19 15
10 15
10 16
11 16
12 16
13 16
14 16
15 16
16 16
17 16
18 16
19 16
20 15
20 16
20 17
19 17
18 17
17 17
16 17
15 17
14 17
13 17
12 17
11 17
10 17
21 16
21 15
9 17
9 18
10 18
11 18
12 18
13 18
14 18
15 18
16 18
17 18
18 18
19 18
9 19
10 19
11 19
12 19
13 19
14 19
15 19
16 19
17 19
18 19
19 19
19 20
18 20
17 20
16 20
15 20
14 20
13 20
12 20
11 20
11 21
12 21
13 21
14 21
15 21
16 21
17 21
18 21
19 21
19 22
18 22
17 22
16 22
15 22
14 22
13 22
12 22
11 22
19 23
18 23
17 23
16 23
15 23
14 23
13 23
12 23
11 23
0
Yes
8 23
8 24
8 25
8 26
8 27
9 27
9 26
9 25
9 24
9 23
7 27
7 26
7 25
7 24
7 23
6 25
6 26
6 27
6 24
6 23
5 24
5 23
5 22
6 22
7 22
8 22
9 22
10 23
10 24
10 25
10 26
0
Yes
30 30
30 29
30 28
30 27
29 27
29 28
29 29
29 30
28 30
28 29
28 28
28 27
27 27
27 28
27 29
27 30
26 30
26 29
26 28
26 27
25 27
25 28
25 29
25 30
25 26
26 26
27 26
28 26
29 26
30 26
0
Yes
22 42
22 43
22 44
22 45
22 46
22 47
22 48
22 49
22 41
22 40
23 40
23 41
23 42
23 43
23 44
23 45
23 46
23 47
23 48
23 49
24 49
24 48
24 47
24 46
24 45
24 44
24 43
24 42
24 41
24 40
25 40
25 41
25 42
25 43
25 44
25 45
25 46
25 47
25 48
25 49
26 49
26 48
26 47
26 46
26 45
26 44
26 43
26 42
26 41
26 40
27 40
27 41
27 42
27 43
27 44
27 45
27 46
27 47
27 48
27 49
28 47
28 46
28 45
28 44
27 39
26 39
25 39
24 39
23 39
22 39
21 39
27 38
26 38
25 38
24 38
23 38
22 38
21 38
20 38
19 38
18 38
17 38
16 38
16 37
17 37
18 37
19 37
20 37
21 37
22 37
23 37
24 37
25 37
26 37
27 37
16 36
17 36
18 36
19 36
20 36
21 36
22 36
23 36
24 36
25 36
26 36
27 36
0
Yes
48 33
48 34
49 34
49 33
47 34
47 33
46 34
46 33
46 32
47 32
48 32
49 32
49 31
48 31
47 31
46 31
45 31
45 32
45 33
45 34
44 34
44 33
44 32
44 31
44 30
45 30
46 30
47 30
48 30
49 30
0
No
0
Yes
14 27
14 28
14 29
15 29
15 28
15 27
16 27
16 28
16 29
17 29
17 28
17 27
18 27
18 28
18 29
18 26
17 26
16 26
15 26
14 26
14 25
15 25
16 25
17 25
18 25
18 24
17 24
16 24
15 24
14 24
13 24
13 25
13 26
13 27
13 28
13 29
12 24
12 25
12 26
12 27
12 28
12 29
11 24
11 25
11 26
11 27
11 28
11 29
12 30
13 30
14 30
15 30
16 30
17 30
18 30
0
No
0
No
1
793
0 48
0 49
1 49
1 48
2 48
2 49
3 49
3 48
4 48
4 49
4 47
3 47
2 47
1 47
0 47
4 46
3 46
2 46
1 46
0 46
3 45
2 45
1 45
0 45
1 44
0 44
5 46
5 47
5 48
5 49
Yes
27 42
27 43
27 41
27 40
27 39
27 38
27 37
27 36
28 36
28 35
27 35
26 35
26 36
26 37
26 38
26 39
26 40
26 41
26 42
26 43
26 44
27 44
28 44
28 45
27 45
26 45
28 46
27 46
26 46
28 47
27 47
26 47
27 48
26 48
27 49
26 49
25 49
25 48
25 47
25 46
25 45
25 44
25 43
25 42
25 41
25 40
25 39
25 38
25 37
25 36
25 35
24 35
24 36
24 37
24 38
24 39
24 40
24 41
24 42
24 43
24 44
24 45
24 46
24 47
24 48
24 49
23 49
23 48
23 47
23 46
23 45
23 44
23 43
23 42
23 41
23 40
23 39
23 38
23 37
23 36
23 35
22 40
22 41
22 42
22 43
22 44
22 45
22 46
22 47
22 48
22 49
22 39
22 38
22 37
22 36
22 35
21 39
21 38
21 37
21 36
21 35
20 38
20 37
20 36
20 35
19 38
19 37
19 36
19 35
18 38
18 37
18 36
18 35
17 38
17 37
17 36
17 35
16 38
16 37
16 36
16 35
16 34
17 34
18 34
19 34
20 34
21 34
22 34
23 34
24 34
25 34
26 34
27 34
0
Yes
0 32
0 33
0 34
0 35
0 36
0 37
0 38
0 39
0 40
0 41
1 41
1 40
1 39
1 38
1 37
1 36
1 35
1 34
1 33
1 32
2 41
2 40
2 39
2 38
2 37
2 36
2 35
2 34
2 33
2 32
3 41
3 40
3 39
3 38
3 37
3 36
3 35
3 34
3 33
3 32
4 40
4 39
4 38
4 37
4 36
4 35
4 34
4 33
4 32
5 37
5 36
5 35
5 34
0
Yes
5 29
6 29
6 28
7 28
7 29
8 28
8 29
9 28
9 29
10 28
10 29
4 29
3 29
2 29
1 29
0 29
0 30
1 30
2 30
3 30
4 30
5 30
6 30
7 30
8 30
9 30
10 30
11 30
11 31
10 31
9 31
8 31
7 31
6 31
5 31
4 31
3 31
2 31
1 31
0 31
9 32
10 32
11 32
0
No
0
Yes
10 48
10 49
11 49
11 48
11 47
10 47
9 47
9 48
9 49
8 49
8 48
8 47
7 47
7 48
7 49
6 47
6 48
6 49
0
Yes
41 15
42 15
40 15
40 16
41 16
42 16
42 17
41 17
40 17
40 18
41 18
42 18
42 19
41 19
40 19
40 20
40 21
40 22
39 22
39 21
39 20
39 19
39 18
39 17
39 16
39 15
39 14
39 13
39 12
38 12
38 13
38 14
38 15
38 16
38 17
38 18
38 19
38 20
38 21
38 22
37 22
37 21
37 20
37 19
37 18
37 17
37 16
37 15
37 14
37 13
37 12
36 22
36 21
36 20
36 19
36 18
36 17
36 16
36 15
36 14
36 13
36 12
36 11
35 22
35 21
35 20
35 19
35 18
35 17
35 16
35 15
35 14
35 13
35 12
35 11
34 22
34 21
34 20
34 19
34 18
34 17
34 16
34 15
34 14
34 13
34 12
34 11
33 22
33 21
33 20
33 19
33 18
33 17
33 16
33 15
33 14
33 13
33 12
33 11
32 11
32 12
32 13
32 14
32 15
32 16
32 17
32 18
32 19
32 20
32 21
32 22
31 17
31 16
31 15
31 14
31 13
30 16
30 15
30 14
30 13
30 12
29 12
29 13
29 14
29 15
29 16
31 22
31 21
31 20
31 19
30 19
30 20
30 21
0
Yes
16 49
17 49
18 49
19 49
20 49
21 49
22 49
23 49
24 49
24 48
23 48
22 48
21 48
20 48
19 48
18 48
17 48
16 48
16 47
17 47
18 47
19 47
20 47
21 47
22 47
23 47
24 47
24 46
23 46
22 46
21 46
20 46
19 46
18 46
17 46
16 46
16 45
17 45
18 45
19 45
20 45
21 45
22 45
23 45
24 45
24 44
23 44
22 44
21 44
20 44
19 44
18 44
17 44
16 44
16 43
17 43
18 43
19 43
20 43
21 43
22 43
23 43
24 43
24 42
23 42
22 42
21 42
20 42
19 42
18 42
17 42
16 42
16 41
17 41
18 41
19 41
20 41
21 41
22 41
23 41
24 41
24 40
23 40
22 40
21 40
20 40
19 40
18 40
17 40
16 40
15 40
15 41
15 42
15 43
15 44
15 45
15 46
15 47
15 48
15 49
14 40
14 41
14 42
14 43
14 44
14 45
14 46
14 47
14 48
14 49
13 41
13 42
13 43
13 44
13 45
13 46
13 47
13 48
13 49
14 39
15 39
16 39
17 39
18 39
19 39
20 39
21 39
22 39
23 39
24 39
15 38
0
Yes
47 48
46 48
45 48
44 48
44 49
45 49
46 49
47 49
0
Yes
49 16
49 17
49 18
49 19
48 19
48 18
48 17
48 16
47 19
47 18
47 17
47 16
46 19
46 18
46 17
46 16
45 19
45 18
45 17
45 16
44 19
44 18
44 17
44 16
43 19
43 18
43 17
43 16
43 15
44 15
45 15
46 15
47 15
48 15
49 15
43 14
44 14
45 14
46 14
47 14
48 14
49 14
43 13
44 13
45 13
46 13
47 13
48 13
49 13
46 12
47 12
48 12
0
Yes
27 1
27 2
27 3
26 2
26 1
25 1
24 1
24 0
25 0
26 0
27 0
28 0
28 1
28 2
28 3
28 4
29 4
29 3
29 2
29 1
29 0
29 5
30 5
30 4
30 3
30 2
30 1
30 0
31 4
31 5
31 3
31 2
31 1
31 0
31 6
30 6
23 0
23 1
23 2
22 2
22 1
22 0
21 2
21 1
21 0
20 2
20 1
20 0
30 7
31 7
32 3
32 2
32 1
32 0
31 8
31 9
31 10
32 10
32 9
32 8
32 7
33 7
33 8
33 9
33 10
34 7
34 8
34 9
34 10
35 10
35 9
35 8
30 9
0
Yes
49 34
48 34
47 34
46 34
46 33
47 33
48 33
49 33
49 32
48 32
47 32
46 32
46 31
47 31
48 31
49 31
47 30
46 30
48 30
49 30
45 30
45 31
45 32
45 33
45 34
44 30
44 31
44 32
44 33
44 34
0
Yes
26 49
27 49
27 48
26 48
25 48
25 49
25 47
26 47
27 47
28 47
28 46
27 46
26 46
25 46
0
Yes
2 34
2 35
2 36
2 37
2 38
3 38
3 37
3 36
3 35
3 34
4 38
4 37
4 36
4 35
4 34
5 37
5 36
5 35
5 34
5 33
4 33
3 33
2 33
1 33
1 34
1 35
1 36
1 37
1 38
0 38
0 37
0 36
0 35
0 34
0 33
0 32
1 32
2 32
3 32
4 32
0
No
0
Yes
21 34
21 35
21 36
21 37
21 38
22 38
22 37
22 36
22 35
22 34
23 38
23 37
23 36
23 35
23 34
24 38
24 37
24 36
24 35
24 34
20 38
20 37
20 36
20 35
20 34
19 38
19 37
19 36
19 35
19 34
18 38
18 37
18 36
18 35
18 34
17 38
17 37
17 36
17 35
17 34
16 38
16 37
16 36
16 35
16 34
16 33
17 33
18 33
19 33
20 33
21 33
22 33
23 33
24 33
25 33
25 34
25 35
25 36
25 37
25 38
26 38
26 37
26 36
26 35
26 34
26 33
27 37
27 38
27 36
27 35
27 34
27 33
28 36
28 35
28 34
28 33
28 32
27 32
26 32
25 32
24 32
23 32
22 32
21 32
20 32
19 32
18 32
17 32
16 32
15 32
15 31
16 31
17 31
18 31
19 31
20 31
21 31
22 31
23 31
24 31
25 31
26 31
27 31
28 31
19 30
20 30
21 30
22 30
23 30
24 30
25 30
26 30
27 30
28 30
19 29
20 29
21 29
22 29
23 29
24 29
0
No
1
810
28 0
28 1
29 1
29 0
30 0
30 1
31 1
31 0
32 0
32 1
27 1
27 0
26 0
26 1
26 2
27 2
28 2
29 2
30 2
31 2
32 2
32 3
31 3
30 3
29 3
28 3
27 3
28 4
29 4
30 4
Yes
49 34
48 34
47 34
46 34
46 33
47 33
48 33
49 33
49 32
48 32
47 32
46 32
46 31
47 31
48 31
49 31
47 30
46 30
48 30
49 30
45 30
45 31
45 32
45 33
45 34
45 35
45 36
45 37
44 37
44 36
44 35
44 34
44 33
44 32
44 31
44 30
43 30
43 31
43 32
43 33
43 34
43 35
43 36
42 36
42 35
42 34
42 33
42 32
42 31
42 30
41 30
41 31
41 32
41 33
41 34
41 35
41 36
41 37
40 37
40 36
40 35
40 34
40 33
40 32
40 31
40 30
39 36
39 35
39 34
39 33
39 32
39 31
39 30
38 36
38 35
38 34
38 33
38 32
38 31
38 30
0
Yes
29 33
29 34
29 35
29 36
30 36
30 35
30 34
30 33
31 36
31 35
31 34
31 33
32 36
32 35
32 34
32 33
33 36
33 35
33 34
33 33
34 36
34 35
34 34
34 33
35 35
35 34
35 33
29 32
30 32
31 32
32 32
33 32
0
No
0
No
0
Yes
1 3
0 3
1 4
0 4
0
Yes
33 7
34 7
32 7
32 8
33 8
34 8
35 8
35 9
34 9
33 9
32 9
31 9
31 8
31 7
30 7
31 10
32 10
33 10
34 10
35 10
32 11
33 11
34 11
35 11
36 11
32 12
33 12
34 12
35 12
36 12
37 12
37 13
36 13
35 13
34 13
33 13
32 13
31 13
31 14
32 14
33 14
34 14
35 14
36 14
37 14
30 14
30 13
30 12
29 12
29 13
29 14
29 15
30 15
31 15
32 15
33 15
34 15
35 15
36 15
37 15
29 16
30 16
31 16
32 16
33 16
34 16
35 16
36 16
37 16
31 17
32 17
33 17
34 17
35 17
36 17
37 17
32 18
33 18
34 18
35 18
36 18
37 18
38 12
38 13
38 14
38 15
38 16
38 17
38 18
39 12
39 13
39 14
39 15
39 16
39 17
39 18
40 15
40 16
40 17
40 18
41 15
41 16
41 17
41 18
42 15
42 16
42 17
42 18
42 19
41 19
0
Yes
33 19
34 19
35 19
36 19
37 19
38 19
39 19
40 19
40 20
39 20
38 20
37 20
36 20
35 20
34 20
33 20
40 21
39 21
38 21
37 21
36 21
35 21
34 21
33 21
40 22
39 22
38 22
37 22
36 22
35 22
34 22
33 22
40 23
39 23
38 23
37 23
36 23
35 23
34 23
33 23
40 24
39 24
38 24
37 24
36 24
35 24
34 24
33 24
40 25
39 25
38 25
37 25
36 25
35 25
34 25
33 25
32 19
32 20
32 21
32 22
32 23
32 24
32 25
32 26
33 26
34 26
35 26
36 26
37 26
38 26
39 26
40 26
40 27
39 27
38 27
37 27
36 27
35 27
34 27
33 27
32 27
32 28
33 28
34 28
35 28
36 28
37 28
38 28
39 28
40 28
40 29
39 29
38 29
37 29
36 29
35 29
34 29
33 29
32 29
0
No
0
Yes
3 0
3 1
3 2
4 2
4 1
4 0
5 0
5 1
5 2
4 3
5 3
4 4
5 4
0
No
0
No
0
Yes
6 31
6 32
5 32
5 31
7 31
8 31
9 31
9 32
9 30
8 30
7 30
6 30
5 30
5 29
6 29
7 29
8 29
9 29
6 28
7 28
8 28
9 28
10 28
10 29
10 30
10 31
10 32
11 32
11 31
11 30
4 29
4 30
4 31
3 31
3 30
3 29
0
No
0
No
0
No
0
Yes
1 48
1 49
2 49
2 48
2 47
1 47
1 46
2 46
2 45
1 45
0 45
0 46
0 47
0 48
0 49
3 45
3 46
3 47
3 48
3 49
4 46
4 47
4 48
4 49
0
Yes
25 40
25 39
26 39
26 40
27 39
27 40
25 41
26 41
27 41
25 42
26 42
27 42
25 43
26 43
27 43
25 44
26 44
27 44
25 45
26 45
27 45
28 45
28 44
28 43
28 42
28 41
28 40
28 39
29 45
29 44
29 43
29 42
29 41
29 40
29 39
30 45
30 44
30 43
30 42
30 41
30 40
30 39
31 45
1
792
34 37
35 37
35 38
34 38
35 39
34 39
35 40
34 40
34 41
35 41
35 42
33 37
33 38
33 39
33 40
33 41
33 42
32 42
32 41
32 40
32 39
32 38
32 37
31 42
31 41
31 40
31 39
31 38
31 37
36 42
36 41
Yes
31 6
31 5
31 4
30 6
30 5
30 4
29 5
29 4
28 4
30 7
31 7
31 8
31 9
31 10
28 3
29 3
30 3
31 3
27 3
27 2
28 2
29 2
30 2
31 2
26 2
26 1
27 1
28 1
29 1
30 1
31 1
25 1
24 1
24 0
25 0
26 0
27 0
28 0
29 0
30 0
31 0
23 0
23 1
23 2
32 3
32 2
32 1
32 0
22 2
22 1
22 0
21 2
21 1
21 0
20 2
20 1
20 0
19 2
19 1
19 0
18 2
18 1
18 0
17 2
17 1
17 0
16 1
16 0
32 7
32 8
32 9
32 10
32 11
32 12
33 7
33 8
33 9
33 10
33 11
33 12
34 7
34 8
34 9
34 10
34 11
34 12
35 8
35 9
35 10
35 11
35 12
36 11
36 12
37 12
38 12
39 12
39 13
38 13
37 13
36 13
35 13
34 13
33 13
32 13
31 13
31 14
31 15
31 16
30 16
30 15
30 14
30 13
30 12
29 12
29 13
29 14
29 15
29 16
32 14
32 15
32 16
33 14
33 15
33 16
34 14
34 15
34 16
35 14
35 15
35 16
36 14
36 15
36 16
37 14
37 15
37 16
38 14
39 14
38 15
38 16
39 15
39 16
31 17
32 17
33 17
34 17
35 17
0
Yes
16 10
15 10
16 11
15 11
14 11
14 12
15 12
16 12
17 12
18 12
18 13
17 13
16 13
15 13
14 13
14 14
15 14
16 14
17 14
18 14
19 14
13 14
12 14
11 14
11 15
12 15
13 15
14 15
15 15
16 15
17 15
18 15
19 15
10 15
10 16
11 16
12 16
13 16
14 16
15 16
16 16
17 16
18 16
19 16
20 15
20 16
20 17
19 17
18 17
17 17
16 17
15 17
14 17
13 17
12 17
11 17
10 17
21 16
21 15
9 17
9 18
10 18
11 18
12 18
13 18
14 18
15 18
16 18
17 18
18 18
19 18
9 19
10 19
11 19
12 19
13 19
14 19
15 19
16 19
17 19
18 19
19 19
19 20
18 20
17 20
16 20
15 20
14 20
13 20
12 20
0
No
0
Yes
0 29
0 30
0 31
1 31
1 30
1 29
2 29
2 30
0
No
0
No
0
Yes
16 24
17 24
18 24
19 24
19 23
18 23
17 23
16 23
19 22
18 22
17 22
16 22
19 21
18 21
17 21
16 21
19 20
18 20
17 20
16 20
19 19
18 19
17 19
16 19
19 18
18 18
17 18
16 18
16 17
17 17
18 17
19 17
20 17
20 16
19 16
18 16
17 16
16 16
21 16
21 15
20 15
19 15
18 15
17 15
16 15
19 14
18 14
17 14
16 14
18 13
17 13
16 13
18 12
17 12
16 12
16 11
16 10
15 10
15 11
15 12
15 13
15 14
15 15
15 16
15 17
15 18
15 19
15 20
15 21
15 22
15 23
15 24
14 11
14 12
14 13
14 14
14 15
14 16
14 17
14 18
14 19
14 20
14 21
14 22
14 23
14 24
13 14
13 15
13 16
13 17
13 18
13 19
13 20
13 21
13 22
13 23
13 24
12 14
12 15
12 16
12 17
12 18
12 19
12 20
12 21
12 22
12 23
12 24
11 14
11 15
11 16
11 17
11 18
11 19
11 20
11 21
11 22
11 23
11 24
10 15
10 16
10 17
10 18
10 19
9 19
9 18
9 17
8 17
8 16
8 15
7 15
7 16
7 17
6 17
6 16
5 16
5 17
0
No
0
Yes
0 28
1 28
2 28
3 28
3 27
2 27
1 27
0 27
0 26
1 26
2 26
3 26
3 25
2 25
1 25
0 25
0 24
1 24
2 24
0
Yes
11 27
10 27
9 27
8 27
7 27
6 27
6 26
7 26
8 26
9 26
10 26
11 26
11 25
10 25
9 25
8 25
7 25
6 25
10 24
9 24
8 24
7 24
6 24
10 23
9 23
8 23
7 23
6 23
9 22
8 22
7 22
6 22
5 22
5 23
5 24
5 25
5 26
5 27
5 28
4 28
4 27
4 26
4 25
4 24
9 21
0
Yes
34 32
34 33
34 34
34 35
34 36
35 35
35 34
35 33
35 32
36 35
36 34
36 33
36 32
37 35
37 34
37 33
37 32
37 31
36 31
35 31
34 31
37 30
36 30
35 30
34 30
34 29
35 29
36 29
37 29
37 28
36 28
35 28
34 28
33 28
33 29
33 30
33 31
33 32
33 33
33 34
33 35
33 36
32 36
32 35
32 34
32 33
32 32
32 31
32 30
32 29
32 28
31 28
31 29
31 30
31 31
31 32
31 33
31 34
31 35
31 36
30 36
30 35
30 34
30 33
30 32
30 31
30 30
30 29
30 28
29 30
29 31
29 32
29 33
29 34
29 35
29 36
29 29
29 28
29 27
30 27
31 27
32 27
33 27
34 27
35 27
36 27
37 27
37 26
36 26
35 26
34 26
33 26
32 26
31 26
30 26
0
Yes
31 25
32 25
33 25
34 25
35 25
36 25
37 25
30 25
30 24
31 24
32 24
33 24
34 24
35 24
36 24
37 24
38 24
38 25
39 25
39 24
39 23
38 23
37 23
36 23
35 23
34 23
33 23
32 23
31 23
30 23
30 22
31 22
32 22
33 22
34 22
35 22
36 22
37 22
38 22
39 22
39 21
38 21
37 21
36 21
35 21
34 21
33 21
32 21
31 21
30 21
30 20
31 20
32 20
33 20
34 20
35 20
36 20
37 20
38 20
39 20
30 19
31 19
32 19
33 19
34 19
35 19
36 19
37 19
38 19
39 19
32 18
33 18
34 18
35 18
36 18
37 18
38 18
39 18
36 17
37 17
38 17
39 17
40 20
40 21
40 22
40 23
40 24
40 25
40 19
40 18
40 17
40 16
40 15
41 15
41 16
41 17
41 18
41 19
42 19
42 18
42 17
42 16
42 15
0
Yes
7 24
7 25
7 26
8 26
8 25
8 24
9 24
9 25
9 26
9 23
8 23
7 23
9 22
8 22
7 22
6 22
6 23
6 24
6 25
6 26
5 22
5 23
5 24
5 25
5 26
10 23
10 24
10 25
10 26
0
Yes
33 30
33 31
33 32
33 33
33 34
33 35
34 35
34 34
34 33
34 32
34 31
34 30
35 35
35 34
35 33
35 32
35 31
35 30
36 35
36 34
36 33
36 32
36 31
36 30
37 35
37 34
37 33
37 32
37 31
37 30
37 29
36 29
35 29
34 29
33 29
33 28
34 28
35 28
36 28
37 28
37 27
36 27
35 27
34 27
33 27
33 26
34 26
35 26
36 26
37 26
32 26
32 27
32 28
32 29
32 30
32 31
32 32
32 33
32 34
32 35
31 26
31 27
31 28
31 29
31 30
31 31
31 32
31 33
31 34
31 35
30 26
30 27
30 28
30 29
30 30
30 31
30 32
30 33
30 34
30 35
29 35
29 34
29 33
29 32
29 31
29 30
29 29
29 28
29 27
29 26
1
827
35 40
35 39
35 38
34 38
34 39
34 40
34 41
35 41
33 41
33 40
33 39
33 38
32 38
32 39
32 40
32 41
31 41
31 40
31 39
31 38
30 38
31 42
32 42
33 42
33 43
35 37
34 37
33 37
32 37
31 37
30 37
34 36
33 36
32 36
31 36
30 36
Yes
3 21
2 21
2 22
3 22
3 23
2 23
2 24
3 24
4 24
4 25
3 25
2 25
4 26
3 26
2 26
1 23
1 24
1 25
1 26
0 23
0 24
0 25
0 26
0 27
1 27
2 27
3 27
4 27
5 27
6 27
7 27
8 27
9 27
10 27
10 28
9 28
8 28
7 28
6 28
5 28
4 28
3 28
2 28
1 28
0 28
0 29
1 29
2 29
3 29
4 29
5 29
6 29
7 29
8 29
9 29
10 29
10 30
9 30
8 30
7 30
6 30
5 30
4 30
3 30
2 30
1 30
0 30
0 31
1 31
2 31
3 31
4 31
5 31
6 31
7 31
8 31
9 31
10 31
9 32
10 32
11 32
11 31
11 30
11 29
11 28
11 27
6 32
5 32
11 26
11 25
12 25
12 26
12 27
12 28
12 29
12 30
13 30
13 29
13 28
13 27
13 26
0
Yes
0 39
1 39
2 39
2 40
1 40
0 40
2 41
1 41
0 41
1 42
0 42
0
Yes
14 29
14 30
15 30
15 29
14 28
15 28
14 27
15 27
14 26
15 26
14 25
15 25
16 25
16 26
16 27
16 28
16 29
16 30
17 30
17 29
17 28
17 27
17 26
17 25
18 30
18 29
18 28
18 27
18 26
18 25
19 25
19 26
19 27
19 28
20 28
20 27
20 26
21 26
21 27
21 28
22 28
22 27
0
No
0
No
0
No
0
No
1
832
29 21
29 22
29 23
29 24
29 25
28 21
28 22
28 23
28 24
28 25
28 26
28 27
28 28
28 29
27 29
27 28
27 27
27 26
27 25
27 24
27 23
27 22
27 21
26 21
26 22
26 23
26 24
26 25
26 26
26 27
26 28
26 29
26 20
25 29
25 28
25 27
25 26
24 26
24 27
24 28
23 28
23 27
23 26
Yes
31 45
31 44
31 43
30 45
30 44
30 43
29 45
29 44
29 43
28 45
28 44
28 43
27 45
27 44
27 43
26 45
26 44
26 43
25 45
25 44
25 43
25 42
26 42
27 42
28 42
29 42
30 42
31 42
32 42
33 42
25 41
26 41
27 41
28 41
29 41
30 41
31 41
32 41
33 41
25 40
26 40
27 40
28 40
29 40
30 40
31 40
32 40
33 40
25 39
26 39
27 39
28 39
29 39
30 39
31 39
32 39
33 39
28 38
29 38
30 38
31 38
32 38
33 38
28 37
29 37
30 37
31 37
32 37
33 37
29 36
30 36
31 36
32 36
33 36
34 36
34 37
34 38
34 39
34 40
34 41
35 37
35 38
35 39
35 40
0
Yes
13 29
13 30
12 30
12 29
13 28
12 28
13 27
12 27
11 27
11 28
11 29
11 30
11 31
11 32
10 32
10 31
10 30
10 29
10 28
10 27
9 32
9 31
9 30
9 29
9 28
9 27
8 27
8 28
8 29
8 30
8 31
7 31
7 30
7 29
7 28
7 27
6 27
6 28
6 29
6 30
6 31
6 32
6 33
5 27
5 28
5 29
5 30
5 31
5 32
5 33
5 34
5 35
4 35
4 34
4 33
4 32
4 31
4 30
4 29
4 28
4 27
3 27
3 28
3 29
3 30
3 31
3 32
3 33
3 34
3 35
2 35
2 34
2 33
2 32
2 31
2 30
2 29
2 28
2 27
1 27
1 28
1 29
1 30
1 31
1 32
1 33
1 34
1 35
4 26
3 26
2 26
1 26
4 25
3 25
2 25
1 25
4 24
3 24
2 24
1 24
1 23
2 23
3 23
3 22
2 22
2 21
3 21
0 23
0 24
0 25
0 26
0 27
0 28
0 29
0 30
0 31
0 32
0 33
0 34
0 35
5 36
4 36
3 36
2 36
1 36
0 36
5 37
4 37
3 37
2 37
1 37
0 37
0 38
1 38
2 38
0
Yes
5 48
5 49
5 47
4 47
4 48
4 49
3 49
3 48
3 47
2 47
2 48
2 49
1 49
1 48
1 47
0 47
0 48
0 49
5 46
4 46
3 46
2 46
1 46
0 46
3 45
2 45
1 45
0
No
0
No
0
Yes
0 26
0 27
0 28
0 29
1 29
1 28
1 27
1 26
1 25
0 25
2 25
2 26
2 27
2 28
2 29
3 29
3 28
3 27
3 26
3 25
4 25
4 26
4 27
4 28
4 29
0
No
0
Yes
0 36
0 37
0 38
1 38
1 37
1 36
2 38
2 37
2 36
3 36
3 37
3 38
4 38
4 37
4 36
4 35
3 35
2 35
1 35
0 35
0 34
1 34
2 34
3 34
4 34
5 37
5 36
5 35
5 34
0
Yes
31 45
31 44
31 43
30 45
30 44
30 43
29 45
29 44
29 43
28 45
28 44
28 43
27 45
27 44
27 43
26 45
26 44
26 43
25 45
25 44
25 43
25 42
26 42
27 42
28 42
29 42
30 42
31 42
25 41
26 41
27 41
28 41
29 41
30 41
31 41
25 40
26 40
27 40
28 40
29 40
30 40
31 40
0
Yes
4 1
5 1
5 2
4 2
4 3
5 3
6 3
6 4
5 4
4 4
0
No
0
Yes
19 29
19 30
20 29
20 30
21 29
21 30
22 29
22 30
23 29
23 30
24 29
24 30
24 31
23 31
22 31
21 31
20 31
19 31
19 32
20 32
21 32
22 32
23 32
24 32
24 33
23 33
22 33
21 33
20 33
19 33
19 34
20 34
21 34
22 34
23 34
24 34
24 35
23 35
22 35
21 35
20 35
19 35
19 36
20 36
21 36
22 36
23 36
24 36
24 37
23 37
22 37
21 37
20 37
19 37
25 30
25 31
25 32
25 33
25 34
25 35
25 36
25 37
26 30
26 31
26 32
26 33
26 34
26 35
26 36
26 37
27 30
27 31
27 32
27 33
27 34
27 35
27 36
27 37
28 30
28 31
28 32
28 33
28 34
28 35
28 36
28 37
0
No
0
Yes
2 31
2 32
2 33
3 33
3 32
3 31
4 33
4 32
4 31
5 33
5 32
5 31
6 33
6 32
6 31
1 33
1 32
1 31
0 33
0 32
0 31
0 30
1 30
2 30
3 30
4 30
5 30
6 30
5 29
6 29
5 28
6 28
5 27
6 27
7 27
7 28
7 29
7 30
7 31
8 31
8 30
8 29
8 28
8 27
9 27
9 28
9 29
9 30
9 31
9 32
10 32
10 31
10 30
10 29
10 28
10 27
11 32
11 31
11 30
11 29
11 28
11 27
11 26
11 25
12 25
12 26
12 27
12 28
12 29
12 30
13 30
13 29
13 28
13 27
0
Yes
33 40
34 40
35 40
35 39
34 39
33 39
35 38
34 38
33 38
35 37
34 37
33 37
34 36
33 36
32 36
32 37
32 38
32 39
32 40
32 41
33 41
34 41
35 41
35 42
36 42
36 41
0
Yes
18 49
19 49
20 49
21 49
22 49
23 49
24 49
24 48
23 48
22 48
21 48
20 48
19 48
18 48
24 47
23 47
22 47
21 47
20 47
19 47
18 47
24 46
23 46
22 46
21 46
20 46
19 46
18 46
17 46
17 47
17 48
17 49
24 45
23 45
22 45
21 45
20 45
0
Yes
16 49
16 48
16 47
16 46
16 45
17 45
18 45
18 44
17 44
16 44
16 43
17 43
18 43
18 42
17 42
16 42
16 41
17 41
18 41
18 40
17 40
16 40
16 39
17 39
18 39
18 38
17 38
16 38
15 38
15 39
15 40
15 41
15 42
15 43
15 44
15 45
15 46
15 47
15 48
15 49
14 39
14 40
14 41
14 42
14 43
14 44
14 45
14 46
14 47
14 48
14 49
13 41
13 42
13 43
13 44
13 45
13 46
13 47
13 48
13 49
12 43
12 44
12 45
12 46
12 47
12 48
12 49
19 45
19 44
19 43
19 42
19 41
19 40
19 39
19 38
20 38
20 39
20 40
20 41
20 42
0
Yes
3 2
3 1
3 0
2 2
2 1
2 0
1 2
1 1
1 0
0 2
0 1
0 0
0
Yes
16 32
15 32
15 31
16 31
17 31
17 32
18 31
18 32
16 33
17 33
18 33
19 33
19 32
19 31
19 30
19 29
20 29
20 30
20 31
20 32
20 33
21 29
21 30
21 31
21 32
21 33
22 29
22 30
22 31
22 32
22 33
23 29
23 30
23 31
23 32
23 33
24 29
24 30
24 31
24 32
24 33
25 30
25 31
25 32
25 33
26 30
26 31
26 32
26 33
27 30
27 31
27 32
27 33
28 30
28 31
28 32
28 33
28 34
27 34
26 34
25 34
24 34
23 34
22 34
21 34
20 34
19 34
18 34
17 34
16 34
16 35
17 35
18 35
19 35
20 35
21 35
22 35
23 35
24 35
25 35
26 35
27 35
28 35
16 36
17 36
18 36
19 36
20 36
21 36
22 36
23 36
24 36
25 36
26 36
27 36
28 36
16 37
17 37
0
Yes
38 29
39 29
40 29
40 28
39 28
38 28
38 27
39 27
40 27
37 27
37 28
37 29
37 30
37 31
37 32
37 33
37 34
37 35
36 35
36 34
36 33
36 32
36 31
36 30
36 29
36 28
36 27
35 35
35 34
35 33
35 32
35 31
35 30
35 29
35 28
35 27
34 35
34 34
34 33
34 32
34 31
34 30
34 29
34 28
34 27
33 35
33 34
33 33
33 32
33 31
33 30
33 29
33 28
33 27
32 35
32 34
32 33
32 32
32 31
32 30
32 29
32 28
32 27
31 27
31 28
31 29
31 30
31 31
31 32
31 33
31 34
31 35
31 36
30 36
30 35
30 34
30 33
30 32
30 31
30 30
30 29
30 28
30 27
29 27
29 28
29 29
29 30
29 31
29 32
29 33
29 34
29 35
29 36
29 26
30 26
31 26
32 26
33 26
34 26
35 26
36 26
37 26
38 26
39 26
40 26
41 26
41 27
41 28
41 29
31 37
30 37
29 37
0
No
0
No
0
No
0
No
0
No
0
No
0
Yes
49 24
49 23
49 22
49 21
49 20
48 20
48 21
48 22
48 23
48 24
47 20
47 21
47 22
47 23
47 24
46 20
46 21
46 22
46 23
46 24
45 20
45 21
45 22
45 23
45 24
44 20
44 21
44 22
44 23
44 24
43 20
43 21
43 22
43 23
43 24
42 20
42 21
42 22
42 23
0
Yes
9 26
10 26
10 25
9 25
10 24
9 24
10 23
9 23
9 22
8 22
8 23
8 24
8 25
8 26
7 26
7 25
7 24
7 23
7 22
6 22
6 23
6 24
6 25
6 26
5 26
5 25
5 24
5 23
5 22
4 24
0
Yes
42 29
43 29
44 29
45 29
46 29
47 29
48 29
49 29
42 28
43 28
44 28
45 28
46 28
47 28
48 28
49 28
42 27
43 27
44 27
45 27
46 27
47 27
48 27
49 27
42 26
43 26
44 26
45 26
46 26
47 26
48 26
49 26
49 25
48 25
47 25
46 25
45 25
44 25
43 25
42 25
0
Yes
18 0
18 1
18 2
19 2
19 1
19 0
20 2
20 1
20 0
21 2
21 1
21 0
22 2
22 1
22 0
23 2
23 1
23 0
0
Yes
39 15
39 16
38 16
38 15
37 16
37 15
36 16
36 15
39 14
38 14
37 14
36 14
39 13
38 13
37 13
36 13
39 12
38 12
37 12
36 12
36 11
35 11
35 12
35 13
35 14
35 15
35 16
35 17
34 17
34 16
34 15
34 14
34 13
34 12
34 11
35 10
34 10
35 9
34 9
35 8
34 8
34 7
33 7
33 8
33 9
33 10
33 11
33 12
33 13
33 14
33 15
33 16
33 17
32 17
32 16
32 15
32 14
32 13
32 12
32 11
32 10
32 9
32 8
32 7
31 10
31 9
31 8
31 7
30 7
31 17
31 16
31 15
31 14
31 13
30 16
30 15
30 14
30 13
30 12
29 12
29 13
29 14
29 15
29 16
30 6
31 6
31 5
30 5
29 5
31 4
30 4
29 4
28 4
28 3
29 3
30 3
31 3
0
Yes
17 26
17 25
18 25
18 26
19 25
19 26
20 26
21 26
22 26
23 26
16 25
16 26
15 25
15 26
15 27
16 27
17 27
18 27
19 27
20 27
21 27
22 27
23 27
23 28
22 28
21 28
20 28
19 28
18 28
17 28
16 28
15 28
15 29
16 29
17 29
18 29
19 29
20 29
21 29
22 29
23 29
23 30
22 30
21 30
20 30
19 30
18 30
17 30
16 30
15 30
15 31
16 31
17 31
18 31
19 31
20 31
21 31
22 31
23 31
15 32
16 32
17 32
18 32
19 32
20 32
21 32
22 32
23 32
16 33
17 33
18 33
19 33
20 33
21 33
22 33
23 33
16 34
17 34
18 34
19 34
20 34
21 34
22 34
23 34
16 35
17 35
18 35
19 35
20 35
21 35
22 35
23 35
16 36
17 36
18 36
19 36
20 36
21 36
22 36
23 36
16 37
17 37
18 37
19 37
20 37
21 37
22 37
23 37
24 26
24 27
24 28
24 29
24 30
24 31
24 32
24 33
24 34
24 35
24 36
24 37
25 26
25 27
25 28
25 29
25 30
25 31
25 32
25 33
25 34
25 35
25 36
25 37
26 37
26 36
26 35
26 34
26 33
26 32
26 31
26 30
26 29
26 28
0
Yes
27 45
26 45
26 44
27 44
27 43
26 43
26 42
27 42
28 45
28 44
28 43
28 42
29 45
29 44
29 43
29 42
0
No
0
No
0
Yes
20 32
20 33
20 34
20 35
20 36
20 37
19 37
19 36
19 35
19 34
19 33
19 32
18 37
18 36
18 35
18 34
18 33
18 32
17 37
17 36
17 35
17 34
17 33
17 32
16 37
16 36
16 35
16 34
16 33
16 32
15 32
15 31
16 31
17 31
18 31
19 31
20 31
21 31
21 32
21 33
21 34
21 35
21 36
21 37
21 30
20 30
19 30
18 30
17 30
16 30
15 30
14 30
14 29
15 29
16 29
17 29
18 29
19 29
20 29
21 29
14 28
15 28
16 28
17 28
18 28
19 28
20 28
21 28
14 27
15 27
16 27
17 27
18 27
19 27
20 27
21 27
21 26
20 26
19 26
18 26
17 26
16 26
15 26
14 26
19 25
18 25
17 25
16 25
15 25
14 25
13 25
13 26
22 26
22 27
22 28
22 29
22 30
22 31
22 32
22 33
22 34
0
Yes
27 28
28 28
28 29
27 29
28 30
27 30
28 31
27 31
28 32
27 32
28 27
27 27
28 26
27 26
26 26
26 27
26 28
26 29
26 30
26 31
26 32
25 26
25 27
25 28
25 29
25 30
25 31
25 32
24 26
24 27
24 28
24 29
24 30
24 31
24 32
23 26
23 27
23 28
23 29
23 30
23 31
23 32
23 33
24 33
25 33
26 33
27 33
28 33
28 34
27 34
26 34
25 34
24 34
23 34
28 35
27 35
26 35
25 35
0
Yes
28 39
28 40
28 41
29 41
29 40
29 39
29 38
28 38
28 37
28 36
27 36
27 37
27 38
27 39
27 40
27 41
26 41
26 40
26 39
26 38
26 37
26 36
25 36
25 37
25 38
25 39
25 40
25 41
0
No
0
No
0
Yes
31 45
30 45
30 44
31 44
31 43
30 43
0
No
0
No
0
No
0
Yes
29 25
29 24
29 23
29 22
29 21
28 21
28 22
28 23
28 24
28 25
28 26
28 27
27 21
27 22
27 23
27 24
27 25
27 26
27 27
26 21
26 22
26 23
26 24
26 25
26 26
26 27
25 26
25 27
24 26
24 27
23 26
23 27
23 28
24 28
25 28
26 28
27 28
28 28
28 29
27 29
26 29
25 29
24 29
23 29
23 30
24 30
25 30
26 30
27 30
28 30
28 31
27 31
26 31
25 31
24 31
23 31
23 32
24 32
25 32
26 32
27 32
28 32
28 33
27 33
26 33
25 33
24 33
23 33
23 34
24 34
25 34
26 34
27 34
28 34
28 35
27 35
26 35
0
No
0
No
0
Yes
20 48
20 49
21 49
21 48
22 48
22 49
23 49
23 48
24 48
24 49
24 47
23 47
22 47
21 47
20 47
20 46
21 46
22 46
23 46
24 46
20 45
21 45
22 45
23 45
24 45
20 44
21 44
22 44
23 44
24 44
20 43
21 43
22 43
23 43
24 43
25 43
25 44
25 45
25 46
25 47
25 48
25 49
26 49
26 48
26 47
26 46
26 45
26 44
26 43
27 48
27 49
27 47
27 46
27 45
27 44
1
881
23 42
24 42
24 41
23 41
24 40
23 40
24 39
23 39
24 38
23 38
24 37
23 37
22 37
22 38
22 39
22 40
22 41
22 42
22 36
23 36
24 36
24 35
23 35
22 35
21 42
21 41
21 40
21 39
21 38
25 35
Yes
7 15
8 15
8 16
7 16
7 17
8 17
9 17
9 18
9 19
6 17
6 16
5 16
5 17
10 19
10 18
10 17
10 16
10 15
11 15
11 16
11 17
11 18
11 19
11 14
12 14
12 15
12 16
12 17
12 18
12 19
13 14
13 15
13 16
13 17
13 18
13 19
11 20
12 20
13 20
11 21
12 21
13 21
11 22
12 22
13 22
13 23
12 23
11 23
11 24
12 24
13 24
14 24
14 23
14 22
14 21
14 20
14 19
14 18
14 17
14 16
14 15
14 14
14 13
14 12
14 11
15 24
15 23
15 22
15 21
15 20
15 19
15 18
15 17
15 16
15 15
15 14
15 13
15 12
15 11
15 10
16 10
16 11
16 12
16 13
16 14
16 15
16 16
16 17
16 18
16 19
16 20
16 21
16 22
16 23
16 24
17 24
17 23
17 22
17 21
17 20
17 19
17 18
17 17
17 16
17 15
17 14
17 13
17 12
18 12
18 13
18 14
18 15
18 16
18 17
18 18
18 19
18 20
18 21
18 22
18 23
18 24
19 24
19 23
19 22
19 21
19 20
19 19
19 18
19 17
19 16
19 15
19 14
20 17
20 16
20 15
21 15
21 16
10 23
9 23
9 22
8 22
8 23
7 22
7 23
6 22
6 23
5 22
5 23
0
No
0
No
0
Yes
23 37
24 37
24 38
23 38
24 39
23 39
24 40
23 40
24 41
23 41
23 42
24 42
25 35
24 36
23 36
24 35
23 35
22 35
22 36
22 37
22 38
22 39
22 40
22 41
22 42
21 42
21 41
21 40
21 39
21 38
0
No
0
No
0
No
0
No
0
Yes
1 1
1 2
2 2
2 1
3 2
3 1
0 2
0 1
3 0
2 0
1 0
0 0
0
No
0
No
0
Yes
0 40
0 39
1 39
1 40
2 39
2 40
2 41
1 41
0 41
1 42
0 42
0
No
0
Yes
11 30
11 31
11 32
10 32
10 31
10 30
9 32
9 31
9 30
8 31
8 30
7 31
7 30
7 29
8 29
9 29
10 29
11 29
11 28
10 28
9 28
8 28
7 28
6 28
6 29
6 30
6 31
6 32
6 33
5 29
5 28
5 30
5 31
5 32
5 33
5 34
5 35
5 36
5 37
4 30
4 31
4 32
4 33
4 34
4 35
4 36
4 37
4 38
4 39
4 40
3 40
3 39
3 38
3 37
3 36
3 35
3 34
3 33
3 32
3 31
3 30
2 30
2 31
2 32
2 33
2 34
2 35
2 36
2 37
2 38
1 38
1 37
1 36
1 35
1 34
1 33
1 32
1 31
1 30
0 30
0 31
0 32
0 33
0 34
0 35
0 36
0 37
0 38
5 27
6 27
7 27
8 27
9 27
10 27
11 27
5 26
6 26
7 26
8 26
9 26
10 26
11 26
12 26
12 27
12 28
12 29
12 30
13 30
13 29
13 28
13 27
12 25
11 25
10 25
9 25
8 25
7 25
6 25
5 25
10 24
9 24
8 24
7 24
6 24
5 24
4 24
3 24
3 23
0
Yes
29 30
29 31
29 32
29 33
29 34
29 35
29 29
29 28
30 28
30 29
30 30
30 31
30 32
30 33
30 34
30 35
30 36
29 36
31 36
31 35
31 34
31 33
31 32
31 31
31 30
31 29
31 28
32 35
32 34
32 33
32 32
32 31
32 30
32 29
32 28
33 35
33 34
33 33
33 32
33 31
33 30
33 29
33 28
34 35
34 34
34 33
34 32
34 31
34 30
34 29
34 28
35 35
35 34
35 33
35 32
35 31
35 30
35 29
35 28
36 35
36 34
36 33
36 32
36 31
36 30
36 29
36 28
37 35
37 34
37 33
37 32
37 31
37 30
37 29
37 28
38 29
38 28
39 29
39 28
40 29
40 28
31 37
30 37
29 37
41 29
41 28
41 27
40 27
39 27
38 27
37 27
36 27
35 27
34 27
33 27
32 27
31 27
30 27
29 27
29 26
30 26
31 26
32 26
33 26
34 26
35 26
36 26
37 26
38 26
39 26
40 26
41 26
31 38
30 38
0
No
0
Yes
44 16
43 16
43 17
44 17
43 18
44 18
43 19
44 19
43 15
44 15
45 15
45 16
45 17
45 18
45 19
46 19
46 18
46 17
46 16
46 15
47 15
47 16
47 17
47 18
47 19
48 19
48 18
48 17
48 16
48 15
49 15
49 16
49 17
49 18
49 19
43 14
44 14
45 14
46 14
47 14
48 14
49 14
43 13
44 13
45 13
46 13
47 13
48 13
0
No
0
No
0
Yes
16 1
16 0
17 0
17 1
17 2
18 2
18 1
18 0
19 2
19 1
19 0
20 2
20 1
20 0
0
Yes
20 34
21 34
22 34
23 34
23 33
22 33
21 33
20 33
20 32
21 32
22 32
23 32
23 31
22 31
21 31
20 31
20 30
21 30
22 30
23 30
23 29
22 29
21 29
20 29
20 28
21 28
22 28
23 28
23 27
22 27
21 27
20 27
20 26
21 26
22 26
23 26
23 25
22 25
21 25
20 25
19 25
19 26
19 27
19 28
19 29
19 30
19 31
19 32
19 33
19 34
18 25
18 26
18 27
18 28
18 29
18 30
18 31
18 32
18 33
18 34
17 25
17 26
17 27
17 28
17 29
17 30
17 31
17 32
17 33
17 34
16 34
16 33
16 32
16 31
16 30
16 29
16 28
16 27
16 26
16 25
15 32
15 31
15 30
15 29
15 28
15 27
15 26
15 25
14 30
14 29
14 28
14 27
14 26
14 25
0
Yes
23 17
22 17
21 17
21 18
22 18
23 18
20 18
20 19
21 19
22 19
23 19
20 20
21 20
22 20
23 20
20 21
21 21
22 21
23 21
24 17
24 18
24 19
24 20
24 21
25 18
25 19
25 20
25 21
26 20
26 21
27 21
28 21
29 21
29 22
28 22
27 22
26 22
25 22
24 22
23 22
22 22
21 22
20 22
20 23
21 23
22 23
23 23
24 23
25 23
26 23
27 23
28 23
29 23
20 24
21 24
22 24
23 24
24 24
25 24
26 24
27 24
28 24
29 24
29 25
28 25
27 25
26 25
25 25
24 25
24 26
25 26
26 26
27 26
28 26
28 27
27 27
26 27
25 27
24 27
24 28
25 28
26 28
27 28
28 28
28 29
27 29
26 29
25 29
24 29
24 30
25 30
26 30
27 30
28 30
28 31
27 31
26 31
25 31
24 31
23 16
0
Yes
9 45
9 46
8 46
8 47
9 47
7 47
6 47
6 48
7 48
8 48
9 48
10 48
10 47
10 46
10 45
10 44
11 44
11 45
11 46
11 47
11 48
11 49
10 49
9 49
8 49
7 49
6 49
0
Yes
49 22
49 23
49 24
48 24
48 23
48 22
47 24
47 23
47 22
46 24
46 23
46 22
45 24
45 23
45 22
44 24
44 23
44 22
43 24
43 23
43 22
43 21
44 21
45 21
46 21
47 21
48 21
49 21
49 20
48 20
47 20
46 20
45 20
44 20
43 20
42 20
42 21
0
No
0
No
0
Yes
1 39
1 40
1 41
2 41
2 40
2 39
3 41
3 40
3 39
4 40
4 39
4 38
3 38
2 38
1 38
0 38
0 39
0 40
0 41
0 37
1 37
2 37
3 37
4 37
4 36
3 36
2 36
1 36
0 36
0 35
1 35
2 35
3 35
1
921
29 46
28 46
28 45
29 45
30 45
31 45
31 44
30 44
29 44
28 44
31 43
30 43
29 43
28 43
Yes
28 4
29 4
29 5
30 5
30 4
30 6
30 7
31 7
31 6
31 5
31 4
31 8
32 8
32 7
32 6
32 5
32 4
33 4
33 5
33 6
33 7
33 8
34 7
34 8
34 6
34 5
34 4
35 6
35 5
35 4
35 8
36 4
37 4
37 3
36 3
35 3
34 3
33 3
32 3
31 3
30 3
29 3
28 3
27 3
27 2
28 2
29 2
30 2
31 2
32 2
33 2
34 2
35 2
36 2
37 2
26 2
26 1
27 1
28 1
29 1
30 1
31 1
32 1
33 1
34 1
35 1
36 1
37 1
25 1
24 1
24 0
25 0
26 0
27 0
28 0
29 0
30 0
31 0
32 0
33 0
34 0
35 0
36 0
37 0
23 0
23 1
23 2
22 2
22 1
22 0
21 2
21 1
21 0
20 2
20 1
20 0
19 2
19 1
19 0
18 2
18 1
18 0
17 2
17 1
17 0
16 1
16 0
38 4
38 3
38 2
38 1
38 0
39 4
39 3
39 2
39 1
39 0
40 3
40 2
40 1
40 0
41 1
41 0
41 3
35 9
34 9
33 9
32 9
31 9
31 10
32 10
33 10
34 10
35 10
0
Yes
5 33
6 33
6 32
5 32
5 34
5 35
4 35
4 34
4 33
4 32
3 34
3 33
3 32
3 31
4 31
5 31
6 31
7 31
8 31
9 31
9 32
10 32
10 31
11 32
11 31
4 30
3 30
5 30
6 30
7 30
8 30
9 30
10 30
11 30
12 30
13 30
13 29
12 29
11 29
10 29
9 29
8 29
7 29
6 29
5 29
5 28
6 28
7 28
8 28
9 28
10 28
11 28
12 28
13 28
13 27
12 27
11 27
10 27
9 27
8 27
7 27
6 27
5 27
5 26
6 26
7 26
8 26
9 26
10 26
11 26
12 26
13 26
13 25
12 25
11 25
10 25
9 25
8 25
7 25
6 25
5 25
10 24
9 24
8 24
7 24
6 24
5 24
0
Yes
45 49
45 48
44 48
44 49
46 48
46 49
47 48
47 49
0
No
0
Yes
10 15
10 16
10 17
9 17
8 17
8 16
8 15
7 15
7 16
7 17
11 17
11 16
11 15
11 14
12 14
12 15
12 16
12 17
13 14
13 15
13 16
13 17
14 17
14 16
14 15
14 14
14 13
14 12
14 11
15 11
15 12
15 13
15 14
15 15
15 16
15 17
15 10
16 10
16 11
16 12
16 13
16 14
16 15
16 16
16 17
17 12
17 13
17 14
17 15
17 16
17 17
18 12
18 13
18 14
18 15
18 16
18 17
19 14
19 15
19 16
19 17
20 17
20 16
20 15
21 15
21 16
19 18
18 18
17 18
16 18
15 18
14 18
13 18
12 18
11 18
10 18
9 18
9 19
10 19
11 19
12 19
13 19
14 19
15 19
16 19
17 19
18 19
19 19
19 20
18 20
17 20
16 20
15 20
14 20
13 20
12 20
11 20
11 21
12 21
13 21
14 21
15 21
16 21
17 21
18 21
19 21
19 22
18 22
17 22
16 22
15 22
14 22
13 22
12 22
11 22
19 23
18 23
17 23
16 23
15 23
14 23
13 23
12 23
11 23
11 24
12 24
13 24
14 24
15 24
16 24
17 24
18 24
0
No
0
Yes
38 30
38 31
38 32
38 33
38 34
38 35
38 36
39 36
39 35
39 34
39 33
39 32
39 31
39 30
40 30
40 31
40 32
40 33
40 34
40 35
40 36
41 30
41 31
41 32
41 33
41 34
41 35
41 36
42 36
42 35
42 34
42 33
42 32
42 31
42 30
43 30
43 31
43 32
43 33
43 34
43 35
43 36
44 30
44 31
44 32
44 33
44 34
44 35
44 36
45 36
45 35
45 34
45 33
45 32
45 31
45 30
46 30
46 31
46 32
46 33
46 34
47 34
47 33
47 32
47 31
47 30
0
Yes
4 4
5 4
4 3
5 3
6 3
6 4
5 5
0
Yes
49 0
49 1
49 2
48 2
48 1
48 0
47 2
47 1
47 0
46 0
46 1
46 2
46 3
46 4
45 4
45 3
45 2
45 1
45 0
44 2
44 3
44 4
44 1
44 0
45 5
44 5
45 6
44 6
45 7
44 7
44 8
43 8
43 7
43 6
43 5
43 4
49 3
0
Yes
1 49
2 49
2 48
1 48
1 47
2 47
2 46
1 46
2 45
1 45
1 44
0 44
0 45
0 46
0 47
0 48
0 49
3 45
3 46
3 47
3 48
0
Yes
12 48
12 49
13 49
13 48
14 48
14 49
15 49
15 48
16 48
16 49
17 49
17 48
18 48
18 49
19 49
19 48
19 47
18 47
17 47
16 47
15 47
14 47
13 47
12 47
19 46
18 46
17 46
16 46
15 46
14 46
13 46
12 46
19 45
18 45
17 45
16 45
15 45
14 45
0
Yes
30 24
30 25
31 25
31 24
30 23
31 23
30 22
31 22
30 21
31 21
30 20
31 20
30 19
31 19
32 25
32 24
32 23
32 22
32 21
32 20
32 19
32 18
33 25
33 24
33 23
33 22
33 21
33 20
33 19
33 18
34 25
34 24
34 23
34 22
34 21
34 20
34 19
34 18
35 25
35 24
35 23
35 22
35 21
35 20
35 19
35 18
36 25
36 24
36 23
36 22
36 21
36 20
36 19
36 18
37 25
37 24
37 23
37 22
37 21
37 20
37 19
37 18
38 25
38 24
38 23
38 22
38 21
38 20
38 19
38 18
39 25
39 24
39 23
39 22
39 21
39 20
39 19
39 18
40 25
40 24
40 23
40 22
40 21
40 20
40 19
40 18
41 25
41 24
41 23
41 22
41 21
41 20
41 19
41 18
42 19
42 18
42 22
42 23
42 24
42 17
41 17
40 17
39 17
0
Yes
6 22
5 22
5 23
6 23
0
Yes
13 21
13 22
13 23
13 24
14 24
14 23
14 22
14 21
15 24
15 23
15 22
15 21
16 24
16 23
16 22
16 21
17 24
17 23
17 22
17 21
18 24
18 23
18 22
18 21
19 24
19 23
19 22
19 21
19 20
18 20
17 20
16 20
15 20
14 20
13 20
19 19
18 19
17 19
16 19
15 19
14 19
13 19
19 18
18 18
17 18
16 18
15 18
14 18
13 18
12 24
12 23
12 22
12 21
12 20
12 19
12 18
12 17
13 17
14 17
15 17
16 17
17 17
18 17
19 17
19 16
18 16
17 16
16 16
15 16
14 16
13 16
12 16
12 15
13 15
14 15
15 15
16 15
17 15
18 15
19 15
19 14
18 14
17 14
16 14
15 14
14 14
13 14
12 14
11 14
11 15
11 16
11 17
11 18
11 19
11 20
11 21
11 22
0
Yes
2 30
2 31
2 32
1 30
1 31
1 32
0 30
0 31
0 32
0
Yes
2 21
3 21
3 22
2 22
3 23
2 23
3 24
2 24
0
Yes
48 13
48 14
48 15
49 15
49 14
49 13
49 12
48 12
48 11
49 11
47 11
47 12
47 13
47 14
47 15
46 12
46 13
46 14
46 15
45 13
45 14
45 15
0
Yes
35 17
36 17
37 17
38 17
38 16
37 16
36 16
35 16
39 16
39 15
38 15
37 15
36 15
35 15
39 14
38 14
37 14
36 14
35 14
39 13
38 13
37 13
36 13
35 13
39 12
38 12
37 12
36 12
35 12
34 17
34 16
34 15
34 14
34 13
0
Yes
41 25
41 24
42 24
43 24
44 24
45 24
46 24
47 24
48 24
49 24
49 23
48 23
47 23
46 23
45 23
44 23
43 23
42 23
41 23
41 22
42 22
43 22
44 22
45 22
46 22
47 22
48 22
49 22
49 21
48 21
47 21
46 21
45 21
44 21
43 21
42 21
41 21
41 20
42 20
43 20
44 20
45 20
46 20
47 20
48 20
49 20
49 19
48 19
47 19
46 19
45 19
44 19
43 19
42 19
41 19
41 18
42 18
43 18
44 18
45 18
46 18
47 18
48 18
49 18
40 25
40 24
40 23
40 22
40 21
40 20
40 19
40 18
39 25
39 24
39 23
39 22
39 21
39 20
39 19
39 18
39 17
40 17
41 17
42 17
43 17
44 17
45 17
46 17
47 17
48 17
49 17
49 16
48 16
47 16
46 16
45 16
44 16
43 16
42 16
41 16
40 16
40 15
41 15
42 15
43 15
44 15
44 14
43 14
43 13
44 13
38 18
38 19
38 20
38 21
38 22
38 23
38 24
38 25
37 25
37 24
37 23
0
Yes
26 49
27 49
27 48
26 48
27 47
26 47
27 46
26 46
27 45
26 45
27 44
26 44
27 43
26 43
26 42
27 42
25 42
25 43
25 44
25 45
25 46
25 47
25 48
25 49
24 49
24 48
24 47
24 46
24 45
24 44
24 43
24 42
23 42
23 43
23 44
23 45
23 46
23 47
23 48
23 49
22 49
22 48
22 47
22 46
22 45
22 44
22 43
22 42
21 42
21 43
21 44
21 45
21 46
21 47
21 48
21 49
20 49
20 48
20 47
20 46
20 45
20 44
20 43
20 42
19 42
19 43
19 44
19 45
19 46
19 47
19 48
19 49
18 49
18 48
18 47
18 46
18 45
18 44
18 43
18 42
17 42
17 43
17 44
17 45
17 46
17 47
17 48
17 49
16 49
16 48
16 47
16 46
16 45
16 44
16 43
16 42
15 42
15 43
15 44
15 45
15 46
15 47
15 48
15 49
14 49
14 48
14 47
14 46
14 45
14 44
14 43
14 42
0
Yes
12 47
13 47
13 48
12 48
13 49
12 49
13 46
12 46
13 45
12 45
11 45
11 46
11 47
11 48
11 49
10 49
10 48
10 47
10 46
10 45
10 44
11 44
12 44
0
Yes
29 12
30 12
29 13
30 13
31 13
29 14
30 14
31 14
29 15
30 15
31 15
29 16
30 16
31 16
31 17
32 17
32 16
32 15
32 14
32 13
32 12
32 11
33 11
33 12
33 13
33 14
33 15
33 16
33 17
32 18
33 18
33 19
32 19
31 19
30 19
30 20
31 20
32 20
33 20
30 21
31 21
32 21
33 21
30 22
31 22
32 22
33 22
30 23
31 23
32 23
33 23
30 24
31 24
32 24
33 24
30 25
31 25
32 25
33 25
34 11
34 12
34 13
34 14
34 15
34 16
34 17
34 18
34 19
34 20
34 21
34 22
34 23
34 24
34 25
35 11
35 12
35 13
35 14
35 15
35 16
35 17
35 18
35 19
35 20
35 21
35 22
35 23
35 24
35 25
36 11
36 12
36 13
36 14
36 15
36 16
36 17
36 18
36 19
36 20
36 21
36 22
36 23
36 24
36 25
37 22
37 21
37 20
37 19
37 18
37 17
37 16
37 15
37 14
37 13
37 12
38 17
38 16
38 15
38 14
38 13
38 12
39 12
39 13
39 14
39 15
39 16
36 26
35 26
34 26
33 26
32 26
31 26
30 26
29 26
29 27
30 27
31 27
32 27
33 27
34 27
35 27
36 27
29 28
30 28
31 28
0
No
0
Yes
28 41
28 42
28 43
28 44
28 45
28 46
29 46
29 45
29 44
29 43
29 42
29 41
30 45
30 44
30 43
30 42
30 41
31 45
31 44
31 43
31 42
31 41
31 40
30 40
29 40
28 40
31 39
30 39
29 39
28 39
31 38
30 38
29 38
28 38
27 41
27 40
27 39
27 38
26 41
26 40
26 39
26 38
25 41
25 40
25 39
25 38
24 41
24 40
24 39
24 38
23 41
23 40
23 39
23 38
22 41
22 40
22 39
22 38
21 41
21 40
21 39
21 38
20 41
20 40
20 39
20 38
19 41
19 40
19 39
19 38
18 41
18 40
18 39
18 38
17 41
17 40
17 39
17 38
16 41
16 40
16 39
16 38
15 38
15 39
15 40
15 41
14 41
14 40
14 39
16 37
17 37
18 37
19 37
20 37
21 37
22 37
23 37
24 37
25 37
26 37
27 37
28 37
29 37
30 37
31 37
31 36
30 36
29 36
28 36
27 36
26 36
25 36
24 36
23 36
22 36
21 36
20 36
19 36
18 36
17 36
16 36
16 35
17 35
18 35
19 35
20 35
21 35
22 35
23 35
24 35
0
Yes
45 18
45 19
45 20
45 21
45 22
45 23
45 24
46 24
46 23
46 22
46 21
46 20
46 19
46 18
47 24
47 23
47 22
47 21
47 20
47 19
47 18
48 24
48 23
48 22
48 21
48 20
48 19
48 18
49 24
49 23
49 22
49 21
49 20
49 19
49 18
44 24
44 23
44 22
44 21
44 20
44 19
44 18
43 24
43 23
43 22
43 21
43 20
43 19
43 18
43 17
44 17
45 17
46 17
47 17
48 17
49 17
49 16
48 16
47 16
46 16
45 16
44 16
43 16
43 15
44 15
45 15
46 15
47 15
48 15
49 15
43 14
44 14
45 14
46 14
47 14
48 14
49 14
43 13
44 13
45 13
46 13
47 13
48 13
49 13
42 15
42 16
42 17
42 18
42 19
42 20
42 21
42 22
42 23
0
Yes
40 22
41 22
41 23
40 23
41 24
40 24
41 21
40 21
39 21
39 22
39 23
39 24
38 22
38 21
38 23
38 24
37 23
37 24
37 25
38 25
39 25
40 25
41 25
41 26
40 26
39 26
38 26
37 26
0
No
0
No
0
Yes
30 12
29 12
29 13
30 13
31 13
29 14
30 14
31 14
29 15
30 15
31 15
29 16
30 16
31 16
31 17
32 17
32 16
32 15
32 14
32 13
32 12
32 11
33 11
33 12
33 13
33 14
33 15
33 16
33 17
34 11
34 12
34 13
34 14
34 15
34 16
34 17
35 11
35 12
35 13
35 14
35 15
35 16
35 17
36 11
36 12
36 13
36 14
36 15
36 16
36 17
37 12
37 13
37 14
37 15
37 16
37 17
38 12
38 13
38 14
38 15
38 16
38 17
39 12
39 13
39 14
39 15
39 16
39 17
40 15
40 16
0
Yes
2 34
2 33
2 32
2 31
1 34
1 33
1 32
1 31
0 34
0 33
0 32
0 31
0
Yes
1 1
2 1
2 0
1 0
0 0
0 1
2 2
1 2
0 2
1 3
0 3
1 4
0 4
0
Yes
46 48
47 48
47 49
46 49
45 48
45 49
44 48
44 49
0
Yes
19 49
20 49
21 49
22 49
23 49
24 49
25 49
26 49
26 48
25 48
24 48
23 48
22 48
21 48
20 48
19 48
19 47
20 47
21 47
22 47
23 47
24 47
25 47
26 47
26 46
25 46
24 46
23 46
22 46
21 46
20 46
19 46
19 45
20 45
21 45
22 45
23 45
24 45
25 45
26 45
26 44
25 44
24 44
23 44
22 44
21 44
20 44
19 44
19 43
20 43
21 43
22 43
23 43
24 43
25 43
26 43
26 42
25 42
24 42
23 42
22 42
21 42
20 42
19 42
18 42
18 43
18 44
18 45
18 46
18 47
18 48
18 49
27 42
27 43
27 44
27 45
27 46
27 47
27 48
27 49
17 42
17 43
17 44
17 45
17 46
17 47
17 48
0
Yes
8 16
8 17
7 17
7 16
6 16
6 17
5 17
5 16
0
Yes
44 37
45 37
45 36
44 36
43 36
42 36
45 35
44 35
43 35
42 35
42 34
43 34
44 34
45 34
46 34
47 34
48 34
49 34
49 33
48 33
47 33
46 33
45 33
44 33
43 33
42 33
42 32
43 32
44 32
45 32
46 32
47 32
48 32
49 32
49 31
48 31
47 31
46 31
45 31
44 31
43 31
42 31
41 31
41 32
41 33
41 34
41 35
41 36
41 37
40 37
40 36
40 35
40 34
40 33
40 32
40 31
39 36
39 35
39 34
39 33
39 32
39 31
38 36
38 35
38 34
38 33
38 32
38 31
37 35
37 34
37 33
37 32
37 31
36 35
36 34
36 33
36 32
36 31
35 35
35 34
35 33
35 32
35 31
42 30
43 30
44 30
45 30
46 30
47 30
48 30
49 30
41 30
40 30
39 30
38 30
37 30
36 30
35 30
41 29
40 29
39 29
38 29
37 29
36 29
35 29
41 28
40 28
39 28
38 28
37 28
36 28
35 28
41 27
40 27
39 27
38 27
37 27
0
Yes
34 31
34 32
34 33
34 34
34 35
34 30
34 29
34 28
33 28
33 29
33 30
33 31
33 32
33 33
33 34
33 35
32 35
32 34
32 33
32 32
32 31
32 30
32 29
32 28
31 35
31 34
31 33
31 32
31 31
31 30
31 29
31 28
30 35
30 34
30 33
30 32
30 31
30 30
30 29
30 28
29 35
29 34
29 33
29 32
29 31
29 30
29 29
29 28
28 35
28 34
28 33
28 32
28 31
28 30
28 29
28 28
27 35
27 34
27 33
27 32
27 31
27 30
27 29
27 28
26 35
26 34
26 33
26 32
26 31
26 30
26 29
26 28
25 35
25 34
25 33
25 32
25 31
25 30
25 29
25 28
24 34
24 33
24 32
24 31
0
Yes
4 29
4 28
3 29
3 28
2 28
2 29
2 30
1 30
1 29
1 28
0 30
0 29
0 28
4 27
3 27
2 27
1 27
0 27
4 26
3 26
2 26
1 26
0 26
0
Yes
4 25
4 24
3 25
3 24
2 25
2 24
1 25
1 24
0 25
0 24
0 23
1 23
2 23
3 23
0
Yes
31 25
31 26
31 27
32 27
32 26
32 25
33 27
33 26
33 25
34 27
34 26
34 25
35 27
35 26
35 25
30 27
30 26
30 25
29 27
29 26
29 25
28 27
28 26
28 25
27 27
27 26
27 25
27 24
28 24
29 24
30 24
31 24
32 24
33 24
34 24
35 24
35 23
34 23
33 23
32 23
31 23
30 23
29 23
28 23
27 23
27 22
28 22
29 22
30 22
31 22
32 22
33 22
34 22
35 22
29 21
28 21
27 21
30 21
31 21
32 21
33 21
34 21
35 21
30 20
31 20
32 20
33 20
34 20
35 20
30 19
31 19
32 19
33 19
34 19
35 19
32 18
33 18
34 18
35 18
36 27
36 26
36 25
36 24
36 23
36 22
36 21
36 20
36 19
36 18
37 22
37 21
37 20
0
Yes
16 34
17 34
18 34
19 34
20 34
21 34
16 33
17 33
18 33
19 33
20 33
21 33
22 34
22 33
23 34
23 33
23 32
22 32
21 32
20 32
19 32
18 32
17 32
16 32
15 32
15 31
16 31
17 31
18 31
19 31
20 31
21 31
22 31
23 31
23 30
22 30
21 30
20 30
19 30
18 30
17 30
16 30
15 30
14 30
24 30
24 29
23 29
22 29
21 29
20 29
19 29
18 29
17 29
16 29
15 29
14 29
14 28
15 28
16 28
17 28
18 28
19 28
20 28
21 28
22 28
23 28
24 28
14 27
15 27
16 27
17 27
18 27
19 27
20 27
21 27
22 27
23 27
0
Yes
24 25
24 26
23 26
23 25
22 26
22 25
21 26
21 25
21 24
22 24
23 24
24 24
25 24
25 25
25 26
26 26
26 25
26 24
26 23
25 23
24 23
23 23
22 23
21 23
26 22
25 22
24 22
23 22
22 22
21 22
26 21
25 21
24 21
23 21
22 21
21 21
26 20
25 20
24 20
23 20
22 20
21 20
25 19
24 19
23 19
22 19
21 19
20 26
20 25
20 24
20 23
20 22
20 21
20 20
20 19
19 26
19 25
19 24
19 23
19 22
19 21
19 20
19 19
18 26
18 25
18 24
18 23
18 22
18 21
18 20
18 19
0
Yes
14 11
14 12
14 13
14 14
13 14
12 14
11 14
11 15
12 15
13 15
14 15
14 16
13 16
12 16
11 16
11 17
12 17
13 17
14 17
14 18
13 18
12 18
11 18
11 19
12 19
13 19
14 19
11 20
12 20
13 20
14 20
11 21
12 21
13 21
14 21
11 22
12 22
13 22
14 22
14 23
13 23
12 23
11 23
11 24
12 24
13 24
14 24
14 25
15 25
15 24
15 23
15 22
15 21
15 20
15 19
15 18
15 17
15 16
15 15
15 14
15 13
15 12
15 11
16 11
16 12
16 13
16 14
16 15
16 16
16 17
16 18
16 19
16 20
16 21
16 22
16 23
16 24
16 25
17 25
17 24
17 23
17 22
17 21
17 20
17 19
17 18
17 17
17 16
17 15
17 14
17 13
17 12
18 12
18 13
18 14
18 15
18 16
18 17
18 18
19 14
19 15
19 16
19 17
19 18
17 26
16 26
15 26
14 26
16 10
15 10
16 9
10 15
10 16
10 17
10 18
10 19
9 19
9 18
9 17
0
Yes
16 42
16 43
16 44
16 45
16 46
16 47
16 48
15 42
15 43
15 44
15 45
15 46
15 47
15 48
14 42
14 43
14 44
14 45
14 46
14 47
14 48
13 42
13 43
13 44
13 45
13 46
13 47
13 48
12 43
12 44
12 45
12 46
12 47
12 48
10 42
4 48
11 44
11 45
11 46
11 47
11 48
11 49
12 49
13 49
14 49
15 49
16 49
4 46
10 44
10 45
10 46
10 47
10 48
10 49
9 45
9 46
9 47
9 48
9 49
8 46
8 47
8 48
8 49
10 43
4 49
7 47
7 48
7 49
6 47
6 48
6 49
5 49
5 48
5 47
5 46
4 47
0
No
0
No
0
Yes
26 49
27 49
27 48
26 48
27 47
26 47
27 46
26 46
27 45
26 45
27 44
26 44
27 43
26 43
27 42
26 42
25 42
25 43
25 44
25 45
25 46
25 47
25 48
25 49
24 42
24 43
24 44
24 45
24 46
24 47
24 48
24 49
23 42
23 43
23 44
23 45
23 46
23 47
23 48
23 49
22 42
22 43
22 44
22 45
22 46
22 47
22 48
22 49
21 42
21 43
21 44
21 45
21 46
21 47
21 48
21 49
20 42
20 43
20 44
20 45
20 46
0
Yes
3 46
3 45
2 45
2 46
3 47
2 47
3 48
2 48
3 49
2 49
1 49
1 48
1 47
1 46
1 45
1 44
0 44
0 45
0 46
0 47
0 48
0 49
0 43
0 42
1 42
1 41
2 41
3 41
3 40
2 40
1 40
4 40
4 39
3 39
2 39
1 39
4 38
3 38
2 38
1 38
1 37
2 37
3 37
4 37
4 36
3 36
2 36
1 36
0 41
0 40
0 39
0 38
0 37
0 36
0
Yes
5 5
5 3
6 3
6 4
5 4
4 4
4 3
0
No
0
Yes
47 12
48 12
49 12
47 11
48 11
49 11
0
No
0
No
0
Yes
49 34
48 34
47 34
46 34
46 33
47 33
48 33
49 33
49 32
48 32
47 32
46 32
46 31
47 31
48 31
49 31
49 30
48 30
47 30
46 30
45 30
45 31
45 32
45 33
45 34
45 35
44 30
44 31
44 32
44 33
44 34
44 35
0
Yes
15 32
15 31
16 31
16 32
16 33
16 34
17 34
17 33
17 32
17 31
18 34
18 33
18 32
18 31
19 34
19 33
19 32
19 31
20 34
20 33
20 32
20 31
21 34
21 33
21 32
21 31
21 30
20 30
19 30
18 30
17 30
16 30
15 30
14 30
14 29
15 29
16 29
17 29
18 29
19 29
20 29
21 29
14 28
15 28
16 28
17 28
18 28
19 28
20 28
21 28
14 27
15 27
16 27
17 27
18 27
19 27
20 27
21 27
22 27
22 28
22 29
22 30
22 31
22 32
22 33
22 34
23 34
23 33
23 32
23 31
23 30
23 29
23 28
23 27
24 27
24 28
24 29
24 30
24 31
24 32
24 33
24 34
25 27
25 28
25 29
25 30
25 31
25 32
25 33
25 34
25 35
26 27
26 28
26 29
26 30
26 31
26 32
26 33
26 34
26 35
27 35
27 34
27 33
27 32
27 31
27 30
27 29
27 28
28 28
28 29
28 30
28 31
28 32
28 33
28 34
28 35
29 35
29 34
29 33
29 32
29 31
29 30
0
Yes
30 32
30 33
30 34
30 35
31 35
31 34
31 33
31 32
30 31
31 31
30 30
31 30
32 30
32 31
32 32
32 33
32 34
32 35
33 35
33 34
33 33
33 32
33 31
33 30
34 30
34 31
34 32
34 33
34 34
34 35
35 35
35 34
35 33
35 32
35 31
35 30
36 35
36 34
36 33
36 32
36 31
36 30
37 35
37 34
37 33
37 32
37 31
37 30
38 30
38 31
38 32
38 33
38 34
38 35
39 35
39 34
39 33
39 32
39 31
39 30
40 30
40 31
40 32
40 33
40 34
40 35
41 35
41 34
41 33
41 32
41 31
41 30
41 29
40 29
39 29
38 29
37 29
36 29
35 29
34 29
33 29
32 29
31 29
30 29
30 28
31 28
32 28
33 28
34 28
35 28
36 28
37 28
38 28
39 28
40 28
41 28
41 27
40 27
39 27
38 27
37 27
42 30
42 31
42 32
42 33
42 34
42 35
43 30
43 31
43 32
43 33
43 34
43 35
0
Yes
35 23
36 23
36 24
35 24
34 24
34 23
34 22
35 22
36 22
37 22
37 21
36 21
35 21
34 21
34 20
35 20
36 20
37 20
37 19
36 19
35 19
34 19
34 18
35 18
36 18
37 18
33 18
33 19
33 20
33 21
33 22
33 23
33 24
32 18
32 19
32 20
32 21
32 22
32 23
32 24
31 19
31 20
31 21
31 22
31 23
31 24
30 19
30 20
30 21
30 22
30 23
0
Yes
49 25
48 25
47 25
46 25
45 25
44 25
43 25
43 26
44 26
45 26
46 26
47 26
48 26
49 26
49 27
48 27
47 27
46 27
45 27
44 27
43 27
42 27
42 26
42 25
42 24
41 26
41 25
41 24
40 26
40 25
40 24
39 26
39 25
39 24
42 28
43 28
44 28
45 28
46 28
47 28
48 28
49 28
42 29
43 29
44 29
45 29
46 29
47 29
48 29
49 29
38 26
38 25
38 24
37 24
37 25
37 26
37 23
38 23
39 23
40 23
41 23
41 22
40 22
39 22
38 22
38 21
39 21
40 21
41 21
41 20
40 20
39 20
38 20
38 19
39 19
40 19
41 19
38 18
39 18
40 18
41 18
41 17
40 17
36 25
36 26
36 27
35 27
35 26
35 25
34 25
34 26
34 27
33 27
33 26
33 25
32 25
32 26
32 27
31 27
31 26
31 25
30 27
30 26
30 25
30 24
29 27
29 26
29 25
0
Yes
28 36
29 36
30 36
31 36
32 36
33 36
34 36
27 36
26 36
25 36
24 36
24 35
23 35
23 36
22 35
22 36
21 35
21 36
20 35
20 36
19 35
19 36
18 35
18 36
17 35
17 36
16 35
16 36
16 37
17 37
18 37
19 37
20 37
21 37
22 37
23 37
24 37
25 37
26 37
27 37
28 37
29 37
30 37
31 37
32 37
33 37
34 37
35 37
35 38
34 38
33 38
32 38
31 38
30 38
29 38
28 38
27 38
26 38
25 38
24 38
23 38
22 38
21 38
20 38
19 38
18 38
17 38
16 38
15 38
35 39
34 39
33 39
32 39
31 39
30 39
29 39
28 39
27 39
26 39
25 39
24 39
23 39
22 39
21 39
20 39
19 39
18 39
17 39
16 39
15 39
14 39
14 40
15 40
16 40
17 40
18 40
19 40
20 40
21 40
22 40
23 40
24 40
25 40
26 40
27 40
28 40
29 40
30 40
31 40
32 40
33 40
34 40
35 40
14 41
15 41
16 41
17 41
18 41
19 41
20 41
21 41
22 41
23 41
24 41
25 41
26 41
27 41
28 41
29 41
30 41
31 41
32 41
33 41
34 41
35 41
35 42
36 42
36 41
0
Yes
3 29
4 29
4 28
3 28
4 27
3 27
4 26
3 26
4 25
3 25
4 24
3 24
3 23
2 23
2 24
2 25
2 26
2 27
2 28
2 29
2 30
1 30
1 29
1 28
1 27
1 26
1 25
1 24
1 23
0 23
0 24
0 25
0 26
0 27
0 28
0 29
0 30
0
Yes
30 42
31 42
31 43
30 43
31 44
30 44
29 42
29 43
29 44
28 42
28 43
28 44
31 45
30 45
0
Yes
18 49
17 49
17 48
18 48
17 47
18 47
17 46
18 46
17 45
18 45
17 44
18 44
17 43
18 43
19 43
19 44
19 45
19 46
19 47
19 48
19 49
20 49
20 48
20 47
20 46
20 45
20 44
20 43
21 43
21 44
21 45
21 46
21 47
21 48
21 49
17 42
18 42
19 42
20 42
0
Yes
22 49
22 48
22 47
22 46
22 45
22 44
23 44
23 45
23 46
23 47
23 48
23 49
24 49
24 48
24 47
24 46
24 45
24 44
25 44
25 45
25 46
25 47
25 48
25 49
26 49
26 48
26 47
26 46
26 45
26 44
27 44
27 45
27 46
27 47
27 48
27 49
0
Yes
30 29
30 30
30 31
30 32
30 33
30 34
30 28
31 28
31 29
31 30
31 31
31 32
31 33
31 34
32 28
32 29
32 30
32 31
32 32
32 33
32 34
33 28
33 29
33 30
33 31
33 32
33 33
33 34
34 28
34 29
34 30
34 31
34 32
34 33
34 34
35 28
35 29
35 30
35 31
35 32
35 33
35 34
36 28
36 29
36 30
36 31
36 32
36 33
36 34
37 34
37 33
37 32
37 31
37 30
37 29
37 28
37 27
38 27
38 28
38 29
38 30
38 31
38 32
38 33
38 34
39 27
39 28
39 29
39 30
39 31
39 32
39 33
39 34
40 27
40 28
40 29
40 30
40 31
40 32
40 33
40 34
41 27
41 28
41 29
41 30
41 31
41 32
41 33
41 34
29 28
29 29
30 35
31 35
32 35
33 35
34 35
35 35
36 35
37 35
38 35
39 35
40 35
41 35
38 36
39 36
0
Yes
5 1
5 2
5 0
4 2
4 1
4 0
3 2
3 1
3 0
2 2
2 1
2 0
1 0
1 1
1 2
1
989
49 23
49 24
48 24
48 23
47 24
47 23
46 24
46 23
45 24
45 23
45 22
46 22
47 22
48 22
49 22
49 21
48 21
47 21
46 21
45 21
45 20
46 20
47 20
48 20
49 20
44 24
44 23
44 22
44 21
44 20
43 24
43 23
43 22
43 21
43 20
42 23
42 22
42 21
42 20
Yes
5 36
5 37
5 35
5 34
4 34
4 35
4 36
4 37
4 38
4 39
4 40
3 34
3 35
3 36
3 37
3 38
3 39
3 40
3 41
2 41
2 40
2 39
2 38
2 37
2 36
2 35
1 35
1 36
1 37
1 38
1 39
1 40
1 41
1 42
0 35
0 36
0 37
0 38
0 39
0 40
0 41
0 42
0 43
0 44
1 44
1 45
0 45
2 45
3 45
3 46
2 46
1 46
0 46
3 47
2 47
1 47
0 47
3 48
2 48
1 48
0 48
3 49
2 49
1 49
0 49
3 33
4 33
5 33
6 33
6 32
5 32
4 32
3 32
3 31
4 31
5 31
6 31
3 30
4 30
5 30
6 30
5 29
6 29
5 28
6 28
5 27
6 27
5 26
6 26
5 25
6 25
5 24
6 24
5 23
6 23
5 22
6 22
7 22
7 23
7 24
7 25
7 26
7 27
7 28
7 29
7 30
7 31
8 31
8 30
8 29
8 28
8 27
8 26
8 25
8 24
8 23
8 22
9 22
9 23
9 24
9 25
9 26
9 27
9 28
9 29
9 30
9 31
9 32
10 32
10 31
10 30
10 29
10 28
10 27
10 26
10 25
10 24
10 23
11 32
11 31
11 30
11 29
11 28
11 27
11 26
0
Yes
45 30
46 30
47 30
48 30
49 30
44 30
43 30
42 30
42 31
43 31
44 31
45 31
46 31
47 31
48 31
49 31
49 32
48 32
47 32
46 32
45 32
44 32
43 32
42 32
42 33
43 33
44 33
45 33
46 33
47 33
48 33
49 33
49 34
48 34
47 34
46 34
45 34
44 34
43 34
42 34
45 35
44 35
43 35
42 35
42 36
43 36
44 36
45 36
45 37
44 37
41 36
41 35
41 34
41 33
41 32
41 31
41 30
41 37
40 37
40 36
40 35
40 34
40 33
40 32
40 31
40 30
39 36
39 35
39 34
39 33
39 32
39 31
39 30
38 36
38 35
38 34
38 33
38 32
38 31
38 30
37 35
37 34
37 33
37 32
37 31
37 30
41 29
40 29
39 29
38 29
37 29
41 28
40 28
39 28
38 28
37 28
37 27
38 27
39 27
40 27
41 27
36 28
36 29
36 30
36 31
36 32
36 33
36 34
36 35
35 35
35 34
35 33
35 32
35 31
35 30
35 29
35 28
34 28
34 29
34 30
34 31
34 32
34 33
34 34
34 35
34 36
33 28
33 29
33 30
33 31
33 32
33 33
33 34
33 35
33 36
32 28
32 29
32 30
32 31
32 32
32 33
32 34
32 35
32 36
31 28
31 29
31 30
31 31
31 32
31 33
0
Yes
0 49
1 49
2 49
3 49
3 48
2 48
1 48
0 48
3 47
2 47
1 47
0 47
3 46
2 46
1 46
0 46
3 45
2 45
1 45
0 45
1 44
0 44
0 43
0
Yes
44 49
44 48
45 48
45 49
46 48
46 49
47 48
0
Yes
33 18
32 18
34 18
35 18
36 18
37 18
37 19
36 19
35 19
34 19
33 19
32 19
37 20
36 20
35 20
34 20
33 20
32 20
37 21
36 21
35 21
34 21
33 21
32 21
37 22
36 22
35 22
34 22
33 22
32 22
36 23
35 23
34 23
33 23
32 23
36 24
35 24
34 24
33 24
32 24
31 24
31 23
31 22
31 21
31 20
31 19
30 19
30 20
30 21
30 22
30 23
0
Yes
0 1
0 2
1 2
1 1
2 2
2 1
3 2
3 1
3 0
2 0
1 0
0 0
1 3
0 3
1 4
0 4
0
Yes
36 1
36 2
36 3
36 4
37 4
37 3
37 2
37 1
38 4
38 3
38 2
38 1
39 4
39 3
39 2
39 1
40 3
40 2
40 1
40 0
39 0
38 0
37 0
36 0
35 0
35 1
35 2
35 3
35 4
35 5
35 6
34 6
34 5
34 4
34 3
34 2
34 1
34 0
33 0
33 1
33 2
33 3
33 4
33 5
33 6
32 6
32 5
32 4
32 3
32 2
32 1
32 0
31 0
31 1
31 2
31 3
31 4
31 5
31 6
30 6
30 5
30 4
30 3
30 2
30 1
30 0
29 5
29 4
29 3
29 2
29 1
29 0
28 4
28 3
28 2
28 1
28 0
