0
Yes
49 9
49 8
49 7
49 6
49 5
49 4
49 3
49 2
49 1
49 0
48 0
48 1
48 2
48 3
48 4
48 5
48 6
48 7
48 8
48 9
48 10
47 2
47 3
47 4
47 5
47 6
47 7
47 8
47 9
47 10
47 1
47 0
46 1
46 0
46 3
46 4
46 5
46 6
46 7
46 8
46 9
46 10
45 4
45 5
45 6
45 7
45 8
45 9
44 9
44 8
44 7
44 6
44 5
43 5
43 6
43 7
43 8
42 8
42 7
42 6
42 5
41 7
41 6
41 5
41 4
40 7
40 6
40 5
40 4
39 6
39 5
39 4
38 4
0
Yes
47 43
47 44
48 43
48 44
49 44
49 43
0
Yes
40 3
39 3
38 3
37 3
37 2
38 2
39 2
40 2
41 2
42 2
42 1
41 1
40 1
39 1
38 1
37 1
42 0
41 0
40 0
39 0
38 0
37 0
36 0
36 1
36 2
36 3
36 4
35 4
35 3
35 2
35 1
35 0
0
Yes
27 45
28 45
26 45
25 45
25 46
26 46
27 46
28 46
29 46
29 47
28 47
27 47
26 47
25 47
25 48
26 48
27 48
28 48
29 48
29 49
28 49
27 49
26 49
25 49
30 47
30 48
30 49
31 47
31 48
31 49
32 49
32 48
32 47
32 46
32 45
33 45
33 46
33 47
33 48
33 49
34 47
34 48
34 49
35 48
35 49
24 49
24 48
24 47
24 46
24 45
0
Yes
46 11
47 11
47 12
46 12
45 12
45 13
46 13
47 13
0
Yes
9 2
9 3
9 4
10 4
10 3
10 2
11 2
11 3
11 4
11 1
10 1
9 1
9 0
10 0
11 0
12 0
12 1
12 2
12 3
12 4
13 4
13 3
13 2
13 1
13 0
0
Yes
4 4
4 5
3 4
2 4
2 3
3 3
4 3
1 3
1 2
2 2
3 2
4 2
5 2
5 3
5 4
5 5
5 1
4 1
3 1
2 1
1 1
1 0
2 0
3 0
4 0
5 0
0 3
0 2
0 1
0 0
6 0
6 1
6 2
6 3
6 4
6 5
7 5
7 4
7 3
7 2
7 1
7 0
8 0
8 1
8 2
8 3
8 4
0
No
0
Yes
9 17
10 17
10 16
9 16
9 15
10 15
11 15
9 14
10 14
11 14
12 14
13 14
13 13
12 13
11 13
10 13
9 13
8 13
8 12
9 12
10 12
11 12
12 12
13 12
13 11
12 11
11 11
10 11
9 11
8 11
7 11
6 11
6 10
7 10
8 10
9 10
10 10
11 10
12 10
13 10
5 10
5 11
5 12
13 9
12 9
11 9
10 9
9 9
8 9
7 9
6 9
13 8
12 8
11 8
10 8
9 8
8 8
7 8
6 8
5 8
4 8
4 7
5 7
6 7
7 7
8 7
9 7
10 7
11 7
12 7
4 6
5 6
6 6
7 6
8 6
9 6
10 6
11 6
12 6
12 5
11 5
10 5
9 5
8 5
4 12
4 11
3 11
3 12
0
No
0
Yes
49 35
49 34
48 34
48 35
48 33
47 33
47 34
47 35
47 36
48 36
49 36
49 37
48 37
47 37
47 38
48 38
49 38
49 39
48 39
47 39
47 40
48 40
49 40
49 41
48 41
47 41
46 41
46 40
46 39
46 38
46 37
46 36
46 35
46 34
46 33
45 33
45 34
45 35
45 36
45 37
45 38
45 39
45 40
45 41
44 34
44 35
44 36
44 37
44 38
44 39
44 40
44 41
43 41
1
4
42 49
42 48
43 48
43 49
43 47
44 47
44 48
44 49
Yes
0 19
1 19
1 18
0 18
16 30
1 20
0 20
2 20
2 21
1 21
0 21
0 22
1 22
2 22
2 23
3 23
3 22
3 21
3 20
3 19
4 19
4 20
4 21
4 22
4 23
5 19
5 20
5 21
5 22
5 23
3 24
4 24
5 24
6 24
6 23
6 22
6 21
6 20
6 19
6 18
7 18
7 19
7 20
7 21
7 22
7 23
8 19
8 20
8 21
8 22
8 23
8 24
9 20
9 21
9 22
9 23
9 24
10 20
10 21
10 22
10 23
10 24
11 21
11 22
11 23
11 24
12 21
12 22
12 23
12 24
13 22
13 23
13 24
14 23
14 24
15 24
9 25
10 25
11 25
12 25
13 25
14 25
15 25
15 26
14 26
13 26
12 26
11 26
10 26
9 26
8 26
7 26
6 26
5 25
5 26
4 25
3 25
4 26
3 26
4 27
5 27
6 27
7 27
8 27
9 27
10 27
11 27
12 27
13 27
14 27
12 28
11 28
10 28
9 28
8 28
7 28
6 28
5 28
5 29
6 29
7 29
8 29
9 29
10 29
11 29
12 29
13 29
13 30
12 30
11 30
10 30
9 30
8 30
7 30
6 30
5 30
11 31
12 31
13 31
13 32
14 32
15 32
16 32
16 31
17 31
17 32
8 31
0
No
0
Yes
40 3
40 4
41 4
41 5
40 5
39 5
39 4
39 3
38 4
38 3
39 6
40 6
41 6
40 7
41 7
37 3
42 5
42 6
42 7
42 8
43 8
43 7
43 6
43 5
44 5
44 6
44 7
44 8
45 8
45 7
45 6
45 5
45 4
46 4
46 5
46 6
46 7
46 8
46 3
47 3
47 4
47 5
47 6
47 7
47 8
47 2
48 2
48 3
48 4
48 5
48 6
48 7
48 8
49 8
49 7
49 6
49 5
49 4
49 3
49 2
49 1
48 1
47 1
46 1
37 2
38 2
39 2
40 2
41 2
42 2
42 1
41 1
40 1
39 1
38 1
37 1
36 1
36 2
36 3
36 4
35 4
35 3
35 2
35 1
40 8
44 9
45 9
46 9
47 9
48 9
49 9
48 10
47 10
46 10
46 11
47 11
47 12
46 12
45 12
45 13
46 13
47 13
42 0
41 0
40 0
39 0
38 0
37 0
36 0
35 0
46 0
47 0
48 0
49 0
34 0
34 1
34 2
0
No
0
Yes
5 2
5 3
5 4
5 5
4 5
4 4
4 3
4 2
3 4
3 3
3 2
2 4
2 3
2 2
1 3
1 2
0 3
0 2
4 6
5 6
4 7
5 7
6 7
6 6
6 5
6 4
6 3
6 2
7 2
7 3
7 4
7 5
7 6
7 7
8 7
8 6
8 5
8 4
8 3
8 2
9 2
9 3
9 4
9 5
9 6
9 7
10 7
10 6
10 5
10 4
10 3
10 2
11 2
11 3
11 4
11 5
11 6
11 7
12 7
12 6
12 5
12 4
12 3
12 2
13 3
13 4
13 2
14 2
14 4
15 4
14 1
13 1
12 1
11 1
10 1
9 1
8 1
7 1
6 1
5 1
4 1
3 1
2 1
1 1
0 1
15 1
15 0
14 0
13 0
12 0
11 0
10 0
9 0
8 0
7 0
6 0
5 0
4 0
3 0
2 0
1 0
0 0
4 8
5 8
6 8
7 8
8 8
9 8
10 8
11 8
12 8
13 8
13 9
12 9
11 9
10 9
9 9
8 9
7 9
6 9
17 5
16 4
17 4
16 3
17 3
0
Yes
18 0
17 0
17 1
18 1
17 2
18 2
19 2
19 1
19 0
20 0
20 1
20 2
0
Yes
49 48
49 49
48 49
48 48
48 47
49 47
49 46
48 46
48 45
49 45
47 46
47 47
47 48
47 49
46 46
46 47
46 48
46 49
45 46
45 47
45 48
45 49
44 46
44 47
44 48
44 49
0
Yes
48 23
49 23
49 24
48 24
48 25
49 25
49 26
48 26
48 27
49 27
47 27
47 26
47 25
47 24
47 23
46 25
46 24
0
Yes
33 40
33 39
33 38
33 37
33 36
33 35
34 35
34 36
34 37
34 38
34 39
34 40
34 41
35 41
35 40
35 39
35 38
35 37
35 36
35 35
36 39
36 38
36 37
36 36
36 35
37 35
37 36
37 37
37 38
37 39
37 40
37 41
38 41
38 40
38 39
38 38
38 37
38 36
38 35
39 35
39 36
39 37
39 38
39 39
39 40
39 41
40 35
40 36
40 37
40 38
40 39
40 40
40 41
41 36
41 37
41 38
41 39
41 40
41 41
41 42
40 42
39 42
39 43
40 43
42 42
42 41
42 40
42 39
42 38
42 37
42 36
42 35
43 35
43 36
43 37
43 38
43 39
43 40
39 34
38 34
37 34
36 34
35 34
34 34
33 34
32 34
31 34
30 34
30 33
31 33
32 33
33 33
34 33
35 33
36 33
37 33
38 33
39 33
40 33
40 32
39 32
38 32
37 32
36 32
35 32
34 32
33 32
32 32
31 32
30 32
33 31
32 31
31 31
30 31
35 31
36 31
37 31
0
Yes
17 1
17 2
17 0
18 0
18 1
18 2
18 3
19 3
19 2
19 1
19 0
20 0
20 1
1
20
49 30
49 29
49 28
48 28
48 29
48 30
48 31
48 32
47 32
47 31
47 30
47 29
47 28
Yes
6 31
7 31
5 31
5 32
6 32
7 32
8 32
8 33
7 33
6 33
5 33
7 34
6 34
5 34
5 35
5 36
5 37
4 32
4 33
4 34
4 35
4 36
4 37
3 32
3 33
3 34
3 35
3 36
3 37
2 37
2 36
2 35
2 34
2 33
2 32
2 31
1 37
1 36
1 35
1 34
1 33
1 32
1 31
0 31
0 32
0 33
0 34
0 35
2 38
3 38
4 38
5 38
6 38
3 39
4 39
5 39
6 39
5 40
6 40
6 41
7 40
7 41
8 40
8 41
9 41
9 42
8 42
7 42
6 42
5 42
5 43
6 43
7 43
8 43
9 43
10 43
10 42
10 41
0 30
0
Yes
48 33
47 33
47 34
48 34
49 34
49 35
48 35
47 35
47 36
48 36
49 36
49 37
48 37
47 37
47 38
48 38
49 38
49 39
48 39
47 39
47 40
48 40
49 40
46 40
46 39
46 38
46 37
46 36
46 35
46 34
46 33
45 33
45 34
45 35
45 36
45 37
45 38
45 39
45 40
44 34
44 35
44 36
44 37
44 38
44 39
44 40
43 35
43 36
43 37
43 38
43 39
43 40
42 35
42 36
42 37
42 38
42 39
42 40
41 36
0
Yes
1 14
1 15
1 16
0 16
0 15
0 14
0 13
1 13
2 13
3 13
3 12
3 11
4 11
4 12
5 12
5 11
5 10
6 10
6 11
7 11
7 10
1 12
0 12
1 11
0 11
8 10
8 11
8 12
8 13
9 10
9 11
9 12
9 13
9 14
9 15
9 16
9 17
10 17
10 16
10 15
10 14
10 13
10 12
10 11
10 10
11 15
11 14
11 13
11 12
11 11
11 10
12 10
12 11
12 12
12 13
12 14
13 14
13 13
13 12
13 11
13 10
14 10
14 11
14 12
14 13
14 14
14 15
14 16
15 16
15 15
15 14
15 13
15 12
15 11
15 10
15 9
15 8
16 8
16 9
16 10
16 11
16 12
16 13
16 14
16 15
16 16
17 9
17 10
17 11
17 12
17 13
17 14
17 15
17 16
18 10
18 11
18 12
18 13
0
Yes
16 28
16 27
16 26
16 25
16 24
16 23
16 22
16 21
16 20
17 20
17 21
17 22
17 23
17 24
17 25
17 26
17 27
17 28
17 29
18 29
18 28
18 27
18 26
18 25
18 24
18 23
18 22
18 21
18 20
19 29
19 28
19 27
19 26
19 25
19 24
19 23
19 22
19 21
19 20
20 29
20 28
20 27
20 26
20 25
20 24
20 23
20 22
20 21
20 20
21 28
21 27
21 26
21 25
21 24
21 23
21 22
21 21
21 20
22 28
22 27
22 26
22 25
22 24
22 23
22 22
22 21
0
Yes
47 49
48 49
49 49
49 48
48 48
47 48
47 47
48 47
49 47
47 46
48 46
49 46
48 45
49 45
46 46
46 47
46 48
46 49
45 46
45 47
45 48
45 49
44 46
44 47
44 48
44 49
49 44
48 44
47 44
47 43
48 43
49 43
43 47
43 48
43 49
42 48
42 49
0
Yes
46 28
45 28
45 27
44 27
44 28
43 27
43 28
42 27
42 28
46 29
45 29
44 29
43 29
42 29
46 30
45 30
44 30
43 30
42 30
46 31
45 31
44 31
43 31
42 31
42 32
43 32
44 32
45 32
46 32
41 31
41 30
41 29
41 28
41 27
41 26
0
Yes
45 4
45 5
44 5
43 5
43 6
44 6
45 6
45 7
44 7
43 7
43 8
44 8
45 8
44 9
45 9
46 9
46 8
46 7
46 6
46 5
46 4
46 3
46 10
47 10
47 9
47 8
47 7
47 6
47 5
47 4
47 3
48 10
48 9
48 8
48 7
48 6
48 5
48 4
48 3
49 9
49 8
49 7
49 6
49 5
49 4
49 3
47 2
48 2
49 2
49 1
48 1
47 1
46 1
46 0
47 0
48 0
49 0
42 8
42 7
42 6
42 5
41 7
41 6
41 5
41 4
40 7
40 6
40 5
40 4
44 10
0
Yes
28 6
28 7
29 7
29 6
30 6
30 7
31 7
31 6
32 6
32 7
33 7
33 6
34 6
34 5
33 5
32 5
31 5
30 5
29 5
28 5
35 5
35 4
34 4
33 4
32 4
31 4
30 4
29 4
28 4
36 4
36 3
35 3
34 3
33 3
32 3
31 3
30 3
29 3
28 3
28 2
29 2
30 2
31 2
32 2
33 2
34 2
35 2
36 2
28 1
29 1
30 1
31 1
32 1
33 1
34 1
35 1
36 1
28 0
29 0
30 0
31 0
32 0
33 0
34 0
35 0
36 0
27 2
27 3
27 4
27 5
27 6
0
Yes
47 12
47 11
46 11
46 12
45 12
45 13
46 13
47 13
47 14
46 14
45 14
44 14
43 14
42 14
48 14
49 14
49 15
48 15
47 15
46 15
45 15
44 15
43 15
42 15
42 16
43 16
44 16
45 16
46 16
47 16
48 16
49 16
46 17
45 17
44 17
43 17
42 17
47 17
48 17
49 17
47 18
48 18
49 18
48 19
49 19
44 18
43 18
0
No
0
Yes
46 3
46 4
45 4
45 5
46 5
46 6
45 6
45 7
46 7
46 8
45 8
45 9
46 9
46 10
47 10
47 9
47 8
47 7
47 6
47 5
47 4
47 3
48 10
48 9
48 8
48 7
48 6
48 5
48 4
48 3
49 9
49 8
49 7
49 6
49 5
49 4
49 3
47 2
48 2
49 2
44 9
44 8
44 7
44 6
0
Yes
8 19
8 20
9 20
10 20
10 21
9 21
8 21
11 21
12 21
12 22
11 22
10 22
9 22
8 22
8 23
9 23
10 23
11 23
12 23
7 23
7 22
7 21
7 20
7 19
7 18
6 18
6 19
6 20
6 21
6 22
6 23
5 19
5 20
5 21
5 22
5 23
4 19
4 20
4 21
4 22
4 23
3 19
3 20
3 21
3 22
3 23
2 23
2 22
2 21
2 20
6 24
5 24
4 24
3 24
8 24
9 24
10 24
11 24
12 24
13 22
13 23
13 24
14 23
14 24
15 24
15 25
14 25
13 25
12 25
11 25
10 25
9 25
15 26
14 26
13 26
12 26
11 26
10 26
9 26
14 27
13 27
12 27
11 27
10 27
9 27
0
Yes
40 12
41 12
41 13
40 13
40 14
0
Yes
36 39
37 39
37 40
37 41
38 41
38 40
38 39
39 39
39 40
39 41
39 42
40 42
40 41
40 40
40 39
41 39
41 40
41 41
41 42
42 42
42 41
41 38
40 38
39 38
38 38
37 38
36 38
41 37
40 37
39 37
38 37
37 37
36 37
40 36
39 36
38 36
37 36
36 36
35 36
35 37
35 38
35 39
35 40
35 41
34 41
34 40
34 39
34 38
34 37
34 36
33 40
33 39
33 38
33 37
33 36
40 35
39 35
38 35
37 35
36 35
35 35
34 35
33 35
40 43
39 43
39 34
38 34
37 34
36 34
35 34
0
Yes
11 31
11 30
10 30
10 29
11 29
11 28
10 28
12 28
12 29
12 30
12 31
13 29
13 30
0
No
0
Yes
19 47
19 48
19 49
18 49
18 48
18 47
18 46
19 46
19 45
18 45
18 44
19 44
19 43
18 43
17 43
17 44
17 45
17 46
17 47
17 48
17 49
16 49
16 48
16 47
16 46
16 45
16 44
16 43
15 43
15 44
15 45
15 46
15 47
15 48
15 49
14 49
14 48
14 47
14 46
14 45
14 44
14 43
13 43
13 44
13 45
13 46
13 47
13 48
13 49
12 49
12 48
12 47
12 46
12 45
12 44
12 43
11 43
11 44
11 45
11 46
11 47
11 48
11 49
0
Yes
2 38
3 38
3 39
4 39
4 38
5 38
5 39
5 40
6 38
6 39
6 40
7 40
8 40
5 37
4 37
3 37
2 37
1 37
1 36
2 36
3 36
4 36
5 36
5 35
4 35
3 35
2 35
1 35
0 35
0 34
1 34
2 34
3 34
4 34
5 34
6 34
7 34
7 33
6 33
5 33
4 33
3 33
2 33
1 33
0 33
8 33
8 32
7 32
6 32
5 32
4 32
3 32
2 32
1 32
0 32
2 31
1 31
0 31
5 31
6 31
7 31
8 31
5 30
6 30
7 30
8 30
9 30
9 29
8 29
7 29
6 29
5 29
9 28
8 28
7 28
6 28
5 28
8 27
7 27
6 27
5 27
4 27
8 26
7 26
6 26
5 26
4 26
3 26
3 25
4 25
5 25
6 41
7 41
8 41
9 41
9 42
8 42
7 42
6 42
5 42
5 43
6 43
7 43
8 43
9 43
10 43
10 42
10 41
10 40
10 39
10 38
10 37
10 36
11 36
11 37
11 38
11 39
11 40
12 40
12 39
12 38
12 37
12 36
12 35
11 41
11 42
12 41
12 42
13 42
13 41
13 40
13 39
13 38
13 37
13 36
13 35
14 35
14 36
14 37
14 38
14 39
0
Yes
38 29
38 30
38 28
38 27
39 27
39 28
39 29
39 30
39 31
38 31
38 32
39 32
40 32
40 31
40 30
40 29
40 28
40 27
41 31
41 30
41 29
41 28
41 27
42 27
42 28
42 29
42 30
42 31
0
Yes
43 8
42 8
43 7
42 7
41 7
40 7
43 6
42 6
41 6
40 6
39 6
43 5
42 5
41 5
40 5
39 5
41 4
40 4
39 4
38 4
40 3
39 3
38 3
37 3
37 2
38 2
39 2
40 2
41 2
42 2
42 1
41 1
40 1
39 1
38 1
37 1
42 0
41 0
40 0
39 0
38 0
37 0
0
Yes
0 18
1 18
1 19
0 19
1 20
0 20
0
Yes
1 46
2 46
3 46
4 46
0 46
0 47
1 47
2 47
3 47
4 47
5 47
5 48
4 48
3 48
2 48
1 48
0 48
0 49
1 49
2 49
3 49
4 49
5 49
6 47
6 48
6 49
0
Yes
36 0
36 1
36 2
36 3
36 4
35 4
35 3
35 2
35 1
35 0
35 5
34 5
34 4
34 3
34 2
34 1
34 0
34 6
33 6
33 5
33 4
33 3
33 2
33 1
33 0
32 0
32 1
32 2
32 3
32 4
32 5
32 6
31 6
31 5
31 4
31 3
31 2
31 1
31 0
30 0
30 1
30 2
30 3
30 4
30 5
30 6
29 6
29 5
29 4
29 3
29 2
29 1
29 0
28 0
28 1
28 2
28 3
28 4
28 5
28 6
27 2
27 3
27 4
27 5
27 6
26 2
26 3
26 4
26 5
26 6
25 2
25 3
25 4
25 5
25 6
0
Yes
35 8
35 9
34 9
34 8
33 8
33 9
33 7
32 7
32 8
32 9
31 7
31 8
31 9
30 7
30 8
30 9
29 7
29 8
29 9
28 7
28 8
28 9
27 7
27 8
27 9
26 7
26 8
26 9
25 7
25 8
25 9
33 10
32 10
31 10
30 10
29 10
28 10
27 10
26 10
25 10
24 10
24 9
24 8
24 7
33 11
32 11
31 11
30 11
29 11
28 11
27 11
26 11
25 11
25 12
26 12
27 12
28 12
29 12
30 12
31 12
32 12
0
Yes
15 34
15 35
16 34
16 35
17 35
17 34
17 33
18 33
18 34
18 35
19 35
19 34
19 33
19 32
18 32
17 32
16 32
16 31
17 31
18 31
20 33
20 34
20 35
21 33
21 34
21 35
22 33
22 34
22 35
23 35
23 34
23 33
23 32
23 31
24 31
24 32
24 33
24 34
24 35
24 30
25 30
25 31
25 32
25 33
25 34
25 35
26 30
26 31
26 32
26 33
26 34
26 35
27 35
27 34
27 33
27 32
28 34
28 33
28 32
27 36
26 36
25 36
24 36
23 36
22 36
21 36
20 36
19 36
18 36
17 36
16 36
15 36
15 37
16 37
17 37
18 37
19 37
20 37
21 37
22 37
23 37
24 37
25 37
26 37
26 38
25 38
24 38
23 38
22 38
21 38
20 38
19 38
18 38
17 38
16 38
15 38
26 39
25 39
24 39
23 39
22 39
21 39
20 39
19 39
18 39
17 39
16 39
15 39
24 40
23 40
22 40
21 40
20 40
19 40
18 40
17 40
16 40
15 40
14 40
14 41
15 41
16 41
17 41
18 41
19 41
0
Yes
34 14
34 15
35 15
35 16
34 16
34 17
35 17
35 18
34 18
34 19
35 19
35 20
34 20
34 21
35 21
35 22
34 22
35 23
34 23
36 23
36 22
36 21
36 20
36 19
36 18
36 17
36 16
36 15
36 14
37 14
37 15
37 16
37 17
37 18
37 19
37 20
37 21
37 22
37 23
38 14
38 15
38 16
38 17
38 18
38 19
38 20
38 21
38 22
38 23
39 23
39 22
39 21
39 20
39 19
39 18
39 17
39 16
39 15
40 15
40 16
40 17
40 18
40 19
40 20
40 21
40 22
40 23
41 15
41 16
41 17
41 18
41 19
41 20
41 21
41 22
41 23
42 23
42 22
42 21
42 20
42 19
42 18
43 19
43 20
43 21
43 22
44 21
44 22
34 24
33 24
33 23
33 22
33 21
33 20
33 19
33 18
33 17
33 16
33 15
33 14
45 22
45 23
46 23
46 22
32 14
32 15
32 16
32 17
32 18
32 19
32 20
32 21
32 22
0
No
0
Yes
48 5
48 6
48 7
48 8
49 8
49 7
49 6
49 5
49 4
48 4
47 4
47 5
47 6
47 7
47 8
46 8
46 7
46 6
46 5
46 4
45 4
45 5
45 6
45 7
45 8
44 5
44 6
44 7
44 8
44 9
45 9
46 9
47 9
48 9
49 9
48 10
47 10
46 10
46 3
47 3
48 3
49 3
47 2
48 2
49 2
0
Yes
43 30
43 31
43 32
44 32
44 31
44 30
45 32
45 31
45 30
46 32
46 31
46 30
46 29
45 29
44 29
43 29
46 28
45 28
44 28
43 28
0
No
0
No
0
No
0
Yes
36 1
36 2
36 3
36 4
36 0
35 0
35 1
35 2
35 3
35 4
35 5
34 5
34 4
34 3
34 2
34 1
34 0
34 6
33 6
33 5
33 4
33 3
33 2
33 1
33 0
32 6
32 5
32 4
32 3
32 2
32 1
32 0
31 6
31 5
31 4
31 3
31 2
31 1
31 0
30 6
30 5
30 4
30 3
30 2
30 1
30 0
0
Yes
20 2
20 3
19 3
19 2
18 3
18 2
17 2
17 1
18 1
19 1
20 1
17 0
18 0
19 0
20 0
21 0
21 1
21 2
21 3
22 1
22 0
0
Yes
36 0
36 1
36 2
36 3
36 4
35 4
35 3
35 2
35 1
35 0
34 0
34 1
34 2
34 3
34 4
33 4
33 3
33 2
33 1
33 0
32 0
32 1
32 2
32 3
32 4
35 5
34 5
33 5
32 5
0
Yes
19 46
19 47
19 48
19 49
20 49
20 48
20 47
20 46
21 46
21 47
21 48
21 49
22 49
22 48
22 47
22 46
23 46
23 47
23 48
23 49
23 45
22 45
21 45
20 45
19 45
19 44
20 44
21 44
22 44
23 44
24 44
24 43
23 43
22 43
21 43
20 43
19 43
25 43
25 42
24 42
23 42
22 42
21 42
20 42
19 42
18 42
18 43
18 44
18 45
18 46
18 47
18 48
18 49
17 42
17 43
17 44
17 45
17 46
17 47
17 48
17 49
16 42
16 43
16 44
16 45
16 46
16 47
16 48
16 49
15 42
15 43
15 44
15 45
15 46
15 47
15 48
15 49
14 42
14 43
14 44
14 45
14 46
14 47
14 48
14 49
13 43
13 44
13 45
13 46
13 47
13 48
13 49
12 43
12 44
12 45
12 46
12 47
12 48
12 49
11 43
11 44
11 45
11 46
11 47
11 48
11 49
10 47
10 48
0
Yes
16 48
16 49
17 49
17 48
18 48
18 49
19 49
19 48
20 48
20 49
20 47
19 47
18 47
17 47
16 47
16 46
17 46
18 46
19 46
20 46
20 45
19 45
18 45
17 45
16 45
16 44
17 44
18 44
19 44
20 44
20 43
19 43
18 43
17 43
16 43
16 42
17 42
18 42
19 42
20 42
20 41
15 42
15 43
15 44
15 45
15 46
15 47
15 48
15 49
14 42
14 43
14 44
14 45
14 46
14 47
14 48
14 49
13 43
13 44
13 45
13 46
13 47
13 48
13 49
12 43
12 44
12 45
12 46
12 47
12 48
12 49
11 43
11 44
11 45
11 46
11 47
11 48
11 49
10 47
10 48
10 49
9 49
21 41
21 42
21 43
21 44
21 45
21 46
21 47
21 48
21 49
22 41
22 42
22 43
22 44
22 45
22 46
22 47
22 48
22 49
23 49
23 48
23 47
23 46
23 45
23 44
0
Yes
30 1
30 2
30 3
30 4
30 5
30 6
31 6
31 5
31 4
31 3
31 2
31 1
32 6
32 5
32 4
32 3
32 2
32 1
33 6
33 5
33 4
33 3
33 2
33 1
34 6
34 5
34 4
34 3
34 2
34 1
35 5
35 4
35 3
35 2
35 1
36 4
36 3
36 2
36 1
36 0
35 0
34 0
33 0
32 0
31 0
30 0
29 6
29 5
29 4
29 3
29 2
29 1
29 0
28 0
28 1
28 2
28 3
28 4
28 5
28 6
27 6
27 5
27 4
27 3
27 2
26 2
26 3
26 4
26 5
1
24
48 3
48 4
48 5
48 6
48 7
48 8
48 9
48 10
49 9
49 8
49 7
49 6
49 5
49 4
49 3
49 2
48 2
47 2
47 3
47 4
47 5
47 6
47 7
47 8
47 9
47 10
46 3
46 4
46 5
46 6
46 7
46 8
46 9
46 10
45 4
45 5
45 6
45 7
45 8
45 9
46 11
47 11
47 12
46 12
45 12
45 13
46 13
47 13
47 14
46 14
45 14
48 14
44 10
47 1
48 1
49 1
46 1
44 9
44 8
44 7
44 6
44 5
46 0
47 0
48 0
49 0
Yes
16 21
16 20
16 22
16 23
16 24
16 25
16 26
16 27
16 28
17 28
17 27
17 26
17 25
17 24
17 23
17 22
17 21
17 20
17 29
17 19
17 18
16 18
16 17
17 17
18 29
18 28
18 27
18 26
18 25
18 24
18 23
18 22
18 21
18 20
18 19
18 18
18 17
18 16
18 15
18 14
19 29
19 28
19 27
19 26
19 25
19 24
19 23
19 22
19 21
19 20
19 19
19 18
19 17
19 16
19 15
19 14
20 29
20 28
20 27
20 26
20 25
20 24
20 23
20 22
20 21
20 20
20 19
20 18
20 17
20 16
20 15
20 14
21 14
21 15
21 16
21 17
21 18
21 19
21 20
21 21
21 22
21 23
21 24
21 25
21 26
21 27
21 28
22 28
22 27
22 26
22 25
22 24
22 23
22 22
22 21
22 20
22 19
22 18
22 17
22 16
22 15
23 26
23 25
23 24
23 23
23 22
23 21
23 20
23 19
23 18
23 17
23 16
24 25
24 24
24 23
24 22
24 21
24 20
24 19
24 18
24 17
0
Yes
32 25
32 26
32 24
32 23
31 24
31 25
31 26
31 23
30 23
30 22
31 22
31 21
30 21
29 21
30 26
30 27
31 27
32 27
33 27
33 28
32 28
31 28
30 28
33 29
32 29
31 29
30 29
32 30
31 30
30 30
30 31
31 31
32 31
33 31
33 32
32 32
31 32
30 32
29 32
29 31
29 30
29 29
29 28
29 27
29 26
29 25
28 31
28 30
28 29
28 28
28 27
28 26
28 25
27 28
27 27
27 26
27 25
27 24
34 32
35 32
35 31
27 23
28 23
28 22
28 21
27 22
27 21
29 33
30 33
31 33
32 33
33 33
34 33
35 33
34 34
33 34
32 34
31 34
30 34
36 33
36 32
36 31
37 31
37 32
37 33
26 25
26 24
26 23
26 22
26 21
25 25
25 24
25 23
25 22
25 21
25 20
26 20
27 20
28 20
0
No
0
Yes
0 35
1 35
1 36
1 37
2 37
2 36
2 35
2 38
3 38
3 37
3 36
3 35
4 35
4 36
4 37
4 38
4 34
3 34
2 34
1 34
0 34
0 33
1 33
2 33
3 33
4 33
4 32
3 32
2 32
1 32
0 32
2 31
1 31
0 31
5 37
5 36
5 35
5 34
5 33
5 32
0
Yes
0 2
0 3
1 3
1 2
2 2
2 3
2 4
3 4
3 3
3 2
4 2
4 3
4 4
4 5
4 6
4 7
4 8
5 8
5 7
5 6
5 5
5 4
5 3
5 2
6 2
6 3
6 4
6 5
6 6
6 7
6 8
6 9
6 10
5 10
7 10
7 9
7 8
7 7
7 6
7 5
7 4
7 3
7 2
8 2
8 3
8 4
8 5
8 6
8 7
8 8
8 9
8 10
9 10
9 9
9 8
9 7
9 6
9 5
9 4
9 3
9 2
10 2
10 3
10 4
10 5
10 6
10 7
10 8
10 9
10 10
11 10
11 9
11 8
11 7
11 6
11 5
11 4
11 3
11 2
11 1
10 1
9 1
8 1
7 1
6 1
5 1
4 1
3 1
2 1
1 1
0 1
0 0
1 0
2 0
3 0
4 0
5 0
6 0
7 0
8 0
9 0
10 0
11 0
12 5
12 6
12 7
12 8
12 9
12 10
12 4
12 3
12 2
12 1
12 0
13 8
13 9
13 10
14 10
13 3
13 4
13 2
13 1
13 0
14 2
14 1
14 0
15 1
15 0
14 4
15 4
0
Yes
26 16
26 15
26 14
26 13
27 13
25 13
25 14
25 15
25 16
24 16
24 15
24 14
25 17
26 17
27 17
25 18
26 18
27 18
25 19
26 19
27 19
28 19
28 18
28 17
28 16
28 15
28 14
28 13
29 13
29 14
29 15
29 16
29 17
29 18
29 19
29 20
30 20
30 19
30 18
30 17
30 16
30 15
30 14
30 13
31 20
31 19
31 18
31 17
31 16
31 15
31 14
31 13
32 13
32 12
31 12
30 12
29 12
28 12
27 12
26 12
25 12
25 11
26 11
27 11
28 11
29 11
30 11
31 11
32 11
33 11
33 10
32 10
31 10
30 10
29 10
28 10
27 10
26 10
25 10
24 10
24 9
25 9
26 9
27 9
28 9
29 9
30 9
31 9
32 9
33 9
34 9
35 9
35 8
34 8
33 8
32 8
31 8
30 8
29 8
28 8
27 8
26 8
25 8
24 8
33 7
32 7
31 7
30 7
29 7
28 7
27 7
26 7
25 7
24 7
26 6
25 6
24 6
0
No
0
Yes
47 5
47 6
47 7
47 8
47 9
48 9
48 8
48 7
48 6
48 5
49 9
49 8
49 7
49 6
49 5
49 4
48 4
47 4
47 3
48 3
49 3
46 3
46 4
46 5
46 6
46 7
46 8
46 9
45 4
45 5
45 6
45 7
45 8
45 9
44 9
44 8
44 7
44 6
44 5
43 5
43 6
43 7
43 8
47 2
48 2
49 2
49 1
48 1
47 1
46 1
46 0
47 0
48 0
49 0
42 8
42 7
42 6
42 5
48 10
47 10
46 10
46 11
47 11
47 12
46 12
45 12
44 10
0
Yes
43 47
43 48
42 48
44 48
44 47
44 46
45 46
45 47
45 48
46 46
46 47
46 48
42 49
43 49
44 49
45 49
46 49
0
No
0
Yes
11 28
11 29
11 30
11 31
12 28
12 29
12 30
12 31
13 31
13 30
13 29
10 30
10 29
0
Yes
39 43
40 43
39 42
40 42
0
Yes
3 1
3 2
3 3
3 4
2 4
2 3
2 2
2 1
1 3
1 2
1 1
0 3
0 2
0 1
0 0
1 0
2 0
3 0
4 0
4 1
4 2
4 3
4 4
4 5
4 6
4 7
4 8
5 8
5 7
5 6
5 5
5 4
5 3
5 2
5 1
5 0
6 0
6 1
6 2
6 3
6 4
6 5
6 6
6 7
6 8
6 9
7 9
7 8
7 7
7 6
7 5
7 4
7 3
7 2
7 1
7 0
8 0
8 1
8 2
8 3
8 4
8 5
8 6
8 7
8 8
8 9
9 9
9 8
9 7
9 6
9 5
9 4
9 3
9 2
9 1
9 0
10 0
10 1
10 2
10 3
10 4
10 5
10 6
10 7
10 8
10 9
11 9
11 8
11 7
11 6
11 5
11 4
11 3
11 2
11 1
11 0
12 5
12 6
12 7
12 8
12 9
12 4
12 3
12 2
12 1
12 0
13 8
13 9
13 3
13 4
13 2
13 1
13 0
14 2
14 1
14 0
15 1
15 0
0
Yes
38 37
38 38
38 39
38 40
38 41
37 41
37 40
37 39
37 38
37 37
36 39
36 38
36 37
36 36
37 36
38 36
35 36
35 37
35 38
35 39
35 40
35 41
34 41
34 40
34 39
34 38
34 37
34 36
33 40
33 39
33 38
33 37
33 36
33 35
34 35
35 35
36 35
37 35
38 35
35 34
36 34
37 34
38 34
38 33
39 33
39 34
39 35
39 36
39 37
39 38
39 39
39 40
39 41
40 35
40 36
40 37
40 38
40 39
40 40
40 41
41 37
41 38
41 39
41 40
41 41
41 42
42 42
0
No
0
Yes
48 3
48 4
48 5
48 6
49 6
49 5
49 4
49 3
47 6
47 5
47 4
47 3
46 3
46 4
46 5
46 6
45 4
45 5
45 6
44 5
44 6
44 7
45 7
46 7
47 7
48 7
49 7
49 8
48 8
47 8
46 8
45 8
44 8
44 9
45 9
46 9
47 9
48 9
49 9
0
Yes
6 33
6 34
7 34
7 33
8 33
8 32
7 32
6 32
8 31
7 31
6 31
5 31
5 32
5 33
5 34
5 35
5 36
4 32
4 33
4 34
4 35
4 36
3 32
3 33
3 34
3 35
3 36
2 36
2 35
2 34
2 33
2 32
2 31
1 31
1 32
1 33
1 34
1 35
1 36
0 35
0 34
0 33
0 32
0 31
1 37
2 37
3 37
4 37
5 37
2 38
3 38
4 38
5 38
6 38
3 39
4 39
5 39
6 39
5 40
6 40
0 30
0
Yes
21 1
22 1
22 0
21 0
20 0
20 1
20 2
21 2
22 2
23 2
23 3
22 3
21 3
20 3
20 4
21 4
22 4
23 4
20 5
21 5
22 5
23 5
20 6
21 6
22 6
23 6
23 7
22 7
21 7
23 8
22 8
21 8
23 9
22 9
21 9
20 8
20 9
19 8
19 9
24 5
24 4
24 3
19 3
19 2
19 1
19 0
25 3
25 4
25 5
18 3
18 2
18 1
18 0
17 0
17 1
17 2
17 3
0
Yes
12 11
12 10
13 10
13 11
14 10
14 11
11 10
11 11
10 10
10 11
9 10
9 11
8 10
8 11
8 12
9 12
10 12
11 12
12 12
13 12
14 12
8 13
9 13
10 13
11 13
12 13
13 13
14 13
13 14
12 14
11 14
10 14
9 14
14 14
11 15
10 15
9 15
9 16
10 16
14 15
14 16
15 16
15 15
15 14
15 13
15 12
15 11
15 10
16 16
16 15
16 14
16 13
16 12
16 11
16 10
17 16
17 15
17 14
17 13
17 12
17 11
17 10
18 10
18 11
18 12
18 13
17 9
16 9
15 9
15 8
16 8
10 17
9 17
19 13
19 12
19 11
19 10
0
Yes
3 33
3 32
4 32
4 33
4 34
3 34
2 34
2 33
2 32
2 31
1 31
1 32
1 33
1 34
0 31
0 32
0 33
0 34
5 34
5 33
5 32
5 31
5 30
5 29
5 28
6 34
6 33
6 32
6 31
6 30
6 29
6 28
7 34
7 33
7 32
7 31
7 30
7 29
7 28
8 33
8 32
8 31
8 30
8 29
8 28
9 28
9 29
9 30
10 30
10 29
10 28
11 28
11 29
11 30
11 31
12 28
12 29
12 30
12 31
13 31
13 30
13 29
8 27
7 27
6 27
5 27
4 27
8 26
7 26
6 26
5 26
4 26
3 26
3 25
4 25
5 25
5 35
4 35
3 35
2 35
1 35
0 35
1 36
2 36
0
Yes
25 21
25 20
26 20
26 21
27 20
27 21
28 20
28 21
26 28
28 22
27 22
26 22
25 22
28 23
27 23
26 23
25 23
25 24
26 24
27 24
25 25
26 25
27 25
27 26
27 27
27 28
28 25
28 26
28 27
28 28
29 25
29 26
29 27
29 28
30 26
30 27
30 28
28 29
29 29
30 29
28 30
29 30
30 30
28 31
29 31
30 31
29 32
30 32
29 33
30 33
30 34
31 34
31 33
31 32
31 31
31 30
31 29
31 28
31 27
31 26
32 26
32 27
32 28
32 29
32 30
32 31
32 32
32 33
32 34
33 31
33 32
33 33
33 34
34 34
34 33
34 32
33 29
33 28
33 27
35 33
35 32
35 31
36 31
36 32
36 33
37 33
37 32
37 31
32 25
31 25
31 24
32 24
32 23
31 23
0
Yes
48 49
49 49
49 48
48 48
48 47
49 47
49 46
48 46
47 46
47 47
47 48
47 49
46 46
46 47
46 48
46 49
45 46
45 47
45 48
45 49
44 46
44 47
44 48
44 49
43 47
43 48
43 49
0
Yes
11 39
10 39
10 38
11 38
10 37
11 37
10 36
11 36
12 36
12 37
12 38
12 39
13 39
13 38
13 37
13 36
14 39
14 38
14 37
14 36
0
No
0
Yes
6 31
5 31
5 30
6 30
5 29
6 29
5 28
6 28
7 28
7 29
7 30
7 31
8 31
8 30
8 29
8 28
9 28
9 29
9 30
10 30
10 29
10 28
11 28
11 29
11 30
11 31
12 28
12 29
12 30
12 31
13 31
13 30
13 29
8 27
7 27
6 27
5 27
4 27
8 26
7 26
6 26
5 26
4 26
3 26
3 25
4 25
5 25
8 32
7 32
6 32
5 32
8 33
7 33
6 33
5 33
4 32
4 33
3 32
3 33
2 33
2 32
2 31
1 31
1 32
1 33
0 31
0 32
0 33
7 34
6 34
5 34
4 34
3 34
2 34
1 34
0 34
0 35
1 35
2 35
3 35
4 35
5 35
5 36
4 36
3 36
2 36
1 36
1 37
2 37
3 37
4 37
5 37
2 38
3 38
4 38
5 38
6 38
3 39
4 39
5 39
6 39
5 40
6 40
6 41
7 40
7 41
8 40
8 41
9 41
9 42
8 42
7 42
6 42
5 42
5 43
6 43
7 43
8 43
9 43
10 43
10 42
10 41
10 40
11 40
11 41
11 42
12 42
12 41
0
Yes
48 25
48 26
47 26
47 25
46 25
46 24
47 24
48 24
47 23
48 23
49 23
49 24
49 25
0
No
1
77
30 30
30 31
30 32
29 32
29 31
29 30
28 31
28 30
28 29
29 29
30 29
31 29
31 30
31 31
31 32
32 30
32 31
32 32
32 29
33 29
33 31
33 32
34 32
33 28
32 28
31 28
30 28
29 28
28 28
27 28
33 27
32 27
31 27
30 27
29 27
28 27
27 27
27 26
28 26
29 26
30 26
31 26
32 26
29 25
28 25
27 25
32 25
31 25
35 32
35 31
36 31
36 32
37 31
37 32
37 33
36 33
35 33
34 33
33 33
32 33
31 33
30 33
29 33
30 34
31 34
32 34
33 34
34 34
31 24
32 24
32 23
31 23
30 23
30 22
31 22
31 21
30 21
Yes
7 21
7 22
7 23
8 23
8 22
8 21
8 24
9 24
9 23
9 22
9 21
9 20
8 20
7 20
8 19
7 19
7 18
6 18
6 19
6 20
6 21
6 22
6 23
6 24
5 24
5 23
5 22
5 21
5 20
5 19
4 19
4 20
4 21
4 22
4 23
4 24
3 24
3 23
3 22
3 21
3 20
3 19
2 23
2 22
2 21
2 20
1 22
1 21
1 20
1 19
1 18
0 22
0 21
0 20
0 19
0 18
0 17
9 25
9 26
0 16
1 16
1 15
0 15
1 14
0 14
0 13
1 13
2 13
3 13
3 12
4 12
5 12
1 12
0 12
1 11
0 11
3 11
4 11
5 11
5 10
9 27
10 20
10 21
10 22
10 23
10 24
10 25
10 26
10 27
11 27
11 26
11 25
11 24
11 23
11 22
11 21
12 21
12 22
12 23
12 24
12 25
12 26
12 27
13 22
13 23
13 24
13 25
13 26
13 27
14 27
14 26
14 25
14 24
14 23
15 24
15 25
15 26
6 10
6 11
7 11
7 10
8 10
8 11
8 12
8 13
9 13
9 12
9 14
9 15
9 16
9 17
9 11
9 10
10 17
10 16
10 15
10 14
10 13
10 12
10 11
10 10
11 15
11 14
11 13
11 12
11 11
0
Yes
49 30
49 29
49 28
49 27
48 27
48 28
48 29
48 30
47 27
47 28
47 29
47 30
46 28
46 29
46 30
48 31
47 31
46 31
48 32
47 32
46 32
45 32
45 31
45 30
45 29
45 28
45 27
44 27
44 28
44 29
44 30
44 31
44 32
43 32
43 31
43 30
43 29
43 28
0
Yes
48 44
48 45
47 44
47 43
48 43
49 43
49 44
49 45
1
22
14 15
14 16
15 16
15 15
16 16
16 15
17 16
17 15
17 14
16 14
15 14
14 14
13 14
13 13
14 13
15 13
16 13
17 13
18 13
19 13
20 13
21 13
21 12
20 12
19 12
18 12
17 12
16 12
15 12
14 12
13 12
21 11
20 11
19 11
18 11
17 11
16 11
15 11
14 11
13 11
21 10
20 10
19 10
18 10
17 10
16 10
15 10
14 10
13 10
12 10
12 11
12 12
12 13
12 14
17 9
16 9
15 9
15 8
16 8
Yes
49 38
49 39
49 40
49 41
48 41
48 40
48 39
48 38
47 41
47 40
47 39
47 38
46 41
46 40
46 39
46 38
45 41
45 40
45 39
45 38
44 41
44 40
44 39
44 38
43 41
43 40
43 39
43 38
43 37
44 37
45 37
46 37
47 37
48 37
49 37
42 37
42 38
42 39
42 40
42 41
42 42
41 42
41 41
41 40
41 39
41 38
41 37
40 41
40 40
40 39
40 38
40 37
39 41
39 40
39 39
39 38
39 37
38 41
38 40
38 39
38 38
38 37
37 41
37 40
37 39
37 38
37 37
36 39
36 38
36 37
35 37
35 38
35 39
35 40
35 41
34 41
34 40
34 39
34 38
34 37
33 40
33 39
33 38
33 37
33 36
34 36
35 36
36 36
37 36
38 36
39 36
40 36
41 36
42 36
43 36
44 36
45 36
46 36
47 36
48 36
49 36
42 35
43 35
44 35
45 35
46 35
47 35
48 35
49 35
44 34
45 34
46 34
47 34
48 34
49 34
48 33
47 33
46 33
45 33
40 35
39 35
38 35
37 35
36 35
35 35
34 35
0
No
0
Yes
24 44
24 43
24 42
24 41
24 40
23 40
23 41
23 42
23 43
23 44
23 45
23 46
23 47
23 48
23 49
22 49
22 48
22 47
22 46
22 45
22 44
22 43
22 42
22 41
22 40
21 40
21 41
21 42
21 43
21 44
21 45
21 46
21 47
21 48
21 49
20 49
20 48
20 47
20 46
20 45
20 44
20 43
20 42
20 41
20 40
19 40
19 41
19 42
19 43
19 44
19 45
19 46
19 47
19 48
19 49
18 49
18 48
18 47
18 46
18 45
18 44
18 43
18 42
18 41
18 40
17 40
17 41
17 42
17 43
17 44
17 45
17 46
17 47
17 48
17 49
16 49
16 48
16 47
16 46
16 45
16 44
16 43
16 42
16 41
16 40
15 40
15 41
15 42
15 43
15 44
15 45
15 46
15 47
15 48
15 49
14 40
14 41
14 42
14 43
14 44
14 45
14 46
14 47
14 48
14 49
13 40
13 41
13 42
13 43
13 44
13 45
13 46
13 47
13 48
13 49
0
No
0
No
0
Yes
9 15
9 14
10 14
10 15
10 13
9 13
9 12
10 12
10 11
9 11
9 10
10 10
8 13
8 12
8 11
8 10
11 15
11 14
11 13
11 12
11 11
11 10
12 10
12 11
12 12
12 13
12 14
0
Yes
9 24
9 25
9 26
9 27
10 27
10 26
10 25
10 24
11 27
11 26
11 25
11 24
12 27
12 26
12 25
12 24
13 27
13 26
13 25
13 24
13 23
12 23
11 23
10 23
9 23
13 22
12 22
11 22
10 22
9 22
12 21
11 21
10 21
9 21
14 23
14 24
14 25
14 26
14 27
0
Yes
44 41
45 41
46 41
47 41
48 41
49 41
43 41
43 40
44 40
45 40
46 40
47 40
48 40
49 40
49 39
48 39
47 39
46 39
45 39
44 39
43 39
43 38
44 38
45 38
46 38
47 38
48 38
49 38
49 37
48 37
47 37
46 37
45 37
44 37
43 37
43 36
44 36
45 36
46 36
47 36
48 36
49 36
43 35
44 35
45 35
46 35
47 35
48 35
49 35
44 34
45 34
46 34
47 34
48 34
49 34
42 35
42 36
42 37
42 38
42 39
42 40
42 41
0
Yes
10 36
10 37
10 38
10 39
11 39
11 38
11 37
11 36
12 39
12 38
12 37
12 36
12 35
13 35
13 36
13 37
13 38
13 39
14 39
14 38
14 37
14 36
14 35
15 39
15 38
15 37
15 36
15 35
15 34
16 34
16 35
16 36
16 37
16 38
16 39
17 39
17 38
17 37
17 36
17 35
17 34
17 33
18 39
18 38
18 37
18 36
18 35
18 34
18 33
19 39
19 38
19 37
19 36
19 35
19 34
19 33
19 32
18 32
17 32
16 32
16 31
17 31
18 31
20 33
20 34
20 35
20 36
20 37
20 38
20 39
21 39
21 38
21 37
21 36
21 35
21 34
21 33
22 33
22 34
22 35
22 36
22 37
22 38
22 39
23 39
23 38
23 37
23 36
23 35
23 34
23 33
23 32
23 31
24 39
24 38
24 37
24 36
24 35
24 34
24 33
24 32
24 31
24 30
25 30
25 31
25 32
25 33
25 34
25 35
25 36
25 37
25 38
25 39
26 39
26 38
26 37
26 36
26 35
26 34
26 33
26 32
26 31
26 30
27 36
27 35
27 34
0
No
0
Yes
45 31
45 32
45 33
46 33
46 32
46 31
47 33
47 32
47 31
48 33
48 32
48 31
44 32
44 31
44 30
45 30
46 30
47 30
48 30
48 29
47 29
46 29
45 29
44 29
46 28
47 28
48 28
45 28
44 28
0
Yes
36 38
36 39
37 39
37 38
37 40
37 41
38 41
38 40
38 39
38 38
39 38
39 39
39 40
39 41
39 42
39 43
39 37
38 37
37 37
36 37
35 37
35 38
35 39
35 40
35 41
34 41
34 40
34 39
34 38
34 37
33 40
33 39
33 38
33 37
40 43
40 42
40 41
40 40
40 39
40 38
40 37
41 42
41 41
41 40
41 39
41 38
41 37
41 36
40 36
39 36
38 36
37 36
36 36
35 36
34 36
33 36
40 35
39 35
38 35
37 35
36 35
35 35
34 35
33 35
39 34
38 34
37 34
36 34
0
Yes
42 17
43 17
43 18
44 18
44 17
45 17
46 17
42 16
43 16
44 16
45 16
46 16
42 15
43 15
44 15
45 15
46 15
44 14
43 14
42 14
45 14
46 14
0
Yes
7 49
8 49
9 49
8 48
7 48
0
Yes
20 46
20 47
20 48
21 48
21 47
21 46
22 46
22 47
22 48
23 48
23 47
23 46
23 45
22 45
21 45
20 45
20 44
21 44
22 44
23 44
24 44
24 43
23 43
22 43
21 43
20 43
20 42
21 42
22 42
23 42
24 42
24 41
23 41
22 41
21 41
20 41
24 40
23 40
22 40
21 40
20 40
19 40
19 41
19 42
19 43
19 44
19 45
19 46
19 47
19 48
18 40
18 41
18 42
18 43
18 44
18 45
18 46
18 47
18 48
17 40
17 41
17 42
17 43
17 44
17 45
17 46
17 47
17 48
16 40
16 41
16 42
16 43
16 44
16 45
16 46
16 47
16 48
15 40
15 41
15 42
15 43
15 44
15 45
15 46
15 47
0
Yes
24 24
24 25
25 25
25 24
26 25
26 24
26 23
25 23
24 23
23 23
23 24
23 25
23 26
22 26
22 25
22 24
22 23
22 27
22 28
21 28
21 27
21 26
21 25
21 24
21 23
20 23
20 24
20 25
20 26
20 27
20 28
20 29
19 29
19 28
19 27
19 26
19 25
19 24
19 23
18 29
18 28
18 27
18 26
18 25
18 24
18 23
17 29
17 28
17 27
17 26
17 25
17 24
17 23
16 28
16 27
16 26
16 25
16 24
16 23
15 24
15 25
15 26
16 22
17 22
18 22
19 22
20 22
21 22
22 22
23 22
24 22
25 22
26 22
16 21
17 21
18 21
19 21
20 21
21 21
22 21
23 21
24 21
25 21
26 21
16 20
17 20
18 20
19 20
20 20
21 20
22 20
23 20
24 20
25 20
26 20
27 20
27 21
27 22
27 23
27 24
27 25
28 23
28 22
28 21
28 20
0
Yes
13 47
14 47
14 46
13 46
14 45
13 45
14 44
13 44
12 44
12 45
12 46
12 47
11 46
11 45
11 44
11 47
10 47
10 48
11 48
12 48
13 48
14 48
15 48
15 49
14 49
13 49
12 49
11 49
10 49
0
Yes
32 25
32 26
31 25
31 26
30 26
30 27
31 27
32 27
33 27
33 28
32 28
31 28
30 28
33 29
32 29
31 29
30 29
32 30
31 30
30 30
29 30
29 29
29 28
29 27
29 26
29 25
28 25
28 26
28 27
28 28
28 29
28 30
27 28
27 27
27 26
28 31
29 31
30 31
31 31
32 31
33 31
33 32
32 32
31 32
30 32
29 32
28 32
27 32
27 33
28 33
29 33
30 33
31 33
32 33
33 33
30 34
31 34
32 34
1
94
4 21
4 22
4 23
4 24
3 24
3 23
3 22
3 21
2 23
2 22
2 21
2 20
3 20
4 20
3 19
4 19
5 19
5 20
5 21
5 22
5 23
5 24
6 24
6 23
6 22
6 21
6 20
Yes
21 13
21 14
21 12
21 11
21 10
20 10
20 11
20 12
20 13
20 14
19 10
19 11
19 12
19 13
19 14
18 10
18 11
18 12
18 13
18 14
18 15
19 15
20 15
21 15
17 15
17 14
17 13
17 12
17 11
17 10
17 9
16 9
16 10
16 11
16 12
16 13
16 14
16 15
16 8
15 8
15 9
15 10
15 11
15 12
15 13
15 14
15 15
14 15
14 14
14 13
14 12
14 11
14 10
14 16
15 16
16 16
17 16
18 16
19 16
20 16
21 16
22 15
22 16
23 16
16 17
17 17
18 17
19 17
20 17
21 17
22 17
23 17
24 17
16 18
17 18
18 18
19 18
20 18
21 18
22 18
23 18
24 18
24 19
23 19
22 19
21 19
20 19
19 19
18 19
17 19
13 10
13 11
13 12
13 13
13 14
12 14
12 13
12 12
12 11
0
No
0
No
0
No
1
94
47 49
48 49
49 49
49 48
48 48
47 48
47 47
48 47
49 47
49 46
48 46
47 46
46 46
46 47
46 48
46 49
45 46
45 47
45 48
45 49
44 46
44 47
44 48
44 49
43 47
43 48
43 49
Yes
1 18
1 19
1 20
2 20
3 20
3 19
4 19
4 20
5 19
5 20
6 20
6 19
6 18
7 18
7 19
7 20
0 20
0 19
0 18
0 17
0 16
1 16
1 15
0 15
1 14
0 14
0 13
1 13
2 13
3 13
3 12
3 11
4 11
4 12
5 12
5 11
5 10
6 10
6 11
7 11
7 10
1 12
0 12
1 11
0 11
8 19
8 20
8 21
7 21
6 21
5 21
4 21
3 21
2 21
1 21
0 21
0 22
1 22
2 22
3 22
4 22
5 22
6 22
7 22
8 22
8 23
7 23
6 23
5 23
4 23
3 23
2 23
3 24
4 24
5 24
6 24
8 10
8 11
8 12
8 13
9 10
9 11
9 12
9 13
0
Yes
39 4
38 4
39 5
40 5
40 4
41 4
41 5
40 3
39 3
38 3
37 3
39 6
40 6
41 6
40 7
41 7
37 2
38 2
39 2
40 2
41 2
42 2
42 1
41 1
40 1
39 1
38 1
37 1
37 0
38 0
39 0
40 0
41 0
42 0
0
Yes
0 49
1 49
1 48
0 48
0 47
1 47
1 46
0 46
2 46
2 47
2 48
2 49
0
No
0
No
0
Yes
49 27
48 27
47 27
47 26
48 26
49 26
49 25
48 25
47 25
47 24
48 24
49 24
49 23
48 23
47 23
46 25
46 24
46 23
0
Yes
26 6
25 6
24 6
24 7
25 7
26 7
27 7
28 7
29 7
30 7
31 7
32 7
33 7
24 8
25 8
26 8
27 8
28 8
29 8
30 8
31 8
32 8
33 8
34 8
35 8
35 9
34 9
33 9
32 9
31 9
30 9
29 9
28 9
27 9
26 9
25 9
24 9
24 10
25 10
26 10
27 10
28 10
29 10
30 10
31 10
32 10
33 10
33 11
32 11
31 11
30 11
29 11
28 11
0
Yes
24 49
24 48
24 47
24 46
24 45
25 45
25 46
25 47
25 48
25 49
26 45
26 46
26 47
26 48
26 49
27 45
27 46
27 47
27 48
27 49
28 45
28 46
28 47
28 48
28 49
29 46
29 47
0
No
0
No
0
Yes
34 24
33 24
32 24
31 24
31 23
32 23
33 23
34 23
30 23
30 22
31 22
32 22
33 22
34 22
35 23
35 22
36 23
36 22
36 21
35 21
34 21
33 21
32 21
31 21
30 21
30 20
31 20
32 20
33 20
34 20
35 20
36 20
36 19
35 19
34 19
33 19
32 19
31 19
30 19
30 18
31 18
32 18
33 18
34 18
35 18
36 18
36 17
35 17
34 17
33 17
32 17
31 17
30 17
1
118
49 17
49 18
48 18
48 17
47 18
47 17
46 17
45 17
45 16
46 16
47 16
48 16
49 16
49 15
48 15
47 15
46 15
45 15
48 14
49 14
47 14
46 14
45 14
44 14
44 15
44 16
44 17
Yes
20 34
20 33
21 33
21 34
22 33
22 34
22 35
21 35
20 35
20 36
21 36
22 36
23 36
23 35
23 34
23 33
23 32
23 31
24 31
24 32
24 33
24 34
24 35
24 36
24 30
25 30
25 31
25 32
25 33
25 34
25 35
25 36
26 30
26 31
26 32
26 33
26 34
26 35
26 36
27 36
27 35
27 34
19 36
19 35
19 34
19 33
19 32
18 32
18 33
18 34
18 35
18 36
18 31
17 31
17 32
17 33
17 34
17 35
17 36
16 32
16 31
16 34
16 35
16 36
15 34
15 35
15 36
14 35
14 36
13 35
13 36
12 35
12 36
11 36
10 36
10 37
11 37
12 37
13 37
14 37
15 37
16 37
17 37
18 37
19 37
20 37
21 37
22 37
23 37
24 37
25 37
26 37
26 38
25 38
24 38
23 38
22 38
21 38
20 38
19 38
18 38
17 38
16 38
15 38
14 38
13 38
12 38
11 38
10 38
10 39
11 39
12 39
13 39
14 39
15 39
16 39
17 39
18 39
19 39
20 39
21 39
22 39
23 39
24 39
25 39
26 39
12 40
13 40
14 40
15 40
16 40
17 40
18 40
19 40
20 40
21 40
22 40
23 40
24 40
24 41
23 41
22 41
21 41
20 41
19 41
0
Yes
28 45
27 45
26 45
25 45
25 46
26 46
27 46
28 46
29 46
29 47
28 47
27 47
26 47
25 47
25 48
26 48
27 48
28 48
29 48
29 49
28 49
27 49
26 49
25 49
24 49
24 48
24 47
24 46
24 45
23 45
23 46
23 47
23 48
23 49
0
No
1
96
33 2
33 3
33 4
33 5
33 6
34 6
34 5
34 4
34 3
34 2
35 5
35 4
35 3
35 2
32 6
32 5
32 4
32 3
32 2
31 6
31 5
31 4
31 3
31 2
30 6
30 5
30 4
30 3
30 2
29 6
29 5
29 4
29 3
29 2
29 1
30 1
31 1
32 1
33 1
34 1
35 1
35 0
34 0
33 0
32 0
31 0
30 0
29 0
36 4
36 3
36 2
36 1
36 0
28 0
28 1
28 2
28 3
28 4
28 5
28 6
27 6
27 5
Yes
41 40
41 41
41 42
42 42
42 41
42 40
43 41
43 40
44 41
44 40
45 41
45 40
45 39
44 39
43 39
42 39
41 39
41 38
42 38
43 38
44 38
45 38
45 37
44 37
43 37
42 37
41 37
41 36
42 36
43 36
44 36
45 36
40 36
40 37
40 38
40 39
40 40
40 41
40 42
40 43
39 43
39 42
39 41
39 40
39 39
39 38
39 37
39 36
38 41
38 40
38 39
38 38
38 37
38 36
37 41
37 40
37 39
37 38
37 37
37 36
36 39
36 38
36 37
36 36
35 36
35 37
35 38
35 39
35 40
35 41
34 41
34 40
34 39
34 38
34 37
34 36
33 40
33 39
33 38
33 37
33 36
40 35
39 35
38 35
37 35
36 35
35 35
34 35
33 35
42 35
43 35
44 35
45 35
44 34
45 34
46 34
46 35
46 36
46 37
46 38
46 39
46 40
46 41
47 41
47 40
47 39
47 38
47 37
47 36
47 35
47 34
48 34
48 35
48 36
48 37
48 38
48 39
48 40
48 41
49 41
49 40
49 39
49 38
49 37
49 36
49 35
49 34
39 34
38 34
37 34
36 34
35 34
0
No
1
117
19 49
20 49
21 49
22 49
22 48
21 48
20 48
19 48
22 47
21 47
20 47
19 47
22 46
21 46
20 46
19 46
22 45
21 45
20 45
19 45
19 44
20 44
21 44
22 44
22 43
21 43
20 43
19 43
19 42
20 42
21 42
22 42
18 42
18 43
18 44
18 45
18 46
18 47
18 48
18 49
17 49
17 48
17 47
17 46
17 45
17 44
17 43
17 42
16 48
16 49
16 47
16 46
16 45
Yes
27 32
27 33
28 33
28 32
28 31
28 30
28 29
29 33
29 32
29 31
29 30
29 29
30 29
30 30
30 31
30 32
30 33
30 34
31 34
31 33
31 32
31 31
31 30
31 29
31 28
30 28
29 28
28 28
27 28
27 27
28 27
29 27
30 27
31 27
27 26
28 26
29 26
30 26
31 26
29 25
28 25
32 26
32 27
32 28
32 29
32 30
32 31
32 32
32 33
32 34
33 31
33 32
33 33
33 34
34 34
34 33
34 32
33 29
33 28
33 27
35 33
35 32
35 31
36 31
36 32
36 33
37 33
37 32
37 31
38 33
38 32
38 31
38 30
38 29
38 28
38 27
39 27
39 28
39 29
39 30
39 31
39 32
39 33
40 33
40 32
40 31
40 30
40 29
40 28
40 27
40 26
41 26
41 27
41 28
41 29
41 30
41 31
42 27
42 28
42 29
42 30
42 31
42 32
43 32
43 31
43 30
43 29
43 28
43 27
32 25
31 25
31 24
32 24
33 24
34 24
34 23
33 23
32 23
31 23
30 23
30 22
31 22
32 22
33 22
0
No
0
Yes
42 23
41 23
40 23
39 23
38 23
38 22
39 22
40 22
41 22
42 22
43 22
44 22
44 21
43 21
42 21
41 21
40 21
39 21
38 21
43 20
42 20
41 20
40 20
39 20
38 20
43 19
42 19
41 19
40 19
39 19
38 19
38 18
39 18
40 18
41 18
42 18
43 18
44 18
44 17
43 17
42 17
41 17
40 17
39 17
38 17
45 17
46 17
47 17
47 18
47 16
46 16
45 16
44 16
43 16
42 16
41 16
40 16
39 16
38 16
39 15
40 15
41 15
42 15
43 15
44 15
45 15
46 15
47 15
38 15
38 14
44 14
43 14
42 14
41 14
40 14
45 14
46 14
47 14
47 13
46 13
45 13
40 13
41 13
41 12
40 12
45 12
46 12
47 12
47 11
46 11
46 10
47 10
48 14
48 15
48 16
48 17
48 18
48 19
49 19
49 18
49 17
49 16
49 15
49 14
37 14
37 15
37 16
37 17
37 18
37 19
37 20
37 21
37 22
37 23
38 24
0
No
0
Yes
32 14
33 14
34 14
34 15
33 15
32 15
32 16
33 16
34 16
34 17
33 17
32 17
32 18
33 18
34 18
34 19
33 19
32 19
32 20
33 20
34 20
33 21
32 21
34 21
31 21
31 20
31 19
31 18
31 17
31 16
31 15
31 14
30 21
30 20
30 19
30 18
30 17
30 16
30 15
30 14
29 21
29 20
29 19
29 18
29 17
29 16
29 15
29 14
28 14
28 15
28 16
28 17
28 18
28 19
0
No
0
Yes
26 15
26 16
26 14
26 13
27 13
28 13
29 13
30 13
31 13
32 13
32 12
31 12
30 12
29 12
28 12
27 12
26 12
25 12
25 13
25 14
25 15
25 16
24 16
24 15
24 14
25 11
26 11
27 11
28 11
29 11
30 11
31 11
32 11
33 11
33 10
32 10
31 10
30 10
29 10
28 10
27 10
26 10
25 10
24 10
24 9
25 9
26 9
27 9
28 9
29 9
30 9
31 9
32 9
33 9
34 9
35 9
35 8
34 8
33 8
32 8
31 8
30 8
29 8
28 8
27 8
26 8
25 8
24 8
33 7
32 7
31 7
30 7
29 7
28 7
27 7
26 7
25 7
24 7
0
No
0
Yes
46 1
47 1
47 2
46 0
47 0
0
Yes
19 2
19 3
20 3
20 2
21 2
21 3
22 3
22 2
22 1
21 1
20 1
19 1
22 0
21 0
20 0
19 0
0
Yes
0 48
0 49
1 49
1 48
2 48
2 49
2 47
1 47
0 47
0 46
1 46
2 46
3 46
3 47
3 48
3 49
4 46
4 47
4 48
4 49
5 47
5 48
5 49
6 47
6 48
6 49
0
Yes
9 27
10 27
11 27
12 27
13 27
14 27
9 26
10 26
11 26
12 26
13 26
14 26
9 25
10 25
11 25
12 25
13 25
14 25
9 24
10 24
11 24
12 24
13 24
14 24
14 23
13 23
12 23
11 23
10 23
9 23
15 24
15 25
15 26
0
Yes
32 1
32 2
32 3
32 4
32 5
32 6
33 6
33 5
33 4
33 3
33 2
33 1
34 6
34 5
34 4
34 3
34 2
34 1
31 6
31 5
31 4
31 3
31 2
31 1
30 6
30 5
30 4
30 3
30 2
30 1
29 6
29 5
29 4
29 3
29 2
29 1
28 1
28 2
28 3
28 4
28 5
28 6
27 6
27 5
27 4
27 3
27 2
28 0
29 0
30 0
31 0
32 0
33 0
34 0
35 5
35 4
35 3
35 2
35 1
35 0
36 4
36 3
36 2
36 1
36 0
26 2
0
Yes
42 5
42 6
42 7
43 5
43 6
43 7
44 5
44 6
44 7
45 7
45 6
45 5
46 5
46 6
46 7
47 7
47 6
47 5
42 8
43 8
44 8
45 8
46 8
47 8
44 9
45 9
46 9
47 9
0
Yes
41 38
41 39
41 40
41 41
41 42
42 42
42 41
42 40
42 39
42 38
43 41
43 40
43 39
43 38
44 41
44 40
44 39
44 38
45 41
45 40
45 39
45 38
46 41
46 40
46 39
46 38
46 37
45 37
44 37
43 37
42 37
41 37
41 36
42 36
43 36
44 36
45 36
46 36
42 35
43 35
44 35
45 35
46 35
44 34
45 34
46 34
45 33
46 33
47 41
47 40
47 39
47 38
47 37
47 36
47 35
47 34
47 33
48 33
48 34
48 35
48 36
48 37
48 38
48 39
48 40
48 41
49 34
49 35
49 36
49 37
49 38
49 39
49 40
0
Yes
36 16
36 15
35 15
35 16
36 17
35 17
36 18
35 18
36 19
35 19
36 20
35 20
36 21
35 21
36 22
35 22
36 23
35 23
34 23
34 22
34 21
34 20
34 19
34 18
34 17
34 16
34 15
34 14
34 24
33 24
33 23
33 22
33 21
33 20
33 19
33 18
33 17
33 16
33 15
33 14
32 14
32 15
32 16
32 17
32 18
32 19
32 20
32 21
32 22
32 23
32 24
32 25
31 25
31 24
31 23
31 22
31 21
31 20
31 19
31 18
31 17
31 16
31 15
31 14
30 23
30 22
30 21
30 20
30 19
30 18
30 17
30 16
30 15
0
Yes
45 27
44 27
43 27
42 27
42 28
43 28
44 28
45 28
46 28
47 28
47 29
46 29
45 29
44 29
43 29
42 29
42 30
43 30
44 30
45 30
46 30
47 30
47 31
46 31
45 31
44 31
43 31
42 31
42 32
43 32
44 32
45 32
46 32
47 32
0
Yes
26 49
27 49
27 48
26 48
26 47
27 47
27 46
26 46
26 45
27 45
25 45
25 46
25 47
25 48
25 49
28 45
28 46
28 47
28 48
28 49
29 46
29 47
29 48
29 49
30 47
30 48
30 49
0
Yes
15 41
16 41
17 41
18 41
14 41
13 41
12 41
12 42
13 42
14 42
15 42
16 42
17 42
18 42
18 43
17 43
16 43
15 43
14 43
13 43
12 43
12 44
13 44
14 44
15 44
16 44
17 44
18 44
18 45
17 45
16 45
15 45
14 45
13 45
12 45
12 46
13 46
14 46
15 46
16 46
17 46
18 46
18 47
17 47
16 47
15 47
14 47
13 47
12 47
12 48
13 48
14 48
15 48
16 48
17 48
18 48
18 49
17 49
16 49
15 49
14 49
13 49
12 49
11 46
11 45
11 44
11 43
0
Yes
18 1
18 2
18 0
17 0
17 1
17 2
19 0
19 1
19 2
20 2
20 1
20 0
0
Yes
27 33
27 32
28 33
28 32
28 31
28 30
28 29
29 33
29 32
29 31
29 30
29 29
30 29
30 30
30 31
30 32
30 33
31 33
31 32
31 31
31 30
31 29
32 30
32 31
32 32
32 33
32 29
32 28
31 28
30 28
29 28
28 28
27 28
27 27
28 27
29 27
30 27
31 27
32 27
33 27
33 28
33 29
32 26
31 26
30 26
29 26
28 26
27 26
29 25
28 25
27 25
33 31
33 32
33 33
30 34
31 34
32 34
0
Yes
49 28
48 28
48 29
49 29
48 30
49 30
0
Yes
40 32
40 33
39 33
39 32
39 34
39 35
40 35
40 36
39 36
40 37
39 37
40 38
39 38
40 39
39 39
38 39
38 38
38 37
38 36
38 35
38 34
38 33
38 32
37 32
37 33
37 34
37 35
37 36
37 37
37 38
37 39
36 39
36 38
36 37
36 36
36 35
36 34
36 33
36 32
35 32
35 33
35 34
35 35
35 36
35 37
35 38
35 39
34 32
34 33
34 34
34 35
34 36
34 37
34 38
34 39
33 34
33 35
33 36
33 37
33 38
33 39
33 40
34 40
35 40
35 41
34 41
35 31
36 31
37 31
38 31
39 31
40 31
0
Yes
10 20
9 20
9 21
10 21
11 21
12 21
9 22
10 22
11 22
12 22
13 22
9 23
10 23
11 23
12 23
13 23
14 23
9 24
10 24
11 24
12 24
13 24
14 24
9 25
10 25
11 25
12 25
13 25
14 25
14 26
13 26
12 26
11 26
10 26
9 26
14 27
13 27
12 27
11 27
10 27
9 27
8 26
8 27
7 26
7 27
6 26
6 27
5 27
5 26
5 25
4 27
4 26
4 25
3 25
3 26
5 28
6 28
7 28
8 28
9 28
10 28
11 28
12 28
5 29
6 29
7 29
8 29
9 29
10 29
11 29
12 29
13 29
13 30
12 30
11 30
10 30
9 30
8 30
7 30
6 30
5 30
11 31
12 31
13 31
5 31
6 31
7 31
8 31
8 32
7 32
6 32
5 32
8 33
7 33
6 33
5 33
7 34
6 34
5 34
0
Yes
25 20
25 21
25 22
25 23
25 24
25 25
26 25
26 24
26 23
26 22
26 21
26 20
27 24
27 23
27 22
27 21
27 20
28 23
28 22
28 21
28 20
24 25
24 24
24 23
24 22
24 21
24 20
24 19
25 19
26 19
27 19
28 19
23 19
23 20
23 21
23 22
23 23
23 24
23 25
23 26
22 26
22 25
22 24
22 23
22 22
22 21
22 20
22 19
22 27
22 28
21 28
21 27
21 26
21 25
21 24
21 23
21 22
21 21
21 20
21 19
20 19
20 20
20 21
20 22
20 23
20 24
20 25
20 26
20 27
20 28
20 29
19 29
19 28
19 27
19 26
19 25
19 24
19 23
19 22
19 21
19 20
19 19
18 29
18 28
18 27
18 26
18 25
18 24
18 23
18 22
18 21
18 20
18 19
17 29
17 28
17 27
17 26
17 25
17 24
17 23
17 22
17 21
17 20
17 19
16 20
16 21
16 22
16 23
16 24
16 25
16 26
16 27
16 28
15 26
15 25
15 24
29 21
29 20
29 19
29 18
28 18
27 18
26 18
25 18
24 18
23 18
22 18
21 18
20 18
19 18
18 18
17 18
16 18
16 17
17 17
18 17
19 17
20 17
21 17
22 17
23 17
24 17
25 17
26 17
27 17
0
Yes
10 17
9 17
9 16
10 16
9 15
10 15
11 15
9 14
10 14
11 14
10 13
11 13
10 12
11 12
10 11
11 11
10 10
11 10
12 10
12 11
12 12
12 13
12 14
13 14
13 13
13 12
13 11
13 10
14 10
14 11
14 12
14 13
14 14
14 15
14 16
15 16
15 15
15 14
15 13
15 12
15 11
15 10
15 9
15 8
16 8
16 9
16 10
16 11
16 12
16 13
16 14
16 15
16 16
17 9
17 10
17 11
17 12
17 13
17 14
17 15
17 16
18 16
18 15
18 14
18 13
18 12
18 11
18 10
19 16
19 15
19 14
19 13
19 12
19 11
19 10
19 9
19 8
20 8
20 9
20 10
20 11
20 12
20 13
20 14
20 15
20 16
21 16
21 15
21 14
21 13
21 12
21 11
21 10
21 9
21 8
22 15
22 16
21 7
22 9
22 8
22 7
23 9
23 8
23 7
23 6
22 6
21 6
0
No
0
Yes
48 9
49 9
47 9
46 9
46 8
47 8
48 8
49 8
49 7
48 7
47 7
46 7
46 6
47 6
48 6
49 6
49 5
48 5
47 5
46 5
45 9
45 8
45 7
45 6
45 5
45 4
46 4
47 4
48 4
49 4
46 3
47 3
48 3
49 3
0
No
0
Yes
19 13
19 14
19 15
19 16
20 16
20 15
20 14
20 13
21 13
21 14
21 15
21 16
22 16
22 15
21 12
20 12
19 12
21 11
20 11
19 11
21 10
20 10
19 10
19 9
20 9
21 9
19 8
20 8
21 8
21 7
22 9
22 8
22 7
23 9
23 8
23 7
18 10
18 11
18 12
18 13
18 14
18 15
18 16
17 16
17 15
17 14
17 13
17 12
17 11
17 10
17 9
16 16
16 15
16 14
16 13
16 12
16 11
16 10
16 9
16 8
15 8
15 9
15 10
15 11
15 12
15 13
15 14
15 15
15 16
14 16
14 15
14 14
14 13
14 12
14 11
14 10
13 10
13 11
13 12
13 13
13 14
12 14
12 13
12 12
12 11
12 10
11 10
11 11
11 12
11 13
11 14
11 15
10 10
10 11
10 12
10 13
10 14
10 15
9 14
9 15
9 16
10 16
10 17
9 17
23 6
22 6
21 6
20 6
20 5
21 5
0
No
0
No
0
Yes
16 18
16 17
17 17
17 18
17 19
18 17
18 18
18 19
18 20
17 20
16 20
16 21
17 21
18 21
16 22
17 22
18 22
16 23
17 23
18 23
18 24
17 24
16 24
15 24
15 25
16 25
17 25
18 25
15 26
16 26
17 26
18 26
16 27
17 27
18 27
16 28
17 28
18 28
17 29
18 29
19 29
19 28
19 27
19 26
19 25
19 24
19 23
19 22
19 21
19 20
19 19
19 18
19 17
20 29
20 28
20 27
20 26
20 25
20 24
20 23
20 22
20 21
20 20
20 19
20 18
20 17
21 17
21 18
21 19
21 20
21 21
21 22
21 23
21 24
21 25
21 26
21 27
21 28
22 28
22 27
22 26
22 25
22 24
22 23
22 22
22 21
22 20
22 19
22 18
22 17
23 26
23 25
23 24
23 23
23 22
23 21
23 20
23 19
23 18
23 17
24 17
24 18
24 19
24 20
24 21
24 22
24 23
24 24
24 25
25 25
25 24
25 23
25 22
25 21
25 20
25 19
25 18
25 17
26 25
26 24
26 23
26 22
26 21
26 20
26 19
26 18
26 17
27 24
27 23
27 22
0
No
0
No
0
Yes
48 45
49 45
49 44
48 44
47 44
47 43
48 43
1
147
5 42
5 43
6 43
6 42
6 41
7 43
7 42
7 41
7 40
6 40
5 40
8 40
8 41
8 42
8 43
6 39
5 39
6 38
5 38
5 37
5 36
4 39
4 38
4 37
4 36
3 39
3 38
3 37
3 36
2 38
2 37
2 36
1 37
1 36
5 35
4 35
3 35
2 35
1 35
0 35
4 34
3 34
2 34
1 34
0 34
4 33
3 33
2 33
1 33
0 33
4 32
3 32
2 32
1 32
0 32
2 31
1 31
Yes
33 29
33 28
33 27
32 27
32 28
32 29
32 26
31 26
31 27
31 28
31 29
30 26
30 27
30 28
30 29
32 30
31 30
30 30
30 31
31 31
32 31
33 31
33 32
32 32
31 32
30 32
34 32
35 32
26 28
29 32
29 31
29 30
29 29
29 28
29 27
29 26
28 29
28 30
28 31
28 32
28 28
28 27
28 26
27 28
27 27
27 26
27 32
27 33
28 33
29 33
30 33
31 33
32 33
33 33
34 33
35 33
30 34
31 34
32 34
33 34
34 34
35 34
27 25
28 25
29 25
33 35
34 35
35 35
0
Yes
21 48
21 49
22 49
22 48
23 48
23 49
24 49
24 48
24 47
23 47
22 47
21 47
24 46
23 46
22 46
21 46
24 45
23 45
22 45
21 45
24 44
23 44
22 44
21 44
21 43
22 43
23 43
24 43
25 43
20 43
20 44
20 45
20 46
20 47
20 48
20 49
19 49
19 48
19 47
19 46
19 45
19 44
19 43
25 42
24 42
23 42
22 42
21 42
20 42
0
No
0
Yes
47 27
47 26
48 27
48 26
49 27
49 26
49 25
48 25
47 25
46 25
46 24
47 24
48 24
49 24
49 23
48 23
47 23
46 23
0
Yes
15 49
16 49
17 49
18 49
18 48
17 48
16 48
15 48
18 47
17 47
16 47
15 47
18 46
17 46
16 46
15 46
18 45
17 45
16 45
15 45
18 44
17 44
16 44
15 44
18 43
17 43
16 43
15 43
18 42
17 42
16 42
15 42
18 41
17 41
16 41
15 41
14 41
14 42
14 43
14 44
14 45
14 46
14 47
14 48
14 49
13 41
13 42
13 43
13 44
13 45
13 46
13 47
13 48
13 49
12 41
12 42
12 43
12 44
12 45
12 46
12 47
0
Yes
44 8
44 7
44 6
44 5
43 5
43 6
43 7
43 8
42 8
42 7
42 6
0
Yes
3 0
3 1
3 2
3 3
3 4
2 4
2 3
2 2
2 1
2 0
1 3
1 2
1 1
1 0
0 3
0 2
0 1
0 0
4 4
4 3
4 2
4 1
4 0
4 5
5 5
5 4
5 3
5 2
5 1
5 0
6 0
6 1
6 2
6 3
6 4
6 5
7 5
7 4
7 3
7 2
7 1
7 0
8 0
8 1
8 2
8 3
8 4
8 5
9 5
9 4
9 3
9 2
9 1
9 0
10 0
10 1
10 2
10 3
10 4
0
Yes
0 49
1 49
2 49
3 49
4 49
4 48
3 48
2 48
1 48
0 48
0 47
1 47
2 47
3 47
4 47
4 46
3 46
2 46
1 46
0 46
5 47
5 48
5 49
6 47
6 48
6 49
7 48
7 49
0
Yes
18 32
19 32
18 31
17 31
17 32
16 32
16 31
0
Yes
1 37
1 36
2 36
2 37
2 38
3 38
3 37
3 36
3 39
3 35
2 35
1 35
0 35
0 34
1 34
2 34
3 34
3 33
2 33
1 33
0 33
3 32
2 32
1 32
0 32
2 31
1 31
0 31
4 32
4 33
4 34
4 35
4 36
4 37
4 38
4 39
5 35
5 36
5 37
5 38
5 39
1
171
3 10
3 12
3 11
4 11
4 12
5 12
5 11
Yes
16 17
16 18
17 17
17 18
17 19
18 17
18 18
18 19
19 17
19 18
19 19
20 17
20 18
20 19
21 17
21 18
21 19
22 17
22 18
22 19
23 17
23 18
23 19
23 20
22 20
21 20
20 20
19 20
18 20
17 20
16 20
16 21
17 21
18 21
19 21
20 21
21 21
22 21
23 21
16 22
17 22
18 22
19 22
20 22
21 22
22 22
23 22
16 23
17 23
18 23
19 23
20 23
21 23
22 23
23 23
23 24
22 24
21 24
20 24
19 24
18 24
17 24
16 24
15 24
15 25
16 25
17 25
18 25
19 25
20 25
21 25
22 25
23 25
23 26
22 26
21 26
20 26
19 26
18 26
17 26
16 26
15 26
16 27
17 27
18 27
19 27
20 27
21 27
22 27
22 28
21 28
20 28
19 28
18 28
17 28
16 28
17 29
18 29
19 29
20 29
24 25
24 24
24 23
24 22
24 21
24 20
24 19
24 18
24 17
25 17
25 18
25 19
25 20
25 21
25 22
0
Yes
8 19
8 20
8 21
8 22
7 22
7 21
7 20
7 19
7 18
6 18
6 19
6 20
6 21
6 22
8 23
7 23
6 23
6 24
5 24
5 23
5 22
5 21
5 20
5 19
4 19
4 20
4 21
4 22
4 23
4 24
3 24
3 23
3 22
3 21
3 20
3 19
2 23
2 22
2 21
2 20
1 22
0
Yes
23 46
24 46
24 47
23 47
24 48
23 48
24 45
23 45
22 45
22 46
22 47
22 48
21 48
21 47
21 46
21 45
20 45
20 46
20 47
20 48
19 48
19 47
19 46
19 45
24 44
23 44
22 44
21 44
20 44
19 44
24 49
23 49
22 49
21 49
20 49
19 49
0
Yes
20 0
21 0
22 0
19 0
22 1
21 1
20 1
19 1
19 2
20 2
21 2
22 2
19 3
20 3
21 3
22 3
20 4
21 4
22 4
0
Yes
10 49
10 48
10 47
11 47
11 48
11 49
11 46
11 45
12 45
12 46
12 47
12 48
12 49
13 49
13 48
13 47
13 46
13 45
14 45
14 46
14 47
14 48
14 49
15 49
15 48
15 47
15 46
15 45
16 45
16 46
16 47
16 48
16 49
17 49
17 48
17 47
17 46
17 45
18 45
18 46
18 47
18 48
18 49
0
Yes
47 44
47 43
48 43
48 44
48 45
49 43
49 44
49 45
49 46
48 46
47 46
46 46
45 46
44 46
44 47
45 47
46 47
47 47
47 48
46 48
45 48
44 48
48 47
48 48
49 47
49 48
43 47
43 48
42 48
42 49
43 49
44 49
45 49
46 49
47 49
48 49
49 49
0
Yes
40 12
41 12
41 13
40 13
0
Yes
40 43
39 43
39 42
40 42
40 41
39 41
38 41
37 41
37 40
38 40
39 40
40 40
40 39
39 39
38 39
37 39
36 39
35 39
35 40
35 41
34 41
34 40
34 39
33 40
33 39
33 38
34 38
35 38
36 38
37 38
38 38
39 38
40 38
40 37
39 37
38 37
37 37
36 37
35 37
34 37
33 37
33 36
34 36
35 36
36 36
37 36
38 36
39 36
40 36
40 35
39 35
38 35
37 35
36 35
35 35
34 35
33 35
39 34
38 34
37 34
36 34
35 34
34 34
33 34
0
Yes
40 28
41 28
41 27
40 27
40 26
41 26
39 27
39 28
38 27
38 28
38 29
39 29
40 29
41 29
41 30
40 30
39 30
38 30
41 31
40 31
39 31
0
Yes
31 49
31 48
31 47
32 47
32 48
32 49
32 46
32 45
33 45
33 46
33 47
33 48
33 49
0
Yes
18 18
18 17
19 17
19 18
20 17
20 18
17 17
17 18
16 18
16 17
17 19
18 19
19 19
20 19
20 20
19 20
18 20
17 20
16 20
16 21
17 21
18 21
19 21
20 21
16 22
17 22
18 22
19 22
20 22
16 23
17 23
18 23
19 23
20 23
20 24
19 24
18 24
17 24
16 24
15 24
15 25
16 25
17 25
18 25
19 25
20 25
15 26
16 26
17 26
18 26
19 26
20 26
16 27
17 27
18 27
19 27
20 27
16 28
17 28
18 28
19 28
20 28
20 29
19 29
18 29
17 29
21 28
21 27
21 26
21 25
21 24
21 23
21 22
21 21
21 20
21 19
21 18
21 17
22 28
22 27
22 26
22 25
22 24
22 23
22 22
22 21
22 20
22 19
22 18
22 17
23 26
23 25
23 24
23 23
23 22
23 21
23 20
23 19
23 18
23 17
24 17
24 18
24 19
24 20
0
Yes
8 21
8 22
8 23
7 23
7 22
7 21
8 20
7 20
8 19
7 19
6 19
6 20
6 21
6 22
6 23
5 19
5 20
5 21
5 22
5 23
4 19
4 20
4 21
4 22
4 23
3 19
3 20
3 21
3 22
3 23
0
Yes
17 4
17 3
16 3
16 4
15 4
0
Yes
0 31
1 31
2 31
2 32
1 32
0 32
3 32
4 32
4 33
3 33
2 33
1 33
0 33
4 34
3 34
2 34
1 34
0 34
0 35
1 35
2 35
3 35
4 35
5 35
5 36
4 36
3 36
2 36
1 36
1 37
2 37
3 37
4 37
5 37
2 38
3 38
4 38
5 38
6 38
0
Yes
17 44
16 44
15 44
14 44
13 44
12 44
11 44
11 43
12 43
13 43
14 43
15 43
16 43
17 43
17 42
16 42
15 42
14 42
13 42
12 42
11 42
11 41
12 41
13 41
14 41
15 41
16 41
17 41
17 40
16 40
15 40
14 40
13 40
12 40
11 40
11 39
12 39
13 39
14 39
15 39
16 39
17 39
17 38
16 38
15 38
14 38
13 38
12 38
11 38
11 37
12 37
13 37
14 37
15 37
16 37
17 37
11 36
12 36
13 36
14 36
15 36
16 36
17 36
12 35
13 35
14 35
15 35
16 35
17 35
15 34
16 34
17 34
10 36
10 37
10 38
10 39
10 40
10 41
10 42
10 43
0
Yes
9 43
9 42
8 43
8 42
7 43
7 42
6 43
6 42
9 41
8 41
7 41
6 41
0
Yes
49 1
48 1
48 2
49 2
48 0
49 0
49 3
48 3
47 3
46 3
46 4
47 4
48 4
49 4
49 5
48 5
47 5
46 5
46 6
47 6
48 6
49 6
49 7
48 7
47 7
46 7
46 8
47 8
48 8
49 8
49 9
48 9
47 9
46 9
48 10
47 10
46 10
45 4
45 5
45 6
45 7
45 8
45 9
0
Yes
24 39
25 39
26 39
26 38
25 38
24 38
26 37
25 37
24 37
24 36
25 36
26 36
27 36
27 35
26 35
25 35
24 35
24 34
25 34
26 34
27 34
27 33
26 33
25 33
24 33
27 32
26 32
25 32
24 32
23 32
23 33
23 34
23 35
23 36
23 37
23 38
23 39
23 31
24 31
25 31
26 31
26 30
25 30
24 30
22 33
22 34
22 35
22 36
22 37
22 38
22 39
28 34
0
No
0
Yes
1 18
0 18
0 17
1 19
0 19
0
Yes
37 0
37 1
37 2
38 2
38 1
38 0
39 0
39 1
39 2
40 2
40 1
40 0
37 3
38 3
39 3
40 3
38 4
39 4
40 4
0
Yes
5 10
5 11
5 12
4 12
4 11
3 11
3 12
0
Yes
44 18
44 17
44 16
44 15
44 14
43 14
43 15
43 16
43 17
43 18
43 19
43 20
42 14
42 15
42 16
42 17
42 18
42 19
42 20
42 21
43 21
44 21
44 22
43 22
42 22
42 23
41 23
41 22
41 21
41 20
41 19
41 18
41 17
41 16
41 15
41 14
40 14
40 15
40 16
40 17
40 18
40 19
40 20
40 21
40 22
40 23
39 23
39 22
39 21
39 20
39 19
39 18
39 17
39 16
39 15
38 23
38 22
38 21
38 20
38 19
38 18
38 17
38 16
38 15
38 14
37 14
37 15
37 16
37 17
37 18
37 19
37 20
37 21
37 22
37 23
36 14
36 15
36 16
36 17
36 18
36 19
36 20
36 21
36 22
36 23
35 23
35 22
35 21
35 20
35 19
35 18
35 17
35 16
35 15
0
Yes
49 1
49 2
49 3
49 4
49 5
48 5
48 4
48 3
48 2
48 1
47 2
47 3
47 4
47 5
47 1
46 1
46 3
46 4
46 5
45 4
45 5
44 5
43 5
42 5
41 5
40 5
39 5
46 0
47 0
48 0
49 0
39 6
40 6
41 6
42 6
43 6
44 6
45 6
46 6
47 6
48 6
49 6
40 7
41 7
42 7
43 7
44 7
45 7
46 7
47 7
48 7
49 7
42 8
43 8
44 8
45 8
46 8
47 8
48 8
49 8
44 9
45 9
46 9
47 9
48 9
49 9
0
Yes
10 23
10 24
11 24
11 23
11 22
10 22
11 21
10 21
10 20
9 20
9 21
9 22
9 23
9 24
8 24
8 23
8 22
8 21
8 20
8 19
7 23
7 22
7 21
7 20
7 19
7 18
6 18
6 19
6 20
6 21
6 22
6 23
6 24
5 19
5 20
5 21
5 22
5 23
5 24
4 19
4 20
4 21
4 22
4 23
4 24
3 19
3 20
3 21
3 22
3 23
3 24
2 23
2 22
2 21
2 20
1 20
1 21
1 22
0 22
0 21
0 20
12 21
12 22
12 23
12 24
13 22
13 23
13 24
14 23
14 24
14 25
13 25
12 25
11 25
10 25
9 25
14 26
13 26
12 26
11 26
10 26
9 26
14 27
13 27
12 27
11 27
0
Yes
18 32
18 31
17 31
17 32
16 31
16 32
15 32
0
Yes
23 16
23 17
22 17
21 17
20 17
19 17
18 17
17 17
16 17
16 18
17 18
18 18
19 18
20 18
21 18
22 18
23 18
17 19
18 19
19 19
20 19
21 19
22 19
23 19
23 20
22 20
21 20
20 20
19 20
18 20
17 20
16 20
16 21
17 21
18 21
19 21
20 21
21 21
22 21
23 21
16 22
17 22
18 22
19 22
20 22
21 22
22 22
23 22
16 23
17 23
18 23
19 23
20 23
21 23
22 23
23 23
23 24
22 24
21 24
20 24
19 24
18 24
17 24
16 24
15 24
15 25
16 25
17 25
18 25
19 25
20 25
21 25
22 25
23 25
23 26
22 26
21 26
20 26
19 26
18 26
17 26
16 26
15 26
16 27
17 27
18 27
19 27
20 27
21 27
22 27
22 28
21 28
20 28
19 28
18 28
17 28
16 28
17 29
18 29
19 29
20 29
24 25
24 24
24 23
24 22
24 21
24 20
24 19
24 18
24 17
24 16
24 15
24 14
25 25
25 24
25 23
25 22
25 21
25 20
25 19
25 18
25 17
25 16
25 15
25 14
26 14
26 15
26 16
26 17
26 18
26 19
26 20
26 21
26 22
26 23
0
Yes
33 8
33 7
32 7
32 8
31 7
31 8
30 7
30 8
30 9
31 9
32 9
33 9
33 10
32 10
31 10
30 10
33 11
32 11
31 11
30 11
0
Yes
1 35
1 36
0 35
0 34
1 34
2 34
2 35
2 36
3 36
3 35
3 34
4 34
4 35
4 36
5 36
5 35
5 34
6 34
7 34
7 33
6 33
5 33
4 33
3 33
2 33
1 33
0 33
3 32
4 32
5 32
6 32
7 32
2 32
1 32
0 32
2 31
1 31
0 31
5 31
6 31
7 31
5 30
6 30
7 30
5 29
6 29
7 29
5 28
6 28
7 28
7 27
6 27
5 27
4 27
6 26
7 26
5 26
4 26
3 26
3 25
4 25
5 25
8 26
8 27
8 28
8 29
8 30
8 31
8 32
8 33
1 37
2 37
3 37
4 37
5 37
2 38
3 38
4 38
5 38
6 38
3 39
4 39
5 39
6 39
6 40
5 40
1
195
11 49
10 49
10 48
11 48
10 47
11 47
11 46
11 45
12 45
12 46
12 47
12 48
12 49
13 45
13 46
13 47
13 48
13 49
14 45
14 46
14 47
14 48
14 49
15 45
15 46
15 47
15 48
15 49
16 45
16 46
16 47
16 48
16 49
17 45
17 46
17 47
17 48
17 49
18 49
18 48
18 47
18 46
18 45
18 44
18 43
19 43
20 43
21 43
22 43
23 43
24 43
25 43
25 42
24 42
23 42
22 42
21 42
20 42
19 42
18 42
18 41
19 41
20 41
21 41
22 41
23 41
24 41
24 40
23 40
22 40
21 40
20 40
19 40
18 40
18 39
19 39
20 39
21 39
21 38
20 38
19 38
18 38
18 37
19 37
20 37
21 37
21 36
20 36
19 36
18 36
18 35
19 35
20 35
21 35
Yes
4 11
3 11
3 12
4 12
5 12
5 11
5 10
3 13
2 13
6 11
6 10
6 9
7 11
7 10
7 9
8 9
8 10
8 11
8 12
8 13
9 13
9 12
9 11
9 10
9 9
9 14
9 15
9 16
10 16
10 15
10 14
10 13
10 12
10 11
10 10
10 9
11 15
11 14
11 13
11 12
11 11
11 10
11 9
12 14
12 13
12 12
12 11
12 10
12 9
13 9
13 10
13 11
13 12
13 13
13 14
13 8
12 8
11 8
10 8
9 8
8 8
7 8
6 8
5 8
4 8
4 7
5 7
6 7
7 7
8 7
9 7
10 7
11 7
12 7
1 13
1 14
1 15
1 16
0 16
0 15
0 14
0 13
1 12
0 12
1 11
0 11
4 6
5 6
6 6
7 6
8 6
9 6
10 6
11 6
12 6
10 5
11 5
12 5
10 17
9 17
11 4
12 4
13 4
13 3
12 3
11 3
11 2
12 2
13 2
14 2
11 1
12 1
13 1
14 1
15 1
11 0
12 0
13 0
14 0
15 0
14 17
14 10
14 11
14 12
14 13
14 14
14 15
14 16
15 16
15 15
15 14
15 13
15 12
15 11
15 10
0
Yes
22 3
22 4
22 5
22 6
22 7
21 7
21 6
21 5
21 4
21 3
20 6
20 5
20 4
20 3
19 3
19 2
20 2
21 2
22 2
23 2
23 3
23 4
23 5
23 6
23 7
24 3
24 4
24 5
24 6
24 7
25 3
25 4
25 5
25 6
25 7
26 3
26 4
26 5
26 6
26 7
27 7
28 7
29 7
29 8
28 8
27 8
26 8
25 8
24 8
23 8
22 8
21 8
20 8
19 8
19 9
20 9
21 9
22 9
23 9
24 9
25 9
26 9
27 9
28 9
29 9
24 10
25 10
26 10
27 10
28 10
29 10
18 3
18 2
17 2
17 1
18 1
19 1
20 1
21 1
22 1
22 0
21 0
20 0
19 0
18 0
17 0
29 11
28 11
27 11
26 11
25 11
0
Yes
48 34
49 34
48 33
47 33
47 34
46 33
46 34
45 33
45 34
44 34
44 35
45 35
46 35
47 35
48 35
49 35
43 35
42 35
42 36
43 36
44 36
45 36
46 36
47 36
48 36
49 36
49 37
48 37
47 37
46 37
45 37
44 37
43 37
42 37
42 38
43 38
44 38
45 38
46 38
47 38
48 38
49 38
49 39
48 39
47 39
46 39
45 39
44 39
43 39
42 39
42 40
43 40
44 40
45 40
46 40
47 40
48 40
49 40
49 41
48 41
47 41
46 41
45 41
44 41
43 41
42 41
0
No
0
Yes
47 12
47 11
46 11
46 12
45 12
46 10
47 10
45 13
46 13
47 13
0
Yes
48 19
49 19
49 18
48 18
47 18
47 17
48 17
49 17
46 17
45 17
45 16
46 16
47 16
48 16
49 16
49 15
48 15
47 15
46 15
45 15
44 15
44 16
44 17
44 18
43 18
43 17
43 16
43 15
43 19
43 20
43 21
44 21
44 22
43 22
42 22
42 21
42 20
42 19
42 18
42 17
42 16
42 15
42 23
41 23
41 22
41 21
41 20
41 19
41 18
41 17
41 16
41 15
40 23
40 22
40 21
40 20
40 19
40 18
40 17
40 16
40 15
40 14
41 14
42 14
43 14
44 14
45 14
46 14
47 14
48 14
49 14
41 13
40 13
40 12
41 12
39 15
39 16
39 17
39 18
39 19
39 20
39 21
39 22
39 23
38 23
38 22
38 21
38 20
38 19
38 18
38 17
38 16
38 15
38 14
37 14
37 15
37 16
37 17
37 18
37 19
37 20
37 21
37 22
37 23
36 14
36 15
36 16
36 17
36 18
36 19
36 20
36 21
36 22
36 23
35 23
35 22
0
Yes
14 44
15 44
16 44
13 44
13 43
14 43
15 43
16 43
16 42
15 42
14 42
13 42
13 41
14 41
15 41
16 41
16 40
15 40
14 40
13 40
13 39
14 39
15 39
16 39
17 44
17 43
17 42
17 41
17 40
17 39
12 44
12 43
12 42
12 41
12 40
12 39
0
No
0
No
0
No
0
No
0
No
0
No
0
No
0
Yes
31 16
31 17
31 18
31 19
31 20
31 21
31 22
30 22
30 21
30 20
30 19
30 18
30 17
30 16
30 15
31 15
32 15
32 16
32 17
32 18
32 19
32 20
32 21
32 22
33 22
33 21
33 20
33 19
33 18
33 17
33 16
33 15
33 14
32 14
31 14
30 14
34 14
34 15
34 16
34 17
34 18
34 19
34 20
34 21
34 22
35 21
35 20
35 19
35 18
35 17
35 16
35 15
29 21
29 20
29 19
29 18
29 17
29 16
29 15
29 14
28 14
28 15
28 16
28 17
28 18
28 19
28 20
28 21
0
No
0
No
0
No
1
143
19 13
19 14
19 15
19 16
18 16
18 15
18 14
18 13
17 16
17 15
17 14
17 13
16 16
16 15
16 14
16 13
16 12
17 12
18 12
19 12
16 11
17 11
18 11
19 11
20 16
20 15
20 14
20 13
20 12
20 11
21 11
21 12
21 13
21 14
Yes
45 30
45 31
45 32
46 32
46 31
46 30
47 32
47 31
47 30
48 32
48 31
48 30
49 30
44 32
44 31
44 30
43 32
43 31
43 30
42 32
42 31
42 30
42 29
43 29
44 29
45 29
46 29
47 29
48 29
49 29
49 28
48 28
47 28
46 28
45 28
44 28
43 28
42 28
45 27
44 27
43 27
42 27
41 31
41 30
41 29
41 28
41 27
41 26
40 26
40 27
40 28
40 29
40 30
40 31
40 32
39 27
39 28
39 29
39 30
39 31
39 32
38 27
38 28
38 29
38 30
38 31
0
Yes
26 46
26 45
25 45
25 46
25 47
26 47
25 48
26 48
25 49
26 49
27 45
27 46
27 47
27 48
27 49
28 45
28 46
28 47
28 48
28 49
29 46
29 47
29 48
29 49
30 47
30 48
30 49
31 47
31 48
31 49
32 49
32 48
32 47
32 46
32 45
33 45
33 46
33 47
33 48
33 49
0
No
0
No
0
No
0
Yes
21 33
21 34
20 34
20 33
19 34
19 33
19 32
18 34
18 33
18 32
18 31
17 31
17 32
17 33
17 34
16 31
16 32
15 32
14 32
13 32
13 31
13 30
13 29
12 31
12 30
12 29
11 31
11 30
11 29
10 30
10 29
9 30
9 29
9 28
10 28
11 28
12 28
9 27
10 27
11 27
12 27
13 27
14 27
14 26
13 26
12 26
11 26
10 26
9 26
9 25
10 25
11 25
12 25
13 25
14 25
14 24
13 24
12 24
11 24
10 24
9 24
8 24
14 23
13 23
12 23
11 23
10 23
9 23
8 23
13 22
12 22
11 22
10 22
9 22
8 22
12 21
11 21
10 21
9 21
8 21
10 20
9 20
8 20
8 19
7 23
7 22
7 21
7 20
7 19
7 18
6 18
6 19
6 20
6 21
6 22
6 23
6 24
5 24
5 23
5 22
5 21
5 20
5 19
4 19
4 20
4 21
4 22
4 23
4 24
3 24
3 23
3 22
3 21
3 20
3 19
2 23
2 22
2 21
2 20
1 20
1 21
1 22
0 22
0 21
0
Yes
19 15
19 16
20 16
20 15
21 16
21 15
21 14
20 14
19 14
21 13
20 13
19 13
21 12
20 12
19 12
21 11
20 11
19 11
21 10
20 10
19 10
18 10
18 11
18 12
18 13
18 14
18 15
18 16
17 16
17 15
17 14
17 13
17 12
17 11
17 10
16 16
16 15
16 14
16 13
16 12
16 11
16 10
0
Yes
31 5
31 6
32 6
32 5
33 5
33 6
34 6
34 5
35 5
35 4
34 4
33 4
32 4
31 4
36 4
36 3
35 3
34 3
33 3
32 3
31 3
36 2
35 2
34 2
33 2
32 2
31 2
36 1
35 1
34 1
33 1
32 1
31 1
36 0
35 0
34 0
33 0
32 0
31 0
30 0
30 1
30 2
30 3
30 4
30 5
30 6
29 6
29 5
29 4
29 3
29 2
29 1
29 0
28 0
28 1
28 2
28 3
28 4
28 5
0
No
0
Yes
0 0
0 1
0 2
0 3
1 3
1 2
1 1
1 0
2 0
2 1
2 2
2 3
2 4
3 4
3 3
3 2
3 1
3 0
4 0
4 1
4 2
4 3
4 4
4 5
5 5
5 4
5 3
5 2
5 1
5 0
6 5
6 4
6 3
6 2
6 1
6 0
7 5
7 4
7 3
7 2
7 1
7 0
8 5
8 4
8 3
8 2
8 1
8 0
9 5
9 4
9 3
9 2
9 1
9 0
10 4
10 3
10 2
0
Yes
0 21
0 22
1 22
1 21
1 20
0 20
2 20
2 21
2 22
2 23
3 23
3 22
3 21
3 20
3 19
3 24
4 24
4 23
4 22
4 21
4 20
4 19
5 19
5 20
5 21
5 22
5 23
5 24
6 24
6 23
6 22
6 21
6 20
6 19
7 23
7 22
7 21
7 20
7 19
8 19
8 20
8 21
8 22
8 23
8 24
9 20
9 21
9 22
9 23
9 24
10 20
10 21
10 22
10 23
10 24
11 21
11 22
11 23
11 24
9 25
10 25
11 25
12 21
12 22
12 23
12 24
12 25
13 22
13 23
13 24
13 25
14 23
14 24
14 25
7 18
6 18
14 26
13 26
12 26
11 26
10 26
9 26
14 27
13 27
0
No
0
Yes
5 0
5 1
5 2
5 3
5 4
5 5
4 5
4 4
4 3
4 2
4 1
4 0
4 6
5 6
4 7
5 7
6 7
6 6
6 5
6 4
6 3
6 2
6 1
6 0
7 0
7 1
7 2
7 3
7 4
7 5
7 6
7 7
8 7
8 6
8 5
8 4
8 3
8 2
8 1
8 0
9 0
9 1
9 2
9 3
9 4
9 5
9 6
9 7
10 7
10 6
10 5
10 4
10 3
10 2
10 1
10 0
11 0
11 1
11 2
11 3
11 4
11 5
11 6
11 7
12 7
12 6
12 5
12 4
12 3
12 2
12 1
12 0
13 4
13 3
13 2
13 1
13 0
4 8
5 8
6 8
7 8
8 8
9 8
10 8
11 8
12 8
1
230
39 32
39 33
40 33
40 32
38 33
38 32
37 33
37 32
37 31
38 31
39 31
40 31
38 30
39 30
40 30
38 29
39 29
40 29
38 28
39 28
40 28
38 27
39 27
40 27
40 26
36 31
36 32
36 33
35 31
35 32
35 33
34 33
34 32
41 26
41 27
41 28
41 29
41 30
41 31
42 27
42 28
42 29
42 30
42 31
42 32
43 32
43 31
43 30
43 29
43 28
43 27
44 27
44 28
44 29
44 30
44 31
44 32
45 27
45 28
45 29
45 30
45 31
45 32
46 32
46 31
46 30
46 29
46 28
47 28
47 29
47 30
47 31
47 32
48 32
48 31
48 30
48 29
48 28
49 28
49 29
49 30
33 33
33 32
36 30
Yes
4 21
4 22
4 23
4 24
3 24
3 23
3 22
3 21
2 23
2 22
2 21
1 22
1 21
0 22
0 21
3 25
4 25
3 26
4 26
4 27
5 25
5 26
5 27
5 24
5 23
5 22
5 21
6 24
6 23
6 22
6 21
7 23
7 22
7 21
5 28
5 29
5 30
5 31
6 26
6 27
6 28
6 29
6 30
6 31
7 26
7 27
7 28
7 29
7 30
7 31
8 31
8 30
8 29
8 28
8 27
8 26
9 30
9 29
9 28
9 27
9 26
9 25
10 30
10 29
10 28
10 27
10 26
10 25
11 25
11 26
11 27
11 28
11 29
11 30
11 31
12 31
12 30
12 29
12 28
12 27
12 26
12 25
13 29
13 30
13 31
13 27
13 26
13 25
13 24
12 24
11 24
10 24
9 24
8 24
8 23
9 23
10 23
11 23
12 23
13 23
8 22
9 22
10 22
11 22
12 22
13 22
8 21
9 21
10 21
11 21
12 21
10 20
9 20
8 20
7 20
6 20
5 20
4 20
3 20
2 20
1 20
0 20
3 19
4 19
5 19
6 19
7 19
8 19
7 18
6 18
14 23
14 24
14 25
14 26
14 27
13 32
14 32
15 32
16 32
16 31
17 31
17 32
18 31
18 32
0
Yes
13 48
13 49
14 49
14 48
15 48
15 49
16 49
16 48
17 48
17 49
17 47
16 47
15 47
14 47
13 47
13 46
14 46
15 46
16 46
17 46
17 45
16 45
15 45
14 45
13 45
13 44
14 44
15 44
16 44
17 44
17 43
16 43
15 43
14 43
13 43
13 42
14 42
15 42
16 42
17 42
17 41
16 41
15 41
14 41
13 41
13 40
14 40
15 40
16 40
17 40
17 39
16 39
15 39
14 39
13 39
12 39
12 40
12 41
12 42
12 43
12 44
12 45
12 46
12 47
12 48
12 49
11 46
11 45
11 44
11 43
11 42
11 41
11 40
11 39
11 47
11 48
11 49
10 47
10 48
10 49
10 39
10 40
10 41
10 42
10 43
18 44
18 45
18 46
18 47
18 48
18 49
18 43
18 42
18 41
18 40
18 39
1
185
28 23
28 22
27 22
27 23
27 21
Yes
25 11
25 12
25 13
26 13
26 12
26 11
27 13
27 12
27 11
27 10
26 10
25 10
24 10
24 9
25 9
26 9
27 9
23 9
22 9
21 9
20 9
19 9
19 8
20 8
21 8
22 8
23 8
24 8
25 8
26 8
27 8
21 7
22 7
23 7
24 7
25 7
26 7
27 7
27 6
26 6
25 6
24 6
23 6
22 6
21 6
20 6
28 6
28 7
28 8
28 9
28 10
28 11
28 12
28 13
29 13
29 12
29 11
29 10
29 9
29 8
29 7
30 7
30 8
30 9
30 10
30 11
30 12
30 13
31 13
31 12
31 11
31 10
31 9
31 8
31 7
32 13
32 12
32 11
32 10
32 9
32 8
32 7
33 7
33 8
33 9
33 10
33 11
34 9
34 8
35 8
35 9
20 5
21 5
22 5
23 5
24 5
25 5
26 5
27 5
27 4
26 4
25 4
24 4
23 4
22 4
21 4
20 4
24 3
25 3
26 3
27 3
23 3
22 3
0
Yes
2 34
2 35
2 36
1 36
1 35
1 34
1 37
2 37
2 38
0 35
0 34
0 33
1 33
2 33
3 33
3 34
3 35
3 36
3 37
3 38
3 39
4 39
4 38
4 37
4 36
4 35
4 34
4 33
5 35
5 36
5 37
5 38
5 39
5 34
5 33
5 40
6 38
6 39
6 40
6 41
6 34
6 33
6 42
5 42
5 43
6 43
7 34
7 33
8 33
8 32
7 32
6 32
5 32
4 32
3 32
2 32
1 32
0 32
2 31
1 31
0 31
7 43
7 42
7 41
7 40
0
Yes
29 6
30 6
30 5
29 5
28 5
28 4
29 4
30 4
28 3
29 3
30 3
28 2
29 2
30 2
28 1
29 1
30 1
28 0
29 0
30 0
31 6
31 5
31 4
31 3
31 2
31 1
31 0
32 6
32 5
32 4
32 3
32 2
32 1
32 0
33 6
33 5
33 4
0
Yes
22 37
22 38
22 39
22 40
22 41
22 42
22 43
23 43
23 42
23 41
23 40
23 39
23 38
23 37
24 40
24 41
24 42
24 43
24 39
24 38
24 37
25 43
25 42
25 39
25 38
25 37
26 39
26 38
26 37
21 43
21 42
21 41
21 40
21 39
21 38
21 37
20 43
20 42
20 41
20 40
20 39
20 38
20 37
19 43
19 42
19 41
19 40
19 39
19 38
19 37
18 38
18 37
17 38
17 37
16 38
16 37
15 38
15 37
14 38
14 37
13 38
13 37
12 38
12 37
11 38
11 37
11 36
12 36
13 36
14 36
15 36
16 36
17 36
18 36
19 36
20 36
21 36
22 36
23 36
24 36
25 36
26 36
27 36
12 35
13 35
14 35
15 35
16 35
17 35
18 35
19 35
20 35
21 35
22 35
23 35
24 35
25 35
26 35
27 35
15 34
16 34
17 34
18 34
19 34
20 34
21 34
22 34
23 34
24 34
25 34
26 34
27 34
28 34
17 33
18 33
19 33
20 33
21 33
22 33
23 33
24 33
25 33
26 33
27 33
28 33
10 36
10 37
10 38
29 33
27 32
28 32
29 32
26 32
25 32
24 32
23 32
23 31
24 31
25 31
26 31
26 30
25 30
24 30
0
No
0
Yes
0 47
0 46
1 46
1 47
2 46
2 47
2 48
1 48
0 48
0 49
1 49
2 49
3 46
3 47
3 48
3 49
4 46
4 47
4 48
4 49
5 47
0
Yes
0 0
0 1
0 2
0 3
1 3
1 2
1 1
1 0
2 0
2 1
2 2
2 3
2 4
3 4
3 3
3 2
3 1
3 0
4 0
4 1
4 2
4 3
4 4
5 4
5 3
5 2
5 1
5 0
0
Yes
48 32
47 32
46 32
45 32
44 32
43 32
42 32
48 31
47 31
46 31
45 31
44 31
43 31
42 31
41 31
41 30
42 30
43 30
44 30
45 30
46 30
47 30
48 30
49 30
49 29
48 29
47 29
46 29
45 29
44 29
43 29
42 29
41 29
46 28
47 28
48 28
49 28
45 28
44 28
43 28
42 28
41 28
45 27
44 27
43 27
42 27
41 27
41 26
40 26
40 27
40 28
40 29
40 30
40 31
40 32
40 33
39 27
39 28
39 29
39 30
39 31
39 32
39 33
38 27
38 28
38 29
38 30
38 31
38 32
38 33
37 31
0
No
0
Yes
20 4
20 5
20 6
21 6
21 5
21 4
21 7
21 8
21 9
22 9
22 8
22 7
22 6
22 5
22 4
23 9
23 8
23 7
23 6
23 5
23 4
20 9
20 8
24 4
24 5
24 6
24 7
24 8
24 9
24 10
24 3
23 3
22 3
21 3
20 3
23 2
22 2
21 2
20 2
22 1
21 1
20 1
22 0
21 0
20 0
25 3
25 4
25 5
25 6
25 7
25 8
25 9
25 10
25 2
26 2
26 3
26 4
26 5
26 6
26 7
26 8
26 9
26 10
27 2
27 3
27 4
27 5
27 6
27 7
27 8
27 9
27 10
28 6
28 7
28 8
28 9
28 10
29 7
29 8
29 9
29 10
30 7
30 8
30 9
30 10
31 7
31 8
31 9
31 10
32 7
32 8
32 9
32 10
33 7
33 8
33 9
33 10
33 11
32 11
31 11
30 11
29 11
28 11
27 11
26 11
25 11
19 8
19 9
25 12
26 12
27 12
28 12
29 12
30 12
31 12
32 12
32 13
31 13
30 13
29 13
28 13
27 13
26 13
25 13
34 9
34 8
35 8
35 9
19 3
19 2
19 1
19 0
18 3
18 2
18 1
18 0
17 1
17 2
17 3
17 0
17 4
16 3
16 4
19 6
0
No
0
Yes
34 40
34 41
35 41
35 40
33 40
33 39
34 39
35 39
36 39
33 38
34 38
35 38
36 38
33 37
34 37
35 37
36 37
33 36
34 36
35 36
36 36
33 35
34 35
35 35
36 35
37 35
37 36
37 37
37 38
37 39
37 40
37 41
38 41
38 40
38 39
38 38
38 37
38 36
38 35
39 35
39 36
39 37
39 38
39 39
39 40
39 41
40 35
40 36
40 37
40 38
40 39
40 40
40 41
41 36
41 37
41 38
41 39
41 40
41 41
41 42
40 42
39 42
39 43
40 43
39 34
38 34
37 34
36 34
35 34
34 34
33 34
32 34
31 34
30 34
30 33
31 33
32 33
33 33
34 33
35 33
36 33
37 33
37 32
36 32
35 32
34 32
33 32
32 32
31 32
30 32
33 31
32 31
31 31
0
Yes
45 47
45 46
46 46
46 47
47 46
47 47
47 48
46 48
45 48
45 49
46 49
47 49
48 49
48 48
48 47
48 46
0
No
0
Yes
7 41
7 40
8 40
8 41
9 41
9 42
8 42
7 42
9 43
8 43
7 43
6 43
6 42
6 41
0
No
0
Yes
47 27
48 27
49 27
47 26
48 26
49 26
49 25
48 25
47 25
46 25
46 24
47 24
48 24
49 24
49 23
48 23
47 23
0
No
0
Yes
42 49
42 48
43 48
43 49
44 49
44 48
0
No
0
No
0
Yes
16 31
17 31
18 31
18 32
17 32
16 32
0
Yes
49 23
48 23
47 23
47 24
48 24
49 24
46 24
46 23
46 22
46 25
47 25
48 25
49 25
47 26
48 26
49 26
47 27
48 27
49 27
45 22
45 23
0
Yes
1 37
1 36
2 36
2 37
2 38
3 38
3 37
3 36
4 36
4 37
4 38
5 37
5 36
5 38
5 35
4 35
3 35
2 35
1 35
0 35
0 34
1 34
2 34
3 34
4 34
5 34
5 33
4 33
3 33
2 33
1 33
0 33
3 32
4 32
5 32
2 32
1 32
0 32
0
Yes
22 47
22 48
22 49
21 49
21 48
21 47
21 46
22 46
20 46
20 47
20 48
20 49
19 49
19 48
19 47
19 46
23 46
23 47
23 48
23 49
24 49
24 48
24 47
0
Yes
0 22
1 22
2 22
2 23
3 23
3 22
3 24
4 24
4 23
4 22
5 22
5 23
5 24
5 21
4 21
3 21
2 21
1 21
0 21
0 20
1 20
2 20
3 20
4 20
5 20
3 19
4 19
5 19
6 24
6 23
6 22
6 21
6 20
6 19
6 18
7 18
7 19
7 20
7 21
7 22
7 23
8 19
8 20
8 21
8 22
8 23
8 24
9 20
9 21
9 22
9 23
9 24
10 20
10 21
10 22
10 23
10 24
11 21
11 22
11 23
11 24
12 21
12 22
12 23
12 24
0
Yes
1 15
1 16
0 16
0 15
1 14
0 14
0 13
1 13
2 13
3 13
3 12
3 11
4 11
4 12
5 12
5 11
5 10
6 11
6 10
6 9
7 11
7 10
7 9
1 12
0 12
1 11
0 11
8 9
8 10
8 11
8 12
8 13
8 8
7 8
6 8
5 8
4 8
4 7
5 7
6 7
7 7
8 7
4 6
5 6
6 6
7 6
8 6
4 5
5 5
6 5
7 5
8 5
6 4
7 4
8 4
6 3
7 3
8 3
6 2
7 2
8 2
6 1
7 1
8 1
6 0
7 0
8 0
9 0
9 1
9 2
9 3
9 4
9 5
9 6
9 7
9 8
9 9
9 10
9 11
9 12
9 13
9 14
9 15
9 16
9 17
10 17
10 16
10 15
10 14
10 13
10 12
10 11
10 10
10 9
10 8
10 7
10 6
10 5
10 4
10 3
10 2
10 1
10 0
11 15
11 14
11 13
11 12
11 11
11 10
11 9
11 8
11 7
11 6
11 5
11 4
11 3
11 2
11 1
11 0
12 5
12 6
12 7
12 8
12 9
12 10
12 11
12 12
12 13
12 14
12 4
12 3
12 2
12 1
12 0
13 8
13 9
0
Yes
35 0
35 1
35 2
35 3
35 4
35 5
36 4
36 3
36 2
36 1
36 0
34 5
34 4
34 3
34 2
34 1
34 0
33 0
33 1
33 2
33 3
33 4
33 5
32 5
32 4
32 3
32 2
32 1
32 0
31 0
31 1
31 2
31 3
31 4
31 5
30 5
30 4
30 3
30 2
30 1
30 0
29 0
29 1
29 2
29 3
29 4
29 5
0
Yes
19 1
19 2
19 3
18 3
18 2
18 1
17 1
17 2
17 3
17 4
16 3
16 4
15 4
14 4
13 4
13 3
13 2
14 2
13 1
14 1
15 1
13 0
14 0
15 0
16 0
17 0
18 0
19 0
20 0
20 1
20 2
20 3
20 4
20 5
20 6
21 6
21 5
21 4
21 3
21 2
21 1
21 0
22 0
22 1
22 2
22 3
22 4
22 5
22 6
23 2
23 3
23 4
23 5
23 6
21 7
22 7
23 7
23 8
22 8
21 8
20 8
19 8
19 9
20 9
21 9
22 9
23 9
21 10
20 10
19 10
18 10
21 11
20 11
19 11
18 11
17 11
17 10
17 9
16 9
16 10
16 11
16 8
15 8
15 9
15 10
15 11
14 10
14 11
13 10
13 11
13 12
14 12
15 12
16 12
17 12
18 12
19 12
20 12
21 12
21 13
20 13
19 13
18 13
17 13
16 13
15 13
14 13
13 13
13 14
14 14
15 14
16 14
17 14
18 14
19 14
20 14
21 14
14 15
15 15
16 15
17 15
18 15
0
Yes
28 34
28 33
29 33
29 32
28 32
27 32
27 33
27 34
27 35
27 36
26 36
26 35
26 34
26 33
26 32
26 37
26 38
26 39
25 39
25 38
25 37
25 36
25 35
25 34
25 33
25 32
26 31
25 31
26 30
25 30
24 30
24 31
24 32
24 33
24 34
24 35
24 36
24 37
24 38
24 39
23 31
23 32
23 33
23 34
23 35
23 36
23 37
23 38
23 39
22 33
22 34
22 35
22 36
22 37
22 38
22 39
21 33
21 34
21 35
21 36
21 37
21 38
21 39
20 33
20 34
20 35
20 36
20 37
20 38
20 39
19 39
19 38
19 37
19 36
19 35
19 34
19 33
18 33
18 34
18 35
18 36
18 37
18 38
17 33
17 34
17 35
17 36
17 37
17 38
16 38
16 37
16 36
16 35
16 34
15 34
15 35
15 36
15 37
15 38
14 38
14 37
14 36
14 35
13 35
13 36
13 37
13 38
12 35
12 36
12 37
12 38
11 38
11 37
11 36
10 36
10 37
10 38
19 40
20 40
21 40
22 40
23 40
24 40
24 41
23 41
22 41
21 41
20 41
0
Yes
19 23
19 24
19 25
20 25
20 24
20 23
21 23
21 24
21 25
22 25
22 24
22 23
23 23
23 24
23 25
24 25
24 24
24 23
25 25
25 24
25 23
26 25
26 24
26 23
27 24
27 25
27 23
27 22
26 22
25 22
24 22
23 22
22 22
21 22
20 22
19 22
27 21
26 21
25 21
24 21
23 21
22 21
21 21
20 21
19 21
27 20
26 20
25 20
24 20
23 20
22 20
21 20
20 20
19 20
27 19
26 19
25 19
24 19
23 19
22 19
21 19
20 19
19 19
27 18
26 18
25 18
24 18
23 18
22 18
21 18
20 18
19 18
27 17
26 17
25 17
24 17
23 17
22 17
21 17
20 17
19 17
23 16
24 16
25 16
26 16
22 16
21 16
20 16
19 16
19 15
20 15
21 15
22 15
0
Yes
24 7
24 8
24 6
24 5
24 4
24 3
25 3
25 4
25 5
25 6
25 7
25 8
25 2
26 2
26 3
26 4
26 5
26 6
26 7
26 8
27 2
27 3
27 4
27 5
27 6
27 7
27 8
28 8
28 7
28 6
28 5
28 4
28 3
28 2
0
Yes
29 8
29 7
29 6
29 5
29 4
29 3
29 2
30 2
30 3
30 4
30 5
30 6
30 7
30 8
30 9
29 9
28 9
27 9
26 9
25 9
24 9
24 10
25 10
26 10
27 10
28 10
29 10
30 10
25 11
26 11
27 11
28 11
29 11
30 11
25 12
26 12
27 12
28 12
29 12
30 12
31 12
31 11
31 10
31 9
31 8
31 7
31 6
31 5
31 4
31 3
31 2
31 1
30 1
29 1
28 1
28 0
29 0
30 0
31 0
31 13
30 13
29 13
28 13
27 13
26 13
25 13
32 13
32 12
32 11
32 10
32 9
32 8
32 7
32 6
32 5
32 4
32 3
32 2
32 1
32 0
33 11
33 10
33 9
33 8
33 7
33 6
33 5
33 4
33 3
33 2
33 1
33 0
34 6
34 5
34 4
34 3
34 2
34 1
34 0
35 5
35 4
35 3
35 2
35 1
35 0
36 4
36 3
36 2
36 1
36 0
0
No
0
No
1
261
35 35
35 36
35 37
35 38
35 39
35 40
35 41
34 41
34 40
34 39
34 38
34 37
34 36
34 35
33 40
33 39
33 38
33 37
33 36
33 35
36 39
36 38
36 37
36 36
36 35
37 35
37 36
37 37
37 38
37 39
37 40
37 41
38 41
38 40
38 39
38 38
38 37
38 36
38 35
38 34
37 34
36 34
35 34
34 34
33 34
39 34
39 35
39 36
39 37
39 38
39 39
39 40
39 41
39 42
39 43
32 34
31 34
30 34
30 33
31 33
32 33
33 33
34 33
35 33
36 33
37 33
37 32
36 32
35 32
34 32
33 32
32 32
31 32
30 32
33 31
32 31
31 31
30 31
35 31
36 31
32 30
31 30
30 30
40 43
40 42
40 41
40 40
40 39
40 38
40 37
40 36
40 35
41 36
41 37
41 38
41 39
41 40
41 41
41 42
29 31
29 30
28 31
28 30
28 29
29 29
30 29
31 29
32 29
33 29
33 28
32 28
31 28
30 28
29 28
28 28
27 28
33 27
32 27
31 27
30 27
29 27
28 27
27 27
27 26
28 26
29 26
30 26
31 26
32 26
29 25
28 25
32 25
31 25
31 24
32 24
35 42
Yes
14 27
13 27
13 26
14 26
15 26
16 26
16 27
16 28
17 28
17 27
17 26
17 29
18 29
18 28
18 27
18 26
19 26
19 27
19 28
19 29
20 29
20 28
20 27
20 26
21 26
21 27
21 28
22 28
22 27
22 26
12 26
12 27
12 28
12 29
13 29
13 30
12 30
13 31
12 31
11 31
11 30
11 29
11 28
11 27
11 26
10 30
10 29
10 28
10 27
10 26
10 25
11 25
12 25
13 25
14 25
15 25
16 25
17 25
18 25
9 25
9 26
9 27
9 28
9 29
9 30
8 26
8 27
8 28
8 29
8 30
8 31
8 32
8 33
7 26
7 27
7 28
7 29
7 30
7 31
7 32
7 33
7 34
6 34
6 33
6 32
6 31
6 30
6 29
6 28
6 27
6 26
5 31
5 30
5 29
5 28
5 27
5 26
5 25
4 27
4 26
4 25
3 25
3 26
18 24
17 24
16 24
15 24
14 24
13 24
13 23
14 23
16 23
17 23
18 23
18 22
17 22
16 22
16 21
17 21
0
Yes
26 48
25 48
25 49
26 49
25 47
26 47
27 47
27 48
27 49
28 49
28 48
28 47
29 47
29 48
29 49
29 46
28 46
27 46
26 46
25 46
28 45
27 45
26 45
25 45
30 47
30 48
0
Yes
42 49
42 48
43 48
43 49
43 47
0
Yes
7 2
6 2
6 3
7 3
6 4
7 4
6 1
7 1
6 0
7 0
8 0
8 1
8 2
8 3
8 4
8 5
7 5
6 5
6 6
7 6
8 6
9 6
9 5
9 4
9 3
9 2
9 1
9 0
10 0
10 1
10 2
10 3
10 4
10 5
10 6
11 6
11 5
11 4
11 3
11 2
11 1
11 0
12 5
12 6
12 4
12 3
12 2
12 1
12 0
12 7
11 7
10 7
9 7
8 7
7 7
0
No
0
Yes
13 8
12 8
11 8
10 8
9 8
8 8
13 9
12 9
11 9
10 9
9 9
8 9
8 10
9 10
10 10
11 10
12 10
13 10
13 11
12 11
11 11
10 11
9 11
0
Yes
45 32
46 32
47 32
44 32
43 32
42 32
48 32
48 31
47 31
46 31
45 31
44 31
43 31
42 31
41 31
41 30
42 30
43 30
44 30
45 30
46 30
47 30
48 30
49 30
49 29
48 29
47 29
46 29
45 29
44 29
43 29
42 29
41 29
46 28
47 28
48 28
49 28
45 28
44 28
43 28
42 28
41 28
45 27
44 27
43 27
42 27
41 27
0
Yes
30 26
30 27
30 28
30 29
30 30
29 30
29 29
29 28
29 27
29 26
28 29
28 30
28 28
28 27
28 26
31 30
31 29
31 28
31 27
31 26
32 26
32 27
32 28
32 29
32 30
33 29
33 28
33 27
0
No
0
Yes
33 33
33 34
32 34
32 33
32 32
33 32
33 31
32 31
31 31
31 32
31 33
31 34
30 34
30 33
30 32
30 31
0
No
0
Yes
28 8
28 7
28 6
27 8
27 7
27 6
26 8
26 7
26 6
0
Yes
38 41
37 41
37 40
38 40
39 40
39 41
39 42
39 43
40 43
40 42
40 41
40 40
41 42
41 41
41 40
41 39
40 39
39 39
38 39
37 39
36 39
35 39
35 40
35 41
34 41
34 40
34 39
33 40
33 39
33 38
34 38
35 38
36 38
37 38
38 38
39 38
40 38
41 38
41 37
40 37
39 37
38 37
37 37
36 37
35 37
34 37
33 37
41 36
40 36
39 36
38 36
37 36
36 36
35 36
34 36
33 36
33 35
34 35
35 35
36 35
37 35
38 35
39 35
40 35
39 34
38 34
37 34
36 34
35 34
0
Yes
10 0
10 1
10 2
10 3
9 3
9 2
9 1
9 0
8 0
8 1
8 2
8 3
7 3
7 2
7 1
7 0
6 0
6 1
6 2
6 3
6 4
7 4
8 4
9 4
10 4
10 5
9 5
8 5
0
Yes
22 1
22 0
21 0
21 1
21 2
22 2
23 2
23 3
22 3
21 3
24 3
24 4
23 4
22 4
21 4
20 4
20 3
20 2
20 1
20 0
19 3
19 2
19 1
19 0
18 3
18 2
18 1
18 0
25 4
25 3
25 2
26 2
26 3
26 4
27 2
27 3
27 4
28 2
28 3
28 4
28 5
27 5
26 5
25 5
24 5
23 5
22 5
21 5
20 5
20 6
21 6
22 6
23 6
24 6
25 6
25 7
24 7
23 7
22 7
21 7
25 8
24 8
23 8
22 8
21 8
23 9
22 9
0
No
0
Yes
47 48
47 49
48 49
48 48
49 48
49 49
49 47
48 47
47 47
47 46
48 46
49 46
46 46
46 47
46 48
46 49
45 46
45 47
45 48
45 49
44 46
44 47
44 48
44 49
43 47
43 48
43 49
0
Yes
16 8
15 8
15 9
16 9
17 9
17 10
16 10
15 10
18 10
18 11
17 11
16 11
15 11
15 12
16 12
17 12
18 12
19 12
19 11
19 10
19 9
19 8
20 8
20 9
20 10
20 11
20 12
21 9
21 10
21 11
21 12
21 13
20 13
19 13
18 13
17 13
16 13
15 13
21 14
20 14
19 14
18 14
17 14
16 14
15 14
18 15
17 15
16 15
15 15
15 16
16 16
17 16
18 16
14 16
14 15
14 14
14 13
14 12
14 11
14 10
13 14
13 13
13 12
13 11
13 10
0
Yes
39 27
40 27
38 27
38 28
39 28
40 28
40 29
39 29
38 29
38 30
39 30
0
No
0
Yes
43 29
43 30
43 31
43 32
42 32
42 31
42 30
42 29
44 32
44 31
44 30
44 29
45 32
45 31
45 30
45 29
46 32
46 31
46 30
46 29
46 28
45 28
44 28
43 28
42 28
45 27
44 27
43 27
42 27
47 32
47 31
47 30
47 29
47 28
1
241
40 2
40 3
41 2
42 2
42 1
41 1
40 1
42 0
41 0
40 0
39 0
39 1
39 2
39 3
39 4
40 4
43 0
38 4
38 3
38 2
38 1
38 0
37 3
37 2
37 1
37 0
39 5
40 5
Yes
0 0
0 1
0 2
0 3
1 3
1 2
1 1
1 0
2 0
2 1
2 2
2 3
2 4
3 4
3 3
3 2
3 1
3 0
4 0
4 1
4 2
4 3
4 4
4 5
4 6
4 7
5 7
5 6
5 5
5 4
5 3
5 2
5 1
5 0
6 0
6 1
6 2
6 3
6 4
6 5
6 6
6 7
7 7
7 6
7 5
7 4
7 3
7 2
7 1
7 0
8 0
8 1
8 2
8 3
8 4
8 5
8 6
8 7
9 7
9 6
9 5
9 4
9 3
9 2
9 1
9 0
10 0
10 1
10 2
10 3
10 4
10 5
10 6
10 7
11 7
11 6
11 5
11 4
11 3
11 2
11 1
11 0
12 5
12 6
12 7
12 4
12 3
12 2
12 1
12 0
13 3
13 4
13 2
13 1
13 0
0
Yes
49 4
49 5
49 6
49 7
49 8
49 9
48 9
48 8
48 7
48 6
48 5
48 4
48 10
47 10
47 9
47 8
47 7
47 6
47 5
47 4
46 10
46 9
46 8
46 7
46 6
46 5
46 4
46 3
47 3
48 3
49 3
45 4
45 5
45 6
45 7
45 8
45 9
44 9
44 8
44 7
44 6
44 5
47 2
48 2
49 2
49 1
48 1
47 1
46 1
46 0
47 0
48 0
49 0
43 5
43 6
43 7
43 8
42 8
42 7
42 6
42 5
44 10
1
260
27 48
27 49
28 49
28 48
29 48
29 49
30 49
30 48
30 47
29 47
28 47
27 47
29 46
28 46
27 46
28 45
27 45
26 45
26 46
26 47
26 48
26 49
25 49
25 48
25 47
25 46
25 45
24 46
24 45
24 44
31 47
31 48
31 49
32 49
32 48
32 47
32 46
32 45
33 45
33 46
33 47
33 48
33 49
24 43
25 43
25 42
24 42
34 47
34 48
34 49
35 48
35 49
23 42
23 43
23 44
23 45
22 45
22 44
22 43
22 42
21 42
21 43
21 44
21 45
36 49
Yes
32 0
32 1
32 2
32 3
32 4
32 5
32 6
32 7
33 7
33 6
33 5
33 4
33 3
33 2
33 1
33 0
34 6
34 5
34 4
34 3
34 2
34 1
34 0
35 5
35 4
35 3
35 2
35 1
35 0
33 8
32 8
34 8
35 8
35 9
34 9
33 9
32 9
33 10
32 10
33 11
32 11
31 11
31 10
31 9
31 8
31 7
31 6
31 5
31 4
31 3
31 2
31 1
31 0
30 0
30 1
30 2
30 3
30 4
30 5
30 6
30 7
30 8
30 9
30 10
30 11
29 5
29 4
29 3
29 2
29 1
29 0
29 6
29 7
29 8
29 9
29 10
29 11
28 1
28 0
36 4
36 3
36 2
36 1
36 0
0
Yes
1 22
0 22
0 21
1 21
1 20
0 20
2 20
2 21
2 22
2 23
3 23
3 22
3 21
3 20
3 19
4 19
4 20
4 21
4 22
4 23
3 24
4 24
5 19
5 20
5 21
5 22
5 23
5 24
6 24
6 23
6 22
6 21
6 20
6 19
7 23
7 22
7 21
7 20
7 19
8 19
8 20
8 21
8 22
8 23
0 23
0
Yes
11 10
12 10
12 11
11 11
10 11
10 10
10 9
11 9
12 9
13 9
13 8
12 8
11 8
10 8
9 8
9 9
9 10
9 11
8 8
8 9
8 10
8 11
8 12
9 12
10 12
11 12
12 12
8 13
9 13
10 13
11 13
12 13
12 14
11 14
10 14
9 14
11 15
10 15
9 15
9 16
10 16
0
No
0
Yes
0 0
0 1
0 2
0 3
1 3
1 2
1 1
1 0
2 0
2 1
2 2
2 3
2 4
3 4
3 3
3 2
3 1
3 0
4 0
4 1
4 2
4 3
4 4
4 5
5 5
5 4
5 3
5 2
5 1
5 0
6 0
6 1
6 2
6 3
6 4
6 5
7 5
7 4
7 3
7 2
7 1
7 0
8 0
8 1
8 2
8 3
8 4
8 5
9 5
9 4
9 3
9 2
9 1
9 0
10 0
10 1
10 2
10 3
10 4
10 5
11 5
11 4
11 3
11 2
11 1
11 0
12 5
12 4
12 3
12 2
12 1
12 0
13 3
13 4
13 2
13 1
13 0
14 2
14 1
14 0
0
No
0
Yes
13 24
13 25
13 26
13 27
14 27
14 26
14 25
14 24
14 23
13 23
13 22
12 22
12 23
12 24
12 25
12 26
12 27
12 21
11 21
11 22
11 23
11 24
11 25
11 26
11 27
10 27
10 26
10 25
10 24
10 23
10 22
10 21
9 21
9 22
9 23
9 24
9 25
9 26
9 27
0
Yes
40 26
41 26
41 27
40 27
39 27
38 27
38 28
39 28
40 28
41 28
41 29
40 29
39 29
38 29
38 30
39 30
40 30
41 30
41 31
40 31
39 31
38 31
40 32
39 32
38 32
40 33
39 33
38 33
0
No
0
No
0
Yes
0 3
1 3
2 3
2 4
3 4
3 3
4 3
4 4
4 5
4 6
4 7
5 7
5 6
5 5
5 4
5 3
6 3
6 4
6 5
6 6
6 7
7 7
7 6
7 5
7 4
7 3
7 2
6 2
5 2
4 2
3 2
2 2
1 2
0 2
0 1
1 1
2 1
3 1
4 1
5 1
6 1
7 1
7 0
6 0
5 0
4 0
3 0
2 0
1 0
0 0
8 7
8 6
8 5
8 4
8 3
8 2
8 1
8 0
9 7
9 6
9 5
9 4
9 3
9 2
9 1
9 0
10 7
10 6
10 5
10 4
10 3
10 2
10 1
10 0
11 7
11 6
11 5
11 4
11 3
11 2
11 1
11 0
12 7
12 6
12 5
12 4
12 3
12 2
12 1
12 0
13 3
13 4
13 2
13 1
13 0
0
Yes
17 27
16 27
16 28
17 28
17 29
18 29
18 28
18 27
19 29
19 28
19 27
20 29
20 28
20 27
21 28
21 27
22 28
22 27
22 26
21 26
20 26
19 26
18 26
17 26
16 26
16 25
17 25
18 25
19 25
20 25
21 25
22 25
22 24
21 24
20 24
19 24
18 24
17 24
16 24
16 23
17 23
18 23
19 23
20 23
21 23
22 23
16 22
17 22
18 22
19 22
20 22
21 22
22 22
16 21
17 21
18 21
19 21
20 21
21 21
22 21
16 20
17 20
18 20
19 20
20 20
21 20
0
Yes
31 31
30 31
30 32
31 32
30 33
31 33
30 34
31 34
32 34
32 33
32 32
32 31
0
Yes
44 9
45 9
46 9
46 10
46 11
47 11
47 10
47 9
48 10
48 9
48 8
47 8
46 8
45 8
44 8
44 7
45 7
46 7
47 7
48 7
48 6
47 6
46 6
45 6
44 6
44 5
45 5
46 5
47 5
48 5
45 4
46 4
47 4
48 4
46 3
47 3
48 3
47 2
48 2
49 9
49 8
49 7
49 6
49 5
49 4
49 3
49 2
0
Yes
0 35
1 35
1 36
1 37
2 37
2 36
2 35
2 38
3 38
3 37
3 36
3 35
4 35
4 36
4 37
4 38
4 34
3 34
2 34
1 34
0 34
0 33
1 33
2 33
3 33
4 33
4 32
3 32
2 32
1 32
0 32
5 37
5 36
5 35
5 34
5 33
0
No
1
277
35 32
35 31
36 31
36 32
34 32
33 32
33 33
34 33
35 33
36 33
33 34
34 34
35 34
36 34
33 35
34 35
35 35
36 35
33 36
34 36
35 36
36 36
37 31
37 32
37 33
37 34
37 35
37 36
Yes
10 28
10 29
10 30
9 30
9 29
9 28
9 27
10 27
11 27
11 28
11 29
11 30
11 31
11 26
10 26
9 26
9 25
10 25
11 25
9 24
10 24
11 24
8 26
8 27
8 28
8 29
8 30
8 31
8 32
8 33
7 26
7 27
7 28
7 29
7 30
7 31
7 32
7 33
7 34
6 34
6 33
6 32
6 31
6 30
6 29
6 28
6 27
6 26
5 32
5 31
5 30
5 29
5 28
5 27
5 26
5 25
4 27
4 26
4 25
3 25
3 26
9 23
10 23
11 23
9 22
10 22
11 22
11 21
10 21
9 21
9 20
10 20
12 21
12 22
12 23
12 24
12 25
12 26
12 27
12 28
12 29
12 30
12 31
13 29
13 30
13 31
13 32
14 32
2 25
13 22
13 23
13 24
13 25
13 26
13 27
14 27
14 26
14 25
14 24
14 23
15 24
15 25
15 26
8 24
0
Yes
47 23
48 23
49 23
49 24
48 24
47 24
46 24
46 23
46 22
45 22
45 23
46 25
47 25
48 25
49 25
47 26
48 26
49 26
47 27
48 27
49 27
0
Yes
17 17
16 17
16 18
17 18
17 19
18 17
18 18
18 19
18 20
17 20
16 20
16 21
17 21
18 21
16 22
17 22
18 22
16 23
17 23
18 23
16 24
17 24
18 24
16 25
17 25
18 25
16 26
17 26
18 26
16 27
17 27
18 27
16 28
17 28
18 28
17 29
18 29
19 29
19 28
19 27
19 26
19 25
19 24
19 23
19 22
19 21
19 20
19 19
19 18
19 17
20 29
20 28
20 27
20 26
20 25
20 24
20 23
20 22
20 21
20 20
20 19
20 18
20 17
21 28
21 27
21 26
21 25
21 24
21 23
21 22
21 21
21 20
21 19
21 18
21 17
22 28
22 27
22 26
22 25
22 24
22 23
22 22
22 21
22 20
22 19
22 18
22 17
23 26
23 25
23 24
23 23
23 22
23 21
23 20
23 19
23 18
23 17
23 16
22 16
21 16
20 16
19 16
19 15
20 15
21 15
22 15
24 25
24 24
24 23
24 22
24 21
24 20
24 19
24 18
24 17
24 16
24 15
24 14
25 25
25 24
25 23
0
Yes
7 23
8 23
8 22
7 22
8 21
7 21
8 20
7 20
8 19
7 19
7 18
6 18
6 19
6 20
6 21
6 22
6 23
6 24
5 24
5 23
5 22
5 21
5 20
5 19
4 19
4 20
4 21
4 22
4 23
4 24
3 24
3 23
3 22
3 21
3 20
3 19
0
Yes
33 0
33 1
33 2
33 3
34 3
34 2
34 1
34 0
35 0
35 1
35 2
35 3
36 3
36 2
36 1
36 0
32 3
32 2
32 1
32 0
31 0
31 1
31 2
31 3
30 3
30 2
30 1
30 0
36 4
35 4
34 4
33 4
32 4
31 4
30 4
35 5
34 5
33 5
32 5
31 5
30 5
34 6
33 6
32 6
31 6
30 6
0
Yes
19 39
19 40
20 40
20 39
21 39
21 40
22 40
22 39
23 39
23 40
23 38
22 38
21 38
20 38
19 38
18 38
17 38
16 38
15 38
14 38
13 38
13 37
14 37
15 37
16 37
17 37
18 37
19 37
20 37
21 37
22 37
23 37
23 36
22 36
21 36
20 36
19 36
18 36
17 36
16 36
15 36
14 36
13 36
13 35
14 35
15 35
16 35
17 35
18 35
19 35
20 35
21 35
22 35
23 35
15 34
16 34
17 34
18 34
19 34
20 34
21 34
22 34
23 34
22 33
21 33
20 33
19 33
18 33
17 33
23 33
19 32
18 32
17 32
16 32
16 31
17 31
18 31
23 32
23 31
12 35
12 36
12 37
12 38
11 38
11 37
11 36
10 36
10 37
10 38
23 41
22 41
21 41
20 41
19 41
24 41
24 40
24 39
24 38
24 37
24 36
24 35
24 34
24 33
24 32
24 31
24 30
25 30
25 31
25 32
25 33
25 34
25 35
25 36
25 37
25 38
25 39
26 39
26 38
26 37
26 36
26 35
26 34
26 33
26 32
26 31
26 30
0
Yes
22 1
22 0
21 0
21 1
20 1
20 0
19 0
19 1
19 2
20 2
21 2
22 2
0
Yes
46 33
45 33
47 33
48 33
48 34
47 34
46 34
45 34
44 34
49 34
49 35
48 35
47 35
46 35
45 35
44 35
43 35
42 35
42 36
43 36
44 36
45 36
46 36
47 36
48 36
49 36
49 37
48 37
47 37
46 37
45 37
44 37
43 37
42 37
42 38
43 38
44 38
45 38
46 38
47 38
48 38
49 38
49 39
48 39
47 39
46 39
45 39
44 39
43 39
42 39
0
Yes
38 34
39 34
39 35
38 35
40 35
40 36
39 36
38 36
41 36
41 37
40 37
39 37
38 37
41 38
40 38
39 38
38 38
41 39
40 39
39 39
38 39
38 40
39 40
40 40
41 40
38 41
39 41
40 41
41 41
37 41
37 40
37 39
37 38
37 37
37 36
37 35
37 34
41 42
40 42
39 42
39 43
40 43
42 42
0
No
0
Yes
35 38
36 38
36 39
35 39
35 40
36 37
35 37
36 36
35 36
34 36
34 37
34 38
34 39
34 40
33 40
33 39
33 38
33 37
33 36
33 35
34 35
35 35
36 35
36 34
35 34
34 34
33 34
0
Yes
27 32
27 33
27 34
28 34
28 33
28 32
29 33
29 32
30 32
30 33
30 34
31 34
31 33
31 32
32 34
32 33
32 32
33 33
33 32
33 31
32 31
31 31
30 31
29 31
28 31
28 30
29 30
30 30
31 30
32 30
28 29
29 29
30 29
31 29
32 29
33 29
33 28
32 28
31 28
30 28
29 28
28 28
27 28
33 27
32 27
31 27
30 27
29 27
28 27
27 27
27 26
28 26
29 26
30 26
31 26
0
Yes
38 2
37 2
37 1
38 1
37 0
38 0
39 0
39 1
39 2
40 2
40 1
40 0
41 2
41 1
41 0
42 2
42 1
42 0
0
No
0
Yes
14 43
14 44
14 45
15 45
15 44
15 43
16 43
16 44
16 45
16 42
15 42
14 42
14 41
15 41
16 41
16 40
15 40
14 40
14 39
15 39
16 39
13 39
13 40
13 41
13 42
13 43
13 44
13 45
12 39
12 40
12 41
12 42
12 43
12 44
12 45
11 45
11 44
11 43
11 42
11 41
11 40
11 39
10 39
10 40
10 41
10 42
10 43
17 39
17 40
17 41
17 42
17 43
17 44
17 45
18 39
18 40
18 41
18 42
18 43
0
No
0
No
0
No
0
No
0
Yes
18 47
18 48
18 49
19 49
19 48
19 47
20 47
20 48
20 49
21 49
21 48
21 47
21 46
20 46
19 46
18 46
18 45
19 45
20 45
18 44
19 44
20 44
17 46
17 47
17 48
17 49
16 46
16 47
16 48
16 49
15 46
15 47
15 48
15 49
14 46
14 47
14 48
14 49
22 46
22 47
22 48
22 49
23 46
23 47
23 48
23 49
24 47
24 48
24 49
13 46
13 47
13 48
13 49
12 46
12 47
12 48
12 49
11 46
11 47
11 48
11 49
10 47
10 48
10 49
0
No
0
Yes
42 37
42 38
42 39
42 40
42 41
43 41
43 40
43 39
43 38
43 37
44 41
44 40
44 39
44 38
44 37
45 41
45 40
45 39
45 38
45 37
46 41
46 40
46 39
46 38
46 37
47 41
47 40
47 39
47 38
47 37
48 41
48 40
48 39
48 38
48 37
42 36
43 36
44 36
45 36
46 36
47 36
48 36
42 35
43 35
44 35
45 35
46 35
47 35
48 35
44 34
45 34
46 34
47 34
48 34
49 34
49 35
49 36
49 37
49 38
49 39
49 40
49 41
48 33
47 33
0
Yes
42 27
42 28
42 29
42 30
43 27
43 28
43 29
43 30
44 27
44 28
44 29
44 30
45 27
45 28
45 29
45 30
46 28
46 29
46 30
42 31
43 31
44 31
45 31
46 31
42 32
43 32
44 32
0
Yes
33 27
33 28
33 29
32 29
32 28
32 27
32 26
32 25
31 25
31 26
31 27
31 28
31 29
30 26
30 27
30 28
30 29
32 30
31 30
30 30
30 31
31 31
32 31
33 31
33 32
32 32
31 32
30 32
34 32
35 32
35 31
36 31
36 32
37 31
37 32
29 32
29 31
29 30
29 29
29 28
29 27
29 26
29 25
37 33
36 33
35 33
34 33
33 33
32 33
31 33
30 33
29 33
30 34
31 34
32 34
28 25
28 26
28 27
28 28
28 29
28 30
28 31
28 32
28 33
28 34
27 34
27 33
27 32
27 28
27 27
27 26
27 25
26 25
26 24
27 24
26 23
27 23
28 23
28 22
27 22
26 22
0
No
1
315
7 42
7 43
8 43
8 42
9 43
9 42
9 41
8 41
7 41
6 41
6 42
6 43
Yes
31 25
32 25
32 26
31 26
30 26
30 27
31 27
32 27
33 27
33 28
32 28
31 28
30 28
33 29
32 29
31 29
30 29
32 30
31 30
30 30
30 31
31 31
32 31
33 31
33 32
32 32
31 32
30 32
33 33
32 33
31 33
30 33
29 33
29 32
29 31
29 30
29 29
29 28
29 27
29 26
29 25
28 25
28 26
28 27
28 28
28 29
28 30
28 31
28 32
28 33
27 32
27 33
27 28
27 27
27 26
27 25
26 25
34 33
34 32
35 33
35 32
35 31
36 31
36 32
36 33
37 33
37 32
37 31
27 34
28 34
30 34
31 34
32 34
26 24
27 24
26 23
27 23
28 23
28 22
27 22
26 22
25 22
25 21
26 21
27 21
28 21
29 21
25 20
26 20
27 20
28 20
29 20
25 19
26 19
27 19
28 19
29 19
25 18
26 18
27 18
28 18
29 18
27 17
28 17
29 17
26 17
25 17
25 16
26 16
26 15
25 15
25 14
26 14
0
No
0
Yes
26 48
25 48
25 49
26 49
25 47
26 47
27 47
27 48
27 49
27 46
26 46
25 46
25 45
26 45
27 45
28 45
28 46
28 47
28 48
28 49
29 46
29 47
0
Yes
3 1
3 2
3 3
4 3
4 2
4 1
5 1
5 2
5 3
5 0
4 0
3 0
2 0
2 1
2 2
2 3
1 3
1 2
1 1
1 0
0 3
0 2
0 1
0 0
6 0
6 1
6 2
6 3
0
Yes
0 11
1 11
1 12
0 12
0 13
1 13
2 13
3 13
3 12
3 11
4 11
4 12
5 12
5 11
5 10
6 11
6 10
7 11
7 10
7 9
6 9
7 8
6 8
5 8
4 8
4 7
5 7
6 7
7 7
8 7
9 7
10 7
11 7
12 7
12 6
11 6
10 6
9 6
8 6
7 6
6 6
5 6
4 6
4 5
5 5
6 5
7 5
8 5
9 5
10 5
11 5
12 5
4 4
5 4
6 4
7 4
8 4
9 4
10 4
11 4
12 4
7 3
8 3
9 3
10 3
11 3
12 3
13 3
13 4
14 4
15 4
16 4
17 4
16 3
17 3
18 3
19 3
17 2
18 2
19 2
17 1
18 1
19 1
7 2
8 2
9 2
10 2
11 2
12 2
13 2
14 2
7 1
8 1
9 1
10 1
11 1
12 1
13 1
14 1
15 1
7 0
8 0
9 0
10 0
11 0
12 0
13 0
14 0
15 0
16 0
17 0
18 0
19 0
1 14
0 14
1 15
0 15
1 16
0 16
0 17
0 18
1 18
1 19
0 19
0 20
1 20
2 20
2 21
1 21
0 21
2 22
1 22
0 22
20 0
20 1
20 2
20 3
0
Yes
34 19
35 19
35 20
34 20
35 18
34 18
35 17
34 17
35 16
34 16
35 15
34 15
34 14
35 21
34 21
34 22
34 23
34 24
33 24
33 23
33 22
33 21
33 20
33 19
33 18
33 17
33 16
33 15
33 14
32 24
32 23
32 22
32 21
32 20
32 19
32 18
32 17
32 16
32 15
32 14
31 24
31 23
31 22
31 21
31 20
31 19
31 18
31 17
31 16
31 15
31 14
30 23
30 22
30 21
30 20
30 19
30 18
30 17
30 16
30 15
30 14
29 16
29 15
29 14
28 16
28 15
0
No
0
No
0
No
0
Yes
47 26
47 25
46 25
46 24
47 24
47 23
46 23
46 22
45 22
45 23
48 23
48 24
48 25
48 26
49 23
49 24
49 25
0
Yes
19 1
19 2
19 3
18 3
18 2
18 1
17 1
17 2
17 3
17 0
18 0
19 0
20 0
20 1
20 2
20 3
21 3
21 2
21 1
21 0
0
Yes
49 39
49 40
49 41
49 42
48 41
48 40
48 39
47 41
47 40
47 39
46 41
46 40
46 39
45 41
45 40
45 39
44 41
44 40
44 39
43 41
43 40
43 39
43 38
44 38
45 38
46 38
47 38
48 38
49 38
49 37
48 37
47 37
46 37
45 37
44 37
43 37
43 36
44 36
45 36
46 36
47 36
48 36
49 36
43 35
44 35
45 35
46 35
47 35
48 35
49 35
44 34
45 34
46 34
47 34
48 34
49 34
42 35
42 36
42 37
42 38
0
Yes
1 32
1 31
2 31
2 32
3 32
4 32
0 31
0 32
0 33
1 33
2 33
3 33
4 33
5 33
5 34
4 34
3 34
2 34
1 34
0 34
0 35
1 35
2 35
3 35
4 35
5 35
5 36
4 36
3 36
2 36
1 36
1 37
2 37
3 37
4 37
0
Yes
49 1
48 1
48 0
49 0
0
Yes
24 49
24 48
24 47
24 46
24 45
24 44
24 43
24 42
24 41
23 41
23 42
23 43
23 44
23 45
23 46
23 47
23 48
23 49
22 49
22 48
22 47
22 46
22 45
22 44
22 43
22 42
22 41
21 41
21 42
21 43
21 44
21 45
21 46
21 47
21 48
21 49
20 49
20 48
20 47
20 46
20 45
20 44
20 43
20 42
20 41
19 41
19 42
19 43
19 44
19 45
19 46
19 47
19 48
19 49
18 49
18 48
18 47
18 46
18 45
18 44
18 43
18 42
18 41
17 41
17 42
17 43
17 44
17 45
17 46
17 47
17 48
17 49
16 49
16 48
16 47
16 46
16 45
16 44
16 43
16 42
16 41
15 41
15 42
15 43
15 44
15 45
15 46
15 47
15 48
15 49
14 49
14 48
14 47
14 46
14 45
14 44
14 43
14 42
14 41
13 41
13 42
13 43
13 44
13 45
13 46
13 47
13 48
13 49
0
Yes
11 42
12 42
12 41
11 41
10 41
10 42
10 43
11 43
12 43
0
Yes
35 9
35 8
34 8
34 9
0
Yes
49 49
49 48
49 47
49 46
49 45
48 45
48 46
48 47
48 48
48 49
47 46
47 47
47 48
47 49
46 46
46 47
46 48
46 49
45 46
45 47
45 48
45 49
0
Yes
49 29
49 30
48 30
48 29
48 28
49 28
49 27
48 27
47 27
47 28
47 29
1
345
11 2
11 3
11 4
11 5
12 5
12 4
12 3
12 2
13 4
13 3
13 2
14 2
12 6
11 6
10 6
10 5
10 4
10 3
10 2
9 2
9 3
9 4
9 5
9 6
8 6
8 5
8 4
8 3
8 2
7 2
7 3
7 4
7 5
7 6
6 4
6 5
6 6
12 7
11 7
10 7
9 7
8 7
7 7
6 7
7 1
8 1
9 1
10 1
11 1
12 1
13 1
14 1
7 0
8 0
9 0
10 0
11 0
12 0
13 0
14 0
Yes
46 37
46 38
46 39
46 40
46 41
47 41
47 40
47 39
47 38
47 37
48 41
48 40
48 39
48 38
48 37
45 41
45 40
45 39
45 38
45 37
44 41
44 40
44 39
44 38
44 37
43 41
43 40
43 39
43 38
43 37
43 36
44 36
45 36
46 36
47 36
48 36
49 36
49 37
49 38
49 39
49 40
49 41
49 42
49 43
49 44
48 44
48 43
47 43
47 44
42 36
42 37
42 38
42 39
42 40
42 41
42 42
41 42
41 41
41 40
41 39
41 38
41 37
41 36
40 36
40 37
40 38
40 39
40 40
40 41
40 42
40 43
39 43
39 42
39 41
39 40
39 39
39 38
39 37
39 36
38 41
38 40
38 39
38 38
38 37
38 36
37 41
37 40
37 39
37 38
37 37
37 36
40 35
39 35
38 35
37 35
42 35
43 35
44 35
45 35
46 35
47 35
48 35
49 35
44 34
45 34
46 34
47 34
48 34
49 34
48 33
47 33
46 33
45 33
48 32
47 32
46 32
45 32
48 31
47 31
46 31
45 31
47 30
46 30
45 30
46 29
45 29
46 28
45 28
45 27
44 27
44 28
44 29
44 30
44 31
44 32
43 32
43 31
43 30
43 29
43 28
43 27
42 32
42 31
42 30
42 29
42 28
42 27
0
Yes
0 35
1 35
1 36
1 37
2 37
2 36
2 35
3 35
3 36
3 37
4 37
4 36
4 35
5 35
5 36
5 37
5 34
4 34
3 34
2 34
1 34
0 34
5 33
4 33
3 33
2 33
1 33
0 33
4 32
3 32
2 32
1 32
0 32
2 31
1 31
1
313
0 21
0 22
1 22
1 21
2 21
2 22
2 23
2 20
1 20
0 20
3 20
3 21
3 22
3 23
3 24
4 24
4 23
4 22
4 21
4 20
5 24
5 23
5 22
5 21
5 20
6 24
6 23
6 22
6 21
6 20
7 23
7 22
7 21
7 20
8 23
8 22
8 21
8 20
8 19
7 19
6 19
5 19
4 19
3 19
6 18
7 18
Yes
16 34
15 34
15 35
16 35
14 35
13 35
12 35
12 36
13 36
14 36
15 36
16 36
11 36
10 36
10 37
11 37
12 37
13 37
14 37
15 37
16 37
10 38
11 38
12 38
13 38
14 38
15 38
16 38
10 39
11 39
12 39
13 39
14 39
15 39
16 39
10 40
11 40
12 40
13 40
14 40
15 40
16 40
17 40
17 39
17 38
17 37
17 36
17 35
17 34
18 40
18 39
18 38
18 37
18 36
18 35
18 34
19 40
19 39
19 38
19 37
19 36
19 35
19 34
20 40
20 39
20 38
20 37
20 36
20 35
20 34
20 33
19 33
18 33
17 33
19 32
18 32
0
No
0
Yes
24 30
24 31
23 31
23 32
24 32
24 33
23 33
22 33
21 33
21 34
22 34
23 34
24 34
21 35
22 35
23 35
24 35
21 36
22 36
23 36
24 36
21 37
22 37
23 37
24 37
21 38
22 38
23 38
24 38
21 39
22 39
23 39
24 39
24 40
23 40
22 40
21 40
25 39
25 38
25 37
25 36
25 35
25 34
25 33
25 32
25 31
25 30
26 30
26 31
26 32
26 33
26 34
26 35
26 36
26 37
26 38
26 39
1
357
7 0
7 1
7 2
7 3
7 4
7 5
8 5
8 4
8 3
8 2
8 1
8 0
9 0
9 1
9 2
9 3
9 4
9 5
10 5
10 4
10 3
10 2
10 1
10 0
11 0
11 1
11 2
11 3
11 4
11 5
12 5
12 4
12 3
12 2
12 1
12 0
13 4
13 3
13 2
13 1
13 0
14 2
14 1
14 0
15 1
15 0
12 6
11 6
10 6
9 6
8 6
7 6
12 7
11 7
10 7
9 7
8 7
Yes
0 49
1 49
2 49
3 49
4 49
5 49
6 49
7 49
7 48
6 48
5 48
4 48
3 48
2 48
1 48
0 48
6 47
5 47
4 47
3 47
2 47
1 47
0 47
4 46
3 46
2 46
1 46
0 46
8 48
8 49
9 49
10 49
10 48
10 47
11 47
11 48
11 49
11 46
11 45
11 44
11 43
10 43
9 43
8 43
7 43
6 43
5 43
5 42
6 42
7 42
8 42
9 42
10 42
11 42
12 42
12 43
12 44
12 45
12 46
12 47
12 48
12 49
12 41
11 41
10 41
9 41
8 41
7 41
6 41
8 40
7 40
6 40
5 40
6 39
5 39
6 38
5 38
4 38
4 39
3 39
3 38
10 40
11 40
12 40
2 45
4 45
0
Yes
17 20
16 20
16 21
17 21
16 22
17 22
16 23
17 23
16 24
17 24
16 25
17 25
16 26
17 26
16 27
17 27
16 28
17 28
17 29
18 29
18 28
18 27
18 26
18 25
18 24
18 23
18 22
18 21
18 20
19 29
19 28
19 27
19 26
19 25
19 24
19 23
19 22
19 21
19 20
20 29
20 28
20 27
20 26
20 25
20 24
20 23
20 22
20 21
20 20
17 19
18 19
19 19
20 19
21 28
21 27
21 26
21 25
21 24
21 23
21 22
21 21
21 20
21 19
22 28
22 27
22 26
22 25
22 24
22 23
22 22
22 21
22 20
22 19
23 26
23 25
23 24
23 23
23 22
23 21
23 20
0
Yes
25 45
25 46
25 47
25 48
25 49
26 45
26 46
26 47
26 48
26 49
27 45
27 46
27 47
27 48
27 49
28 45
28 46
28 47
28 48
28 49
29 46
29 47
29 48
29 49
30 47
30 48
1
359
6 4
5 4
4 4
4 5
5 5
6 5
4 6
5 6
6 6
4 7
5 7
6 7
4 8
5 8
6 8
6 9
7 9
7 8
7 7
7 6
7 5
7 4
7 3
7 2
7 1
7 0
8 7
8 6
8 5
8 4
8 3
8 2
8 1
8 0
9 7
9 6
9 5
9 4
9 3
9 2
9 1
9 0
10 7
10 6
10 5
10 4
10 3
10 2
10 1
10 0
11 7
11 6
11 5
11 4
11 3
11 2
11 1
11 0
12 7
12 6
12 5
12 4
12 3
12 2
12 1
12 0
13 4
13 3
13 2
13 1
13 0
14 2
14 1
14 0
15 1
15 0
7 10
6 10
6 11
7 11
Yes
38 27
38 28
38 29
38 30
39 27
39 28
39 29
39 30
39 31
38 31
37 31
36 31
35 31
35 32
36 32
37 32
38 32
39 32
40 32
40 31
40 30
40 29
40 28
40 27
41 31
41 30
41 29
41 28
41 27
40 33
39 33
38 33
37 33
36 33
35 33
39 34
38 34
37 34
36 34
35 34
36 35
35 35
36 36
35 36
36 37
35 37
36 38
35 38
34 32
34 33
34 34
34 35
34 36
34 37
34 38
33 38
33 37
33 36
33 35
33 34
33 33
33 32
33 31
32 34
32 33
32 32
32 31
32 30
31 34
31 33
31 32
31 31
31 30
31 29
32 29
33 29
33 28
32 28
31 28
33 27
32 27
31 27
30 34
30 33
30 32
30 31
30 30
30 29
30 28
30 27
36 39
35 39
34 39
33 39
33 40
34 40
35 40
35 41
34 41
41 26
40 26
30 26
31 26
32 26
32 25
31 25
31 24
32 24
33 24
34 24
34 23
33 23
32 23
31 23
30 23
30 22
31 22
32 22
33 22
34 22
29 33
29 32
29 31
29 30
29 29
29 28
29 27
29 26
29 25
28 25
28 26
28 27
28 28
28 29
28 30
28 31
28 32
28 33
37 27
27 28
27 27
27 26
27 25
27 24
26 25
26 24
0
Yes
28 1
28 0
29 0
29 1
29 2
28 2
27 2
26 2
25 2
25 3
26 3
27 3
28 3
29 3
29 4
28 4
27 4
26 4
25 4
25 5
26 5
27 5
28 5
29 5
29 6
28 6
27 6
26 6
25 6
25 7
26 7
27 7
28 7
29 7
29 8
28 8
27 8
26 8
25 8
25 9
26 9
27 9
28 9
29 9
29 10
28 10
27 10
26 10
25 10
25 11
26 11
27 11
28 11
29 11
25 12
26 12
27 12
28 12
29 12
27 13
28 13
29 13
26 13
25 13
30 13
30 12
30 11
30 10
30 9
30 8
30 7
30 6
30 5
30 4
30 3
30 2
30 1
30 0
31 0
31 1
31 2
31 3
31 4
31 5
31 6
31 7
31 8
31 9
31 10
31 11
31 12
31 13
32 13
32 12
32 11
32 10
32 9
32 8
32 7
32 6
32 5
32 4
32 3
32 2
32 1
32 0
33 11
33 10
33 9
33 8
33 7
33 6
33 5
33 4
33 3
33 2
33 1
33 0
34 6
34 5
34 4
34 3
34 2
34 1
34 0
35 5
35 4
35 3
35 2
35 1
35 0
36 4
36 3
36 2
36 1
36 0
24 10
24 9
24 8
24 7
24 6
24 5
0
Yes
27 36
27 35
27 34
27 33
27 32
26 32
26 33
26 34
26 35
26 36
26 31
26 30
25 30
25 31
25 32
25 33
25 34
25 35
25 36
24 30
24 31
24 32
24 33
24 34
24 35
24 36
23 31
23 32
23 33
23 34
23 35
23 36
22 33
22 34
22 35
22 36
21 33
21 34
21 35
21 36
20 33
20 34
20 35
20 36
26 37
25 37
24 37
23 37
22 37
21 37
20 37
26 38
25 38
24 38
23 38
22 38
21 38
20 38
26 39
25 39
24 39
23 39
22 39
21 39
20 39
24 40
23 40
22 40
21 40
20 40
0
Yes
12 13
12 14
13 14
13 13
14 13
14 14
14 15
14 16
15 16
15 15
15 14
15 13
16 13
16 14
16 15
16 16
16 17
16 18
17 18
17 17
17 16
17 15
17 14
17 13
18 13
18 14
18 15
18 16
18 17
18 18
19 18
19 17
19 16
19 15
19 14
19 13
20 13
20 14
20 15
20 16
20 17
20 18
21 14
21 13
21 15
21 16
21 17
21 18
21 12
20 12
19 12
18 12
17 12
16 12
15 12
14 12
13 12
12 12
21 11
20 11
19 11
18 11
17 11
16 11
15 11
14 11
13 11
12 11
11 11
11 12
11 13
11 14
11 15
10 15
10 14
10 13
10 12
10 11
9 14
9 15
9 13
9 12
9 11
8 13
8 12
8 11
9 16
10 16
10 17
9 17
8 10
9 10
10 10
11 10
12 10
13 10
14 10
15 10
16 10
17 10
18 10
19 10
20 10
21 10
17 9
16 9
15 9
15 8
16 8
19 9
20 9
21 9
19 8
20 8
21 8
13 9
12 9
11 9
10 9
9 9
8 9
8 8
9 8
10 8
11 8
12 8
13 8
0
No
0
Yes
14 35
13 35
12 35
12 36
13 36
14 36
11 36
11 37
12 37
13 37
14 37
14 38
13 38
12 38
11 38
11 39
12 39
13 39
14 39
13 40
14 40
15 40
15 39
15 38
15 37
15 36
15 35
16 40
16 39
16 38
16 37
16 36
16 35
17 40
17 39
17 38
17 37
17 36
17 35
10 39
10 38
10 37
10 36
18 40
18 39
18 38
18 37
18 36
18 35
19 40
19 39
19 38
19 37
19 36
0
No
0
No
0
Yes
16 22
16 23
16 24
16 25
16 21
16 20
17 20
17 21
17 22
17 23
17 24
17 25
17 19
18 19
18 20
18 21
18 22
18 23
18 24
18 25
19 19
19 20
19 21
19 22
19 23
19 24
19 25
20 19
20 20
20 21
20 22
20 23
20 24
20 25
21 19
21 20
21 21
21 22
21 23
21 24
21 25
22 25
22 24
22 23
22 22
22 21
22 20
22 19
22 18
22 17
23 17
23 18
23 19
23 20
23 21
23 22
23 23
23 24
23 25
24 25
24 24
24 23
24 22
24 21
24 20
24 19
24 18
24 17
25 25
25 24
25 23
25 22
25 21
25 20
25 19
25 18
25 17
26 23
26 22
26 21
26 20
26 19
26 18
26 17
27 17
27 18
27 19
27 20
27 21
27 22
27 23
28 23
28 22
28 21
28 20
28 19
28 18
28 17
29 21
29 20
29 19
29 18
29 17
23 26
22 26
21 26
20 26
19 26
18 26
17 26
16 26
22 16
23 16
24 16
25 16
26 16
26 15
25 15
24 15
24 14
25 14
26 14
16 27
17 27
18 27
19 27
20 27
21 27
22 27
22 28
21 28
20 28
19 28
18 28
17 28
16 28
17 29
18 29
19 29
0
No
0
Yes
15 48
15 49
16 49
16 48
17 48
17 49
18 49
18 48
19 48
19 49
20 49
20 48
21 48
21 49
22 49
22 48
22 47
21 47
20 47
19 47
18 47
17 47
16 47
15 47
15 46
16 46
17 46
18 46
19 46
20 46
21 46
22 46
22 45
21 45
20 45
19 45
18 45
17 45
16 45
15 45
15 44
16 44
17 44
18 44
19 44
20 44
21 44
22 44
22 43
21 43
20 43
19 43
18 43
17 43
16 43
15 43
15 42
16 42
17 42
18 42
19 42
20 42
21 42
22 42
19 41
18 41
17 41
16 41
15 41
20 41
21 41
22 41
14 41
14 42
14 43
14 44
14 45
14 46
14 47
14 48
14 49
23 41
23 42
23 43
23 44
23 45
23 46
23 47
23 48
23 49
24 49
24 48
24 47
24 46
24 45
24 44
24 43
24 42
24 41
0
No
0
No
0
No
0
Yes
22 33
21 33
20 33
20 34
21 34
22 34
22 35
21 35
20 35
20 36
21 36
22 36
20 37
21 37
22 37
20 38
21 38
22 38
23 38
23 37
23 36
23 35
23 34
23 33
24 33
24 34
24 35
24 36
24 37
24 38
25 38
25 37
25 36
25 35
25 34
25 33
26 37
26 38
26 36
26 35
26 34
26 33
27 36
27 35
27 34
27 33
27 32
26 32
25 32
24 32
23 32
23 31
24 31
25 31
26 31
26 30
25 30
24 30
26 39
25 39
24 39
23 39
22 39
21 39
0
Yes
5 20
5 19
6 19
6 20
6 18
7 18
7 19
7 20
8 19
8 20
8 21
7 21
6 21
5 21
8 22
7 22
6 22
5 22
8 23
7 23
6 23
5 23
6 24
5 24
4 24
4 23
4 22
4 21
4 20
4 19
3 19
3 20
3 21
3 22
0
Yes
35 18
35 19
35 20
35 21
34 21
34 20
34 19
34 18
33 21
33 20
33 19
33 18
32 21
32 20
32 19
32 18
31 21
31 20
31 19
31 18
35 17
34 17
33 17
32 17
31 17
35 16
34 16
33 16
32 16
31 16
35 15
34 15
33 15
32 15
31 15
30 21
30 20
30 19
30 18
30 17
30 16
0
Yes
29 14
30 14
28 14
30 15
29 15
28 15
28 16
29 16
0
Yes
42 5
43 5
43 6
42 6
43 7
42 7
42 8
43 8
41 7
41 6
41 5
0
Yes
12 25
12 26
12 27
12 28
13 27
13 26
13 25
14 27
14 26
14 25
15 26
15 25
15 24
14 24
13 24
12 24
14 23
13 23
12 23
13 22
12 22
12 29
13 29
13 30
12 30
12 31
13 31
8 24
4 27
4 26
11 31
11 30
11 29
11 28
11 27
11 26
11 25
11 24
11 23
11 22
12 21
11 21
10 30
10 29
10 28
10 27
10 26
10 25
10 24
10 23
10 22
10 21
10 20
9 20
9 21
9 22
9 23
9 24
9 25
9 26
9 27
9 28
9 29
9 30
8 26
8 27
8 28
8 29
8 30
8 31
8 32
8 33
7 26
7 27
7 28
7 29
7 30
7 31
7 32
7 33
7 34
6 34
6 33
6 32
6 31
6 30
6 29
6 28
6 27
6 26
5 32
5 31
5 30
5 29
5 28
5 27
5 26
0
Yes
24 30
25 30
26 30
26 31
25 31
24 31
23 31
23 32
24 32
25 32
26 32
27 32
27 33
26 33
25 33
24 33
23 33
22 33
21 33
20 33
27 34
26 34
25 34
24 34
23 34
22 34
21 34
20 34
27 35
26 35
25 35
24 35
23 35
22 35
21 35
20 35
19 35
19 34
19 33
19 32
27 36
26 36
25 36
24 36
23 36
22 36
21 36
20 36
20 37
21 37
22 37
23 37
24 37
25 37
26 37
26 38
25 38
24 38
23 38
22 38
21 38
20 38
26 39
25 39
24 39
23 39
22 39
21 39
20 39
20 40
21 40
22 40
23 40
24 40
18 34
18 33
18 32
18 31
17 31
17 32
17 33
0
No
0
Yes
11 47
10 47
10 48
11 48
11 46
11 45
12 45
12 46
12 47
12 48
12 49
11 49
10 49
9 49
8 49
8 48
7 48
7 49
6 49
6 48
6 47
5 47
5 48
5 49
4 49
4 48
4 47
4 46
3 46
3 47
3 48
3 49
2 46
2 47
2 48
2 49
1 46
1 47
1 48
1 49
0 46
0 47
0 48
0 49
13 49
13 48
13 47
13 46
13 45
13 44
12 44
11 44
13 43
12 43
11 43
0
No
0
No
0
No
0
Yes
1 21
1 22
2 22
2 21
2 20
1 20
1 19
1 18
0 22
0 21
0 20
0 19
0 18
0 17
0 16
1 16
1 15
0 15
1 14
0 14
0 13
1 13
2 13
3 13
3 12
3 11
4 11
4 12
5 12
5 11
5 10
6 11
6 10
7 11
7 10
1 12
0 12
1 11
0 11
7 9
6 9
7 8
6 8
5 8
4 8
4 7
5 7
6 7
7 7
8 7
9 7
10 7
11 7
12 7
12 6
11 6
10 6
9 6
8 6
7 6
6 6
5 6
4 6
4 5
5 5
6 5
7 5
8 5
9 5
10 5
11 5
12 5
4 4
5 4
6 4
7 4
8 4
9 4
10 4
11 4
12 4
13 4
14 4
15 4
16 4
17 4
16 3
17 3
18 3
19 3
17 2
18 2
19 2
17 1
18 1
19 1
13 3
12 3
11 3
10 3
9 3
8 3
7 3
7 2
8 2
9 2
10 2
11 2
12 2
13 2
14 2
7 1
8 1
9 1
10 1
11 1
12 1
13 1
14 1
15 1
7 0
8 0
9 0
10 0
11 0
12 0
13 0
14 0
15 0
16 0
17 0
18 0
0
Yes
16 27
16 28
16 26
16 25
17 25
17 26
17 27
17 28
17 29
18 29
18 28
18 27
18 26
18 25
19 29
19 28
19 27
19 26
19 25
20 29
20 28
20 27
20 26
20 25
21 28
21 27
21 26
21 25
22 28
22 27
22 26
22 25
23 26
23 25
24 25
25 25
25 24
24 24
23 24
22 24
21 24
20 24
19 24
18 24
17 24
16 24
16 23
17 23
18 23
19 23
20 23
21 23
22 23
23 23
24 23
25 23
26 23
27 23
28 23
28 22
27 22
26 22
25 22
24 22
23 22
22 22
21 22
20 22
19 22
18 22
17 22
16 22
16 21
17 21
18 21
19 21
20 21
21 21
22 21
23 21
24 21
25 21
26 21
27 21
28 21
29 21
16 20
17 20
18 20
19 20
20 20
21 20
22 20
23 20
24 20
25 20
26 20
27 20
28 20
29 20
17 19
18 19
19 19
20 19
21 19
22 19
23 19
24 19
25 19
26 19
27 19
28 19
29 19
29 18
28 18
27 18
26 18
25 18
24 18
23 18
22 18
29 17
28 17
27 17
26 17
25 17
24 17
23 17
0
No
0
No
0
No
0
Yes
39 0
39 1
39 2
39 3
40 3
40 2
40 1
40 0
38 3
38 2
38 1
38 0
37 3
37 2
37 1
37 0
0
No
0
No
0
Yes
10 0
10 1
10 2
10 3
11 3
11 2
11 1
11 0
12 0
12 1
12 2
12 3
9 3
9 2
9 1
9 0
8 0
8 1
8 2
8 3
7 3
7 2
7 1
7 0
13 3
13 2
13 1
13 0
0
No
0
Yes
10 4
11 4
9 4
8 4
7 4
6 4
5 4
4 4
4 5
5 5
6 5
7 5
8 5
9 5
10 5
11 5
4 6
5 6
6 6
7 6
8 6
9 6
10 6
11 6
4 7
5 7
6 7
7 7
8 7
9 7
10 7
11 7
4 8
5 8
6 8
7 8
8 8
9 8
10 8
11 8
6 9
7 9
8 9
9 9
10 9
11 9
11 10
10 10
9 10
8 10
7 10
6 10
5 10
6 11
7 11
8 11
9 11
10 11
11 11
5 11
5 12
4 12
4 11
3 11
3 12
14 13
3 10
8 12
9 12
10 12
11 12
8 13
9 13
10 13
11 13
9 14
10 14
11 14
11 15
10 15
9 15
9 16
10 16
10 17
9 17
12 14
12 13
12 12
12 11
12 10
12 9
12 8
12 7
12 6
12 5
12 4
11 17
14 14
14 12
13 8
13 9
13 10
13 11
13 12
13 13
13 14
14 10
14 11
0
No
0
Yes
23 16
24 16
25 16
26 16
26 15
25 15
24 15
24 14
25 14
26 14
22 16
22 15
22 17
21 17
21 16
21 15
21 18
20 18
20 17
20 16
20 15
19 18
19 17
19 16
19 15
18 18
18 17
18 16
18 15
17 18
17 17
17 16
17 15
16 18
16 17
16 16
16 15
15 16
15 15
14 15
14 16
15 14
16 14
17 14
18 14
19 14
20 14
21 14
21 13
20 13
19 13
18 13
17 13
16 13
15 13
15 12
16 12
17 12
18 12
19 12
20 12
21 12
21 11
20 11
19 11
18 11
17 11
16 11
15 11
15 10
16 10
17 10
18 10
19 10
20 10
21 10
17 9
16 9
15 9
15 8
16 8
19 9
20 9
21 9
22 9
23 9
23 8
22 8
23 7
22 7
23 6
22 6
23 5
22 5
21 8
21 7
20 8
19 8
21 6
21 5
0
Yes
0 12
1 12
1 13
0 13
1 11
0 11
1 14
0 14
1 15
0 15
0
Yes
41 4
40 4
39 4
39 5
40 5
41 5
39 6
40 6
41 6
0
Yes
8 42
8 43
9 43
9 42
10 43
10 42
11 42
12 42
13 42
13 41
12 41
11 41
10 41
9 41
8 41
8 40
7 40
7 41
7 42
7 43
10 40
11 40
12 40
13 40
14 40
15 40
10 39
11 39
12 39
13 39
14 39
15 39
10 38
11 38
12 38
13 38
14 38
15 38
10 37
11 37
12 37
13 37
14 37
15 37
10 36
11 36
12 36
13 36
14 36
15 36
12 35
13 35
14 35
15 35
15 34
16 34
16 35
16 36
16 37
16 38
16 39
16 40
17 34
17 35
17 36
17 37
17 38
17 39
17 40
18 35
18 36
18 37
18 38
18 39
18 40
19 40
19 39
19 38
19 37
0
Yes
14 1
14 2
15 1
15 0
14 0
16 0
17 0
17 1
17 2
17 3
16 3
16 4
17 4
17 5
15 4
14 4
14 5
13 4
13 3
13 2
13 1
13 0
12 3
12 2
12 1
12 0
11 3
11 2
11 1
11 0
10 3
10 2
10 1
10 0
9 3
9 2
9 1
9 0
8 3
8 2
8 1
8 0
18 3
18 2
18 1
18 0
19 3
19 2
19 1
19 0
20 0
20 1
20 2
20 3
20 4
20 5
20 6
19 6
7 3
7 2
7 1
7 0
21 4
21 3
21 2
21 1
21 0
22 1
22 2
22 3
22 4
22 0
23 0
23 2
23 3
23 4
24 4
24 3
0
No
0
Yes
1 20
1 21
1 22
0 22
0 21
0 20
2 22
2 21
2 20
0
No
0
No
0
No
0
Yes
1 19
1 18
0 18
0 19
0
Yes
49 7
49 8
49 9
48 9
48 8
48 7
48 10
47 10
47 9
47 8
47 7
46 10
46 9
46 8
46 7
45 9
45 8
45 7
45 6
46 6
47 6
48 6
49 6
49 5
48 5
47 5
46 5
45 5
45 4
46 4
47 4
48 4
49 4
46 3
47 3
48 3
49 3
0
Yes
10 48
10 47
11 47
11 48
11 46
11 45
11 44
12 44
12 45
12 46
12 47
12 48
13 48
13 47
13 46
13 45
13 44
13 43
12 43
11 43
10 43
9 43
8 43
7 43
6 43
5 43
5 42
6 42
7 42
8 42
9 42
10 42
11 42
12 42
13 42
13 49
12 49
11 49
10 49
9 49
8 49
8 48
7 48
7 49
6 49
6 48
6 47
5 47
5 48
5 49
4 49
4 48
4 47
4 46
3 46
3 47
3 48
3 49
2 46
2 47
2 48
2 49
1 46
1 47
1 48
1 49
0 46
0 47
0 48
0 49
13 41
12 41
11 41
10 41
9 41
8 41
7 41
6 41
8 40
7 40
6 40
5 40
6 39
5 39
6 38
5 38
4 38
4 39
3 39
3 38
0
Yes
11 40
10 40
10 39
11 39
10 38
11 38
10 37
11 37
10 36
11 36
12 40
12 39
12 38
12 37
12 36
0
Yes
26 24
27 24
26 25
27 25
27 26
27 27
27 28
28 25
28 26
28 27
28 28
29 25
29 26
29 27
29 28
30 26
30 27
30 28
28 29
29 29
30 29
28 30
29 30
30 30
28 31
29 31
30 31
28 32
29 32
30 32
28 33
29 33
30 33
30 34
31 34
31 33
31 32
31 31
31 30
31 29
31 28
31 27
31 26
32 26
32 27
32 28
32 29
32 30
32 31
32 32
32 33
32 34
33 31
33 32
33 33
33 34
33 29
33 28
33 27
33 35
33 36
33 37
33 38
33 39
33 40
34 32
34 33
34 34
34 35
34 36
34 37
34 38
34 39
34 40
34 41
35 41
35 40
35 39
35 38
35 37
35 36
35 35
35 34
35 33
35 32
35 31
36 39
36 38
36 37
36 36
36 35
36 34
36 33
36 32
36 31
0
Yes
18 28
18 29
17 29
17 28
16 28
16 27
17 27
18 27
16 26
17 26
18 26
16 25
17 25
18 25
16 24
17 24
18 24
16 23
17 23
18 23
16 22
17 22
18 22
16 21
17 21
18 21
16 20
17 20
18 20
17 19
18 19
19 19
19 20
19 21
19 22
19 23
19 24
19 25
19 26
19 27
19 28
19 29
20 29
20 28
20 27
20 26
20 25
20 24
20 23
20 22
20 21
20 20
20 19
21 19
21 20
21 21
21 22
21 23
21 24
21 25
21 26
21 27
21 28
22 28
22 27
22 26
22 25
22 24
22 23
22 22
22 21
22 20
22 19
23 26
23 25
23 24
23 23
23 22
23 21
23 20
23 19
24 25
24 24
24 23
24 22
24 21
24 20
0
Yes
47 2
48 2
48 1
47 1
47 0
48 0
49 2
49 1
49 0
0
Yes
17 34
16 34
15 34
15 35
16 35
17 35
18 35
14 35
14 36
15 36
16 36
17 36
18 36
19 36
19 37
18 37
17 37
16 37
15 37
14 37
13 35
13 36
13 37
13 38
14 38
15 38
16 38
17 38
18 38
19 38
19 39
18 39
17 39
16 39
15 39
14 39
13 39
0
Yes
44 31
45 31
46 31
47 31
48 31
48 30
47 30
46 30
45 30
44 30
49 30
49 29
48 29
47 29
46 29
45 29
44 29
46 28
47 28
48 28
49 28
45 28
44 28
45 27
44 27
47 27
48 27
49 27
43 27
43 28
43 29
43 30
43 31
42 27
42 28
42 29
42 30
42 31
41 31
41 30
41 29
41 28
41 27
41 26
40 26
40 27
40 28
40 29
40 30
40 31
39 27
39 28
39 29
39 30
39 31
38 27
38 28
38 29
38 30
38 31
37 31
42 32
43 32
44 32
45 32
46 32
47 32
48 32
48 33
47 33
46 33
45 33
37 32
38 32
39 32
40 32
40 33
39 33
38 33
37 33
0
No
0
No
0
No
0
Yes
21 13
21 14
21 12
21 11
21 10
20 10
20 11
20 12
20 13
20 14
20 15
21 15
21 16
20 16
19 16
19 15
19 14
19 13
19 12
19 11
19 10
18 10
18 11
18 12
18 13
18 14
18 15
18 16
17 16
17 15
17 14
17 13
17 12
17 11
17 10
16 10
16 11
16 12
16 13
16 14
16 15
16 16
15 16
15 15
15 14
15 13
15 12
15 11
15 10
0
Yes
41 2
42 2
42 1
41 1
42 0
41 0
40 0
40 1
40 2
39 2
39 1
39 0
38 0
38 1
38 2
37 2
37 1
37 0
37 3
38 3
39 3
0
Yes
47 18
48 18
48 19
49 19
49 18
49 17
48 17
47 17
46 17
45 17
45 16
46 16
47 16
48 16
49 16
49 15
48 15
47 15
46 15
45 15
48 14
49 14
47 14
46 14
45 14
45 13
46 13
47 13
45 12
46 12
47 12
44 14
44 15
44 16
44 17
44 18
43 14
43 15
43 16
43 17
43 18
43 19
43 20
42 14
42 15
42 16
42 17
42 18
42 19
42 20
42 21
43 21
44 21
41 21
41 20
41 19
41 18
41 17
41 16
41 15
41 14
41 13
41 12
40 12
40 13
40 14
40 15
40 16
40 17
40 18
40 19
40 20
40 21
39 15
39 16
39 17
39 18
39 19
39 20
39 21
38 21
38 20
38 19
38 18
38 17
38 16
38 15
38 14
37 14
37 15
37 16
37 17
37 18
37 19
37 20
37 21
36 14
36 15
36 16
36 17
36 18
36 19
36 20
36 21
44 22
43 22
42 22
41 22
40 22
39 22
38 22
37 22
36 22
42 23
41 23
40 23
39 23
38 23
37 23
0
Yes
47 40
47 41
48 41
48 40
46 41
46 40
45 41
45 40
45 39
46 39
47 39
48 39
49 39
49 40
49 41
49 38
48 38
47 38
46 38
45 38
45 37
46 37
47 37
48 37
49 37
49 36
48 36
47 36
46 36
0
Yes
18 49
19 49
20 49
21 49
22 49
22 48
21 48
20 48
19 48
18 48
18 47
19 47
20 47
21 47
22 47
22 46
21 46
20 46
19 46
18 46
18 45
19 45
20 45
21 45
22 45
22 44
21 44
20 44
19 44
18 44
18 43
19 43
20 43
21 43
22 43
22 42
21 42
20 42
19 42
18 42
20 41
21 41
22 41
19 41
18 41
17 41
17 42
17 43
17 44
17 45
17 46
17 47
17 48
17 49
16 49
16 48
16 47
16 46
16 45
16 44
16 43
16 42
16 41
15 41
15 42
15 43
15 44
15 45
15 46
15 47
15 48
15 49
14 49
14 48
14 47
14 46
14 45
14 44
14 43
14 42
14 41
14 40
15 40
16 40
17 40
18 40
19 40
23 41
23 42
23 43
23 44
23 45
23 46
23 47
23 48
23 49
24 41
24 42
24 43
24 44
24 45
24 46
24 47
24 48
24 49
25 43
25 42
25 45
25 46
25 47
25 48
25 49
26 45
26 46
26 47
26 48
26 49
27 45
27 46
27 47
27 48
27 49
28 45
28 46
28 47
28 48
28 49
29 46
29 47
29 48
29 49
26 43
1
421
49 3
48 3
47 3
46 3
46 4
47 4
48 4
49 4
49 5
48 5
47 5
46 5
46 6
47 6
48 6
49 6
49 7
48 7
47 7
46 7
46 8
47 8
48 8
49 8
49 9
48 9
47 9
46 9
48 10
47 10
46 10
46 11
47 11
45 4
45 5
45 6
45 7
45 8
45 9
44 9
44 8
44 7
44 6
44 5
43 5
43 6
43 7
43 8
44 10
Yes
16 4
17 4
16 3
17 3
15 4
14 4
13 4
13 3
12 3
11 3
10 3
18 3
19 3
17 2
18 2
19 2
17 1
18 1
19 1
20 1
20 2
20 3
20 4
20 5
20 6
20 0
19 0
18 0
17 0
16 0
15 0
15 1
14 1
14 0
14 2
13 2
13 1
13 0
12 2
12 1
12 0
11 2
11 1
11 0
10 2
10 1
10 0
9 3
9 2
9 1
9 0
8 3
8 2
8 1
8 0
7 3
7 2
7 1
7 0
21 0
21 1
21 2
21 3
21 4
21 5
21 6
21 7
22 1
22 0
22 2
22 3
22 4
22 5
22 6
22 7
23 2
23 3
23 4
23 5
23 6
23 7
24 4
24 3
23 8
22 8
21 8
20 8
19 8
19 9
20 9
20 10
19 10
18 10
18 11
19 11
20 11
17 11
17 10
17 9
16 9
16 10
16 11
16 8
15 8
15 9
15 10
15 11
21 9
21 10
21 11
22 9
23 9
21 12
20 12
19 12
18 12
17 12
16 12
15 12
15 13
16 13
17 13
18 13
19 13
20 13
21 13
0
Yes
42 48
42 49
43 49
43 48
43 47
44 47
44 48
1
426
44 14
43 14
42 14
42 15
43 15
44 15
44 16
43 16
42 16
42 17
43 17
44 17
44 18
43 18
42 18
43 19
42 19
43 20
42 20
45 17
45 16
45 15
45 14
45 13
45 12
46 12
46 13
46 14
46 15
46 16
46 17
47 12
47 13
47 14
47 15
47 16
47 17
47 18
48 14
48 15
48 16
48 17
48 18
48 19
49 19
49 18
49 17
49 16
49 15
49 14
42 21
43 21
44 21
44 22
43 22
42 22
45 22
46 22
41 22
41 21
41 20
41 19
41 18
41 17
41 16
41 15
41 14
41 13
41 12
40 12
40 13
40 14
40 15
40 16
40 17
40 18
40 19
40 20
40 21
40 22
39 15
39 16
39 17
39 18
39 19
39 20
39 21
39 22
45 23
46 23
42 23
41 23
40 23
39 23
38 23
38 22
38 21
38 20
38 19
38 18
38 17
38 16
38 15
38 14
37 14
37 15
37 16
37 17
37 18
37 19
37 20
37 21
37 22
37 23
36 14
36 15
36 16
36 17
36 18
36 19
36 20
36 21
36 22
36 23
35 23
35 22
Yes
29 1
28 1
28 0
29 0
30 0
30 1
30 2
29 2
28 2
27 2
26 2
26 3
27 3
28 3
29 3
30 3
30 4
29 4
28 4
27 4
26 4
26 5
27 5
28 5
29 5
30 5
30 6
29 6
28 6
27 6
26 6
26 7
27 7
28 7
29 7
30 7
30 8
29 8
28 8
27 8
26 8
26 9
27 9
28 9
29 9
30 9
30 10
29 10
28 10
27 10
26 10
26 11
27 11
28 11
29 11
30 11
31 11
31 10
31 9
31 8
31 7
31 6
31 5
31 4
31 3
31 2
31 1
31 0
32 0
32 1
32 2
32 3
32 4
32 5
32 6
32 7
32 8
32 9
32 10
32 11
33 11
33 10
33 9
33 8
33 7
33 6
33 5
33 4
33 3
33 2
33 1
33 0
34 6
34 5
34 4
34 3
34 2
34 1
34 0
35 5
35 4
35 3
35 2
35 1
35 0
36 4
36 3
36 2
36 1
36 0
0
Yes
7 3
8 3
9 3
10 3
11 3
12 3
13 3
7 2
8 2
9 2
10 2
11 2
12 2
13 2
7 1
8 1
9 1
10 1
11 1
12 1
13 1
7 0
8 0
9 0
10 0
11 0
12 0
13 0
0
No
0
Yes
30 48
30 47
31 47
31 48
30 49
31 49
32 49
32 48
32 47
0
Yes
18 28
18 29
17 29
17 28
19 29
19 28
20 29
20 28
20 27
19 27
18 27
17 27
17 26
18 26
19 26
20 26
20 25
19 25
18 25
17 25
16 28
16 27
16 26
16 25
21 28
21 27
21 26
21 25
0
Yes
37 41
38 41
37 40
38 40
37 39
38 39
37 38
38 38
37 37
38 37
37 36
38 36
37 35
38 35
37 34
38 34
39 34
39 35
39 36
39 37
39 38
39 39
39 40
39 41
40 35
40 36
40 37
40 38
40 39
40 40
40 41
39 42
40 42
40 43
39 43
41 42
41 41
41 40
41 39
41 38
41 37
41 36
42 42
42 41
42 40
42 39
42 38
42 37
42 36
42 35
43 35
43 36
43 37
43 38
43 39
43 40
43 41
44 41
44 40
44 39
44 38
44 37
44 36
44 35
44 34
45 36
45 35
45 34
46 34
46 35
47 35
47 34
48 34
0
Yes
48 6
48 7
48 8
48 9
48 10
49 9
49 8
49 7
49 6
49 5
48 5
48 4
49 4
49 3
48 3
47 3
47 4
47 5
47 6
47 7
47 8
47 9
47 10
46 3
46 4
46 5
46 6
46 7
46 8
46 9
46 10
45 4
45 5
45 6
45 7
45 8
45 9
44 9
44 8
44 7
44 6
0
Yes
19 24
20 24
21 24
18 24
17 24
16 24
16 23
17 23
18 23
19 23
20 23
21 23
16 22
17 22
18 22
19 22
20 22
21 22
16 21
17 21
18 21
19 21
20 21
21 21
22 21
22 22
22 23
22 24
16 20
17 20
18 20
19 20
20 20
21 20
0
Yes
26 47
26 48
26 49
27 49
27 48
27 47
28 47
28 48
28 49
29 49
29 48
29 47
29 46
28 46
27 46
26 46
28 45
27 45
26 45
25 45
25 46
25 47
25 48
25 49
30 47
30 48
30 49
24 49
24 48
24 47
24 46
24 45
0
Yes
35 15
35 16
35 17
35 18
35 19
35 20
35 21
34 21
34 20
34 19
34 18
34 17
34 16
34 15
34 14
33 14
33 15
33 16
33 17
33 18
33 19
33 20
33 21
34 22
33 22
34 23
33 23
34 24
33 24
32 24
32 23
32 22
32 21
32 20
32 19
32 18
32 17
32 16
32 15
32 14
32 25
31 25
31 24
31 23
31 22
31 21
31 20
31 19
31 18
31 17
31 16
31 15
31 14
30 23
30 22
30 21
30 20
30 19
30 18
30 17
30 16
30 15
30 14
29 21
29 20
29 19
29 18
29 17
29 16
29 15
29 14
0
Yes
49 23
48 23
48 24
49 24
49 25
48 25
48 26
49 26
47 26
47 25
47 24
47 23
46 24
46 25
0
Yes
35 41
35 40
35 39
36 39
36 38
35 38
34 41
34 40
34 39
34 38
33 40
33 39
33 38
33 37
34 37
35 37
36 37
36 36
35 36
34 36
33 36
0
Yes
15 43
15 44
15 45
15 46
15 47
16 47
16 46
16 45
16 44
16 43
17 43
17 44
17 45
17 46
17 47
18 47
18 46
18 45
18 44
18 43
19 43
19 44
19 45
19 46
19 47
20 47
20 46
20 45
20 44
20 43
21 43
21 44
21 45
21 46
21 47
21 42
20 42
19 42
18 42
17 42
16 42
15 42
20 41
21 41
19 41
18 41
17 41
16 41
15 41
19 40
18 40
17 40
16 40
15 40
14 40
14 41
14 42
14 43
14 44
14 45
14 46
14 47
13 40
13 41
13 42
13 43
13 44
13 45
13 46
13 47
12 41
12 42
12 43
12 44
12 45
12 46
12 47
11 46
11 45
11 44
11 43
11 42
11 41
11 47
11 48
12 48
13 48
14 48
15 48
16 48
17 48
18 48
19 48
20 48
21 48
21 49
20 49
19 49
18 49
17 49
16 49
15 49
14 49
13 49
12 49
11 49
1
439
1 49
2 49
2 48
1 48
1 47
2 47
2 46
1 46
0 46
0 47
0 48
0 49
3 46
3 47
3 48
3 49
4 46
4 47
4 48
4 49
0 45
Yes
34 41
35 41
35 40
34 40
33 40
33 39
34 39
35 39
36 39
36 38
35 38
34 38
33 38
33 37
34 37
35 37
36 37
36 36
35 36
34 36
33 36
33 35
34 35
35 35
36 35
36 34
35 34
34 34
33 34
32 34
31 34
30 34
36 33
35 33
34 33
33 33
32 33
31 33
30 33
29 33
28 33
28 32
29 32
30 32
31 32
32 32
33 32
34 32
35 32
36 32
36 31
35 31
33 31
32 31
31 31
30 31
29 31
28 31
28 30
29 30
30 30
31 30
32 30
28 29
29 29
30 29
31 29
32 29
33 29
33 28
32 28
31 28
30 28
29 28
28 28
27 28
33 27
32 27
31 27
30 27
29 27
28 27
27 27
32 26
31 26
30 26
29 26
28 26
27 26
29 25
28 25
27 25
35 42
0
Yes
2 1
2 2
2 3
2 4
3 4
3 3
3 2
3 1
1 3
1 2
1 1
1 0
2 0
3 0
0 3
0 2
0 1
0 0
0
Yes
14 27
13 27
13 26
14 26
15 26
15 25
14 25
13 25
15 24
14 24
13 24
12 24
12 25
12 26
12 27
12 28
14 23
13 23
12 23
13 22
12 22
12 21
11 21
11 22
11 23
11 24
11 25
11 26
11 27
11 28
11 29
12 29
13 29
13 30
12 30
11 30
11 31
12 31
13 31
10 30
10 29
10 28
10 27
10 26
10 25
10 24
10 23
10 22
10 21
10 20
9 20
9 21
9 22
9 23
9 24
9 25
9 26
9 27
9 28
9 29
0
Yes
21 15
22 15
21 14
21 13
21 12
21 11
21 10
20 10
20 11
20 12
20 13
20 14
20 15
20 16
21 16
22 16
22 17
21 17
20 17
20 18
21 18
22 18
21 19
20 19
22 19
22 20
19 19
19 18
19 17
19 16
19 15
19 14
19 13
19 12
19 11
19 10
18 10
18 11
18 12
18 13
18 14
18 15
18 16
18 17
18 18
18 19
17 19
17 18
17 17
17 16
17 15
17 14
17 13
17 12
17 11
17 10
16 18
16 17
16 16
16 15
16 14
16 13
16 12
16 11
16 10
15 16
15 15
15 14
15 13
15 12
15 11
15 10
14 16
14 15
14 14
14 13
14 12
14 11
14 10
17 9
16 9
15 9
15 8
16 8
13 14
13 13
0
Yes
22 25
23 25
24 25
25 25
26 25
26 24
25 24
24 24
23 24
22 24
27 24
21 24
20 24
19 24
18 24
17 24
16 24
16 23
17 23
18 23
19 23
20 23
21 23
22 23
23 23
24 23
25 23
26 23
27 23
16 22
17 22
18 22
19 22
20 22
21 22
22 22
23 22
24 22
25 22
26 22
27 22
22 21
23 21
24 21
25 21
26 21
27 21
21 21
20 21
19 21
18 21
17 21
16 21
16 20
17 20
18 20
19 20
20 20
21 20
23 20
24 20
25 20
26 20
27 20
23 19
24 19
25 19
26 19
27 19
23 18
24 18
25 18
26 18
27 18
28 23
28 22
28 21
28 20
28 19
28 18
23 26
22 26
28 17
27 17
26 17
0
No
1
442
8 40
7 40
6 40
6 41
7 41
8 41
9 41
10 41
10 42
9 42
8 42
7 42
6 42
10 43
9 43
8 43
7 43
6 43
Yes
17 3
17 4
16 3
16 4
15 4
14 4
13 4
12 4
12 5
12 6
12 7
11 4
11 5
11 6
11 7
10 4
10 5
10 6
10 7
9 4
9 5
9 6
9 7
8 4
8 5
8 6
8 7
7 4
7 5
7 6
7 7
18 3
7 8
8 8
9 8
10 8
11 8
12 8
13 8
13 9
12 9
11 9
10 9
9 9
8 9
7 9
6 9
6 8
6 7
6 6
6 5
6 4
6 3
5 8
5 7
5 6
5 5
5 4
5 3
4 8
4 7
4 6
4 5
4 4
4 3
13 10
12 10
11 10
10 10
9 10
8 10
7 10
6 10
5 10
6 11
7 11
8 11
9 11
10 11
11 11
12 11
13 11
5 11
5 12
13 12
12 12
11 12
10 12
9 12
8 12
4 12
4 11
3 11
3 12
8 13
9 13
10 13
11 13
12 13
12 14
11 14
10 14
9 14
11 15
10 15
9 15
9 16
10 16
10 17
9 17
3 4
3 3
2 4
2 3
1 3
0 3
6 2
5 2
4 2
3 2
2 2
1 2
0 2
6 1
5 1
4 1
3 1
2 1
1 1
0 1
6 0
5 0
4 0
3 0
2 0
1 0
0 0
19 3
17 2
18 2
19 2
0
No
0
Yes
25 17
24 17
23 17
23 16
24 16
25 16
26 16
26 15
25 15
24 15
24 14
25 14
26 14
0
Yes
0 31
1 31
2 31
2 32
1 32
0 32
3 32
4 32
4 33
3 33
2 33
1 33
0 33
0 34
1 34
2 34
3 34
4 34
0 35
1 35
2 35
3 35
4 35
5 35
5 34
5 33
5 32
5 31
5 30
6 34
6 33
6 32
6 31
6 30
7 34
7 33
7 32
7 31
7 30
5 36
4 36
3 36
2 36
1 36
1 37
2 37
3 37
4 37
5 37
2 38
3 38
4 38
5 38
6 38
6 39
5 39
4 39
3 39
8 33
8 32
8 31
8 30
8 29
7 29
6 29
5 29
5 28
6 28
7 28
8 28
8 27
7 27
6 27
5 27
4 27
8 26
7 26
6 26
5 26
4 26
3 26
5 25
4 25
3 25
5 40
2 25
0 30
0
No
0
No
0
No
0
No
0
Yes
0 46
1 46
2 46
3 46
4 46
4 47
3 47
2 47
1 47
0 47
0 48
1 48
2 48
3 48
4 48
4 49
3 49
2 49
1 49
0 49
5 47
5 48
5 49
0 45
0
Yes
19 26
19 27
20 27
20 26
21 26
21 27
21 25
20 25
19 25
19 24
20 24
21 24
21 23
20 23
19 23
19 22
20 22
21 22
21 21
20 21
19 21
21 20
20 20
19 20
18 20
18 21
18 22
18 23
18 24
18 25
18 26
18 27
17 20
17 21
17 22
17 23
17 24
17 25
17 26
17 27
16 20
16 21
16 22
16 23
16 24
16 25
16 26
16 27
22 21
22 22
22 23
22 24
22 25
22 26
22 27
0
No
0
Yes
44 18
44 17
45 17
46 17
46 16
45 16
44 16
44 15
45 15
46 15
44 14
45 14
46 14
43 14
43 15
43 16
43 17
43 18
43 19
43 20
42 14
42 15
42 16
42 17
42 18
42 19
42 20
42 21
43 21
44 21
41 21
41 20
41 19
41 18
41 17
41 16
41 15
41 14
40 14
40 15
40 16
40 17
40 18
40 19
40 20
40 21
39 15
39 16
39 17
39 18
39 19
39 20
39 21
38 21
38 20
38 19
38 18
38 17
38 16
38 15
38 14
37 14
37 15
37 16
37 17
37 18
37 19
37 20
37 21
36 14
36 15
36 16
36 17
36 18
36 19
36 20
36 21
40 13
41 13
41 12
40 12
44 22
43 22
42 22
41 22
40 22
39 22
38 22
37 22
36 22
35 22
35 23
36 23
37 23
38 23
39 23
40 23
41 23
42 23
45 22
45 23
46 23
46 22
45 13
46 13
45 12
46 12
46 11
47 11
47 12
47 13
47 14
47 15
47 16
47 17
47 18
48 14
48 15
48 16
48 17
48 18
48 19
49 19
49 18
49 17
49 16
49 15
49 14
0
Yes
19 49
20 49
21 49
22 49
23 49
23 48
22 48
21 48
20 48
19 48
23 47
22 47
21 47
20 47
19 47
23 46
22 46
21 46
20 46
19 46
23 45
22 45
21 45
20 45
19 45
19 44
20 44
21 44
22 44
23 44
24 44
24 43
23 43
22 43
21 43
20 43
19 43
19 42
20 42
21 42
22 42
23 42
24 42
24 41
23 41
22 41
21 41
20 41
19 41
19 40
18 40
18 41
18 42
18 43
18 44
18 45
18 46
18 47
18 48
18 49
17 49
17 48
17 47
17 46
17 45
17 44
17 43
17 42
17 41
17 40
16 40
16 41
16 42
16 43
16 44
16 45
16 46
16 47
16 48
16 49
15 49
15 48
15 47
15 46
15 45
15 44
15 43
15 42
15 41
15 40
14 40
14 41
14 42
14 43
14 44
14 45
14 46
14 47
14 48
14 49
13 40
13 41
13 42
13 43
13 44
13 45
13 46
13 47
13 48
13 49
12 41
12 42
12 43
12 44
12 45
12 46
12 47
12 48
12 49
11 46
11 45
11 44
11 43
11 42
11 41
11 47
11 48
11 49
10 47
10 48
10 49
0
Yes
28 31
28 30
28 29
29 29
29 30
29 31
30 31
30 30
30 29
31 29
31 30
31 31
32 30
32 31
32 29
32 28
31 28
30 28
29 28
28 28
28 27
29 27
30 27
31 27
32 27
32 26
31 26
30 26
29 26
28 26
29 25
28 25
33 27
33 28
33 29
27 28
27 27
27 26
27 25
1
447
41 29
41 30
41 31
42 31
42 30
42 29
37 27
42 28
41 28
42 27
41 27
41 26
40 26
40 27
40 28
40 29
40 30
40 31
40 32
39 27
39 28
39 29
39 30
39 31
39 32
38 27
38 28
38 29
38 30
38 31
38 32
37 31
37 32
36 31
36 32
35 31
35 32
34 32
40 33
39 33
38 33
37 33
36 33
35 33
34 33
39 34
38 34
37 34
36 34
35 34
34 34
33 32
33 33
33 34
33 35
34 35
35 35
36 35
37 35
38 35
39 35
40 35
33 36
34 36
35 36
36 36
37 36
38 36
39 36
40 36
41 36
33 37
34 37
35 37
36 37
37 37
38 37
39 37
40 37
41 37
33 38
34 38
35 38
36 38
37 38
38 38
39 38
40 38
41 38
36 39
37 39
38 39
39 39
40 39
41 39
35 39
34 39
33 39
33 40
34 40
35 40
35 41
34 41
37 40
38 40
39 40
40 40
41 40
37 41
38 41
39 41
40 41
41 41
41 42
40 42
39 42
39 43
40 43
42 42
42 41
42 40
42 39
42 38
42 37
42 36
42 35
43 35
43 36
43 37
43 38
43 39
43 40
43 41
44 41
44 40
44 39
44 38
44 37
44 36
44 35
35 42
Yes
10 13
11 13
11 12
10 12
10 11
11 11
11 10
10 10
10 9
11 9
11 8
10 8
10 7
11 7
11 6
10 6
10 5
11 5
11 4
10 4
9 4
9 5
9 6
9 7
9 8
9 9
9 10
9 11
9 12
9 13
8 13
8 12
8 11
8 10
8 9
8 8
8 7
8 6
8 5
8 4
7 4
7 5
7 6
7 7
7 8
7 9
7 10
7 11
6 11
6 10
6 9
6 8
6 7
6 6
6 5
6 4
5 10
5 11
5 12
4 12
4 11
3 11
3 12
6 3
6 2
6 1
5 8
5 7
5 6
5 5
5 4
5 3
5 2
5 1
4 8
4 7
4 6
4 5
4 4
4 3
4 2
4 1
3 4
3 3
3 2
3 1
2 4
2 3
2 2
2 1
1 3
1 2
1 1
0 3
0 2
0 1
6 0
5 0
4 0
3 0
2 0
1 0
0 0
9 14
10 14
11 14
11 15
10 15
9 15
9 16
10 16
10 17
9 17
12 14
12 13
12 12
12 11
12 10
12 9
12 8
12 7
12 6
12 5
12 4
14 17
11 17
3 10
13 8
13 9
13 10
13 11
13 12
13 13
13 14
14 10
14 11
14 12
14 13
14 14
14 15
14 16
15 16
15 15
15 14
15 13
15 12
15 11
15 10
0
Yes
32 32
32 33
32 34
31 34
31 33
31 32
30 34
30 33
30 32
29 32
29 33
28 32
28 33
28 34
27 32
27 33
27 34
27 35
27 36
26 36
26 35
26 34
26 33
26 32
26 37
26 38
26 39
25 39
25 38
25 37
25 36
25 35
25 34
25 33
25 32
26 31
25 31
26 30
25 30
24 30
24 31
24 32
24 33
24 34
24 35
24 36
24 37
24 38
24 39
24 40
23 31
23 32
23 33
23 34
23 35
23 36
23 37
23 38
23 39
23 40
22 40
22 39
22 38
22 37
22 36
22 35
22 34
22 33
21 33
21 34
21 35
21 36
21 37
21 38
21 39
21 40
20 40
20 39
20 38
20 37
20 36
20 35
20 34
20 33
19 39
19 38
19 37
19 36
19 35
19 34
19 33
19 32
18 39
18 38
18 37
18 36
18 35
18 34
18 33
18 32
18 31
17 31
17 32
17 33
17 34
17 35
17 36
17 37
17 38
17 39
16 32
16 31
16 39
16 38
16 37
16 36
16 35
16 34
15 34
15 35
15 36
15 37
15 38
15 39
14 39
14 38
14 37
14 36
14 35
0
Yes
18 29
17 29
19 29
20 29
20 28
19 28
18 28
17 28
16 28
16 27
17 27
18 27
19 27
20 27
16 26
17 26
18 26
19 26
20 26
16 25
17 25
18 25
19 25
20 25
21 28
21 27
21 26
21 25
22 28
22 27
22 26
22 25
23 26
23 25
24 25
16 24
17 24
18 24
19 24
20 24
21 24
22 24
23 24
24 24
16 23
17 23
18 23
19 23
20 23
21 23
22 23
23 23
24 23
16 22
17 22
18 22
19 22
20 22
21 22
22 22
23 22
24 22
16 21
17 21
18 21
19 21
20 21
21 21
22 21
23 21
24 21
16 20
17 20
18 20
19 20
20 20
21 20
22 20
23 20
0
Yes
8 10
8 11
8 12
8 13
7 11
7 10
6 11
6 10
5 10
5 11
5 12
4 12
4 11
3 11
3 12
3 13
6 9
7 9
8 9
9 9
9 10
9 11
9 12
9 13
9 14
9 15
9 16
10 16
10 15
10 14
10 13
10 12
10 11
10 10
10 9
11 15
11 14
11 13
11 12
11 11
11 10
11 9
11 8
10 8
9 8
8 8
7 8
6 8
5 8
4 8
4 7
5 7
6 7
7 7
8 7
9 7
10 7
11 7
4 6
5 6
6 6
7 6
8 6
9 6
10 6
11 6
4 5
5 5
6 5
7 5
8 5
9 5
10 5
11 5
11 4
10 4
9 4
8 4
7 4
6 4
5 4
4 4
3 4
6 3
5 3
4 3
3 3
6 2
5 2
4 2
3 2
6 1
5 1
4 1
3 1
2 4
2 3
2 2
2 1
10 17
9 17
2 13
1 3
1 2
1 1
0 3
0 2
0 1
6 0
5 0
4 0
3 0
2 0
1 0
0 0
12 4
12 5
12 6
12 7
12 8
12 9
12 10
12 11
12 12
12 13
12 14
13 8
13 9
13 10
13 11
13 12
13 13
13 14
13 4
0
Yes
47 38
47 39
47 40
47 41
48 41
48 40
48 39
48 38
46 41
46 40
46 39
46 38
45 41
45 40
45 39
45 38
45 37
46 37
47 37
48 37
45 36
46 36
47 36
48 36
49 36
49 37
49 38
49 39
49 40
49 41
45 35
46 35
47 35
48 35
49 35
49 34
48 34
47 34
46 34
45 34
45 33
46 33
47 33
48 33
48 32
47 32
46 32
0
No
0
Yes
25 4
25 3
24 3
24 4
25 5
24 5
25 6
24 6
25 7
24 7
25 8
24 8
25 9
24 9
24 10
25 10
19 15
23 9
23 8
23 7
23 6
23 5
23 4
23 3
23 2
22 9
22 8
22 7
22 6
22 5
22 4
22 3
22 2
22 1
22 0
21 7
21 8
21 9
21 6
21 5
21 4
21 3
21 2
21 1
21 0
20 6
20 5
20 4
20 3
20 2
20 1
20 0
19 3
19 2
19 1
19 0
18 3
18 2
18 1
18 0
17 1
17 2
17 3
17 0
17 4
16 4
16 3
16 0
21 10
21 11
20 8
20 9
20 10
20 11
19 8
19 9
19 10
19 11
18 10
18 11
17 11
17 10
17 9
16 9
16 10
16 11
16 8
15 8
15 9
15 10
15 11
15 0
15 1
14 1
14 0
14 10
14 11
14 12
15 12
16 12
17 12
18 12
19 12
20 12
21 12
21 13
20 13
19 13
18 13
17 13
16 13
15 13
14 13
14 14
15 14
16 14
17 14
18 14
19 14
20 14
21 14
14 15
15 15
16 15
17 15
18 15
0
No
0
Yes
49 0
49 1
49 2
48 2
48 1
48 0
47 2
47 1
47 0
46 1
46 0
0
Yes
4 37
5 37
5 36
4 36
5 35
4 35
4 34
5 34
6 34
7 34
7 33
6 33
5 33
4 33
4 32
5 32
6 32
7 32
5 31
6 31
7 31
3 32
3 33
3 34
3 35
3 36
3 37
2 37
2 36
2 35
2 34
2 33
2 32
2 31
1 37
1 36
1 35
1 34
1 33
1 32
1 31
0 31
0 32
0 33
0 34
0 35
2 38
3 38
4 38
5 38
6 38
3 39
4 39
5 39
6 39
5 40
0
Yes
36 20
36 21
36 19
36 18
36 17
37 17
37 18
37 19
37 20
37 21
37 22
36 22
36 23
37 23
38 23
38 22
38 21
38 20
38 19
38 18
38 17
39 23
39 22
39 21
39 20
39 19
39 18
39 17
40 23
40 22
40 21
40 20
40 19
40 18
40 17
41 23
41 22
41 21
41 20
41 19
41 18
41 17
42 23
42 22
42 21
42 20
42 19
42 18
42 17
43 19
43 20
43 21
43 22
43 18
43 17
36 16
37 16
38 16
39 16
40 16
41 16
42 16
43 16
39 15
40 15
41 15
42 15
43 15
38 15
37 15
36 15
0
No
0
Yes
45 49
46 49
47 49
48 49
48 48
47 48
46 48
45 48
45 47
46 47
47 47
48 47
47 46
46 46
45 46
48 46
0
Yes
2 0
2 1
2 2
2 3
1 3
1 2
1 1
1 0
0 3
0 2
0 1
0 0
3 3
3 2
3 1
3 0
4 0
4 1
4 2
4 3
0
Yes
18 36
18 37
18 38
18 39
19 39
19 38
19 37
19 36
17 39
17 38
17 37
17 36
16 39
16 38
16 37
16 36
15 39
15 38
15 37
15 36
14 39
14 38
14 37
14 36
14 35
15 35
16 35
17 35
18 35
19 35
15 34
16 34
17 34
18 34
19 34
17 33
18 33
19 33
20 33
20 34
20 35
20 36
20 37
20 38
20 39
21 33
21 34
21 35
21 36
21 37
21 38
0
Yes
15 8
16 8
15 9
16 9
17 9
17 10
16 10
15 10
14 10
18 10
18 11
17 11
16 11
15 11
14 11
14 12
15 12
16 12
17 12
18 12
18 13
17 13
16 13
15 13
14 13
14 14
15 14
16 14
17 14
18 14
14 15
15 15
16 15
17 15
18 15
14 16
15 16
16 16
17 16
18 16
16 17
17 17
18 17
16 18
17 18
18 18
17 19
18 19
19 19
19 18
19 17
19 16
19 15
19 14
19 13
19 12
19 11
19 10
19 9
19 8
20 8
20 9
20 10
20 11
20 12
20 13
20 14
20 15
20 16
20 17
20 18
20 19
21 19
21 18
21 17
21 16
21 15
21 14
21 13
21 12
21 11
0
Yes
41 0
41 1
41 2
40 2
40 1
40 0
42 2
42 1
42 0
39 0
39 1
0
Yes
4 48
4 49
3 49
3 48
3 47
4 47
4 46
3 46
2 46
2 47
2 48
2 49
1 46
1 47
1 48
1 49
0 46
0 47
0 48
0 49
5 47
5 48
5 49
6 47
6 48
6 49
7 48
7 49
8 48
0
Yes
7 10
7 11
6 11
6 10
5 10
5 11
5 12
6 9
7 9
8 9
8 10
8 11
8 12
8 13
9 13
9 12
9 11
9 10
9 9
9 14
9 15
9 16
9 17
10 17
10 16
10 15
10 14
10 13
10 12
10 11
10 10
10 9
11 15
11 14
11 13
11 12
11 11
11 10
11 9
12 14
12 13
12 12
12 11
12 10
12 9
13 14
13 13
13 12
13 11
13 10
13 9
13 8
12 8
11 8
10 8
9 8
8 8
7 8
6 8
5 8
4 8
4 7
5 7
6 7
7 7
8 7
9 7
10 7
11 7
12 7
12 6
11 6
10 6
9 6
8 6
7 6
6 6
5 6
4 6
4 5
5 5
6 5
7 5
8 5
9 5
10 5
11 5
12 5
4 4
5 4
6 4
7 4
8 4
9 4
10 4
11 4
12 4
13 4
1
465
22 4
22 5
22 6
23 6
23 5
23 4
24 4
24 5
24 6
25 6
25 5
25 4
25 3
24 3
23 3
22 3
23 2
22 2
22 1
22 0
25 7
24 7
23 7
22 7
21 7
21 6
21 5
21 4
21 3
21 2
21 1
21 0
20 6
20 5
20 4
20 3
20 2
20 1
20 0
19 3
19 2
19 1
19 0
18 3
18 2
18 1
18 0
Yes
35 40
35 41
34 41
34 40
33 40
33 39
34 39
35 39
36 39
33 38
34 38
35 38
36 38
33 37
34 37
35 37
36 37
33 36
34 36
35 36
36 36
33 35
34 35
35 35
36 35
37 35
37 36
37 37
37 38
37 39
37 40
37 41
38 41
38 40
38 39
38 38
38 37
38 36
38 35
39 35
39 36
39 37
39 38
39 39
39 40
39 41
40 35
40 36
40 37
40 38
40 39
40 40
40 41
41 36
41 37
41 38
41 39
41 40
41 41
41 42
40 42
39 42
39 43
40 43
42 42
42 41
42 40
42 39
42 38
42 37
42 36
42 35
43 35
43 36
43 37
43 38
43 39
43 40
43 41
44 41
44 40
44 39
44 38
44 37
44 36
44 35
44 34
45 41
45 40
45 39
45 38
45 37
45 36
45 35
45 34
45 33
46 41
46 40
46 39
46 38
46 37
46 36
46 35
46 34
46 33
47 41
47 40
47 39
47 38
47 37
47 36
47 35
47 34
47 33
48 33
48 34
48 35
48 36
48 37
48 38
48 39
48 40
48 41
49 34
49 35
49 36
49 37
49 38
49 39
49 40
49 41
49 42
48 32
0
Yes
20 40
21 40
22 40
23 40
24 40
24 39
23 39
22 39
21 39
20 39
19 39
18 39
17 39
17 38
18 38
19 38
20 38
21 38
22 38
23 38
24 38
24 37
23 37
22 37
21 37
20 37
19 37
18 37
17 37
17 36
18 36
19 36
20 36
21 36
22 36
23 36
24 36
24 35
23 35
22 35
21 35
20 35
19 35
18 35
17 35
17 34
18 34
19 34
20 34
21 34
22 34
23 34
24 34
22 33
21 33
20 33
19 33
18 33
17 33
23 33
24 33
19 32
18 32
17 32
16 32
16 31
17 31
18 31
23 32
24 32
23 31
24 31
24 30
25 30
25 31
25 32
25 33
25 34
25 35
25 36
25 37
25 38
25 39
26 39
26 38
26 37
26 36
26 35
26 34
26 33
26 32
26 31
26 30
27 36
27 35
27 34
27 33
27 32
28 34
28 33
28 32
29 32
0
Yes
49 28
49 27
48 27
48 28
47 27
47 28
46 28
46 29
47 29
48 29
49 29
49 30
48 30
47 30
46 30
45 30
45 29
45 28
45 27
44 27
44 28
44 29
44 30
43 27
43 28
43 29
43 30
42 27
42 28
42 29
42 30
41 30
41 29
41 28
41 27
41 26
40 26
40 27
40 28
40 29
40 30
39 27
39 28
39 29
39 30
38 27
38 28
38 29
38 30
48 31
47 31
46 31
45 31
44 31
43 31
42 31
41 31
40 31
39 31
38 31
42 32
43 32
44 32
45 32
0
No
0
Yes
24 49
24 48
24 47
24 46
24 45
25 45
25 46
25 47
25 48
25 49
26 45
26 46
26 47
26 48
26 49
27 45
27 46
27 47
27 48
27 49
28 45
28 46
28 47
28 48
28 49
29 46
29 47
29 48
29 49
30 47
30 48
30 49
31 47
31 48
31 49
32 49
32 48
32 47
32 46
32 45
33 45
33 46
0
Yes
15 36
15 37
15 38
15 39
14 39
14 38
14 37
14 36
13 39
13 38
13 37
13 36
12 36
12 37
12 38
12 39
12 40
11 40
11 39
11 38
11 37
11 36
10 36
10 37
10 38
10 39
10 40
10 41
12 34
12 35
13 35
14 35
15 35
15 34
16 34
16 35
16 36
16 37
16 38
16 39
0
Yes
48 17
48 18
47 18
47 17
47 16
48 16
49 16
49 17
49 18
49 15
48 15
47 15
48 14
49 14
47 14
47 13
47 12
47 11
46 11
46 12
46 13
46 14
46 15
46 16
46 17
45 12
45 13
45 14
45 15
45 16
45 17
44 17
44 16
44 15
0
Yes
0 18
1 18
1 19
0 19
0 20
1 20
2 20
2 21
1 21
0 21
0 22
1 22
2 22
0
Yes
39 17
39 18
39 19
39 20
39 21
39 22
39 23
40 23
40 22
40 21
40 20
40 19
40 18
40 17
41 23
41 22
41 21
41 20
41 19
41 18
41 17
42 23
42 22
42 21
42 20
42 19
42 18
42 17
43 17
43 18
43 19
43 20
43 21
43 22
44 21
44 22
45 22
45 23
46 23
46 22
43 16
42 16
41 16
40 16
39 16
39 15
40 15
41 15
42 15
43 15
43 14
42 14
41 14
40 14
40 13
41 13
41 12
40 12
38 23
38 22
38 21
38 20
38 19
38 18
38 17
38 16
38 15
38 14
37 14
37 15
37 16
37 17
37 18
37 19
37 20
37 21
37 22
37 23
36 14
36 15
36 16
36 17
36 18
36 19
36 20
36 21
36 22
36 23
38 24
0
Yes
5 1
5 2
5 3
5 0
6 0
6 1
6 2
6 3
6 4
5 4
4 4
4 5
5 5
6 5
4 6
5 6
6 6
4 7
5 7
6 7
4 8
5 8
6 8
6 9
6 10
5 10
6 11
5 11
5 12
4 12
4 11
7 11
7 10
7 9
7 8
7 7
7 6
7 5
7 4
7 3
7 2
7 1
7 0
8 0
8 1
8 2
8 3
8 4
8 5
8 6
8 7
8 8
8 9
8 10
8 11
8 12
9 12
9 11
9 10
9 9
9 8
9 7
9 6
9 5
9 4
9 3
9 2
9 1
9 0
10 0
10 1
10 2
10 3
10 4
10 5
10 6
10 7
10 8
10 9
10 10
10 11
10 12
11 12
11 11
11 10
11 9
11 8
11 7
11 6
11 5
11 4
11 3
11 2
11 1
11 0
12 5
12 6
12 7
12 8
12 9
12 10
12 11
12 12
12 4
12 3
12 2
12 1
12 0
13 8
13 9
13 10
13 11
13 12
13 3
13 4
13 2
13 1
13 0
14 2
14 1
14 0
15 1
15 0
1
481
24 18
24 19
24 20
23 19
23 18
22 19
22 18
22 17
23 17
24 17
22 16
23 16
24 16
25 16
25 17
25 18
25 19
25 20
25 21
25 22
25 23
25 24
25 25
26 25
26 24
26 23
26 22
26 21
26 20
26 19
26 18
26 17
26 16
27 24
27 23
27 22
27 21
27 20
27 19
27 18
27 17
28 23
28 22
28 21
28 20
28 19
28 18
28 17
28 16
28 15
28 14
26 15
25 15
24 15
24 14
25 14
26 14
25 13
26 13
27 13
28 13
29 13
30 13
31 13
32 13
32 12
31 12
30 12
29 12
28 12
27 12
26 12
25 12
25 11
25 10
24 10
25 9
24 9
23 9
22 9
21 9
21 8
22 8
23 8
24 8
25 8
25 7
24 7
23 7
22 7
21 7
25 6
24 6
23 6
22 6
21 6
20 6
20 5
21 5
22 5
23 5
24 5
Yes
13 49
14 49
15 49
16 49
17 49
18 49
19 49
20 49
21 49
22 49
23 49
23 48
22 48
21 48
20 48
19 48
18 48
17 48
16 48
15 48
14 48
13 48
23 47
22 47
21 47
20 47
19 47
18 47
17 47
16 47
15 47
14 47
13 47
23 46
22 46
21 46
20 46
19 46
18 46
17 46
16 46
15 46
14 46
13 46
23 45
22 45
21 45
20 45
19 45
18 45
17 45
16 45
15 45
14 45
13 45
13 44
14 44
15 44
16 44
17 44
18 44
19 44
20 44
21 44
22 44
23 44
24 44
24 43
23 43
22 43
21 43
20 43
19 43
18 43
17 43
16 43
15 43
14 43
13 43
13 42
14 42
15 42
16 42
17 42
18 42
19 42
20 42
21 42
22 42
23 42
24 42
24 41
23 41
22 41
21 41
20 41
19 41
18 41
17 41
16 41
15 41
14 41
13 41
13 40
14 40
15 40
16 40
17 40
18 40
19 40
20 40
21 40
22 40
23 40
24 40
12 41
12 42
12 43
12 44
12 45
12 46
12 47
12 48
12 49
11 41
11 42
11 43
11 44
11 45
11 46
11 47
11 48
11 49
10 47
10 48
10 49
25 42
25 43
10 45
0
Yes
46 1
46 0
47 0
47 1
48 1
48 0
49 0
49 1
47 2
48 2
49 2
1
485
18 0
18 1
17 1
17 0
16 0
17 2
18 2
18 3
17 3
16 3
16 4
17 4
17 5
19 3
19 2
19 1
19 0
20 0
20 1
20 2
20 3
20 4
21 4
21 3
21 2
21 1
21 0
15 4
14 4
23 0
22 1
22 2
22 3
22 4
22 0
24 4
23 2
23 3
23 4
24 3
Yes
25 30
26 30
24 30
26 31
25 31
24 31
23 31
23 32
24 32
25 32
26 32
27 32
28 32
29 32
29 33
28 33
27 33
26 33
25 33
24 33
23 33
28 34
27 34
26 34
25 34
24 34
23 34
27 35
26 35
25 35
24 35
23 35
27 36
26 36
25 36
24 36
23 36
26 37
25 37
24 37
23 37
26 38
25 38
24 38
23 38
26 39
25 39
24 39
23 39
22 39
22 38
22 37
22 36
22 35
22 34
22 33
21 33
21 34
21 35
21 36
21 37
21 38
21 39
20 39
20 38
20 37
20 36
20 35
20 34
20 33
19 39
19 38
19 37
19 36
19 35
19 34
19 33
19 32
18 39
18 38
18 37
18 36
18 35
18 34
18 33
18 32
18 31
17 31
17 32
17 33
17 34
17 35
17 36
17 37
17 38
17 39
16 32
16 31
16 39
16 38
16 37
16 36
16 35
16 34
15 34
15 35
15 36
15 37
15 38
15 39
14 39
14 38
14 37
14 36
14 35
13 35
13 36
13 37
13 38
13 39
12 35
12 36
12 37
12 38
12 39
12 40
11 40
11 39
11 38
11 37
11 36
10 36
10 37
10 38
10 39
10 40
0
No
0
Yes
30 32
30 33
30 34
31 34
31 33
31 32
32 32
32 33
32 34
33 34
33 33
33 32
34 32
34 33
34 34
35 34
35 33
35 32
35 31
36 31
36 32
36 33
36 34
37 31
37 32
37 33
37 34
38 34
38 33
38 32
0
No
0
No
0
No
0
No
0
No
0
Yes
47 8
47 9
47 10
48 10
48 9
48 8
49 9
49 8
47 11
47 12
47 13
46 11
46 10
46 9
46 8
46 12
46 13
45 12
45 13
45 9
45 8
44 9
44 8
43 8
42 8
42 7
43 7
44 7
45 7
46 7
47 7
48 7
49 7
45 14
46 14
47 14
44 14
44 15
45 15
46 15
47 15
44 16
45 16
46 16
47 16
44 17
45 17
46 17
47 17
47 18
48 14
48 15
48 16
48 17
48 18
48 19
49 19
49 18
49 17
49 16
49 15
49 14
41 7
40 7
40 6
41 6
42 6
43 6
44 6
45 6
46 6
47 6
48 6
49 6
39 6
39 5
40 5
41 5
42 5
43 5
44 5
45 5
46 5
47 5
48 5
49 5
45 4
46 4
47 4
48 4
49 4
46 3
47 3
48 3
49 3
0
No
0
No
0
No
0
Yes
21 6
20 6
20 5
21 5
20 4
21 4
21 7
21 8
21 9
22 9
22 8
22 7
22 6
22 5
22 4
23 9
23 8
23 7
23 6
23 5
23 4
24 4
24 5
24 6
24 7
24 8
24 9
24 3
23 3
22 3
21 3
20 3
23 2
22 2
21 2
20 2
22 1
21 1
20 1
22 0
21 0
20 0
19 3
19 2
19 1
19 0
25 3
25 4
25 5
25 6
25 7
25 8
25 9
0
Yes
5 3
5 2
5 1
5 0
6 0
6 1
6 2
6 3
6 4
5 4
4 4
4 5
5 5
6 5
4 6
5 6
6 6
7 6
7 5
7 4
7 3
7 2
7 1
7 0
8 0
8 1
8 2
8 3
8 4
8 5
8 6
9 6
9 5
9 4
9 3
9 2
9 1
9 0
10 0
10 1
10 2
10 3
10 4
10 5
10 6
11 6
11 5
11 4
11 3
11 2
11 1
11 0
12 5
12 6
12 4
12 3
12 2
12 1
12 0
13 3
13 4
13 2
13 1
13 0
12 7
11 7
10 7
9 7
8 7
7 7
6 7
5 7
4 7
4 8
5 8
6 8
7 8
8 8
9 8
10 8
11 8
12 8
13 8
13 9
12 9
11 9
10 9
9 9
8 9
7 9
6 9
13 10
12 10
11 10
10 10
9 10
8 10
7 10
6 10
5 10
6 11
7 11
8 11
9 11
10 11
11 11
12 11
13 11
5 11
5 12
0
Yes
16 25
16 26
16 27
16 28
16 24
16 23
16 22
16 21
17 21
17 22
17 23
17 24
17 25
17 26
17 27
17 28
18 28
18 27
18 26
18 25
18 24
18 23
18 22
18 21
19 21
19 22
19 23
19 24
19 25
19 26
19 27
19 28
20 28
20 27
20 26
20 25
20 24
20 23
20 22
20 21
21 28
21 27
21 26
21 25
21 24
21 23
21 22
21 21
22 28
22 27
22 26
22 25
22 24
22 23
22 22
22 21
23 26
23 25
23 24
23 23
23 22
23 21
16 20
17 20
18 20
19 20
20 20
21 20
22 20
23 20
0
Yes
43 14
43 15
43 16
43 17
43 18
42 14
42 15
42 16
42 17
42 18
41 18
41 17
41 16
41 15
41 14
41 13
41 12
40 12
40 13
40 14
40 15
40 16
40 17
40 18
39 15
39 16
39 17
39 18
43 19
42 19
41 19
40 19
39 19
43 20
42 20
41 20
40 20
39 20
39 21
40 21
41 21
42 21
43 21
44 21
44 22
43 22
42 22
41 22
40 22
39 22
42 23
41 23
40 23
39 23
38 23
38 22
38 21
38 20
38 19
38 18
38 17
38 16
38 15
38 14
37 14
37 15
37 16
37 17
37 18
37 19
37 20
37 21
37 22
37 23
0
No
0
Yes
30 31
30 32
30 33
29 31
28 31
28 30
29 30
30 30
28 29
29 29
30 29
31 29
31 30
31 31
31 32
31 33
31 28
30 28
29 28
28 28
27 28
27 27
28 27
29 27
30 27
31 27
30 34
31 34
32 34
32 33
32 32
32 31
32 30
32 29
32 28
32 27
33 27
33 28
33 29
33 31
33 32
33 33
33 34
34 34
34 33
34 32
35 34
35 33
35 32
35 31
36 31
36 32
36 33
36 34
37 31
37 32
37 33
37 34
38 34
38 33
38 32
39 34
39 33
39 32
40 32
40 33
32 26
31 26
30 26
29 26
28 26
27 26
31 35
0
No
0
No
0
No
0
Yes
31 20
31 21
31 22
32 22
32 21
32 20
33 20
33 21
33 22
34 22
34 21
34 20
35 20
35 21
35 22
36 22
36 21
36 20
36 19
35 19
34 19
33 19
32 19
31 19
36 18
35 18
34 18
33 18
32 18
31 18
36 17
35 17
34 17
33 17
32 17
31 17
36 16
35 16
34 16
33 16
32 16
31 16
36 15
35 15
34 15
33 15
32 15
31 15
34 14
33 14
32 14
31 14
32 13
31 13
32 12
31 12
36 23
35 23
34 23
33 23
32 23
31 23
30 23
30 22
30 21
30 20
30 19
30 18
30 17
30 16
30 15
30 14
30 13
30 12
34 24
33 24
32 24
31 24
31 25
32 25
29 12
29 13
29 14
29 15
29 16
29 17
29 18
29 19
29 20
29 21
28 16
28 15
28 14
28 13
28 12
28 17
28 18
28 19
28 20
28 21
28 22
28 23
27 17
27 18
27 19
27 20
27 21
27 22
27 23
27 24
27 25
26 25
26 24
26 23
26 22
26 21
26 20
26 19
0
No
0
No
0
No
0
No
0
Yes
49 15
49 14
48 14
48 15
48 16
49 16
49 17
48 17
47 17
47 16
47 15
47 14
47 13
47 12
47 11
46 11
46 12
46 13
46 14
46 15
46 16
46 17
45 12
45 13
45 14
45 15
45 16
45 17
44 17
44 16
44 15
44 14
46 10
47 10
48 10
48 9
47 9
46 9
45 9
44 9
49 9
49 8
48 8
47 8
46 8
45 8
44 8
43 8
42 8
42 7
43 7
44 7
45 7
46 7
47 7
48 7
49 7
49 6
48 6
47 6
46 6
45 6
44 6
43 6
42 6
47 18
48 18
49 18
48 19
49 19
42 5
43 5
44 5
45 5
46 5
47 5
48 5
49 5
45 4
46 4
47 4
48 4
49 4
46 3
47 3
48 3
49 3
49 13
0
Yes
26 32
27 32
26 31
26 30
25 30
25 31
25 32
24 30
24 31
24 32
23 31
23 32
23 33
24 33
25 33
26 33
27 33
22 33
21 33
20 33
20 34
21 34
22 34
23 34
24 34
25 34
26 34
27 34
19 34
19 33
19 32
18 32
18 33
18 34
18 31
17 31
17 32
17 33
17 34
16 32
16 31
16 34
15 34
28 34
28 33
28 32
29 32
29 33
27 35
26 35
25 35
24 35
23 35
22 35
21 35
20 35
19 35
18 35
17 35
16 35
15 35
27 36
26 36
25 36
24 36
23 36
22 36
21 36
20 36
19 36
18 36
17 36
16 36
15 36
26 37
25 37
24 37
23 37
22 37
21 37
20 37
19 37
18 37
17 37
16 37
15 37
26 38
25 38
24 38
23 38
22 38
21 38
20 38
19 38
18 38
17 38
16 38
15 38
26 39
25 39
24 39
23 39
22 39
21 39
20 39
19 39
18 39
17 39
16 39
15 39
14 39
14 38
14 37
14 36
14 35
13 35
13 36
13 37
13 38
13 39
12 35
12 36
12 37
12 38
12 39
12 40
11 40
11 39
11 38
11 37
11 36
10 36
10 37
10 38
10 39
10 40
10 41
10 42
10 43
9 43
9 42
9 41
8 43
8 42
8 41
16 30
0
Yes
41 40
41 41
42 41
42 40
43 41
43 40
44 41
44 40
45 41
45 40
46 41
46 40
47 41
47 40
48 41
48 40
49 40
49 41
49 39
48 39
47 39
46 39
45 39
44 39
43 39
42 39
41 39
41 38
42 38
43 38
44 38
45 38
46 38
47 38
48 38
49 38
49 37
48 37
47 37
46 37
45 37
44 37
43 37
42 37
41 37
41 36
42 36
43 36
44 36
45 36
46 36
47 36
48 36
49 36
42 35
43 35
44 35
45 35
46 35
47 35
48 35
49 35
44 34
45 34
46 34
47 34
48 34
49 34
40 36
40 37
40 38
40 39
40 40
40 41
0
Yes
6 22
7 22
8 22
8 21
7 21
6 21
8 20
7 20
6 20
8 19
7 19
6 19
6 18
7 18
5 19
5 20
5 21
5 22
4 19
4 20
4 21
4 22
3 19
3 20
3 21
3 22
2 20
2 21
2 22
1 22
1 21
1 20
1 19
1 18
0 22
0 21
0 20
0 19
0 18
0 17
2 23
3 23
4 23
5 23
6 23
7 23
8 23
6 24
5 24
4 24
3 24
0
Yes
25 43
25 42
24 42
24 43
24 44
24 41
24 40
23 40
23 41
23 42
23 43
23 44
23 45
23 46
23 47
23 48
23 49
22 40
22 41
22 42
22 43
22 44
22 45
22 46
22 47
22 48
22 49
21 40
21 41
21 42
21 43
21 44
21 45
21 46
21 47
21 48
21 49
20 40
20 41
20 42
20 43
20 44
20 45
20 46
20 47
20 48
20 49
19 40
19 41
19 42
19 43
19 44
19 45
19 46
19 47
19 48
0
Yes
16 49
17 49
18 49
18 48
17 48
16 48
18 47
17 47
16 47
18 46
17 46
16 46
18 45
17 45
16 45
18 44
17 44
16 44
18 43
17 43
16 43
18 42
17 42
16 42
18 41
17 41
16 41
18 40
17 40
16 40
15 40
15 41
15 42
15 43
15 44
15 45
15 46
15 47
15 48
15 49
14 40
14 41
14 42
14 43
14 44
14 45
14 46
14 47
14 48
14 49
13 40
13 41
13 42
13 43
13 44
13 45
13 46
13 47
13 48
13 49
12 41
12 42
12 43
12 44
12 45
12 46
12 47
12 48
12 49
11 41
11 42
11 43
11 44
11 45
11 46
11 47
11 48
11 49
10 47
10 48
0
No
0
No
0
Yes
18 15
19 15
20 15
21 15
22 15
21 14
20 14
19 14
18 14
21 13
20 13
19 13
18 13
21 12
20 12
19 12
18 12
21 11
20 11
19 11
18 11
21 10
20 10
19 10
18 10
19 9
20 9
20 8
19 8
17 10
17 11
17 12
17 13
17 14
17 15
17 9
16 9
16 10
16 11
16 12
16 13
16 14
16 15
16 8
15 8
15 9
15 10
15 11
15 12
15 13
15 14
15 15
14 10
14 11
14 12
14 13
14 14
14 15
14 16
15 16
16 16
17 16
18 16
19 16
20 16
21 16
22 16
23 16
16 17
17 17
18 17
19 17
20 17
21 17
22 17
23 17
16 18
17 18
18 18
19 18
20 18
21 18
22 18
23 18
17 19
18 19
19 19
20 19
21 19
22 19
23 19
13 14
13 13
13 12
12 12
12 13
12 14
11 12
11 13
11 14
11 15
10 12
10 13
10 14
10 15
10 16
10 17
9 17
9 16
9 15
9 14
9 13
9 12
8 12
8 13
24 19
24 18
0
Yes
14 1
14 0
15 1
15 0
16 0
0
Yes
26 31
26 30
25 30
25 31
24 30
24 31
24 32
25 32
26 32
0
Yes
40 7
41 7
41 6
40 6
39 6
39 5
40 5
41 5
41 4
40 4
39 4
0
Yes
35 0
35 1
35 2
35 3
35 4
35 5
36 4
36 3
36 2
36 1
36 0
37 3
37 2
37 1
37 0
38 0
38 1
38 2
38 3
39 3
39 2
34 5
34 4
34 3
34 2
34 1
34 0
34 6
33 6
33 5
33 4
33 3
33 2
33 1
33 0
33 7
32 7
32 6
32 5
32 4
32 3
32 2
32 1
32 0
31 0
31 1
31 2
31 3
31 4
31 5
31 6
31 7
30 7
30 6
30 5
30 4
30 3
30 2
30 1
30 0
29 0
29 1
29 2
29 3
29 4
29 5
29 6
29 7
28 1
28 0
28 2
28 3
28 4
28 5
28 6
28 7
27 2
27 3
27 4
27 5
27 6
27 7
26 2
26 3
26 4
26 5
26 6
26 7
26 8
27 8
28 8
29 8
30 8
31 8
32 8
33 8
0
Yes
33 49
33 48
33 47
34 47
34 48
34 49
35 48
0
Yes
0 16
1 16
1 15
0 15
1 14
0 14
0
No
0
Yes
39 43
40 43
40 42
39 42
39 41
39 40
39 39
39 38
39 37
39 36
39 35
39 34
38 41
38 40
38 39
38 38
38 37
38 36
38 35
38 34
37 41
37 40
37 39
37 38
37 37
37 36
37 35
37 34
36 39
36 38
36 37
36 36
36 35
36 34
36 33
37 33
38 33
39 33
40 33
40 32
39 32
38 32
37 32
36 32
37 31
36 31
35 31
35 32
35 33
35 34
35 35
35 36
35 37
35 38
35 39
35 40
35 41
34 41
34 40
34 39
34 38
34 37
34 36
34 35
34 34
34 33
34 32
33 40
33 39
33 38
33 37
33 36
33 35
33 34
33 33
33 32
33 31
32 34
32 33
32 32
32 31
32 30
31 34
31 33
31 32
31 31
31 30
0
Yes
2 46
3 46
4 46
1 46
0 46
0 47
1 47
2 47
3 47
4 47
5 47
6 47
6 48
5 48
4 48
3 48
2 48
1 48
0 48
7 48
7 49
6 49
5 49
4 49
3 49
2 49
1 49
0 49
8 48
8 49
9 49
0
Yes
8 40
7 40
6 40
6 41
7 41
8 41
8 42
7 42
6 42
5 42
5 43
6 43
7 43
0
Yes
25 10
26 10
26 9
27 9
27 10
28 9
28 10
29 9
29 10
30 9
30 10
31 9
31 10
32 9
32 10
33 10
33 9
33 11
32 11
31 11
30 11
29 11
28 11
27 11
26 11
25 11
25 12
26 12
27 12
28 12
29 12
30 12
31 12
32 12
32 13
31 13
30 13
29 13
28 13
27 13
26 13
25 13
0
Yes
0 1
0 2
0 3
1 3
1 2
1 1
2 1
2 2
2 3
2 4
3 4
3 3
3 2
3 1
3 0
2 0
1 0
0 0
4 3
4 2
4 1
0
Yes
10 37
10 36
11 36
11 37
10 38
11 38
10 39
11 39
10 40
11 40
11 41
10 41
9 41
9 42
10 42
11 42
9 43
10 43
11 43
11 44
11 45
11 46
11 47
10 47
10 48
11 48
10 49
11 49
12 49
12 48
12 47
12 46
12 45
12 44
12 43
12 42
12 41
12 40
12 39
12 38
12 37
12 36
12 35
13 35
13 36
13 37
13 38
13 39
13 40
13 41
13 42
13 43
13 44
13 45
13 46
13 47
13 48
13 49
14 35
14 36
14 37
14 38
14 39
14 40
14 41
14 42
14 43
14 44
14 45
14 46
14 47
14 48
14 49
15 49
15 48
15 47
15 46
15 45
15 44
15 43
15 42
15 41
15 40
15 39
15 38
15 37
15 36
15 35
16 35
16 36
16 37
16 38
16 39
16 40
16 41
16 42
16 43
16 44
16 45
16 46
16 47
16 48
16 49
17 49
17 48
17 47
17 46
17 45
17 44
17 43
17 42
17 41
17 40
17 39
17 38
17 37
17 36
17 35
18 35
18 36
18 37
18 38
18 39
18 40
18 41
18 42
18 43
18 44
18 45
18 46
18 47
18 48
18 49
19 49
19 48
19 47
19 46
19 45
19 44
19 43
19 42
19 41
19 40
19 39
19 38
0
Yes
17 29
18 29
18 28
17 28
16 28
16 27
17 27
18 27
16 26
17 26
18 26
16 25
17 25
18 25
16 24
17 24
18 24
16 23
17 23
18 23
16 22
17 22
18 22
16 21
17 21
18 21
16 20
17 20
18 20
19 20
19 21
19 22
19 23
19 24
19 25
19 26
19 27
19 28
19 29
20 29
20 28
20 27
20 26
20 25
20 24
20 23
20 22
20 21
20 20
21 20
21 21
21 22
21 23
21 24
21 25
21 26
21 27
21 28
22 28
22 27
22 26
22 25
22 24
22 23
22 22
22 21
22 20
23 26
23 25
23 24
23 23
23 22
0
Yes
8 13
8 12
9 12
9 13
9 14
9 15
9 16
9 17
10 17
10 16
10 15
10 14
10 13
10 12
11 15
11 14
11 13
11 12
12 12
12 13
12 14
13 14
13 13
13 12
14 12
14 13
14 14
14 15
14 16
15 16
15 15
15 14
15 13
15 12
14 11
15 11
14 10
15 10
15 9
15 8
16 8
16 9
16 10
16 11
16 12
16 13
16 14
16 15
16 16
17 9
17 10
17 11
17 12
17 13
17 14
17 15
17 16
18 10
18 11
18 12
18 13
18 14
18 15
18 16
16 17
17 17
18 17
16 18
17 18
18 18
17 19
18 19
19 19
19 18
19 17
19 16
19 15
19 14
19 13
19 12
19 11
19 10
19 9
19 8
20 8
20 9
20 10
20 11
20 12
20 13
20 14
20 15
20 16
20 17
20 18
20 19
21 10
21 11
21 12
21 13
21 14
21 15
21 16
21 17
21 18
21 19
22 15
22 16
22 17
0
Yes
11 10
11 11
12 11
12 10
13 11
13 10
13 9
12 9
11 9
13 8
12 8
11 8
12 7
11 7
12 6
11 6
12 5
11 5
10 11
10 10
10 9
10 8
10 7
10 6
10 5
9 11
9 10
9 9
9 8
9 7
9 6
9 5
8 11
8 10
8 9
8 8
8 7
8 6
8 5
7 11
7 10
7 9
7 8
7 7
7 6
7 5
6 9
6 10
6 11
6 8
6 7
6 6
6 5
0
Yes
29 4
29 5
29 6
29 7
29 8
30 8
30 7
30 6
30 5
30 4
31 8
31 7
31 6
31 5
31 4
32 8
32 7
32 6
32 5
32 4
33 7
33 8
33 6
33 5
33 4
28 8
28 7
28 6
28 5
28 4
27 8
27 7
27 6
27 5
27 4
26 8
26 7
26 6
26 5
26 4
34 6
34 5
34 4
35 5
35 4
36 4
26 3
27 3
28 3
29 3
30 3
31 3
32 3
33 3
34 3
35 3
36 3
26 2
27 2
28 2
29 2
30 2
31 2
32 2
33 2
34 2
35 2
36 2
28 1
29 1
30 1
31 1
32 1
33 1
34 1
35 1
36 1
28 0
29 0
30 0
31 0
32 0
33 0
34 0
35 0
36 0
37 3
37 2
37 1
37 0
0
No
0
Yes
16 20
16 21
16 22
16 23
16 24
16 25
16 26
16 27
16 28
17 20
17 21
17 22
17 23
17 24
17 25
17 26
17 27
17 28
17 29
18 29
18 28
18 27
18 26
18 25
18 24
18 23
18 22
18 21
18 20
19 20
19 21
19 22
19 23
19 24
19 25
19 26
19 27
19 28
19 29
20 29
20 28
20 27
20 26
20 25
20 24
20 23
20 22
20 21
20 20
21 20
21 21
21 22
21 23
21 24
21 25
21 26
21 27
21 28
22 28
22 27
22 26
22 25
22 24
22 23
22 22
22 21
22 20
23 26
23 25
23 24
23 23
23 22
0
Yes
49 6
49 7
49 8
49 9
48 9
48 8
48 7
48 6
48 10
47 10
47 9
47 8
47 7
47 6
47 11
47 12
47 13
46 11
46 10
46 9
46 8
46 7
46 6
46 12
46 13
45 12
45 13
45 9
45 8
45 7
45 6
44 9
44 8
44 7
44 6
44 5
45 5
46 5
47 5
48 5
49 5
43 5
43 6
43 7
43 8
42 8
42 7
42 6
42 5
41 7
41 6
41 5
40 7
40 6
40 5
45 14
46 14
47 14
44 14
44 15
45 15
46 15
47 15
44 16
45 16
46 16
47 16
48 14
48 15
48 16
49 14
49 15
49 16
44 17
45 17
46 17
47 17
48 17
49 17
47 18
48 18
49 18
48 19
49 19
39 6
39 5
41 4
40 4
39 4
38 4
40 3
39 3
38 3
39 2
38 2
45 4
46 4
47 4
48 4
49 4
46 3
47 3
48 3
49 3
38 1
38 0
37 3
37 2
37 1
37 0
36 0
36 1
36 2
36 3
36 4
35 4
35 3
35 2
35 1
35 0
0
Yes
31 3
31 4
31 5
31 6
31 7
31 8
31 9
31 10
32 10
32 9
32 8
32 7
32 6
32 5
32 4
32 3
33 7
33 8
33 9
33 10
33 6
33 5
33 4
33 3
33 2
32 2
31 2
31 1
32 1
33 1
33 0
32 0
31 0
30 0
30 1
30 2
30 3
30 4
30 5
30 6
30 7
30 8
30 9
30 10
29 10
29 9
29 8
29 7
29 6
29 5
29 4
29 3
29 2
29 1
29 0
28 0
28 1
28 2
28 3
28 4
28 5
28 6
28 7
28 8
28 9
28 10
27 2
27 3
27 4
27 5
27 6
27 7
27 8
27 9
27 10
26 2
26 3
26 4
26 5
26 6
26 7
26 8
26 9
26 10
25 10
34 6
34 5
34 4
34 3
34 2
34 1
34 0
33 11
32 11
31 11
30 11
29 11
28 11
27 11
26 11
25 11
25 12
26 12
27 12
28 12
29 12
30 12
31 12
32 12
32 13
31 13
30 13
29 13
28 13
27 13
26 13
0
Yes
5 19
4 19
6 19
6 18
7 18
7 19
8 19
3 19
8 20
7 20
6 20
5 20
4 20
3 20
2 20
8 21
7 21
6 21
5 21
4 21
3 21
2 21
8 22
7 22
6 22
5 22
4 22
3 22
2 22
2 23
3 23
4 23
5 23
6 23
7 23
8 23
6 24
5 24
0
Yes
33 49
34 49
34 48
33 48
34 47
33 47
33 46
33 45
32 45
32 46
32 47
32 48
32 49
35 48
35 49
31 47
31 48
31 49
0
Yes
30 47
30 48
30 49
29 49
29 48
29 47
29 46
28 46
28 47
28 48
28 49
28 45
27 45
27 46
27 47
27 48
27 49
26 45
26 46
26 47
26 48
0
Yes
10 1
10 2
10 3
10 4
10 5
10 6
11 6
11 5
11 4
11 3
11 2
11 1
11 0
10 0
9 0
9 1
9 2
9 3
9 4
9 5
9 6
8 6
8 5
8 4
8 3
8 2
8 1
8 0
7 0
7 1
7 2
7 3
7 4
7 5
7 6
6 6
6 5
6 4
6 3
6 2
6 1
6 0
5 0
5 1
5 2
5 3
5 4
5 5
5 6
4 4
4 5
4 6
4 7
5 7
6 7
7 7
8 7
9 7
10 7
11 7
4 8
5 8
6 8
7 8
8 8
9 8
0
Yes
32 22
33 22
34 22
35 22
36 22
37 22
37 21
36 21
35 21
34 21
33 21
32 21
32 20
33 20
34 20
35 20
36 20
37 20
37 19
36 19
35 19
34 19
33 19
32 19
32 18
33 18
34 18
35 18
36 18
37 18
37 17
36 17
35 17
34 17
33 17
32 17
32 16
33 16
34 16
35 16
36 16
37 16
35 15
36 15
37 15
34 15
33 15
32 15
34 14
33 14
32 14
36 14
37 14
31 14
31 15
31 16
31 17
31 18
31 19
31 20
31 21
31 22
30 22
30 21
30 20
30 19
30 18
30 17
30 16
30 15
30 14
29 14
29 15
29 16
29 17
29 18
29 19
29 20
29 21
28 14
28 15
28 16
28 17
28 18
28 19
28 20
28 21
30 23
31 23
32 23
33 23
34 23
35 23
36 23
37 23
34 24
33 24
32 24
31 24
38 14
38 15
38 16
38 17
38 18
38 19
38 20
38 21
38 22
38 23
39 23
39 22
39 21
39 20
39 19
39 18
0
Yes
5 42
5 43
6 43
6 42
6 41
7 43
7 42
7 41
8 43
8 42
8 41
8 40
7 40
0
Yes
2 31
1 31
0 31
0 32
1 32
2 32
3 32
4 32
4 33
3 33
2 33
1 33
0 33
0 34
1 34
2 34
3 34
4 34
0 35
1 35
2 35
3 35
4 35
5 35
5 34
5 33
5 32
5 31
5 30
6 34
6 33
6 32
6 31
6 30
5 36
4 36
3 36
2 36
1 36
1 37
2 37
3 37
4 37
5 37
2 38
3 38
4 38
5 38
6 38
3 39
4 39
5 39
6 39
5 40
6 40
7 34
7 33
7 32
7 31
7 30
8 33
8 32
8 31
8 30
0
Yes
19 22
19 23
19 24
19 25
19 26
19 27
19 28
19 29
18 29
18 28
18 27
18 26
18 25
18 24
18 23
18 22
17 29
17 28
17 27
17 26
17 25
17 24
17 23
17 22
16 28
16 27
16 26
16 25
16 24
16 23
16 22
20 29
20 28
20 27
20 26
20 25
20 24
20 23
20 22
21 28
21 27
21 26
21 25
21 24
21 23
21 22
22 28
22 27
22 26
22 25
22 24
22 23
22 22
23 26
23 25
23 24
23 23
23 22
24 25
24 24
24 23
24 22
25 25
25 24
25 23
25 22
26 25
26 24
26 23
26 22
27 24
27 25
27 23
27 22
28 22
28 23
27 21
26 21
25 21
24 21
23 21
22 21
21 21
20 21
19 21
18 21
17 21
16 21
16 20
17 20
18 20
19 20
20 20
21 20
22 20
23 20
24 20
25 20
26 20
27 20
27 19
26 19
25 19
0
Yes
48 32
48 33
48 31
48 30
49 30
49 29
48 29
48 28
49 28
49 27
48 27
47 27
47 28
47 29
47 30
47 31
47 32
47 33
46 28
46 29
46 30
46 31
46 32
46 33
45 33
45 32
45 31
45 30
45 29
45 28
45 27
44 27
44 28
44 29
44 30
44 31
44 32
43 32
43 31
43 30
43 29
43 28
43 27
42 32
42 31
42 30
42 29
42 28
42 27
45 34
46 34
47 34
48 34
44 34
49 34
49 35
48 35
47 35
46 35
45 35
44 35
43 35
42 35
41 31
41 30
41 29
41 28
41 27
41 26
40 26
40 27
40 28
40 29
40 30
40 31
39 31
39 30
39 29
39 28
39 27
38 27
38 28
38 29
38 30
38 31
42 36
43 36
44 36
45 36
46 36
47 36
48 36
49 36
41 36
40 36
40 37
41 37
42 37
43 37
44 37
45 37
46 37
47 37
48 37
49 37
40 38
41 38
42 38
43 38
44 38
45 38
0
Yes
7 0
7 1
7 2
7 3
7 4
7 5
7 6
7 7
8 7
8 6
8 5
8 4
8 3
8 2
8 1
8 0
9 0
9 1
9 2
9 3
9 4
9 5
9 6
9 7
10 7
10 6
10 5
10 4
10 3
10 2
10 1
10 0
6 7
6 6
6 5
6 4
6 3
6 2
6 1
6 0
5 0
5 1
5 2
5 3
5 4
5 5
5 6
5 7
4 4
4 5
4 6
4 7
11 0
11 1
11 2
11 3
11 4
11 5
11 6
11 7
12 7
12 6
12 5
12 4
12 3
12 2
12 1
12 0
0
Yes
17 26
16 26
16 25
17 25
16 24
17 24
16 23
17 23
16 22
17 22
16 21
17 21
16 20
17 20
18 20
18 21
18 22
18 23
18 24
18 25
18 26
19 20
19 21
19 22
19 23
19 24
19 25
19 26
20 20
20 21
20 22
20 23
20 24
20 25
20 26
21 20
21 21
21 22
21 23
21 24
21 25
0
Yes
1 13
0 13
1 12
0 12
1 11
0 11
0
Yes
46 41
47 41
48 41
45 41
44 41
44 40
45 40
46 40
47 40
48 40
45 39
44 39
46 39
47 39
48 39
46 38
47 38
48 38
49 38
49 39
49 40
0
No
0
Yes
5 48
5 47
6 47
6 48
7 48
8 48
8 49
7 49
6 49
5 49
4 49
4 48
4 47
4 46
3 46
3 47
3 48
3 49
2 46
2 47
2 48
2 49
1 46
1 47
1 48
1 49
0
Yes
20 44
20 45
20 43
20 42
20 41
21 41
21 42
21 43
21 44
21 45
22 45
22 44
22 43
22 42
22 41
23 41
23 42
23 43
23 44
23 45
24 44
24 45
24 43
24 42
24 41
25 42
25 43
25 45
25 46
24 46
23 46
22 46
21 46
20 46
20 47
21 47
22 47
23 47
24 47
25 47
25 48
24 48
23 48
22 48
21 48
20 48
20 49
21 49
22 49
23 49
24 49
25 49
24 40
23 40
22 40
21 40
20 40
20 39
21 39
22 39
0
Yes
18 27
19 27
20 27
17 27
16 27
16 28
17 28
18 28
19 28
20 28
20 29
19 29
18 29
17 29
0
Yes
1 18
0 18
1 19
0 19
0 20
1 20
2 20
2 21
1 21
0 21
0 22
1 22
2 22
2 23
3 23
3 22
3 21
3 20
3 19
4 19
4 20
4 21
4 22
4 23
5 19
5 20
5 21
5 22
5 23
3 24
4 24
5 24
6 24
6 23
6 22
6 21
6 20
6 19
6 18
7 18
7 19
7 20
7 21
7 22
7 23
8 19
8 20
8 21
8 22
8 23
8 24
9 20
9 21
9 22
9 23
9 24
10 20
10 21
10 22
10 23
10 24
11 21
11 22
11 23
11 24
12 21
12 22
12 23
12 24
13 22
13 23
13 24
14 23
14 24
15 24
15 25
14 25
13 25
12 25
11 25
10 25
9 25
15 26
14 26
13 26
12 26
11 26
10 26
9 26
14 27
13 27
12 27
11 27
0
Yes
40 14
40 15
40 16
40 17
41 17
41 16
41 15
41 14
42 14
42 15
42 16
42 17
43 14
43 15
43 16
43 17
0
Yes
17 4
16 4
16 3
17 3
18 3
15 4
14 4
13 4
13 3
18 2
17 2
17 1
18 1
18 0
17 0
16 0
15 0
15 1
14 1
14 0
14 2
13 2
13 1
13 0
12 0
12 1
12 2
12 3
12 4
12 5
12 6
12 7
11 7
11 6
11 5
11 4
11 3
11 2
11 1
11 0
10 0
10 1
10 2
10 3
10 4
10 5
10 6
10 7
9 7
9 6
9 5
9 4
9 3
9 2
9 1
9 0
8 0
8 1
8 2
8 3
8 4
8 5
8 6
8 7
7 7
7 6
7 5
7 4
7 3
7 2
7 1
7 0
6 0
6 1
6 2
6 3
6 4
6 5
6 6
6 7
5 3
5 2
5 1
5 0
5 4
5 5
5 6
5 7
4 4
4 5
4 6
4 7
4 8
5 8
6 8
7 8
8 8
9 8
10 8
11 8
12 8
13 8
13 9
12 9
11 9
10 9
9 9
8 9
7 9
6 9
6 10
7 10
8 10
9 10
10 10
0
Yes
26 9
26 8
26 7
26 6
26 5
26 4
26 3
26 2
27 2
27 3
27 4
27 5
27 6
27 7
27 8
27 9
28 9
28 8
28 7
28 6
28 5
28 4
28 3
28 2
29 2
29 3
29 4
29 5
29 6
29 7
29 8
29 9
30 9
30 8
30 7
30 6
30 5
30 4
30 3
30 2
31 2
31 3
31 4
31 5
31 6
31 7
31 8
31 9
32 9
32 8
32 7
32 6
32 5
32 4
32 3
32 2
33 7
33 8
33 9
33 6
33 5
33 4
33 3
33 2
34 6
34 5
34 4
34 3
34 2
34 9
34 8
35 8
35 9
34 1
33 1
32 1
31 1
30 1
29 1
28 1
28 0
29 0
30 0
31 0
32 0
33 0
34 0
33 10
32 10
31 10
30 10
29 10
28 10
27 10
26 10
33 11
32 11
31 11
30 11
29 11
0
Yes
5 43
5 42
6 43
6 42
6 41
7 43
7 42
7 41
8 43
8 42
8 41
0
Yes
47 44
47 43
48 43
48 44
49 43
49 44
0
No
0
Yes
46 28
47 28
47 27
45 28
45 27
44 27
44 28
43 27
43 28
42 27
42 28
41 28
41 27
41 26
40 26
40 27
40 28
39 27
39 28
38 27
38 28
38 29
39 29
40 29
41 29
42 29
43 29
44 29
45 29
46 29
47 29
38 30
39 30
40 30
41 30
42 30
43 30
44 30
45 30
46 30
47 30
38 31
39 31
40 31
41 31
42 31
43 31
44 31
45 31
46 31
47 31
42 32
43 32
44 32
45 32
46 32
47 32
48 32
48 31
48 30
48 29
48 28
48 27
49 27
49 28
49 29
49 30
48 33
47 33
46 33
45 33
45 34
46 34
47 34
48 34
37 27
49 34
49 35
48 35
47 35
0
Yes
4 36
5 36
5 37
4 37
5 35
4 35
4 34
5 34
6 34
6 33
5 33
4 33
4 32
5 32
6 32
5 31
6 31
5 30
6 30
5 29
6 29
3 32
3 33
3 34
3 35
3 36
3 37
3 38
4 38
5 38
6 38
3 39
4 39
5 39
6 39
6 40
5 40
2 38
2 37
2 36
2 35
2 34
2 33
2 32
2 31
1 37
1 36
1 35
1 34
1 33
1 32
1 31
0 31
0 32
0 33
0 34
0 35
7 34
7 33
7 32
7 31
7 30
7 29
8 33
8 32
8 31
8 30
8 29
9 30
9 29
10 30
10 29
5 28
6 28
7 28
8 28
9 28
10 28
0
Yes
48 41
49 41
47 41
46 41
45 41
44 41
43 41
43 40
44 40
45 40
46 40
47 40
48 40
49 40
49 39
48 39
47 39
46 39
45 39
44 39
43 39
43 38
44 38
45 38
46 38
47 38
48 38
49 38
49 37
48 37
47 37
46 37
45 37
44 37
43 37
42 37
42 38
42 39
42 40
42 41
41 41
41 40
41 39
41 38
41 37
40 41
40 40
40 39
40 38
40 37
40 36
41 36
42 36
43 36
44 36
45 36
46 36
47 36
48 36
49 36
0
Yes
1 0
1 1
1 2
1 3
0 3
0 2
0 1
0 0
2 3
2 2
2 1
2 0
2 4
3 4
3 3
3 2
3 1
3 0
4 0
4 1
4 2
4 3
4 4
4 5
4 6
4 7
4 8
5 8
5 7
5 6
5 5
5 4
5 3
5 2
5 1
5 0
6 0
6 1
6 2
6 3
6 4
6 5
6 6
6 7
6 8
6 9
7 9
7 8
7 7
7 6
7 5
7 4
7 3
7 2
7 1
7 0
8 0
8 1
8 2
8 3
8 4
8 5
8 6
8 7
8 8
8 9
9 9
9 8
9 7
9 6
9 5
9 4
9 3
9 2
9 1
9 0
10 0
10 1
10 2
10 3
10 4
10 5
10 6
10 7
10 8
10 9
11 9
11 8
11 7
11 6
11 5
11 4
11 3
11 2
11 1
11 0
12 5
12 6
12 7
12 8
12 9
12 4
12 3
12 2
12 1
12 0
13 8
13 9
13 3
13 4
13 2
13 1
13 0
14 2
14 1
14 0
15 1
15 0
14 4
15 4
0
No
0
Yes
1 18
1 19
0 18
0 19
0
No
0
Yes
0 0
0 1
0 2
0 3
1 3
1 2
1 1
1 0
2 0
2 1
2 2
2 3
2 4
3 4
3 3
3 2
3 1
3 0
4 0
4 1
4 2
4 3
4 4
4 5
4 6
4 7
4 8
5 8
5 7
5 6
5 5
5 4
5 3
5 2
5 1
5 0
6 0
6 1
6 2
6 3
6 4
6 5
6 6
6 7
6 8
7 8
7 7
7 6
7 5
7 4
7 3
7 2
7 1
7 0
8 0
8 1
8 2
8 3
8 4
8 5
8 6
8 7
8 8
9 8
9 7
9 6
9 5
9 4
9 3
9 2
9 1
9 0
10 0
10 1
10 2
10 3
10 4
10 5
10 6
10 7
10 8
11 8
11 7
11 6
11 5
11 4
11 3
11 2
11 1
11 0
12 5
12 6
12 7
12 8
12 4
12 3
12 2
12 1
12 0
13 8
13 3
13 4
13 2
13 1
13 0
14 2
14 1
14 0
1
566
48 46
47 46
46 46
46 47
47 47
48 47
48 48
47 48
46 48
46 49
47 49
48 49
49 49
49 48
49 47
49 46
Yes
35 4
36 4
35 3
36 3
37 3
35 2
36 2
37 2
35 1
36 1
37 1
38 1
38 2
38 3
38 4
39 2
39 3
39 4
40 3
40 4
41 4
39 5
40 5
41 5
39 6
40 6
41 6
42 5
42 6
43 5
43 6
44 5
44 6
38 0
37 0
36 0
35 0
45 6
45 5
45 4
46 4
46 5
46 6
46 3
47 3
47 4
47 5
47 6
40 7
41 7
42 7
43 7
44 7
45 7
46 7
47 7
42 8
43 8
44 8
45 8
46 8
47 8
44 9
45 9
46 9
47 9
46 10
47 10
48 10
48 9
48 8
48 7
48 6
48 5
48 4
48 3
49 3
49 4
49 5
49 6
49 7
49 8
49 9
47 11
46 11
44 10
0
Yes
27 45
26 45
25 45
25 46
26 46
27 46
27 47
26 47
25 47
25 48
26 48
27 48
27 49
26 49
25 49
24 49
24 48
24 47
24 46
24 45
24 44
24 43
25 43
25 42
24 42
23 42
23 43
23 44
23 45
23 46
23 47
23 48
23 49
22 49
22 48
22 47
22 46
22 45
22 44
22 43
22 42
21 42
21 43
21 44
21 45
21 46
21 47
21 48
21 49
20 49
20 48
20 47
20 46
20 45
20 44
20 43
20 42
28 45
28 46
28 47
28 48
28 49
29 46
29 47
29 48
29 49
0
Yes
21 3
22 3
23 3
23 2
22 2
21 2
22 1
21 1
22 0
21 0
20 0
20 1
20 2
20 3
19 3
19 2
19 1
19 0
18 3
18 2
18 1
18 0
17 0
17 1
17 2
0
Yes
11 22
11 23
11 24
10 24
10 23
10 22
9 22
9 23
9 24
8 24
8 23
8 22
11 21
10 21
9 21
8 21
10 20
9 20
8 20
1
582
41 31
42 31
42 30
41 30
41 29
42 29
42 28
41 28
42 27
41 27
40 31
40 30
40 29
40 28
40 27
39 27
39 28
39 29
39 30
39 31
38 31
38 30
38 29
38 28
38 27
Yes
4 32
3 32
3 33
4 33
4 34
3 34
3 35
4 35
5 35
5 34
5 33
5 32
5 31
5 30
5 29
5 28
6 34
6 33
6 32
6 31
6 30
6 29
6 28
7 34
7 33
7 32
7 31
7 30
7 29
7 28
8 33
8 32
8 31
8 30
8 29
8 28
9 30
9 29
9 28
10 30
10 29
10 28
11 28
11 29
11 30
11 31
11 27
10 27
9 27
8 27
7 27
6 27
5 27
4 27
6 26
7 26
8 26
9 26
10 26
11 26
5 26
4 26
3 26
9 25
10 25
11 25
3 25
4 25
5 25
3 24
4 24
5 24
2 25
2 35
2 34
2 33
2 32
2 31
1 31
1 32
1 33
1 34
1 35
1 36
2 36
3 36
4 36
5 36
1 37
2 37
3 37
4 37
5 37
2 38
3 38
4 38
5 38
6 38
3 39
4 39
5 39
6 39
6 40
5 40
0 35
0 34
0 33
0 32
0 31
12 31
12 30
12 29
12 28
12 27
12 26
12 25
13 29
13 30
13 31
13 32
14 32
15 32
16 32
16 31
17 31
17 32
18 31
18 32
16 30
1
528
48 0
48 1
48 2
47 2
47 1
47 0
49 2
49 1
49 0
Yes
22 36
22 37
22 38
22 39
22 40
23 40
23 39
23 38
23 37
23 36
24 40
24 39
24 38
24 37
24 36
24 35
23 35
22 35
22 34
23 34
24 34
22 33
23 33
24 33
23 32
24 32
23 31
24 31
24 30
21 33
21 34
21 35
21 36
21 37
21 38
21 39
21 40
20 40
20 39
20 38
20 37
20 36
20 35
20 34
20 33
19 37
19 36
19 35
19 34
19 33
18 33
18 34
17 34
17 33
20 41
21 41
22 41
23 41
24 41
25 30
25 31
25 32
25 33
25 34
25 35
25 36
25 37
25 38
25 39
26 39
26 38
26 37
26 36
26 35
26 34
26 33
26 32
26 31
26 30
27 36
27 35
27 34
27 33
27 32
28 34
28 33
28 32
28 31
28 30
28 29
29 33
29 32
29 31
29 30
29 29
30 33
30 32
30 31
30 30
30 29
31 29
32 29
33 29
33 28
32 28
31 28
30 28
29 28
28 28
27 28
33 27
32 27
31 27
30 27
29 27
28 27
27 27
0
Yes
17 0
18 0
19 0
20 0
17 1
18 1
19 1
20 1
17 2
18 2
19 2
20 2
19 3
18 3
17 3
20 3
0
Yes
47 12
47 13
46 12
46 13
45 12
45 13
45 14
46 14
47 14
48 14
49 14
44 14
43 14
42 14
42 15
43 15
44 15
45 15
46 15
47 15
48 15
49 15
49 16
48 16
47 16
46 16
45 16
44 16
43 16
42 16
45 17
46 17
47 17
48 17
49 17
44 17
43 17
42 17
44 18
43 18
42 18
47 18
48 18
49 18
48 19
49 19
43 19
42 19
43 20
42 20
42 21
43 21
44 21
41 21
41 20
41 19
41 18
41 17
41 16
41 15
41 14
41 13
41 12
40 12
40 13
40 14
40 15
40 16
40 17
40 18
40 19
40 20
40 21
39 15
39 16
39 17
39 18
39 19
39 20
39 21
38 21
38 20
38 19
38 18
38 17
38 16
38 15
38 14
37 14
37 15
37 16
37 17
37 18
37 19
37 20
37 21
36 14
36 15
36 16
36 17
36 18
36 19
36 20
36 21
35 15
35 16
35 17
35 18
35 19
35 20
35 21
44 22
43 22
42 22
41 22
40 22
39 22
38 22
37 22
36 22
35 22
42 23
41 23
40 23
39 23
38 23
37 23
36 23
35 23
45 22
45 23
46 23
46 22
34 23
34 22
34 21
34 20
34 19
34 18
34 17
34 16
34 15
42 24
34 24
33 24
33 23
33 22
0
Yes
43 47
43 48
42 48
42 49
43 49
0
No
0
Yes
0 20
1 20
2 20
2 21
1 21
0 21
0 22
1 22
2 22
2 23
0
Yes
47 13
47 12
46 12
46 13
45 12
45 13
45 14
46 14
47 14
48 14
49 14
44 14
43 14
42 14
42 15
43 15
44 15
45 15
46 15
47 15
48 15
49 15
49 16
48 16
47 16
46 16
45 16
44 16
43 16
42 16
41 16
41 15
41 14
41 13
41 12
40 12
40 13
40 14
40 15
40 16
39 15
39 16
38 16
38 15
38 14
37 14
37 15
37 16
36 14
36 15
36 16
35 15
35 16
45 17
46 17
47 17
48 17
49 17
44 17
43 17
42 17
41 17
40 17
39 17
38 17
37 17
36 17
35 17
44 18
43 18
42 18
41 18
40 18
39 18
38 18
37 18
36 18
35 18
47 18
48 18
49 18
48 19
49 19
43 19
42 19
41 19
40 19
39 19
38 19
37 19
36 19
35 19
43 20
42 20
41 20
40 20
39 20
38 20
37 20
36 20
35 20
35 21
36 21
37 21
38 21
39 21
40 21
41 21
42 21
43 21
44 21
44 22
43 22
42 22
41 22
40 22
39 22
38 22
37 22
36 22
35 22
42 23
41 23
40 23
39 23
38 23
37 23
36 23
35 23
45 22
45 23
46 23
46 22
34 23
34 22
34 21
34 20
34 19
34 18
34 17
34 16
34 15
0
Yes
24 19
24 20
24 21
24 22
24 23
24 24
24 25
25 25
25 24
25 23
25 22
25 21
25 20
25 19
23 25
23 24
23 23
23 22
23 21
23 20
23 19
23 26
22 26
22 25
22 24
22 23
22 22
22 21
22 20
22 19
22 27
22 28
21 28
21 27
21 26
21 25
21 24
21 23
21 22
21 21
21 20
21 19
20 19
20 20
20 21
20 22
20 23
20 24
20 25
20 26
20 27
20 28
20 29
19 29
19 28
19 27
19 26
19 25
19 24
19 23
19 22
19 21
19 20
19 19
18 29
18 28
18 27
18 26
18 25
18 24
18 23
18 22
18 21
18 20
18 19
17 29
17 28
17 27
17 26
17 25
17 24
17 23
17 22
17 21
17 20
17 19
16 20
16 21
16 22
16 23
16 24
16 25
16 26
16 27
16 28
15 26
15 25
15 24
0
Yes
49 27
48 27
47 27
47 28
48 28
49 28
46 28
46 29
47 29
48 29
49 29
49 30
48 30
47 30
46 30
45 30
45 29
45 28
45 27
44 27
44 28
44 29
44 30
43 27
43 28
43 29
43 30
42 27
42 28
42 29
42 30
41 30
41 29
41 28
41 27
41 26
40 26
40 27
40 28
40 29
40 30
40 31
41 31
42 31
43 31
44 31
45 31
46 31
47 31
48 31
42 32
43 32
44 32
45 32
46 32
47 32
48 32
48 33
47 33
46 33
45 33
39 31
39 30
39 29
39 28
39 27
38 27
38 28
38 29
38 30
38 31
45 34
46 34
47 34
48 34
0
No
0
Yes
2 37
1 37
1 36
2 36
3 36
3 37
4 37
4 36
5 36
5 37
5 35
4 35
3 35
2 35
1 35
0 35
0 34
1 34
2 34
3 34
4 34
5 34
5 33
4 33
3 33
2 33
1 33
0 33
1
583
47 46
46 46
45 46
45 47
46 47
47 47
47 48
46 48
45 48
45 49
46 49
47 49
44 46
44 47
44 48
44 49
48 49
48 48
48 47
Yes
8 24
9 24
9 25
9 26
8 26
7 26
7 27
8 27
9 27
9 28
8 28
7 28
7 29
8 29
9 29
9 30
8 30
7 30
8 31
7 31
8 32
7 32
8 33
7 33
7 34
10 30
10 29
10 28
10 27
10 26
10 25
10 24
11 24
11 25
11 26
11 27
11 28
11 29
11 30
11 31
12 31
12 30
12 29
12 28
12 27
12 26
12 25
12 24
13 29
13 30
13 31
2 29
2 25
2 30
3 30
2 28
13 27
13 26
13 25
13 24
14 27
14 26
14 25
14 24
14 23
13 23
12 23
11 23
10 23
9 23
8 23
7 23
13 22
12 22
11 22
10 22
9 22
8 22
7 22
12 21
11 21
10 21
9 21
8 21
7 21
10 20
9 20
8 20
7 20
8 19
7 19
7 18
6 18
6 19
6 20
6 21
6 22
6 23
6 24
6 34
6 33
6 32
6 31
6 30
6 29
6 28
6 27
6 26
5 28
5 29
5 30
5 31
5 32
5 27
5 26
4 27
4 26
3 26
4 32
3 32
2 32
2 31
1 31
1 32
0 32
0 31
3 25
4 25
5 25
5 24
5 23
5 22
5 21
5 20
5 19
4 24
3 24
4 23
3 23
4 22
3 22
4 21
3 21
4 20
4 19
3 20
3 19
0
Yes
33 6
34 6
34 5
33 5
34 4
33 4
34 3
33 3
33 7
32 7
32 6
32 5
32 4
32 3
31 3
31 4
31 5
31 6
31 7
30 7
30 6
30 5
30 4
30 3
29 3
29 4
29 5
29 6
29 7
34 2
33 2
32 2
31 2
30 2
29 2
34 1
33 1
32 1
31 1
30 1
29 1
34 0
33 0
32 0
31 0
30 0
29 0
0
No
0
Yes
31 47
32 47
33 47
34 47
34 48
33 48
32 48
31 48
35 48
35 49
34 49
33 49
32 49
0
Yes
15 34
16 34
16 35
15 35
17 35
17 34
17 36
16 36
15 36
0
Yes
36 35
36 36
36 37
36 38
36 39
37 39
37 38
37 37
37 36
37 35
37 40
37 41
38 41
38 40
38 39
38 38
38 37
38 36
38 35
39 35
39 36
39 37
39 38
39 39
39 40
39 41
39 34
38 34
37 34
36 34
36 33
37 33
38 33
39 33
40 33
40 32
39 32
38 32
37 32
36 32
35 32
35 33
35 34
35 35
35 36
35 37
35 38
35 39
35 40
35 41
34 41
34 40
34 39
34 38
34 37
34 36
34 35
34 34
34 33
34 32
33 40
33 39
33 38
33 37
33 36
33 35
33 34
33 33
0
Yes
12 49
13 49
14 49
15 49
16 49
17 49
18 49
19 49
19 48
18 48
17 48
16 48
15 48
14 48
13 48
12 48
19 47
18 47
17 47
16 47
15 47
14 47
13 47
12 47
19 46
18 46
17 46
16 46
15 46
14 46
13 46
12 46
11 46
11 47
11 48
11 49
10 47
10 48
10 49
9 49
11 45
12 45
13 45
14 45
15 45
16 45
17 45
18 45
19 45
19 44
18 44
17 44
16 44
15 44
14 44
13 44
12 44
11 44
19 43
18 43
17 43
16 43
15 43
14 43
13 43
12 43
11 43
10 43
9 43
9 42
10 42
11 42
12 42
13 42
14 42
15 42
16 42
17 42
18 42
19 42
9 41
10 41
11 41
12 41
13 41
14 41
15 41
0
No
0
Yes
43 49
42 49
42 48
43 48
0
Yes
26 45
27 45
25 45
25 46
26 46
27 46
27 47
26 47
25 47
25 48
26 48
27 48
27 49
26 49
25 49
24 49
24 48
24 47
24 46
24 45
24 44
23 44
23 45
23 46
23 47
23 48
23 49
22 49
22 48
22 47
22 46
22 45
22 44
21 44
21 45
21 46
21 47
21 48
21 49
20 49
20 48
20 47
20 46
20 45
20 44
28 45
28 46
28 47
28 48
28 49
29 46
29 47
29 48
29 49
30 47
30 48
30 49
0
Yes
10 36
10 37
10 38
10 39
10 40
11 40
11 39
11 38
11 37
11 36
12 40
12 39
12 38
12 37
12 36
13 40
13 39
13 38
13 37
13 36
14 36
14 37
14 38
14 39
14 40
15 40
15 39
15 38
15 37
1
600
48 2
47 2
47 1
48 1
48 0
47 0
49 2
49 1
49 0
Yes
49 24
49 25
49 26
49 27
49 28
49 29
49 30
48 30
48 29
48 28
48 27
48 26
48 25
48 24
47 26
47 27
47 28
47 29
47 30
47 25
47 24
46 25
46 24
46 28
46 29
46 30
48 31
47 31
46 31
48 32
47 32
46 32
48 33
47 33
46 33
45 33
45 32
45 31
45 30
45 29
45 28
45 27
44 27
44 28
44 29
44 30
44 31
44 32
43 32
43 31
43 30
43 29
43 28
43 27
42 32
42 31
42 30
42 29
42 28
42 27
41 31
41 30
41 29
41 28
41 27
41 26
45 34
46 34
47 34
48 34
44 34
49 34
44 35
45 35
46 35
47 35
48 35
49 35
40 26
40 27
40 28
40 29
40 30
40 31
40 32
40 33
39 27
39 28
39 29
39 30
39 31
39 32
39 33
38 27
38 28
38 29
38 30
38 31
0
No
0
Yes
40 43
39 43
40 42
39 42
39 41
0
Yes
0 19
1 19
1 18
0 18
1 20
0 20
2 20
2 21
1 21
0 21
2 22
1 22
0 22
0
Yes
16 45
16 46
16 47
16 48
16 49
17 49
17 48
17 47
17 46
17 45
18 45
18 46
18 47
18 48
18 49
18 44
17 44
16 44
16 43
17 43
18 43
15 43
15 44
15 45
15 46
15 47
15 48
15 49
14 49
14 48
14 47
14 46
14 45
14 44
14 43
13 43
13 44
13 45
13 46
13 47
13 48
13 49
12 49
12 48
12 47
12 46
12 45
12 44
12 43
11 44
11 45
11 46
11 47
11 48
11 49
11 43
10 47
10 48
10 49
0
Yes
1 13
2 13
0 13
1 12
0 12
1 11
0 11
0
Yes
17 4
16 4
16 3
17 3
0
Yes
38 40
38 41
37 41
37 40
37 39
38 39
39 39
39 40
39 41
39 42
40 42
40 41
40 40
40 39
41 42
41 41
41 40
41 39
42 42
42 41
42 40
42 39
43 41
43 40
43 39
44 41
44 40
44 39
45 41
45 40
45 39
45 38
44 38
43 38
42 38
41 38
40 38
39 38
38 38
37 38
37 37
38 37
39 37
40 37
41 37
42 37
43 37
44 37
45 37
45 36
44 36
43 36
42 36
41 36
40 36
39 36
38 36
37 36
46 36
46 37
46 38
46 39
46 40
46 41
47 41
47 40
47 39
47 38
47 37
47 36
48 36
48 37
48 38
48 39
48 40
48 41
49 36
49 37
49 38
49 39
49 40
49 41
0
Yes
39 35
38 35
37 35
36 35
36 36
36 37
36 38
36 39
39 34
38 34
37 34
36 34
38 33
37 33
36 33
38 32
37 32
36 32
37 31
36 31
35 31
35 32
35 33
35 34
35 35
35 36
35 37
35 38
35 39
35 40
35 41
34 41
34 40
34 39
34 38
34 37
34 36
34 35
34 34
34 33
34 32
33 40
33 39
33 38
33 37
33 36
33 35
33 34
33 33
0
Yes
48 19
49 19
49 18
48 18
47 18
47 17
48 17
49 17
46 17
46 16
47 16
48 16
49 16
49 15
48 15
47 15
46 15
48 14
49 14
47 14
0
Yes
14 14
14 15
15 15
15 14
16 14
16 15
17 15
17 14
18 14
18 15
19 15
19 14
20 14
20 15
21 14
21 15
21 13
20 13
19 13
18 13
17 13
16 13
15 13
14 13
21 12
20 12
19 12
18 12
17 12
16 12
15 12
14 12
21 11
20 11
19 11
18 11
17 11
16 11
15 11
14 11
14 16
15 16
16 16
17 16
18 16
19 16
20 16
21 16
14 10
15 10
16 10
17 10
18 10
19 10
20 10
21 10
17 9
16 9
15 9
1
617
49 39
49 40
49 41
49 42
48 41
48 40
48 39
47 41
47 40
47 39
46 41
46 40
46 39
45 41
45 40
45 39
44 41
44 40
44 39
43 41
43 40
43 39
43 38
44 38
45 38
46 38
47 38
48 38
49 38
49 37
48 37
47 37
46 37
45 37
44 37
43 37
44 36
45 36
46 36
47 36
48 36
49 36
43 36
43 35
42 35
42 36
42 37
42 38
42 39
42 40
42 41
42 42
41 42
41 41
41 40
41 39
41 38
41 37
41 36
Yes
46 23
46 22
45 23
45 22
44 22
44 21
43 22
43 21
43 20
43 19
43 18
44 18
44 17
43 17
45 17
45 16
44 16
43 16
45 15
44 15
43 15
43 14
44 14
45 14
46 14
45 13
46 13
47 13
42 14
42 15
42 16
42 17
42 18
42 19
42 20
42 21
42 22
42 23
41 23
41 22
41 21
41 20
41 19
41 18
41 17
41 16
41 15
41 14
41 13
41 12
40 12
40 13
40 14
40 15
40 16
40 17
40 18
40 19
40 20
40 21
40 22
40 23
47 12
46 12
45 12
39 23
39 22
39 21
39 20
39 19
39 18
39 17
39 16
39 15
38 23
38 22
38 21
38 20
38 19
38 18
38 17
38 16
38 15
38 14
37 14
37 15
37 16
37 17
37 18
37 19
37 20
37 21
37 22
37 23
36 14
36 15
36 16
36 17
36 18
36 19
36 20
36 21
36 22
36 23
0
Yes
26 4
26 5
27 5
27 4
27 3
26 3
26 2
27 2
25 2
25 3
25 4
25 5
28 2
28 3
28 4
28 5
0
Yes
48 38
48 39
48 40
48 41
47 41
47 40
47 39
47 38
46 41
46 40
46 39
46 38
45 41
45 40
45 39
45 38
44 41
44 40
44 39
44 38
44 37
45 37
46 37
47 37
48 37
48 36
47 36
46 36
45 36
44 36
49 36
49 37
49 38
49 39
49 40
49 41
49 42
43 41
43 40
43 39
43 38
43 37
43 36
0
Yes
19 48
19 49
19 47
19 46
19 45
20 45
20 46
20 47
20 48
20 49
21 49
21 48
21 47
21 46
21 45
22 45
22 46
22 47
22 48
22 49
23 49
23 48
23 47
23 46
23 45
24 45
24 46
24 47
24 48
24 49
25 45
25 46
25 47
25 48
25 49
26 45
26 46
26 47
26 48
26 49
27 45
27 46
27 47
27 48
27 49
28 45
28 46
28 47
28 48
28 49
29 46
29 47
29 48
0
Yes
1 16
1 15
1 14
0 14
0 15
0 16
0
Yes
0 48
0 49
1 49
1 48
2 48
2 49
3 49
3 48
4 48
4 49
5 49
5 48
5 47
4 47
3 47
2 47
1 47
0 47
4 46
3 46
2 46
1 46
0 46
6 47
6 48
6 49
7 48
7 49
8 48
8 49
0
Yes
1 18
1 19
0 18
0 19
0 20
1 20
2 20
2 21
1 21
0 21
2 22
1 22
0 22
0
Yes
0 13
1 13
2 13
3 13
3 12
3 11
4 11
4 12
5 12
5 11
5 10
6 11
6 10
6 9
7 9
7 10
7 11
8 9
8 10
8 11
8 12
8 13
1 12
0 12
1 11
0 11
9 9
9 10
9 11
9 12
9 13
9 14
9 15
9 16
9 17
10 17
10 16
10 15
10 14
10 13
10 12
10 11
10 10
10 9
11 15
11 14
11 13
11 12
11 11
11 10
11 9
12 9
12 10
12 11
12 12
12 13
12 14
13 9
13 10
13 11
13 12
13 13
13 14
14 10
14 11
14 12
14 13
14 14
14 15
14 16
15 16
15 15
15 14
15 13
15 12
15 11
15 10
0
Yes
47 18
48 18
48 19
49 19
49 18
49 17
48 17
47 17
46 17
46 16
47 16
48 16
49 16
0
Yes
10 48
10 47
10 49
11 49
11 48
11 47
12 47
12 48
12 49
0
No
0
No
0
Yes
49 48
49 49
48 49
48 48
48 47
49 47
47 47
47 48
47 49
46 49
46 48
46 47
45 47
45 48
45 49
44 49
44 48
44 47
43 47
43 48
43 49
42 48
42 49
44 46
45 46
46 46
47 46
48 46
49 46
48 45
0
Yes
17 0
17 1
17 2
18 2
18 1
18 0
18 3
19 3
19 2
19 1
19 0
20 0
20 1
20 2
20 3
20 4
20 5
20 6
21 6
21 5
21 4
21 3
21 2
21 1
21 0
21 7
22 0
22 1
22 2
22 3
22 4
22 5
22 6
22 7
23 2
23 3
23 4
23 5
23 6
23 7
24 3
24 4
24 5
24 6
0
Yes
47 0
47 1
48 1
48 0
49 0
49 1
47 2
48 2
49 2
0
Yes
17 0
17 1
17 2
18 2
18 1
18 0
18 3
19 3
19 2
19 1
19 0
20 0
20 1
20 2
20 3
20 4
21 4
21 3
21 2
21 1
21 0
22 0
22 1
22 2
22 3
0
Yes
22 15
22 16
22 17
22 18
21 18
21 17
21 16
21 15
21 14
20 18
20 17
20 16
20 15
20 14
19 18
19 17
19 16
19 15
19 14
18 18
18 17
18 16
18 15
18 14
17 18
17 17
17 16
17 15
17 14
16 18
16 17
16 16
16 15
16 14
0
Yes
39 37
39 38
39 39
39 40
39 41
38 41
38 40
38 39
38 38
38 37
37 41
37 40
37 39
37 38
37 37
40 41
40 40
40 39
40 38
40 37
41 37
41 38
41 39
41 40
41 41
42 41
42 40
42 39
42 38
0
Yes
48 8
48 9
48 10
49 9
49 8
49 7
48 7
48 6
49 6
49 5
48 5
48 4
49 4
47 4
47 5
47 6
47 7
47 8
47 9
47 10
46 10
46 9
46 8
46 7
46 6
46 5
46 4
45 4
45 5
45 6
45 7
45 8
45 9
0
Yes
4 27
5 27
6 27
6 26
5 26
4 26
3 26
3 25
4 25
5 25
3 24
4 24
5 24
6 24
3 23
4 23
5 23
6 23
7 23
3 22
4 22
5 22
6 22
7 22
3 21
4 21
5 21
6 21
7 21
3 20
4 20
5 20
6 20
7 20
3 19
4 19
5 19
6 19
7 19
8 19
8 20
8 21
8 22
8 23
8 24
7 18
6 18
9 20
9 21
9 22
9 23
9 24
10 20
10 21
10 22
10 23
10 24
9 25
10 25
7 26
7 27
8 26
8 27
9 26
9 27
10 26
10 27
11 21
11 22
11 23
11 24
11 25
11 26
11 27
12 21
12 22
12 23
12 24
12 25
12 26
12 27
13 22
13 23
13 24
13 25
13 26
13 27
14 27
14 26
14 25
14 24
14 23
12 28
11 28
10 28
9 28
8 28
7 28
6 28
5 28
5 29
6 29
7 29
8 29
9 29
10 29
11 29
12 29
13 29
13 30
12 30
11 30
10 30
0
Yes
32 45
33 45
33 46
32 46
32 47
33 47
34 47
31 47
30 47
30 48
31 48
32 48
33 48
34 48
35 48
35 49
34 49
33 49
32 49
31 49
30 49
0
Yes
45 4
45 5
45 6
45 7
45 8
45 9
46 9
46 8
46 7
46 6
46 5
46 4
46 3
47 3
47 4
47 5
47 6
47 7
47 8
47 9
48 3
48 4
48 5
48 6
48 7
48 8
48 9
48 10
47 10
46 10
46 11
47 11
49 9
49 8
49 7
49 6
49 5
49 4
49 3
44 9
44 8
44 7
44 6
44 5
43 5
43 6
43 7
43 8
42 8
42 7
42 6
42 5
41 7
41 6
41 5
41 4
40 7
40 6
40 5
0
Yes
33 27
33 28
32 28
32 27
32 26
32 25
31 25
31 26
31 27
31 28
30 26
30 27
30 28
29 28
29 27
29 26
29 25
28 25
28 26
28 27
28 28
27 28
27 27
27 26
27 25
26 25
33 29
32 29
31 29
30 29
29 29
28 29
28 30
29 30
30 30
31 30
32 30
0
Yes
21 13
21 12
20 13
20 12
19 13
19 12
18 13
18 12
21 11
20 11
19 11
18 11
18 10
19 10
20 10
21 10
0
Yes
34 24
33 24
32 24
31 24
31 23
32 23
33 23
34 23
35 23
30 23
30 22
31 22
32 22
33 22
34 22
35 22
35 21
34 21
33 21
32 21
31 21
30 21
29 21
35 20
34 20
33 20
32 20
31 20
30 20
29 20
35 19
34 19
33 19
32 19
31 19
30 19
29 19
35 18
34 18
33 18
32 18
31 18
30 18
29 18
35 17
34 17
33 17
32 17
31 17
30 17
29 17
35 16
34 16
33 16
32 16
31 16
30 16
29 16
35 15
34 15
33 15
32 15
31 15
30 15
29 15
34 14
33 14
32 14
31 14
30 14
29 14
28 14
28 15
28 16
28 17
0
Yes
31 34
32 34
32 33
31 33
31 32
32 32
33 32
33 31
32 31
31 31
30 34
30 33
30 32
30 31
29 31
29 32
29 33
0
Yes
36 2
36 3
37 3
37 2
38 2
38 3
39 3
39 2
40 3
40 2
40 1
39 1
38 1
37 1
36 1
36 0
37 0
38 0
39 0
40 0
0
Yes
13 49
13 48
13 47
14 47
14 48
14 49
15 49
15 48
15 47
16 47
16 48
16 49
17 49
17 48
17 47
18 47
18 48
18 49
18 46
17 46
16 46
0
No
0
Yes
19 0
19 1
19 2
19 3
18 3
18 2
18 1
18 0
17 0
17 1
17 2
17 3
17 4
16 4
16 3
20 3
20 2
20 1
20 0
20 4
20 5
20 6
21 6
21 5
21 4
21 3
21 2
21 1
21 0
22 0
22 1
22 2
22 3
22 4
22 5
22 6
23 2
23 3
23 4
23 5
23 6
24 3
24 4
24 5
24 6
25 6
26 6
27 6
28 6
28 7
27 7
26 7
25 7
24 7
23 7
22 7
21 7
21 8
22 8
23 8
24 8
25 8
26 8
27 8
28 8
29 8
30 8
31 8
32 8
33 8
34 8
35 8
35 9
34 9
33 9
32 9
31 9
30 9
29 9
28 9
27 9
26 9
25 9
24 9
23 9
22 9
21 9
24 10
25 10
26 10
27 10
28 10
29 10
30 10
31 10
32 10
33 10
33 11
32 11
31 11
30 11
29 11
28 11
27 11
26 11
25 11
25 12
26 12
27 12
28 12
29 12
30 12
31 12
32 12
32 13
31 13
30 13
29 13
28 13
27 13
26 13
25 13
0
Yes
16 30
16 41
16 40
16 39
16 38
16 37
17 37
17 38
17 39
17 40
17 41
18 41
18 40
18 39
18 38
18 37
19 37
19 38
19 39
19 40
19 41
20 41
20 40
20 39
20 38
20 37
21 37
21 38
21 39
21 40
21 41
22 41
22 40
22 39
22 38
22 37
23 37
23 38
23 39
23 40
23 41
23 36
22 36
21 36
20 36
19 36
18 36
17 36
16 36
15 36
15 35
16 35
17 35
18 35
19 35
20 35
21 35
22 35
23 35
15 34
16 34
17 34
18 34
19 34
20 34
21 34
22 34
23 34
22 33
21 33
20 33
19 33
18 33
17 33
23 33
19 32
18 32
17 32
16 32
16 31
17 31
18 31
23 32
23 31
24 41
24 40
24 39
24 38
24 37
24 36
24 35
24 34
24 33
24 32
24 31
24 30
25 30
25 31
25 32
25 33
25 34
25 35
25 36
25 37
25 38
25 39
26 39
26 38
26 37
26 36
26 35
26 34
26 33
26 32
26 31
26 30
27 36
27 35
27 34
27 33
27 32
28 34
28 33
28 32
27 38
0
No
0
No
0
No
0
Yes
5 40
6 40
6 39
5 39
6 38
5 38
4 38
4 39
3 39
3 38
0
Yes
29 25
28 25
28 26
29 26
30 26
27 26
27 25
27 27
28 27
29 27
30 27
27 28
28 28
29 28
30 28
28 29
29 29
30 29
31 29
31 28
31 27
31 26
31 25
32 25
32 26
32 27
32 28
32 29
33 29
33 28
33 27
32 30
31 30
30 30
29 30
28 30
28 31
29 31
30 31
31 31
32 31
33 31
29 32
30 32
31 32
32 32
33 32
29 33
30 33
31 33
32 33
33 33
30 34
31 34
32 34
33 34
0
No
0
Yes
1 20
2 20
2 21
1 21
1 19
0 19
0 20
0 21
1 18
0 18
2 22
1 22
0 22
0
No
0
Yes
38 4
39 4
40 4
40 3
39 3
38 3
38 2
39 2
40 2
40 1
39 1
38 1
38 0
39 0
40 0
41 2
41 1
41 0
42 2
42 1
42 0
0
Yes
42 23
41 23
40 23
39 23
38 23
37 23
36 23
36 22
37 22
38 22
39 22
40 22
41 22
42 22
43 22
44 22
44 21
43 21
42 21
41 21
40 21
39 21
38 21
37 21
36 21
36 20
37 20
38 20
39 20
40 20
41 20
42 20
43 20
43 19
42 19
41 19
40 19
39 19
38 19
37 19
36 19
36 18
37 18
38 18
39 18
40 18
41 18
42 18
43 18
44 18
36 17
37 17
38 17
39 17
40 17
41 17
42 17
43 17
44 17
45 17
45 16
44 16
43 16
42 16
41 16
40 16
39 16
38 16
37 16
36 16
36 15
37 15
38 15
39 15
40 15
41 15
42 15
43 15
44 15
45 15
38 14
37 14
36 14
46 15
47 15
48 15
49 15
49 14
48 14
47 14
46 14
45 14
44 14
43 14
42 14
41 14
40 14
40 13
41 13
41 12
40 12
45 13
46 13
47 13
47 12
46 12
45 12
45 22
45 23
0
No
0
Yes
33 35
33 36
33 37
33 38
33 39
33 40
34 40
34 39
34 38
34 37
34 36
34 35
34 41
35 41
35 40
35 39
35 38
35 37
35 36
35 35
36 39
36 38
36 37
36 36
36 35
34 34
35 34
36 34
34 33
35 33
36 33
37 33
37 34
37 35
37 36
37 37
37 38
37 39
37 40
37 41
38 41
38 40
38 39
38 38
38 37
38 36
38 35
38 34
38 33
39 34
39 35
39 36
39 37
39 38
39 39
39 40
39 41
39 33
40 33
40 35
40 36
40 37
40 38
40 39
40 40
40 41
41 36
41 37
41 38
41 39
41 40
41 41
41 42
40 42
39 42
39 43
40 43
42 42
42 41
42 40
42 39
42 38
42 37
42 36
42 35
35 42
34 32
35 32
36 32
37 32
38 32
39 32
40 32
35 31
36 31
37 31
38 31
39 31
40 31
0
Yes
48 32
48 33
48 31
48 30
49 30
49 29
48 29
47 29
47 30
47 31
47 32
47 33
47 34
48 34
48 35
47 35
46 35
46 34
46 33
46 32
46 31
46 30
46 29
45 33
45 34
45 35
45 32
45 31
45 30
45 29
44 35
44 34
44 32
44 31
44 30
44 29
43 32
43 31
43 30
43 29
42 32
42 31
42 30
42 29
41 31
41 30
41 29
40 30
40 29
49 35
49 34
39 30
39 29
38 30
38 29
38 28
39 28
40 28
41 28
42 28
43 28
44 28
45 28
46 28
47 28
48 28
49 28
45 27
44 27
43 27
42 27
41 27
40 27
39 27
38 27
40 26
41 26
47 27
48 27
49 27
47 26
48 26
0
Yes
32 13
32 12
31 13
31 12
30 13
30 12
29 13
29 12
28 13
28 12
27 13
27 12
27 11
28 11
29 11
30 11
31 11
32 11
33 11
33 10
32 10
31 10
30 10
29 10
28 10
27 10
27 9
28 9
29 9
30 9
31 9
32 9
33 9
33 8
32 8
31 8
30 8
29 8
28 8
0
No
0
Yes
24 4
24 5
24 6
25 6
25 7
24 7
24 8
25 8
25 9
24 9
23 9
23 8
23 7
23 6
23 5
23 4
22 9
22 8
22 7
22 6
22 5
22 4
21 7
21 8
21 9
21 6
21 5
21 4
20 6
20 5
20 4
20 9
20 8
19 8
19 9
24 10
25 10
24 3
23 3
22 3
21 3
20 3
23 2
22 2
21 2
20 2
22 1
21 1
20 1
22 0
21 0
20 0
19 3
19 2
19 1
19 0
18 3
18 2
18 1
18 0
17 0
17 1
17 2
0
No
0
Yes
10 47
10 48
10 49
11 49
11 48
11 47
12 47
12 48
12 49
11 46
12 46
13 46
14 46
15 46
15 45
14 45
13 45
12 45
11 45
10 45
11 44
12 44
13 44
14 44
15 44
16 45
16 44
17 45
17 44
18 45
18 44
19 44
20 44
20 43
19 43
18 43
17 43
16 43
15 43
14 43
13 43
12 43
11 43
10 43
16 42
17 42
18 42
19 42
20 42
15 42
14 42
13 42
12 42
11 42
10 42
15 41
14 41
13 41
12 41
11 41
10 41
9 49
9 41
9 42
9 43
8 43
8 42
8 41
8 40
7 40
7 41
7 42
7 43
6 41
6 42
6 43
5 42
5 43
5 44
21 42
21 43
21 44
22 44
22 43
22 42
23 42
23 43
23 44
24 44
24 43
24 42
25 42
25 43
26 43
0
No
0
Yes
31 9
31 8
32 8
32 9
33 8
33 9
33 10
32 10
31 10
33 11
32 11
31 11
32 12
31 12
34 9
34 8
35 8
35 9
30 8
30 9
30 10
30 11
30 12
29 8
29 9
29 10
29 11
29 12
28 12
28 11
28 10
28 9
28 8
28 7
28 6
27 6
27 7
27 8
27 9
27 10
27 11
27 12
26 6
26 7
26 8
26 9
26 10
26 11
26 12
25 11
25 12
32 13
31 13
30 13
29 13
28 13
27 13
26 13
25 13
26 14
25 14
24 14
24 15
25 15
26 15
26 16
25 16
24 16
23 16
23 17
24 17
25 17
26 17
27 17
23 18
24 18
25 18
26 18
27 18
28 18
28 19
27 19
26 19
26 20
27 20
28 20
0
Yes
47 36
47 37
47 38
47 39
47 40
47 41
48 41
48 40
48 39
48 38
48 37
48 36
46 41
46 40
46 39
46 38
46 37
46 36
45 41
45 40
45 39
45 38
45 37
45 36
44 41
44 40
44 39
44 38
44 37
44 36
43 41
43 40
43 39
43 38
43 37
43 36
43 35
44 35
45 35
46 35
47 35
48 35
44 34
45 34
46 34
47 34
48 34
48 33
47 33
46 33
45 33
49 34
49 35
49 36
49 37
49 38
49 39
49 40
49 41
49 42
0
Yes
1 2
1 3
0 3
0 2
0 1
1 1
2 1
2 2
2 3
2 4
3 4
3 3
3 2
3 1
4 1
4 2
4 3
4 4
4 5
4 6
5 6
5 5
5 4
5 3
5 2
5 1
6 1
6 2
6 3
6 4
6 5
6 6
6 0
5 0
4 0
3 0
2 0
1 0
0 0
0
Yes
5 30
5 31
6 30
6 31
7 30
7 31
8 30
8 31
8 32
7 32
6 32
5 32
8 33
7 33
6 33
5 33
0
Yes
5 1
5 2
5 3
5 4
5 5
4 5
4 4
4 3
4 2
4 1
3 4
3 3
3 2
3 1
2 4
2 3
2 2
2 1
1 3
1 2
1 1
0 3
0 2
0 1
4 6
5 6
4 7
5 7
6 7
6 6
6 5
6 4
6 3
6 2
6 1
7 1
7 2
7 3
7 4
7 5
7 6
7 7
8 7
8 6
8 5
8 4
8 3
8 2
8 1
9 1
9 2
9 3
9 4
9 5
9 6
9 7
10 7
10 6
10 5
10 4
10 3
10 2
10 1
11 1
11 2
11 3
11 4
11 5
11 6
11 7
12 7
12 6
12 5
12 4
12 3
12 2
12 1
13 3
13 4
13 2
13 1
13 0
12 0
11 0
10 0
9 0
8 0
7 0
6 0
5 0
4 0
3 0
2 0
1 0
0 0
14 2
14 1
14 0
15 1
15 0
14 4
15 4
4 8
5 8
6 8
0
Yes
48 47
48 48
48 49
49 49
49 48
49 47
49 46
48 46
47 46
47 47
47 48
47 49
46 46
46 47
46 48
46 49
45 46
45 47
45 48
45 49
44 46
44 47
44 48
44 49
43 47
43 48
43 49
42 48
42 49
48 45
49 45
0
Yes
47 25
46 25
46 24
47 24
46 23
47 23
48 23
48 24
48 25
49 23
49 24
49 25
47 26
48 26
49 26
47 27
48 27
49 27
49 28
48 28
47 28
46 28
46 29
47 29
48 29
49 29
49 30
48 30
47 30
46 30
48 31
47 31
46 31
48 32
47 32
46 32
45 32
45 31
45 30
45 29
45 28
45 27
44 27
44 28
44 29
44 30
44 31
44 32
43 32
43 31
43 30
43 29
43 28
43 27
42 32
42 31
42 30
42 29
42 28
42 27
41 31
41 30
41 29
41 28
41 27
41 26
40 26
40 27
40 28
40 29
40 30
39 30
39 29
39 28
39 27
38 27
0
No
0
Yes
35 8
35 9
34 9
34 8
33 8
33 9
33 10
33 11
32 8
32 9
32 10
32 11
32 12
32 13
31 13
31 12
31 11
31 10
31 9
31 8
30 8
30 9
30 10
30 11
30 12
30 13
29 13
29 12
29 11
29 10
29 9
29 8
28 13
28 12
28 11
28 10
28 9
28 8
28 7
28 6
27 6
27 7
27 8
27 9
27 10
27 11
27 12
27 13
26 6
26 7
26 8
26 9
26 10
26 11
26 12
26 13
25 11
25 12
25 13
26 14
25 14
24 14
24 15
25 15
26 15
36 8
0
No
0
Yes
2 47
2 46
1 46
1 47
1 48
2 48
2 49
1 49
0 46
0 47
0 48
0 49
3 46
3 47
3 48
3 49
4 46
4 47
4 48
4 49
5 47
5 48
5 49
6 47
6 48
0
No
1
664
5 40
6 40
6 41
7 40
7 41
8 40
8 41
9 41
6 39
5 39
4 39
9 42
8 42
7 42
6 42
5 42
5 43
6 43
7 43
8 43
9 43
3 39
6 38
5 38
4 38
3 38
2 38
5 37
4 37
3 37
2 37
1 37
1 36
2 36
3 36
4 36
5 36
5 35
4 35
3 35
2 35
1 35
5 34
4 34
3 34
2 34
1 34
4 33
3 33
2 33
1 33
4 32
3 32
2 32
1 32
2 31
1 31
0 31
0 32
0 33
0 34
0 35
0 30
Yes
0 0
0 1
0 2
0 3
1 3
1 2
1 1
1 0
2 0
2 1
2 2
2 3
2 4
3 4
3 3
3 2
3 1
3 0
4 0
4 1
4 2
4 3
4 4
4 5
4 6
5 6
5 5
5 4
5 3
5 2
5 1
5 0
6 0
6 1
6 2
6 3
6 4
6 5
6 6
7 6
7 5
7 4
7 3
7 2
7 1
7 0
8 0
8 1
8 2
8 3
8 4
8 5
8 6
9 6
9 5
9 4
9 3
9 2
9 1
9 0
10 0
10 1
10 2
10 3
10 4
10 5
10 6
1
642
10 42
10 43
10 41
11 41
11 42
11 43
11 44
12 41
12 42
12 43
12 44
13 41
13 42
13 43
13 44
14 41
14 42
14 43
14 44
15 41
15 42
15 43
15 44
16 42
16 43
16 44
16 45
15 45
14 45
13 45
12 45
11 45
15 46
14 46
13 46
12 46
11 46
12 47
11 47
10 47
10 48
11 48
12 48
12 49
11 49
10 49
10 45
17 45
17 44
17 43
17 42
18 45
18 44
18 43
18 42
19 42
19 43
19 44
20 44
20 43
20 42
21 42
21 43
21 44
22 44
22 43
22 42
23 42
23 43
23 44
24 44
24 43
24 42
25 42
25 43
Yes
34 22
35 22
35 23
34 23
34 24
33 24
33 23
33 22
32 24
32 23
32 22
31 24
31 23
31 22
30 23
30 22
35 21
34 21
33 21
32 21
31 21
30 21
35 20
34 20
33 20
32 20
31 20
30 20
35 19
34 19
33 19
32 19
31 19
30 19
35 18
34 18
33 18
32 18
31 18
30 18
35 17
34 17
33 17
32 17
31 17
30 17
35 16
34 16
33 16
32 16
31 16
30 16
35 15
34 15
33 15
32 15
31 15
30 15
34 14
33 14
32 14
31 14
30 14
29 14
29 15
29 16
29 17
29 18
29 19
29 20
29 21
28 14
28 15
28 16
28 17
28 18
28 19
28 20
0
Yes
23 7
23 8
23 9
22 9
22 8
22 7
21 7
21 8
21 9
20 9
20 8
19 8
19 9
21 6
22 6
23 6
20 6
24 6
24 7
24 8
24 9
24 10
25 10
25 9
25 8
25 7
25 6
24 5
23 5
22 5
21 5
20 5
20 4
21 4
22 4
23 4
24 4
24 3
23 3
22 3
21 3
20 3
23 2
22 2
21 2
20 2
22 1
21 1
20 1
22 0
21 0
20 0
0
Yes
29 3
29 4
29 5
30 5
30 4
30 3
31 3
31 4
31 5
29 6
30 6
31 6
29 7
30 7
31 7
32 7
32 6
32 5
32 4
32 3
0
Yes
32 2
33 2
33 3
33 4
34 4
34 3
34 2
35 2
35 3
35 4
36 4
36 3
36 2
37 3
37 2
37 1
36 1
35 1
34 1
33 1
32 1
32 0
33 0
34 0
35 0
36 0
37 0
0
Yes
3 11
3 12
3 13
2 13
4 12
4 11
5 12
5 11
5 10
6 11
6 10
6 9
7 11
7 10
7 9
8 9
8 10
8 11
8 12
8 13
9 13
9 12
9 11
9 10
9 9
9 14
9 15
9 16
9 17
10 17
10 16
10 15
10 14
10 13
10 12
10 11
10 10
10 9
11 15
11 14
11 13
11 12
11 11
11 10
11 9
12 14
12 13
12 12
12 11
12 10
12 9
13 9
13 10
13 11
13 12
13 13
13 14
1 13
1 14
1 15
1 16
1 12
1 11
0 11
0 12
0 13
0 14
0 15
0 16
0 17
14 10
11 17
13 8
12 8
11 8
10 8
9 8
8 8
7 8
6 8
6 7
7 7
8 7
9 7
10 7
11 7
12 7
12 6
11 6
11 5
12 5
11 4
12 4
13 4
14 4
15 4
16 4
17 4
16 3
17 3
18 3
19 3
19 2
18 2
17 2
17 1
18 1
19 1
19 0
18 0
17 0
16 0
13 3
12 3
11 3
11 2
12 2
13 2
14 2
11 1
12 1
13 1
14 1
15 1
15 0
14 0
13 0
12 0
11 0
5 7
5 8
4 8
4 7
0
No
0
No
0
No
0
Yes
2 34
3 34
3 33
2 33
3 32
2 32
2 31
1 31
1 32
1 33
1 34
0 31
0 32
0 33
0 34
0 35
1 35
2 35
3 35
0
No
0
No
0
Yes
16 14
16 15
16 16
16 17
15 16
15 15
15 14
14 16
14 15
14 14
14 13
15 13
16 13
17 13
17 14
17 15
17 16
17 17
18 14
18 15
18 16
18 17
19 14
19 15
19 16
19 17
20 14
20 15
20 16
20 17
21 14
21 15
21 16
21 17
17 12
16 12
15 12
14 12
14 11
15 11
16 11
17 11
22 15
22 16
22 17
16 18
17 18
18 18
19 18
20 18
21 18
22 18
0
No
0
No
0
No
0
Yes
47 2
48 2
49 2
49 1
48 1
47 1
46 1
46 0
47 0
48 0
49 0
0
No
0
No
0
Yes
26 21
26 22
26 23
27 23
27 22
27 21
28 21
28 22
28 23
27 24
26 24
0
Yes
26 15
26 16
26 14
25 14
25 15
25 16
24 14
24 15
24 16
0
Yes
33 0
33 1
33 2
33 3
33 4
33 5
33 6
34 6
34 5
34 4
34 3
34 2
34 1
34 0
33 7
33 8
34 8
34 9
33 9
33 10
33 11
32 11
32 10
32 9
32 8
32 7
32 6
32 5
32 4
32 3
32 2
32 1
32 0
32 12
32 13
31 13
31 12
31 11
31 10
31 9
31 8
31 7
31 6
31 5
31 4
31 3
31 2
31 1
31 0
30 13
30 12
30 11
30 10
30 9
30 8
30 7
30 6
30 5
30 4
30 3
30 2
30 1
30 0
29 13
29 12
29 11
29 10
29 9
29 8
29 7
29 6
29 5
29 4
29 3
29 2
29 1
29 0
28 0
28 1
28 2
28 3
28 4
28 5
28 6
28 7
28 8
28 9
28 10
28 11
28 12
28 13
27 13
27 12
27 11
27 10
27 9
27 8
27 7
27 6
27 5
27 4
27 3
27 2
26 2
26 3
26 4
26 5
26 6
26 7
26 8
26 9
26 10
26 11
26 12
26 13
25 13
25 12
25 11
25 5
25 4
25 3
25 2
35 9
35 8
35 5
35 4
35 3
35 2
35 1
35 0
36 4
36 3
36 2
0
No
0
Yes
25 48
25 49
26 49
26 48
26 47
25 47
25 46
26 46
26 45
25 45
24 45
24 46
24 47
24 48
24 49
27 45
27 46
27 47
27 48
27 49
28 45
28 46
28 47
28 48
28 49
29 46
29 47
29 48
29 49
30 47
30 48
30 49
31 47
31 48
31 49
0
Yes
42 0
42 1
42 2
41 2
41 1
41 0
40 0
40 1
40 2
0
Yes
49 37
49 38
49 39
49 40
49 41
48 41
48 40
48 39
48 38
48 37
47 41
47 40
47 39
47 38
47 37
46 41
46 40
46 39
46 38
46 37
45 41
45 40
45 39
45 38
45 37
44 41
44 40
44 39
44 38
0
Yes
1 12
1 11
0 11
0 12
0 13
1 13
1 14
0 14
0
Yes
39 31
38 31
37 31
36 31
35 31
35 32
36 32
37 32
38 32
39 32
34 32
34 33
35 33
36 33
37 33
38 33
39 33
39 34
38 34
37 34
36 34
35 34
34 34
34 35
35 35
36 35
37 35
38 35
0
Yes
42 16
42 17
42 18
42 19
43 19
43 18
43 17
43 16
44 18
44 17
44 16
45 17
45 16
46 17
46 16
43 20
42 20
42 21
43 21
44 21
44 22
43 22
42 22
42 23
41 23
41 22
41 21
41 20
41 19
41 18
41 17
41 16
40 23
40 22
40 21
40 20
40 19
40 18
40 17
40 16
39 23
39 22
39 21
39 20
39 19
39 18
39 17
39 16
38 23
38 22
38 21
38 20
38 19
38 18
38 17
38 16
37 23
37 22
37 21
37 20
37 19
37 18
37 17
37 16
36 23
36 22
36 21
36 20
36 19
36 18
36 17
36 16
47 16
47 17
47 18
48 18
48 17
48 16
48 19
49 19
49 18
49 17
49 16
36 15
37 15
38 15
39 15
40 15
41 15
42 15
43 15
44 15
45 15
46 15
47 15
48 15
49 15
38 14
37 14
36 14
49 14
48 14
47 14
46 14
45 14
44 14
43 14
42 14
41 14
40 14
0
Yes
18 49
19 49
20 49
21 49
22 49
23 49
23 48
22 48
21 48
20 48
19 48
18 48
23 47
22 47
21 47
20 47
19 47
18 47
23 46
22 46
21 46
20 46
19 46
18 46
23 45
22 45
21 45
20 45
19 45
18 45
17 45
17 46
17 47
17 48
17 49
16 49
16 48
16 47
16 46
16 45
0
Yes
36 4
36 3
36 2
36 1
36 0
35 0
35 1
35 2
35 3
35 4
35 5
34 5
34 4
34 3
34 2
34 1
34 0
34 6
33 6
33 5
33 4
33 3
33 2
33 1
33 0
32 0
32 1
32 2
32 3
32 4
32 5
32 6
31 6
31 5
31 4
31 3
31 2
31 1
31 0
30 0
30 1
30 2
30 3
30 4
30 5
30 6
33 7
32 7
31 7
30 7
0
No
0
Yes
0 16
1 16
1 15
0 15
1 14
0 14
0 17
0
Yes
42 39
42 40
42 41
42 42
41 42
41 41
41 40
41 39
41 38
42 38
42 37
41 37
41 36
42 36
40 36
40 37
40 38
40 39
40 40
40 41
40 42
39 42
39 41
39 40
39 39
39 38
39 37
39 36
38 41
38 40
38 39
38 38
38 37
38 36
37 41
37 40
37 39
37 38
37 37
37 36
0
Yes
14 44
14 45
15 45
15 44
16 44
15 46
14 46
15 47
14 47
15 48
14 48
15 49
14 49
13 49
13 48
13 47
13 46
13 45
13 44
13 43
14 43
15 43
16 43
16 42
15 42
14 42
13 42
15 41
14 41
13 41
15 40
14 40
13 40
15 39
14 39
13 39
15 38
14 38
13 38
15 37
14 37
13 37
12 37
12 38
12 39
12 40
12 41
12 42
12 43
12 44
12 45
12 46
12 47
12 48
12 49
11 46
11 45
11 44
11 43
11 42
11 41
11 40
11 39
11 38
11 37
11 47
11 48
11 49
10 47
10 48
10 49
10 37
10 38
10 39
10 40
10 41
10 42
10 43
10 36
11 36
12 36
13 36
14 36
14 35
13 35
12 35
0
Yes
3 0
3 1
3 2
3 3
3 4
2 4
2 3
2 2
2 1
2 0
1 3
1 2
1 1
1 0
0 3
0 2
0 1
0 0
4 4
4 3
4 2
4 1
4 0
5 0
5 1
5 2
0
Yes
17 37
16 37
16 38
17 38
16 39
17 39
16 40
17 40
16 41
17 41
17 42
17 43
17 44
18 44
18 43
18 42
18 41
18 40
18 39
18 38
18 37
19 44
19 43
19 42
19 41
19 40
19 39
19 38
19 37
20 44
20 43
20 42
20 41
20 40
20 39
20 38
20 37
21 44
21 43
21 42
21 41
21 40
21 39
21 38
21 37
22 44
22 43
22 42
22 41
22 40
22 39
22 38
22 37
23 44
23 43
23 42
23 41
23 40
23 39
23 38
23 37
24 44
24 43
24 42
24 41
24 40
24 39
24 38
24 37
24 36
23 36
22 36
21 36
20 36
19 36
18 36
17 36
16 36
15 36
15 35
16 35
17 35
18 35
19 35
20 35
21 35
22 35
23 35
24 35
15 34
16 34
17 34
18 34
19 34
20 34
21 34
22 34
23 34
24 34
25 42
25 43
22 33
21 33
20 33
19 33
18 33
17 33
23 33
24 33
19 32
18 32
17 32
16 32
16 31
17 31
18 31
23 32
24 32
23 31
24 31
24 30
25 30
25 31
25 32
25 33
25 34
25 35
25 36
25 37
25 38
25 39
26 39
26 38
26 37
26 36
26 35
26 34
26 33
26 32
26 31
26 30
27 36
27 35
27 34
27 33
0
Yes
39 31
40 31
40 32
39 32
40 33
39 33
38 31
38 32
38 33
37 31
37 32
37 33
36 31
36 32
36 33
35 31
35 32
35 33
34 32
34 33
34 34
35 34
36 34
37 34
38 34
39 34
39 35
38 35
37 35
36 35
35 35
34 35
0
Yes
11 0
11 1
11 2
11 3
11 4
11 5
12 5
12 4
12 3
12 2
12 1
12 0
13 3
13 4
13 2
13 1
13 0
12 6
11 6
10 6
10 5
10 4
10 3
10 2
10 1
10 0
9 0
9 1
9 2
9 3
9 4
9 5
9 6
8 6
8 5
8 4
8 3
8 2
8 1
8 0
7 0
7 1
7 2
7 3
7 4
7 5
7 6
6 2
6 1
6 0
6 3
6 4
6 5
6 6
5 3
5 4
5 5
5 6
4 5
4 6
14 2
14 1
14 0
15 1
15 0
0
No
0
No
0
Yes
37 31
38 31
39 31
40 31
40 32
39 32
38 32
37 32
40 33
39 33
38 33
37 33
39 34
38 34
37 34
39 35
38 35
37 35
36 31
36 32
36 33
36 34
36 35
35 31
35 32
35 33
35 34
35 35
34 32
34 33
34 34
34 35
33 35
33 36
34 36
35 36
36 36
36 37
35 37
34 37
33 37
33 38
34 38
35 38
36 38
36 39
35 39
34 39
33 39
0
No
0
Yes
4 33
4 32
3 32
3 33
3 34
4 34
5 34
5 35
4 35
3 35
5 36
4 36
3 36
5 37
4 37
3 37
3 38
4 38
5 38
2 38
2 37
2 36
2 35
2 34
2 33
2 32
2 31
1 37
1 36
1 35
1 34
1 33
1 32
1 31
0 31
0 32
0 33
0 34
0 35
3 39
4 39
5 39
0
No
0
Yes
10 3
10 4
10 5
10 6
10 7
9 7
9 6
9 5
9 4
9 3
9 2
10 2
10 1
9 1
9 0
10 0
8 0
8 1
8 2
8 3
8 4
8 5
8 6
8 7
7 7
7 6
7 5
7 4
7 3
7 2
7 1
7 0
6 0
6 1
6 2
6 3
6 4
6 5
6 6
6 7
5 3
5 4
5 5
5 6
5 7
4 5
4 6
4 7
11 0
11 1
11 2
11 3
11 4
11 5
11 6
11 7
12 7
12 6
12 5
12 4
12 3
12 2
12 1
12 0
13 3
13 4
13 2
13 1
13 0
14 2
14 1
14 0
15 1
15 0
14 4
0
Yes
8 8
9 8
10 8
11 8
12 8
12 9
11 9
10 9
9 9
8 9
8 10
9 10
10 10
11 10
12 10
12 11
11 11
10 11
9 11
8 11
8 12
9 12
10 12
11 12
12 12
8 13
9 13
10 13
11 13
12 13
13 8
13 9
13 10
13 11
13 12
13 13
13 14
12 14
11 14
10 14
9 14
11 15
10 15
0
No
0
Yes
19 1
19 2
19 3
18 3
18 2
18 1
17 1
17 2
17 3
23 0
17 0
18 0
19 0
20 0
20 1
20 2
20 3
20 4
20 5
21 5
21 4
21 3
21 2
21 1
21 0
22 0
22 1
22 2
22 3
22 4
22 5
23 2
23 3
23 4
23 5
24 3
24 4
24 5
25 5
25 4
25 3
25 2
26 2
26 3
26 4
26 5
27 2
27 3
27 4
27 5
28 5
28 4
28 3
28 2
28 1
28 0
20 6
21 6
22 6
23 6
24 6
25 6
26 6
27 6
28 6
29 6
29 5
29 4
29 3
29 2
29 1
29 0
1
692
29 26
30 26
30 27
29 27
29 28
30 28
30 29
29 29
28 29
28 28
28 27
28 26
28 30
29 30
30 30
28 31
29 31
30 31
28 32
29 32
30 32
28 33
29 33
30 33
31 33
31 32
31 31
31 30
31 29
31 28
31 27
31 26
32 26
32 27
32 28
32 29
32 30
32 31
32 32
32 33
33 31
33 32
33 33
33 29
33 28
33 27
33 34
32 34
31 34
30 34
32 25
31 25
Yes
16 16
16 17
16 18
17 18
17 17
17 16
18 18
18 17
18 16
19 18
19 17
19 16
20 18
20 17
20 16
21 18
21 17
21 16
22 18
22 17
22 16
22 15
21 15
20 15
19 15
18 15
17 15
16 15
21 14
20 14
19 14
18 14
17 14
16 14
23 16
23 17
23 18
24 18
24 17
24 16
24 15
24 14
25 18
25 17
25 16
25 15
25 14
26 14
26 15
26 16
26 17
26 18
26 19
26 20
15 16
15 15
15 14
14 16
14 15
14 14
27 20
27 19
27 18
27 17
14 13
15 13
16 13
17 13
18 13
19 13
20 13
21 13
21 12
20 12
19 12
18 12
17 12
16 12
15 12
14 12
14 11
15 11
16 11
17 11
18 11
19 11
20 11
21 11
14 10
15 10
16 10
17 10
18 10
19 10
20 10
21 10
17 9
16 9
15 9
15 8
16 8
19 9
20 9
21 9
19 8
20 8
21 8
21 7
22 7
22 8
22 9
0
No
0
Yes
25 8
25 9
25 10
24 10
24 9
24 8
23 9
23 8
25 11
25 12
25 13
26 13
26 12
26 11
26 10
26 9
26 8
27 13
27 12
27 11
27 10
27 9
27 8
28 13
28 12
28 11
28 10
28 9
28 8
29 13
29 12
29 11
29 10
29 9
29 8
29 7
28 7
27 7
26 7
25 7
24 7
23 7
30 8
30 9
30 10
30 11
30 12
30 13
31 13
31 12
31 11
31 10
31 9
31 8
32 13
32 12
0
Yes
19 46
19 45
20 45
20 46
21 45
21 46
22 45
22 46
23 45
23 46
24 45
24 46
18 45
18 46
18 47
19 47
20 47
21 47
22 47
23 47
24 47
24 48
23 48
22 48
21 48
20 48
19 48
18 48
18 49
19 49
20 49
21 49
22 49
23 49
24 49
17 45
17 46
17 47
17 48
17 49
16 45
16 46
16 47
16 48
16 49
25 45
25 46
25 47
25 48
25 49
26 45
26 46
26 47
26 48
26 49
27 45
27 46
27 47
27 48
27 49
28 45
28 46
28 47
28 48
28 49
29 46
29 47
29 48
29 49
30 47
30 48
30 49
1
705
41 2
42 2
42 1
41 1
41 0
42 0
43 0
44 0
40 0
40 1
40 2
40 3
40 4
39 4
39 3
39 2
39 1
39 0
39 5
39 6
38 4
38 3
38 2
38 1
38 0
37 3
37 2
37 1
37 0
Yes
48 38
48 39
48 40
49 40
49 39
49 38
49 37
48 37
47 37
47 38
47 39
47 40
46 40
46 39
46 38
46 37
45 37
45 38
45 39
45 40
44 40
44 39
44 38
44 37
43 37
43 38
43 39
43 40
43 41
44 41
45 41
46 41
47 41
48 41
49 41
49 42
43 36
44 36
45 36
46 36
47 36
48 36
49 36
0
No
0
Yes
32 34
31 34
30 34
30 33
31 33
32 33
29 33
28 33
28 32
29 32
30 32
31 32
32 32
28 31
29 31
30 31
31 31
32 31
33 31
33 32
33 33
33 34
32 30
31 30
30 30
29 30
28 30
28 29
29 29
0
No
0
No
0
Yes
32 29
33 29
33 28
32 28
33 27
32 27
32 26
31 29
31 28
31 27
31 26
30 29
30 28
30 27
30 26
29 28
29 27
29 26
29 25
31 25
32 25
28 25
28 26
28 27
28 28
27 28
27 27
27 26
27 25
26 25
26 24
27 24
26 23
27 23
28 23
28 22
27 22
0
Yes
2 20
2 21
2 22
1 22
1 21
1 20
1 19
1 18
0 22
0 21
0 20
0 19
0 18
0 17
0 16
1 16
1 15
1 14
1 13
2 13
3 13
3 12
3 11
1 12
1 11
0 15
0 14
0 13
0 12
0 11
4 11
4 12
5 12
5 11
5 10
6 11
6 10
7 11
7 10
3 10
0
No
0
No
0
Yes
29 16
28 16
28 17
29 17
28 18
29 18
28 15
29 15
28 14
29 14
30 14
30 15
30 16
30 17
30 18
31 14
31 15
31 16
31 17
31 18
32 14
32 15
32 16
32 17
32 18
33 14
33 15
33 16
33 17
33 18
34 14
34 15
34 16
34 17
34 18
35 15
35 16
35 17
35 18
35 19
34 19
33 19
32 19
31 19
30 19
29 19
28 19
28 20
29 20
30 20
31 20
32 20
33 20
34 20
35 20
28 21
29 21
30 21
31 21
32 21
33 21
34 21
1
731
21 46
21 45
22 45
22 46
23 45
23 46
24 45
24 46
20 45
20 46
19 45
19 46
19 47
20 47
21 47
22 47
23 47
24 47
24 48
23 48
22 48
21 48
20 48
19 48
19 49
20 49
21 49
22 49
23 49
24 49
25 45
25 46
25 47
25 48
25 49
26 45
26 46
26 47
26 48
26 49
27 45
27 46
27 47
27 48
27 49
28 45
28 46
28 47
28 48
28 49
29 46
29 47
29 48
29 49
30 47
30 48
Yes
21 9
21 10
21 11
21 12
20 12
20 11
20 10
20 9
20 8
21 8
16 16
19 8
19 9
19 10
19 11
19 12
18 10
18 11
18 12
17 12
17 11
17 10
17 9
16 9
16 10
16 11
16 12
16 8
15 8
15 9
15 10
15 11
15 12
14 10
14 11
14 12
13 12
13 11
13 10
13 9
13 8
12 8
12 9
12 10
12 11
12 12
11 8
11 9
11 10
11 11
11 12
10 8
10 9
10 10
10 11
10 12
9 8
9 9
9 10
9 11
9 12
8 12
8 11
8 10
8 9
8 8
8 13
9 13
10 13
11 13
12 13
13 13
14 13
15 13
16 13
17 13
18 13
19 13
20 13
21 13
21 14
20 14
19 14
18 14
17 14
16 14
15 14
14 14
13 14
12 14
11 14
10 14
9 14
11 15
10 15
9 15
9 16
10 16
10 17
9 17
14 15
15 15
16 15
17 15
18 15
19 15
20 15
21 15
22 11
14 16
15 16
0
No
0
Yes
30 9
30 8
31 8
31 9
32 8
32 9
33 8
33 9
33 10
32 10
31 10
30 10
33 11
32 11
31 11
30 11
32 12
31 12
30 12
32 13
31 13
30 13
29 13
29 12
29 11
29 10
29 9
29 8
29 7
28 7
28 8
28 9
28 10
28 11
28 12
28 13
27 13
27 12
27 11
27 10
27 9
27 8
27 7
26 7
26 8
26 9
26 10
26 11
26 12
26 13
25 13
25 12
25 11
25 10
25 9
25 8
25 7
24 12
0
No
0
No
0
No
0
No
0
No
0
Yes
1 48
1 49
2 49
2 48
3 48
3 49
4 49
4 48
4 47
3 47
2 47
1 47
4 46
3 46
2 46
1 46
0 46
0 47
0 48
0 49
0
Yes
1 0
1 1
1 2
1 3
0 3
0 2
0 1
0 0
2 3
2 2
2 1
2 0
3 0
3 1
3 2
3 3
4 3
4 2
4 1
4 0
4 4
3 4
2 4
0
Yes
20 24
20 25
20 26
20 27
20 28
20 29
19 29
19 28
19 27
19 26
19 25
19 24
18 29
18 28
18 27
18 26
18 25
18 24
17 29
17 28
17 27
17 26
17 25
17 24
16 28
16 27
16 26
16 25
16 24
15 24
15 25
15 26
16 23
17 23
18 23
19 23
20 23
16 22
17 22
18 22
19 22
20 22
21 28
21 27
21 26
21 25
21 24
21 23
21 22
22 28
22 27
22 26
22 25
22 24
22 23
22 22
23 26
23 25
23 24
23 23
23 22
24 25
24 24
24 23
24 22
25 25
25 24
25 23
25 22
26 22
16 21
17 21
18 21
19 21
20 21
21 21
22 21
23 21
24 21
25 21
26 21
27 21
16 20
17 20
18 20
19 20
20 20
21 20
22 20
23 20
24 20
25 20
26 20
27 20
27 19
26 19
25 19
24 19
23 19
22 19
21 19
20 19
19 19
18 19
17 19
27 18
26 18
25 18
24 18
23 18
22 18
21 18
20 18
19 18
18 18
17 18
16 18
16 17
17 17
18 17
19 17
20 17
21 17
22 17
23 17
24 17
25 17
26 17
27 17
17 16
18 16
19 16
20 16
21 16
22 16
23 16
24 16
25 16
26 16
25 26
0
Yes
6 43
7 43
8 43
8 42
7 42
6 42
6 41
7 41
8 41
8 40
7 40
6 40
9 41
9 42
9 43
0
Yes
45 16
45 17
46 17
46 16
47 16
47 17
47 18
48 18
48 17
48 16
48 19
49 19
49 18
49 17
49 16
49 15
48 15
47 15
46 15
45 15
48 14
49 14
47 14
46 14
45 14
45 13
46 13
47 13
47 12
46 12
45 12
44 14
44 15
44 16
44 17
44 18
43 14
43 15
43 16
43 17
43 18
43 19
43 20
42 14
42 15
42 16
42 17
42 18
42 19
42 20
42 21
43 21
44 21
41 21
41 20
41 19
41 18
41 17
41 16
41 15
41 14
41 13
41 12
40 12
40 13
40 14
40 15
40 16
40 17
40 18
40 19
40 20
40 21
39 15
39 16
39 17
39 18
39 19
39 20
39 21
38 21
38 20
38 19
38 18
38 17
38 16
38 15
38 14
44 22
43 22
42 22
41 22
40 22
39 22
38 22
42 23
41 23
40 23
39 23
38 23
37 23
37 22
37 21
37 20
37 19
37 18
37 17
37 16
37 15
37 14
36 14
36 15
36 16
36 17
36 18
36 19
36 20
36 21
0
Yes
22 46
22 45
23 45
23 46
24 45
24 46
25 45
25 46
26 45
26 46
27 45
27 46
28 45
28 46
28 47
27 47
26 47
25 47
24 47
23 47
22 47
22 48
23 48
24 48
25 48
26 48
27 48
28 48
28 49
27 49
26 49
25 49
24 49
23 49
22 49
29 46
29 47
29 48
29 49
30 47
30 48
0
Yes
22 8
22 9
23 9
23 8
24 8
24 9
24 10
25 10
25 9
25 8
25 11
25 12
25 13
25 14
24 14
26 14
26 13
26 12
26 11
26 10
26 9
26 8
27 13
27 12
27 11
27 10
27 9
27 8
27 7
26 7
25 7
24 7
23 7
22 7
21 7
21 6
22 6
23 6
24 6
25 6
26 6
27 6
20 6
20 5
21 5
22 5
23 5
24 5
25 5
26 5
27 5
20 4
21 4
22 4
23 4
24 4
25 4
26 4
27 4
24 3
25 3
26 3
27 3
23 3
22 3
21 3
20 3
23 2
22 2
21 2
20 2
25 2
26 2
27 2
22 1
21 1
20 1
22 0
21 0
20 0
26 15
25 15
24 15
19 3
19 2
19 1
19 0
18 3
18 2
18 1
18 0
17 0
17 1
17 2
17 3
17 4
16 4
16 3
28 13
28 12
28 11
28 10
28 9
28 8
28 7
28 6
28 5
28 4
28 3
28 2
29 2
29 3
29 4
29 5
29 6
0
No
0
Yes
42 48
43 48
44 49
42 49
43 49
0
No
0
Yes
48 37
48 38
48 39
48 40
48 41
47 41
47 40
47 39
47 38
47 37
46 41
46 40
46 39
46 38
46 37
45 41
45 40
45 39
45 38
45 37
44 41
44 40
44 39
44 38
44 37
44 36
45 36
46 36
47 36
48 36
49 36
49 37
49 38
49 39
49 40
49 41
49 35
48 35
47 35
46 35
45 35
44 35
44 34
45 34
46 34
47 34
48 34
49 34
48 33
47 33
46 33
45 33
43 35
43 36
43 37
43 38
43 39
43 40
43 41
42 35
42 36
42 37
42 38
42 39
42 40
42 41
42 42
41 42
41 41
41 40
41 39
41 38
41 37
41 36
40 36
40 37
40 38
40 39
40 40
40 41
40 42
40 43
39 43
39 42
0
No
0
Yes
22 45
23 45
24 45
25 45
26 45
27 45
27 46
26 46
25 46
24 46
23 46
22 46
22 47
23 47
24 47
25 47
26 47
27 47
27 48
26 48
25 48
24 48
23 48
22 48
22 49
23 49
24 49
25 49
26 49
27 49
28 45
28 46
28 47
28 48
28 49
29 46
29 47
29 48
0
Yes
47 48
47 49
48 49
48 48
49 48
49 49
49 47
48 47
47 47
47 46
48 46
49 46
46 46
46 47
46 48
46 49
45 49
45 48
45 47
45 46
44 46
44 47
44 48
48 45
0
Yes
1 18
0 18
0 17
1 19
0 19
0
Yes
0 35
1 35
1 34
0 34
0 33
1 33
1 32
0 32
0 31
1 31
2 31
2 32
2 33
2 34
2 35
3 32
3 33
3 34
3 35
0
Yes
0 2
0 3
1 3
1 2
2 2
2 3
2 4
3 4
3 3
3 2
4 2
4 3
4 4
4 5
5 5
5 4
5 3
5 2
6 2
6 3
6 4
6 5
6 1
5 1
4 1
3 1
2 1
1 1
0 1
0 0
1 0
2 0
3 0
4 0
5 0
6 0
0
Yes
49 14
48 14
48 15
49 15
49 16
48 16
48 17
49 17
49 18
48 18
47 18
47 17
47 16
47 15
47 14
0
Yes
20 48
20 49
19 49
19 48
19 47
20 47
20 46
19 46
18 46
18 47
18 48
18 49
17 49
17 48
17 47
17 46
16 46
16 47
16 48
16 49
16 45
17 45
18 45
19 45
0
No
0
No
0
Yes
21 45
21 46
21 47
21 48
21 49
22 45
22 46
22 47
22 48
22 49
23 45
23 46
23 47
23 48
23 49
24 45
24 46
24 47
24 48
24 49
25 45
25 46
25 47
25 48
25 49
26 45
26 46
26 47
26 48
26 49
27 45
27 46
27 47
27 48
27 49
28 45
28 46
28 47
28 48
28 49
29 46
29 47
29 48
29 49
30 47
30 48
30 49
31 47
31 48
31 49
32 49
32 48
0
Yes
49 43
49 44
48 44
48 43
47 43
47 44
0
Yes
14 35
14 36
13 35
13 36
12 35
12 36
11 36
10 36
10 37
11 37
12 37
13 37
14 37
15 37
15 38
14 38
13 38
12 38
11 38
10 38
10 39
11 39
12 39
13 39
14 39
15 39
15 40
14 40
13 40
12 40
11 40
10 40
15 41
14 41
13 41
12 41
11 41
10 41
10 42
11 42
12 42
13 42
14 42
15 42
16 42
16 43
15 43
14 43
13 43
12 43
11 43
10 43
16 44
15 44
14 44
13 44
12 44
11 44
11 45
12 45
13 45
14 45
15 45
15 46
14 46
13 46
12 46
11 46
15 47
14 47
13 47
12 47
11 47
10 47
10 48
11 48
12 48
13 48
14 48
15 48
15 49
14 49
13 49
12 49
11 49
10 49
0
Yes
44 9
45 9
46 9
46 10
47 10
47 9
48 10
48 9
49 9
49 8
48 8
47 8
46 8
45 8
44 8
44 7
45 7
46 7
47 7
48 7
49 7
49 6
48 6
47 6
46 6
45 6
44 6
44 5
45 5
46 5
47 5
48 5
49 5
0
Yes
7 0
7 1
7 2
7 3
8 3
8 2
8 1
8 0
9 0
9 1
9 2
9 3
10 3
10 2
10 1
10 0
11 0
11 1
11 2
11 3
7 4
8 4
9 4
10 4
11 4
7 5
8 5
9 5
10 5
11 5
12 5
12 4
12 3
12 2
12 1
12 0
0
Yes
8 48
8 49
7 48
7 49
6 49
6 48
6 47
5 47
5 48
5 49
1
774
45 30
45 31
45 32
46 32
46 31
46 30
47 32
47 31
47 30
48 32
48 31
48 30
49 30
44 32
44 31
44 30
43 32
43 31
43 30
42 32
42 31
42 30
41 31
41 30
41 29
42 29
43 29
44 29
45 29
46 29
47 29
48 29
49 29
46 28
47 28
48 28
49 28
45 28
44 28
43 28
42 28
41 28
45 27
44 27
43 27
42 27
41 27
41 26
47 27
48 27
49 27
47 26
48 26
49 26
49 25
48 25
47 25
46 25
46 24
47 24
48 24
49 24
49 23
48 23
47 23
46 23
45 23
46 22
45 22
40 26
40 27
40 28
40 29
40 30
40 31
40 32
40 33
39 27
39 28
39 29
39 30
39 31
39 32
39 33
38 27
38 28
Yes
12 49
12 48
12 47
12 46
11 46
11 47
11 48
11 49
10 47
10 48
10 49
11 45
12 45
11 44
12 44
12 43
11 43
10 43
9 43
8 43
7 43
6 43
5 43
5 42
6 42
7 42
8 42
9 42
10 42
11 42
12 42
9 41
10 41
11 41
12 41
8 41
7 41
6 41
8 40
7 40
6 40
5 40
6 39
5 39
6 38
5 38
4 39
4 38
3 39
3 38
10 40
11 40
12 40
10 39
11 39
12 39
10 38
11 38
12 38
2 38
10 37
11 37
12 37
10 36
11 36
12 36
12 35
13 35
13 36
13 37
13 38
13 39
13 40
13 41
13 42
13 43
13 44
13 45
13 46
13 47
13 48
13 49
14 35
14 36
14 37
14 38
14 39
14 40
14 41
14 42
14 43
14 44
14 45
14 46
14 47
14 48
14 49
15 37
15 38
15 39
15 40
15 41
15 42
15 43
15 44
15 45
15 46
15 47
15 48
15 49
16 44
16 43
16 42
5 37
4 37
3 37
2 37
0
Yes
20 29
19 29
18 29
17 29
17 28
18 28
19 28
20 28
16 28
16 27
17 27
18 27
19 27
20 27
21 28
21 27
22 28
22 27
22 26
21 26
20 26
19 26
18 26
17 26
16 26
23 26
23 25
22 25
21 25
20 25
19 25
18 25
17 25
16 25
24 25
24 24
23 24
22 24
21 24
20 24
19 24
18 24
17 24
16 24
16 23
17 23
18 23
19 23
20 23
21 23
22 23
23 23
24 23
16 22
17 22
18 22
19 22
20 22
21 22
22 22
23 22
24 22
16 21
17 21
18 21
19 21
20 21
21 21
22 21
23 21
24 21
16 20
17 20
18 20
19 20
20 20
21 20
22 20
23 20
24 20
0
Yes
11 26
12 26
13 26
14 26
15 26
15 25
14 25
13 25
12 25
11 25
15 24
14 24
13 24
12 24
11 24
14 23
13 23
12 23
11 23
13 22
12 22
11 22
12 21
11 21
10 21
10 22
10 23
10 24
10 25
10 26
10 20
9 20
9 21
9 22
9 23
9 24
9 25
9 26
8 24
8 23
8 22
8 21
8 20
8 19
7 23
7 22
7 21
7 20
7 19
7 18
6 18
6 19
6 20
6 21
6 22
6 23
6 24
5 19
5 20
5 21
5 22
5 23
5 24
5 25
4 19
4 20
4 21
4 22
4 23
4 24
4 25
3 19
3 20
3 21
3 22
3 23
3 24
3 25
3 26
4 26
5 26
6 26
7 26
8 26
4 27
5 27
6 27
7 27
8 27
9 27
10 27
11 27
12 27
13 27
14 27
2 23
2 22
2 21
2 20
1 20
1 21
1 22
0 22
0 21
0 20
12 28
11 28
10 28
9 28
8 28
7 28
6 28
5 28
5 29
6 29
7 29
8 29
9 29
10 29
11 29
12 29
13 29
13 30
12 30
11 30
10 30
9 30
8 30
7 30
6 30
5 30
11 31
12 31
13 31
5 31
6 31
7 31
8 31
8 32
7 32
6 32
5 32
8 33
7 33
6 33
5 33
7 34
6 34
0
Yes
6 9
6 10
5 10
6 11
5 11
5 12
4 12
4 11
7 11
7 10
7 9
8 9
8 10
8 11
8 12
8 13
9 13
9 12
9 11
9 10
9 9
9 14
9 15
10 15
10 14
10 13
10 12
10 11
10 10
10 9
11 15
11 14
11 13
11 12
11 11
11 10
11 9
12 14
12 13
12 12
12 11
12 10
12 9
12 8
11 8
10 8
9 8
8 8
7 8
6 8
5 8
4 8
4 7
5 7
6 7
7 7
8 7
9 7
10 7
11 7
12 7
12 6
11 6
10 6
9 6
8 6
7 6
6 6
5 6
4 6
13 8
13 9
13 10
13 11
13 12
13 13
13 14
0
Yes
2 32
2 31
1 31
1 32
0 31
0 32
3 32
4 32
4 33
3 33
2 33
1 33
0 33
0 34
1 34
2 34
3 34
4 34
5 34
5 35
4 35
3 35
2 35
1 35
0 35
1 36
2 36
3 36
4 36
5 36
0
Yes
0 17
0 18
1 18
1 19
0 19
0
Yes
37 32
38 32
38 31
37 31
36 31
36 32
35 31
35 32
34 32
38 33
37 33
36 33
35 33
34 33
34 34
35 34
36 34
37 34
38 34
38 35
37 35
36 35
35 35
34 35
34 36
35 36
36 36
37 36
38 36
38 37
37 37
36 37
35 37
34 37
0
Yes
36 14
36 15
37 14
37 15
38 14
38 15
39 15
36 16
37 16
38 16
39 16
36 17
37 17
38 17
39 17
36 18
37 18
38 18
39 18
36 19
37 19
38 19
39 19
36 20
37 20
38 20
39 20
39 21
38 21
37 21
36 21
35 21
35 22
36 22
37 22
38 22
39 22
39 23
38 23
37 23
36 23
35 23
40 23
40 22
40 21
40 20
40 19
40 18
40 17
40 16
40 15
40 14
40 13
40 12
41 12
41 13
41 14
41 15
41 16
41 17
41 18
41 19
41 20
41 21
41 22
41 23
42 23
42 22
42 21
42 20
42 19
42 18
42 17
42 16
42 15
42 14
43 14
43 15
43 16
43 17
43 18
43 19
43 20
43 21
43 22
44 22
44 21
44 18
44 17
44 16
44 15
44 14
45 17
45 16
45 15
45 14
46 17
46 16
46 15
46 14
0
No
0
Yes
31 26
32 26
32 25
31 25
31 24
32 24
33 24
30 26
30 27
31 27
32 27
33 27
33 28
32 28
31 28
30 28
33 29
32 29
31 29
30 29
32 30
31 30
30 30
30 31
31 31
32 31
33 31
33 32
32 32
31 32
30 32
29 32
29 31
29 30
29 29
29 28
29 27
29 26
29 25
28 25
28 26
28 27
28 28
28 29
28 30
28 31
28 32
27 28
27 27
27 26
27 25
27 24
26 25
26 24
25 25
25 24
28 33
29 33
30 33
31 33
32 33
33 33
30 34
31 34
32 34
33 34
33 35
33 36
33 37
34 24
34 23
33 23
32 23
31 23
30 23
30 22
31 22
32 22
33 22
34 22
33 38
33 39
33 40
34 38
34 39
34 40
34 41
35 41
35 40
35 39
35 38
36 38
36 39
37 38
37 39
37 40
37 41
38 41
38 40
38 39
38 38
39 38
39 39
39 40
39 41
25 23
26 23
27 23
28 23
28 22
27 22
26 22
25 22
25 21
26 21
27 21
27 20
26 20
25 20
0
Yes
3 48
4 48
4 49
3 49
2 49
2 48
1 48
1 49
0 49
0 48
4 47
3 47
2 47
1 47
0 47
4 46
3 46
2 46
1 46
0
No
0
Yes
11 36
10 36
10 37
11 37
10 38
11 38
10 39
11 39
10 40
11 40
11 41
10 41
10 42
11 42
10 43
11 43
11 44
12 44
12 43
12 42
12 41
12 40
12 39
12 38
12 37
12 36
12 35
13 35
13 36
13 37
13 38
13 39
13 40
13 41
13 42
13 43
13 44
14 35
14 36
14 37
14 38
14 39
14 40
14 41
14 42
14 43
14 44
15 44
15 43
15 42
15 41
15 40
15 39
15 38
15 37
15 36
15 35
16 44
16 43
16 42
16 41
16 40
16 39
16 38
16 37
16 36
16 35
17 44
17 43
17 42
17 41
17 40
17 39
17 38
17 37
17 36
17 35
18 44
18 43
18 42
18 41
18 40
18 39
18 38
18 37
18 36
18 35
19 44
19 43
19 42
19 41
19 40
19 39
19 38
19 37
19 36
19 35
20 44
20 43
20 42
20 41
20 40
20 39
20 38
20 37
20 36
0
Yes
41 0
41 1
41 2
42 2
42 1
42 0
40 2
40 1
40 0
0
No
0
Yes
43 32
42 32
44 32
45 32
46 32
47 32
48 32
48 31
47 31
46 31
45 31
44 31
43 31
42 31
42 30
43 30
44 30
45 30
46 30
47 30
48 30
48 29
47 29
46 29
45 29
44 29
43 29
42 29
46 28
47 28
48 28
45 28
44 28
43 28
42 28
45 27
44 27
43 27
42 27
47 27
48 27
47 26
48 26
48 25
47 25
46 25
46 24
47 24
48 24
48 23
47 23
46 23
45 23
45 22
46 22
49 23
49 24
49 25
49 26
49 27
49 28
49 29
49 30
41 31
41 30
41 29
41 28
41 27
41 26
40 26
40 27
40 28
40 29
40 30
40 31
40 32
40 33
39 27
39 28
39 29
39 30
39 31
39 32
39 33
38 27
38 28
38 29
38 30
38 31
38 32
38 33
37 31
37 32
37 33
0
Yes
46 12
45 12
47 12
47 13
46 13
45 13
47 11
46 11
1
782
45 49
46 49
47 49
48 49
49 49
49 48
48 48
47 48
46 48
45 48
45 47
46 47
47 47
48 47
49 47
44 47
44 48
44 49
43 47
43 48
43 49
42 48
42 49
44 46
45 46
46 46
47 46
48 46
49 46
49 45
Yes
1 37
1 36
2 36
2 37
2 38
3 38
3 37
3 36
3 39
4 39
4 38
4 37
4 36
5 36
5 37
5 38
5 39
5 40
6 38
6 39
6 40
6 41
7 40
7 41
8 40
8 41
5 35
4 35
3 35
2 35
1 35
5 34
4 34
3 34
2 34
1 34
4 33
3 33
2 33
1 33
4 32
3 32
2 32
1 32
2 31
1 31
0 31
0 32
0 33
0 34
0 35
8 42
7 42
6 42
5 42
5 43
6 43
7 43
8 43
9 43
9 42
9 41
10 43
10 42
10 41
10 40
10 39
10 38
10 37
10 36
11 36
11 37
11 38
11 39
11 40
11 41
11 42
11 43
11 44
11 45
11 46
11 47
10 47
10 48
11 48
11 49
10 49
9 49
8 49
8 48
7 48
7 49
6 49
6 48
6 47
5 47
5 48
5 49
4 49
4 48
4 47
4 46
3 46
3 47
3 48
3 49
2 46
2 47
2 48
2 49
1 46
1 47
1 48
1 49
0 46
0 47
0 48
0 49
5 44
0
Yes
7 1
7 2
7 3
7 4
7 5
8 5
8 4
8 3
8 2
8 1
9 5
9 4
9 3
9 2
9 1
10 5
10 4
10 3
10 2
10 1
11 5
11 4
11 3
11 2
11 1
12 5
12 4
12 3
12 2
12 1
7 0
8 0
9 0
10 0
11 0
12 0
13 3
13 4
13 2
13 1
13 0
14 2
0
Yes
49 26
49 25
49 24
49 23
48 23
48 24
48 25
48 26
47 26
47 25
47 24
47 23
46 25
46 24
46 23
46 22
45 22
45 23
47 27
48 27
49 27
49 28
48 28
47 28
46 28
46 29
47 29
48 29
49 29
49 30
48 30
47 30
46 30
48 31
47 31
46 31
48 32
47 32
46 32
45 32
45 31
45 30
45 29
45 28
45 27
44 27
44 28
44 29
44 30
44 31
44 32
43 32
43 31
43 30
43 29
43 28
43 27
42 32
42 31
42 30
42 29
42 28
42 27
41 31
41 30
41 29
41 28
41 27
41 26
40 26
40 27
40 28
40 29
40 30
40 31
40 32
40 33
39 27
39 28
39 29
39 30
39 31
39 32
39 33
38 27
38 28
38 29
0
Yes
48 25
48 26
47 26
47 25
47 27
48 27
48 28
47 28
47 29
48 29
48 30
47 30
49 30
49 29
49 28
49 27
49 26
49 25
49 24
48 24
47 24
47 23
48 23
49 23
46 25
46 24
46 23
0
Yes
4 6
4 7
4 8
5 8
5 7
5 6
6 6
6 7
6 8
6 9
7 6
7 7
7 8
7 9
8 6
8 7
8 8
8 9
9 6
9 7
9 8
9 9
0
Yes
42 27
43 27
44 27
45 27
45 28
44 28
43 28
42 28
42 29
43 29
44 29
45 29
45 30
44 30
43 30
42 30
42 31
43 31
44 31
45 31
42 32
43 32
44 32
45 32
0
Yes
44 34
44 35
43 35
42 35
42 36
43 36
44 36
41 36
41 37
42 37
43 37
44 37
44 38
43 38
42 38
41 38
41 39
42 39
43 39
44 39
45 39
45 38
45 37
45 36
45 35
45 34
45 33
46 33
46 34
46 35
46 36
46 37
46 38
46 39
47 39
47 38
47 37
47 36
47 35
47 34
47 33
48 33
48 34
48 35
48 36
48 37
48 38
48 39
49 34
49 35
49 36
49 37
49 38
49 39
49 40
48 40
47 40
46 40
45 40
44 40
43 40
42 40
41 40
43 41
44 41
45 41
46 41
47 41
48 41
49 41
42 41
41 41
42 42
0
Yes
16 0
15 0
15 1
14 1
14 0
0
Yes
35 48
35 49
34 49
34 48
34 47
33 47
33 48
33 49
33 46
33 45
32 45
32 46
32 47
32 48
32 49
31 47
31 48
31 49
30 47
30 48
30 49
29 49
29 48
29 47
29 46
28 46
28 47
28 48
28 49
28 45
27 45
27 46
27 47
27 48
27 49
26 45
26 46
26 47
26 48
26 49
25 45
25 46
25 47
25 48
25 49
24 49
24 48
24 47
24 46
0
Yes
26 32
27 32
26 31
26 30
25 30
25 31
25 32
24 30
24 31
24 32
23 31
23 32
23 33
24 33
25 33
26 33
27 33
27 34
26 34
25 34
24 34
23 34
27 35
26 35
25 35
24 35
23 35
27 36
26 36
25 36
24 36
23 36
28 34
28 33
0
Yes
40 35
40 36
40 37
40 38
40 39
40 40
40 41
39 41
39 40
39 39
39 38
39 37
39 36
39 35
38 41
38 40
38 39
38 38
38 37
38 36
38 35
37 41
37 40
37 39
37 38
37 37
37 36
37 35
36 39
36 38
36 37
36 36
1
805
21 49
22 49
23 49
23 48
22 48
21 48
23 47
22 47
21 47
23 46
22 46
21 46
20 46
20 47
20 48
20 49
19 49
19 48
19 47
19 46
18 46
18 47
18 48
18 49
17 49
17 48
17 47
17 46
16 46
16 47
16 48
16 49
Yes
1 19
1 18
0 19
0 18
0 17
0 16
1 16
1 15
0 15
1 14
0 14
0 13
1 13
2 13
3 13
3 12
3 11
4 11
4 12
5 12
5 11
5 10
6 11
6 10
6 9
7 11
7 10
7 9
1 12
0 12
1 11
0 11
8 9
8 10
8 11
8 12
8 13
9 13
9 12
9 11
9 10
9 9
9 14
9 15
9 16
9 17
10 17
10 16
10 15
10 14
10 13
10 12
10 11
10 10
10 9
11 15
11 14
11 13
11 12
11 11
11 10
11 9
12 14
12 13
12 12
12 11
12 10
12 9
13 9
13 10
13 11
13 12
13 13
13 14
13 8
12 8
11 8
10 8
9 8
8 8
7 8
6 8
5 8
4 8
4 7
5 7
6 7
7 7
8 7
9 7
10 7
11 7
12 7
12 6
11 6
10 6
9 6
8 6
7 6
6 6
5 6
4 6
14 10
14 11
14 12
14 13
14 14
14 15
14 16
15 16
15 15
15 14
15 13
15 12
15 11
15 10
15 9
15 8
16 8
16 9
16 10
16 11
16 12
16 13
16 14
16 15
16 16
17 9
17 10
17 11
17 12
17 13
17 14
17 15
17 16
18 10
18 11
18 12
18 13
18 14
18 15
18 16
16 17
17 17
18 17
16 18
17 18
18 18
0
Yes
34 18
35 18
35 19
34 19
35 20
34 20
34 21
34 22
34 23
34 24
33 24
33 23
33 22
33 21
33 20
33 19
33 18
32 18
32 19
32 20
32 21
32 22
32 23
32 24
31 24
31 23
31 22
31 21
31 20
31 19
31 18
30 23
30 22
30 21
30 20
30 19
30 18
29 21
29 20
29 19
29 18
31 25
32 25
0
No
0
Yes
49 39
49 40
49 41
48 41
48 40
48 39
47 41
47 40
47 39
46 41
46 40
46 39
45 41
45 40
45 39
45 38
46 38
47 38
48 38
49 38
0
Yes
0 2
0 3
1 3
1 2
1 1
0 1
0 0
1 0
2 0
2 1
2 2
2 3
0
Yes
41 31
41 30
41 29
40 29
40 30
40 31
40 32
39 32
39 31
39 30
39 29
38 29
38 30
38 31
38 32
40 33
39 33
38 33
38 28
39 28
40 28
41 28
38 27
39 27
40 27
41 27
41 26
40 26
0
Yes
30 32
30 33
30 34
31 34
31 33
31 32
32 34
32 33
32 32
0
Yes
43 21
44 21
44 22
43 22
43 20
43 19
43 18
44 18
44 17
43 17
45 17
46 17
46 16
45 16
44 16
43 16
46 15
45 15
44 15
43 15
46 14
45 14
44 14
43 14
42 14
42 15
42 16
42 17
42 18
42 19
42 20
42 21
42 22
41 22
41 21
41 20
41 19
41 18
41 17
41 16
41 15
41 14
41 13
41 12
40 12
40 13
40 14
40 15
40 16
40 17
40 18
40 19
40 20
40 21
40 22
42 23
41 23
40 23
39 23
39 22
39 21
39 20
39 19
39 18
39 17
39 16
39 15
38 23
38 22
38 21
38 20
38 19
38 18
38 17
38 16
38 15
38 14
37 14
37 15
37 16
37 17
37 18
37 19
37 20
37 21
37 22
37 23
36 14
36 15
36 16
36 17
36 18
36 19
36 20
36 21
36 22
36 23
35 23
35 22
35 21
35 20
35 19
35 18
35 17
35 16
35 15
0
Yes
47 33
48 33
48 34
47 34
49 34
49 35
48 35
47 35
47 36
48 36
49 36
49 37
48 37
47 37
46 37
46 36
46 35
46 34
46 33
45 33
45 34
45 35
45 36
45 37
44 34
44 35
44 36
44 37
44 38
44 39
44 40
43 35
43 36
43 37
43 38
43 39
43 40
42 35
42 36
42 37
42 38
42 39
42 40
41 36
41 37
41 38
41 39
41 40
40 40
40 39
40 38
40 37
40 36
40 35
39 35
39 36
39 37
39 38
39 39
39 40
39 34
38 34
38 35
38 36
38 37
38 38
38 39
38 40
37 40
37 39
37 38
37 37
37 36
37 35
37 34
37 33
36 39
36 38
36 37
36 36
36 35
36 34
36 33
35 33
35 34
35 35
35 36
35 37
35 38
35 39
35 40
34 40
34 39
34 38
34 37
34 36
34 35
34 34
34 33
33 40
33 39
33 38
33 37
33 36
33 35
33 34
33 33
34 41
35 41
37 41
38 41
39 41
40 41
41 41
42 41
43 41
44 41
42 42
41 42
40 42
39 42
39 43
40 43
33 32
34 32
35 32
36 32
37 32
37 31
36 31
35 31
0
Yes
16 49
17 49
17 48
16 48
15 48
15 49
14 49
14 48
13 48
13 49
12 49
12 48
12 47
13 47
14 47
15 47
16 47
17 47
12 46
13 46
14 46
15 46
16 46
17 46
0
Yes
4 2
3 2
3 3
4 3
3 4
4 4
4 5
3 1
4 1
3 0
4 0
5 0
5 1
5 2
5 3
5 4
5 5
6 5
6 4
6 3
6 2
6 1
6 0
7 0
7 1
7 2
7 3
7 4
7 5
8 5
8 4
8 3
8 2
8 1
8 0
9 0
9 1
9 2
9 3
9 4
9 5
10 5
10 4
10 3
10 2
10 1
10 0
11 0
11 1
11 2
11 3
11 4
11 5
12 5
12 4
12 3
12 2
12 1
12 0
0
Yes
49 1
49 2
48 2
48 1
47 2
47 1
46 1
46 0
47 0
48 0
49 0
0
Yes
6 6
7 6
8 6
9 6
10 6
10 7
9 7
8 7
7 7
6 7
6 8
7 8
8 8
9 8
10 8
6 9
7 9
8 9
9 9
10 9
5 8
5 7
5 6
4 6
4 7
4 8
11 6
11 7
11 8
11 9
12 6
12 7
12 8
12 9
13 8
13 9
13 10
12 10
11 10
10 10
9 10
8 10
7 10
0
Yes
16 17
16 18
17 18
17 17
17 19
18 19
18 18
18 17
19 19
19 18
19 17
20 19
20 18
20 17
21 19
21 18
21 17
22 19
22 18
22 17
23 19
23 18
23 17
23 16
22 16
21 16
20 16
19 16
18 16
17 16
16 16
22 15
21 15
20 15
19 15
18 15
17 15
16 15
21 14
20 14
19 14
18 14
17 14
16 14
21 13
20 13
0
Yes
23 46
23 47
23 48
23 49
22 49
22 48
22 47
22 46
22 45
23 45
23 44
22 44
22 43
23 43
21 43
21 44
21 45
21 46
21 47
21 48
21 49
20 49
20 48
20 47
20 46
20 45
20 44
20 43
19 43
19 44
19 45
19 46
19 47
19 48
19 49
18 49
18 48
18 47
18 46
18 45
0
Yes
12 46
12 47
12 48
12 49
12 45
12 44
13 44
13 45
13 46
13 47
13 48
13 49
14 49
14 48
14 47
14 46
14 45
14 44
15 44
15 45
15 46
15 47
15 48
15 49
16 49
16 48
16 47
16 46
16 45
16 44
17 45
17 46
17 47
17 48
17 49
17 44
18 44
18 43
17 43
16 43
15 43
14 43
13 43
0
Yes
5 12
4 12
4 11
5 11
3 11
3 12
3 13
0
Yes
6 4
6 5
5 5
5 4
5 3
6 3
6 2
5 2
5 1
6 1
6 0
5 0
4 5
4 4
4 3
4 2
4 1
4 0
3 4
3 3
3 2
3 1
3 0
7 0
7 1
7 2
7 3
7 4
7 5
0
Yes
3 3
3 4
3 2
3 1
3 0
4 0
4 1
4 2
4 3
4 4
4 5
4 6
4 7
4 8
5 8
5 7
5 6
5 5
5 4
5 3
5 2
5 1
5 0
6 0
6 1
6 2
6 3
6 4
6 5
6 6
6 7
6 8
6 9
6 10
7 10
7 9
7 8
7 7
7 6
7 5
7 4
7 3
7 2
7 1
7 0
8 0
8 1
8 2
8 3
8 4
8 5
8 6
8 7
8 8
8 9
8 10
9 10
9 9
9 8
9 7
9 6
9 5
9 4
9 3
9 2
9 1
9 0
10 0
10 1
10 2
10 3
10 4
10 5
10 6
10 7
10 8
10 9
10 10
11 10
11 9
11 8
11 7
11 6
11 5
11 4
11 3
11 2
11 1
11 0
12 5
12 6
12 7
12 8
12 9
12 10
12 4
12 3
12 2
12 1
12 0
13 8
13 9
13 10
13 3
13 4
13 2
13 1
13 0
14 2
14 1
14 0
15 1
15 0
14 4
15 4
6 11
7 11
8 11
9 11
10 11
11 11
12 11
13 11
8 12
9 12
10 12
11 12
12 12
13 12
8 13
9 13
10 13
11 13
12 13
13 13
13 14
12 14
11 14
10 14
9 14
11 15
10 15
9 15
1
820
40 4
41 4
40 3
40 2
41 2
42 2
42 1
41 1
40 1
42 0
41 0
40 0
39 0
39 1
39 2
39 3
39 4
38 4
38 3
38 2
38 1
38 0
37 3
37 2
37 1
37 0
39 5
40 5
41 5
42 5
43 5
39 6
40 6
41 6
42 6
43 6
40 7
41 7
42 7
43 7
Yes
20 6
20 5
20 4
21 4
21 5
21 6
21 7
21 8
20 8
19 8
19 9
20 9
20 10
19 10
18 10
18 11
19 11
20 11
17 11
17 10
17 9
16 9
16 10
16 11
16 8
15 8
15 9
15 10
15 11
14 10
14 11
21 9
21 10
21 11
21 12
20 12
19 12
18 12
17 12
16 12
15 12
14 12
19 13
18 13
17 13
16 13
15 13
14 13
14 14
15 14
15 15
14 15
14 16
15 16
22 9
22 8
22 7
22 6
22 5
22 4
23 9
23 8
23 7
23 6
23 5
23 4
24 4
24 5
24 6
24 7
24 8
24 9
23 0
24 3
23 3
22 3
21 3
20 3
23 2
22 2
21 2
20 2
22 1
21 1
20 1
22 0
21 0
20 0
19 3
19 2
19 1
19 0
18 3
18 2
18 1
18 0
17 0
17 1
17 2
17 3
17 4
16 4
16 3
25 3
25 4
25 5
25 6
25 7
0
Yes
29 46
29 47
29 48
29 49
28 49
28 48
28 47
28 46
28 45
27 45
27 46
27 47
27 48
27 49
26 45
26 46
26 47
26 48
26 49
25 45
25 46
25 47
0
Yes
30 31
31 31
32 31
32 30
31 30
30 30
30 29
31 29
32 29
32 28
31 28
30 28
30 27
31 27
32 27
29 27
29 28
29 29
29 30
29 31
28 31
28 30
28 29
28 28
28 27
27 28
27 27
27 26
28 26
29 26
30 26
31 26
32 26
0
Yes
12 48
12 49
12 47
12 46
12 45
12 44
12 43
12 42
13 42
13 43
13 44
13 45
13 46
13 47
13 48
13 49
14 49
14 48
14 47
14 46
14 45
14 44
14 43
14 42
15 42
15 43
15 44
15 45
15 46
15 47
15 48
15 49
16 49
16 48
16 47
16 46
16 45
16 44
16 43
16 42
17 42
17 43
17 44
17 45
17 46
17 47
17 48
17 49
18 49
18 48
18 47
18 46
18 45
18 44
18 43
18 42
19 42
19 43
19 44
19 45
19 46
19 47
19 48
19 49
20 49
20 48
20 47
20 46
20 45
20 44
20 43
20 42
21 42
21 43
21 44
21 45
21 46
21 47
21 48
21 49
22 49
22 48
22 47
22 46
22 45
22 44
22 43
22 42
23 42
23 43
23 44
23 45
23 46
23 47
23 48
23 49
24 47
24 46
24 45
24 44
0
Yes
48 31
48 32
48 33
47 31
47 32
47 33
46 31
46 32
46 33
45 33
45 34
46 34
47 34
48 34
44 34
49 34
49 35
48 35
47 35
46 35
45 35
44 35
44 36
45 36
46 36
47 36
48 36
49 36
49 37
48 37
47 37
46 37
45 37
44 37
44 38
45 38
46 38
47 38
48 38
49 38
49 39
48 39
47 39
46 39
45 39
44 39
44 40
45 40
46 40
47 40
48 40
49 40
48 41
47 41
46 41
45 41
44 41
49 41
49 42
0
Yes
37 32
37 31
36 31
36 32
35 31
35 32
37 33
36 33
35 33
35 34
36 34
37 34
0
Yes
34 33
34 32
33 32
33 33
34 34
33 34
33 35
34 35
35 35
36 35
37 35
33 36
34 36
35 36
36 36
37 36
33 37
34 37
35 37
36 37
37 37
33 38
34 38
35 38
36 38
37 38
36 39
37 39
35 39
34 39
33 39
33 40
34 40
35 40
35 41
34 41
37 40
37 41
38 41
38 40
38 39
38 38
38 37
38 36
38 35
38 34
39 34
39 35
39 36
39 37
39 38
39 39
39 40
39 41
40 35
40 36
40 37
40 38
40 39
40 40
40 41
39 42
40 42
40 43
39 43
41 42
41 41
41 40
41 39
41 38
41 37
41 36
42 42
42 41
42 40
42 39
42 38
42 37
42 36
42 35
43 35
43 36
43 37
43 38
43 39
43 40
43 41
32 34
32 33
32 32
31 32
31 33
0
No
0
Yes
17 35
17 36
17 37
17 38
17 39
17 40
18 40
18 39
18 38
18 37
18 36
18 35
19 35
19 36
19 37
19 38
19 39
19 40
20 40
20 39
20 38
20 37
20 36
20 35
21 35
21 36
21 37
21 38
21 39
21 40
22 40
22 39
22 38
22 37
22 36
22 35
23 35
23 36
23 37
23 38
23 39
23 40
23 34
22 34
21 34
20 34
19 34
18 34
17 34
17 33
18 33
19 33
20 33
21 33
22 33
23 33
19 32
18 32
17 32
16 32
16 31
17 31
18 31
23 32
23 31
16 34
16 35
16 36
16 37
16 38
16 39
16 40
15 34
15 35
15 36
15 37
15 38
15 39
15 40
15 41
16 41
17 41
18 41
19 41
20 41
21 41
22 41
23 41
24 41
24 40
24 39
24 38
24 37
24 36
24 35
24 34
24 33
24 32
24 31
24 30
25 30
25 31
25 32
25 33
25 34
25 35
25 36
25 37
25 38
25 39
26 39
26 38
26 37
26 36
26 35
26 34
26 33
26 32
26 31
26 30
27 36
1
768
46 48
46 49
46 47
46 46
45 46
45 47
45 48
45 49
44 46
44 47
44 48
44 49
43 47
43 48
43 49
Yes
48 29
48 30
49 30
49 29
47 30
47 29
46 30
46 29
46 28
47 28
48 28
49 28
47 27
48 27
49 27
47 26
48 26
49 26
49 25
48 25
47 25
46 25
46 24
47 24
48 24
49 24
49 23
48 23
47 23
46 23
46 22
45 23
45 22
44 22
44 21
43 22
43 21
43 20
43 19
43 18
44 18
44 17
43 17
45 17
46 17
47 17
47 18
48 18
48 17
48 19
49 19
49 18
49 17
49 16
48 16
47 16
46 16
45 16
44 16
43 16
43 15
44 15
45 15
46 15
47 15
48 15
49 15
49 14
48 14
47 14
46 14
45 14
44 14
43 14
42 14
42 15
42 16
42 17
42 18
42 19
42 20
42 21
42 22
42 23
41 23
41 22
41 21
41 20
41 19
41 18
41 17
41 16
41 15
41 14
41 13
41 12
40 12
40 13
40 14
40 15
40 16
40 17
40 18
40 19
40 20
40 21
40 22
40 23
39 23
39 22
39 21
39 20
39 19
39 18
39 17
39 16
39 15
38 23
38 22
38 21
38 20
38 19
38 18
0
Yes
37 3
37 2
37 1
37 0
38 0
38 1
38 2
38 3
38 4
39 4
39 3
39 2
39 1
39 0
39 5
39 6
40 3
40 4
40 5
40 6
40 2
40 1
40 0
40 7
41 4
41 5
41 6
41 7
42 5
42 6
42 7
42 8
43 8
43 7
43 6
43 5
41 2
41 1
41 0
42 2
42 1
42 0
0
Yes
48 18
48 19
47 18
49 19
49 18
49 17
48 17
47 17
46 17
45 17
45 16
46 16
47 16
48 16
49 16
49 15
48 15
47 15
46 15
45 15
45 14
46 14
47 14
48 14
49 14
44 14
44 15
44 16
44 17
44 18
43 14
43 15
43 16
43 17
43 18
43 19
43 20
42 14
42 15
42 16
42 17
42 18
42 19
42 20
42 21
43 21
44 21
41 21
41 20
41 19
41 18
41 17
41 16
41 15
41 14
41 13
41 12
40 12
40 13
40 14
40 15
40 16
40 17
40 18
40 19
40 20
40 21
39 15
39 16
39 17
39 18
39 19
39 20
39 21
44 22
43 22
42 22
41 22
40 22
39 22
42 23
41 23
40 23
39 23
38 23
38 22
38 21
38 20
38 19
38 18
38 17
38 16
38 15
38 14
37 14
37 15
37 16
37 17
37 18
37 19
37 20
37 21
37 22
37 23
36 14
36 15
36 16
36 17
36 18
36 19
36 20
0
No
0
Yes
1 36
1 37
2 37
2 36
2 38
3 38
3 37
3 36
4 36
4 37
4 38
5 37
5 36
5 38
5 35
4 35
3 35
2 35
1 35
0 35
0 34
1 34
2 34
3 34
4 34
5 34
5 33
4 33
3 33
2 33
1 33
0 33
3 32
4 32
5 32
2 32
1 32
0 32
0
Yes
27 48
27 49
26 49
26 48
26 47
27 47
25 47
25 48
25 49
24 48
24 49
25 46
26 46
27 46
25 45
26 45
27 45
28 45
28 46
28 47
28 48
28 49
0
Yes
49 43
48 43
48 44
49 44
48 45
49 45
47 44
47 43
0
Yes
39 43
40 43
39 42
40 42
41 42
42 42
42 41
41 41
40 41
39 41
43 41
43 40
42 40
41 40
40 40
39 40
43 39
42 39
41 39
40 39
39 39
38 41
38 40
38 39
37 41
37 40
37 39
36 39
43 38
42 38
41 38
40 38
39 38
38 38
37 38
36 38
43 37
42 37
41 37
40 37
39 37
38 37
37 37
36 37
41 36
42 36
43 36
40 36
39 36
38 36
37 36
36 36
40 35
39 35
38 35
37 35
36 35
38 34
39 34
43 35
42 35
0
Yes
42 49
42 48
43 48
43 49
43 47
44 47
44 48
44 49
44 46
45 46
45 47
45 48
45 49
46 46
46 47
46 48
46 49
0
Yes
32 32
33 32
34 32
34 33
33 33
32 33
31 32
31 33
31 34
32 34
33 34
34 34
30 34
30 33
30 32
29 32
29 33
0
Yes
6 22
7 22
7 21
6 21
6 20
7 20
7 19
6 19
8 19
8 20
8 21
8 22
5 19
5 20
5 21
5 22
4 19
4 20
4 21
4 22
3 19
3 20
3 21
3 22
0
Yes
29 13
29 14
28 14
28 13
28 15
29 15
28 16
29 16
29 17
28 17
28 18
29 18
29 19
28 19
30 19
30 18
30 17
30 16
30 15
30 14
30 13
31 13
31 14
31 15
31 16
31 17
31 18
31 19
32 13
32 14
32 15
32 16
32 17
32 18
32 19
33 14
33 15
33 16
33 17
33 18
33 19
34 14
34 15
34 16
34 17
34 18
34 19
35 15
35 16
35 17
35 18
35 19
35 20
34 20
33 20
32 20
31 20
30 20
29 20
28 20
29 21
30 21
31 21
32 21
33 21
34 21
35 21
28 21
0
Yes
28 0
28 1
28 2
27 2
27 3
28 3
28 4
27 4
27 5
28 5
28 6
27 6
27 7
28 7
29 7
29 6
29 5
29 4
29 3
29 2
29 1
29 0
30 0
30 1
30 2
30 3
30 4
30 5
30 6
30 7
31 7
31 6
31 5
31 4
31 3
31 2
31 1
31 0
32 0
32 1
32 2
32 3
32 4
32 5
32 6
32 7
33 7
33 6
33 5
33 4
33 3
33 2
33 1
33 0
34 6
34 5
34 4
34 3
34 2
34 1
34 0
35 5
35 4
35 3
35 2
35 1
35 0
36 4
36 3
36 2
36 1
36 0
26 2
26 3
26 4
26 5
26 6
26 7
26 8
27 8
28 8
29 8
30 8
0
Yes
1 11
0 11
1 12
0 12
1 13
0 13
0
No
0
Yes
34 37
35 37
35 38
34 38
33 38
33 37
33 39
34 39
35 39
33 40
34 40
35 40
0
Yes
47 3
47 2
48 2
48 3
48 4
47 4
49 4
49 3
49 2
49 1
48 1
47 1
47 0
48 0
49 0
0
Yes
1 16
1 15
1 14
0 14
0 15
0 16
0 17
0
Yes
6 49
7 49
7 48
6 48
6 47
5 47
5 48
5 49
8 48
8 49
0
Yes
7 32
8 32
8 33
7 33
8 31
7 31
7 30
8 30
9 30
10 30
11 30
11 31
12 31
12 30
13 31
13 30
13 29
12 29
11 29
10 29
9 29
8 29
7 29
12 28
11 28
10 28
9 28
8 28
7 28
7 27
8 27
9 27
10 27
11 27
12 27
13 27
14 27
8 26
7 26
9 26
10 26
11 26
12 26
13 26
14 26
9 25
10 25
11 25
12 25
13 25
14 25
14 24
13 24
12 24
11 24
10 24
9 24
8 24
14 23
13 23
12 23
11 23
10 23
9 23
8 23
7 23
13 22
12 22
11 22
10 22
9 22
12 21
11 21
10 21
9 21
9 20
10 20
15 24
15 25
15 26
7 34
6 34
6 33
6 32
6 31
6 30
6 29
6 28
6 27
6 26
5 31
5 30
5 29
5 28
0
Yes
44 37
44 38
44 36
44 35
45 35
45 36
45 37
45 38
46 38
46 37
46 36
46 35
47 35
47 36
47 37
47 38
48 38
48 37
48 36
48 35
49 35
49 36
49 37
49 38
44 34
45 34
46 34
47 34
48 34
49 34
44 39
45 39
46 39
47 39
0
Yes
42 31
42 32
43 32
43 31
44 32
44 31
42 30
43 30
44 30
42 29
43 29
44 29
42 28
43 28
44 28
42 27
43 27
44 27
45 27
45 28
45 29
45 30
45 31
45 32
45 33
46 33
46 32
46 31
46 30
46 29
46 28
47 33
47 32
47 31
47 30
47 29
0
No
0
Yes
0 46
0 47
0 48
0 49
1 46
1 47
1 48
1 49
2 46
2 47
2 48
2 49
3 46
3 47
3 48
3 49
4 46
4 47
4 48
0
Yes
48 33
48 32
48 31
47 33
47 32
47 31
46 33
46 32
46 31
45 33
45 32
45 31
44 32
44 31
43 32
43 31
42 32
42 31
41 31
41 30
42 30
43 30
44 30
45 30
46 30
47 30
48 30
49 30
49 29
48 29
47 29
46 29
45 29
44 29
43 29
42 29
41 29
46 28
47 28
48 28
49 28
45 28
44 28
43 28
42 28
41 28
45 27
44 27
43 27
42 27
41 27
41 26
40 26
40 27
40 28
40 29
40 30
40 31
40 32
40 33
47 27
48 27
49 27
47 26
48 26
49 26
49 25
48 25
47 25
46 25
46 24
47 24
48 24
49 24
49 23
48 23
47 23
46 23
46 22
45 22
45 23
39 27
39 28
39 29
39 30
39 31
39 32
39 33
38 27
38 28
38 29
38 30
38 31
38 32
38 33
38 34
39 34
39 35
40 35
40 36
41 36
42 36
42 35
43 35
43 36
39 36
38 35
38 36
37 35
37 36
36 35
36 36
36 37
37 37
38 37
39 37
40 37
41 37
42 37
43 37
0
Yes
46 13
47 13
45 13
45 12
46 12
47 12
47 11
46 11
0
Yes
49 25
49 26
49 27
48 27
48 26
48 25
47 26
47 27
47 25
46 25
46 24
47 24
48 24
49 24
49 23
48 23
47 23
46 23
46 22
45 22
45 23
0
Yes
24 45
25 45
26 45
27 45
28 45
24 44
24 43
25 43
25 42
24 42
23 42
23 43
23 44
23 45
23 46
24 46
25 46
26 46
27 46
28 46
29 46
29 47
28 47
27 47
26 47
25 47
24 47
23 47
30 47
31 47
31 48
30 48
29 48
28 48
27 48
26 48
25 48
24 48
23 48
23 49
24 49
25 49
26 49
27 49
28 49
29 49
30 49
31 49
32 49
32 48
32 47
32 46
32 45
33 45
33 46
33 47
33 48
33 49
34 47
34 48
34 49
35 48
35 49
22 42
22 43
22 44
22 45
22 46
22 47
22 48
22 49
21 42
21 43
21 44
21 45
21 46
21 47
21 48
21 49
20 42
20 43
20 44
20 45
20 46
20 47
20 48
20 49
19 42
19 43
19 44
19 45
19 46
19 47
19 48
19 49
18 42
18 43
18 44
18 45
18 46
18 47
18 48
18 49
17 42
17 43
17 44
17 45
17 46
17 47
17 48
17 49
16 42
16 43
16 44
16 45
16 46
16 47
0
Yes
49 9
49 8
49 7
48 7
48 8
48 9
48 10
47 10
47 9
47 8
47 7
46 10
46 9
46 8
46 7
45 9
45 8
45 7
44 9
44 8
44 7
44 6
45 6
46 6
47 6
48 6
49 6
44 5
45 5
46 5
47 5
48 5
49 5
45 4
46 4
47 4
48 4
49 4
46 3
0
Yes
45 37
45 38
45 39
45 40
46 40
46 39
46 38
46 37
47 37
47 38
47 39
47 40
48 40
48 39
48 38
48 37
49 37
49 38
49 39
49 40
49 36
48 36
47 36
46 36
45 36
45 35
46 35
47 35
48 35
49 35
44 35
44 36
44 37
44 38
44 39
44 40
43 35
43 36
43 37
43 38
43 39
43 40
42 35
42 36
42 37
42 38
42 39
42 40
41 36
41 37
41 38
41 39
41 40
43 41
44 41
45 41
46 41
47 41
48 41
49 41
42 41
41 41
0
Yes
49 29
49 30
49 28
48 28
48 29
48 30
48 31
47 28
47 29
47 30
47 31
46 28
46 29
46 30
46 31
45 31
45 30
45 29
45 28
45 27
44 27
44 28
44 29
44 30
44 31
43 27
43 28
43 29
43 30
43 31
43 32
44 32
45 32
46 32
47 32
48 32
42 32
42 31
42 30
42 29
42 28
42 27
41 31
41 30
41 29
41 28
41 27
41 26
40 26
40 27
40 28
40 29
40 30
40 31
40 32
40 33
39 27
39 28
39 29
39 30
39 31
39 32
39 33
38 27
38 28
38 29
38 30
38 31
38 32
0
Yes
18 11
18 10
19 10
19 11
19 12
18 12
18 13
19 13
19 14
18 14
18 15
19 15
20 15
20 14
20 13
20 12
20 11
20 10
17 15
17 14
17 13
17 12
17 11
17 10
16 10
16 11
16 12
16 13
16 14
16 15
15 15
15 14
15 13
15 12
15 11
15 10
14 10
14 11
14 12
14 13
14 14
14 15
14 16
15 16
16 16
17 16
18 16
19 16
0
No
0
Yes
49 0
49 1
49 2
49 3
48 3
48 2
48 1
48 0
47 3
47 2
47 1
47 0
0
Yes
20 0
20 1
20 2
20 3
20 4
19 3
19 2
19 1
19 0
18 3
18 2
18 1
18 0
17 0
17 1
17 2
17 3
17 4
16 4
16 3
21 4
21 3
21 2
21 1
21 0
22 0
22 1
22 2
22 3
22 4
23 2
23 3
23 4
24 3
24 4
25 3
25 4
25 5
24 5
23 5
22 5
21 5
20 5
20 6
21 6
22 6
23 6
24 6
25 6
0
No
0
No
0
Yes
23 18
23 19
23 20
23 21
23 22
23 23
23 24
23 25
23 26
24 25
24 24
24 23
24 22
24 21
24 20
24 19
24 18
24 17
23 17
22 17
22 18
22 19
22 20
22 21
22 22
22 23
22 24
22 25
22 26
22 27
22 28
21 28
21 27
21 26
21 25
21 24
21 23
21 22
21 21
21 20
21 19
21 18
21 17
20 17
20 18
20 19
20 20
20 21
20 22
20 23
20 24
20 25
20 26
20 27
20 28
20 29
19 29
19 28
19 27
19 26
19 25
19 24
19 23
19 22
19 21
19 20
19 19
19 18
19 17
18 17
18 18
18 19
18 20
18 21
18 22
18 23
18 24
18 25
18 26
18 27
18 28
18 29
17 29
17 28
17 27
17 26
17 25
17 24
17 23
17 22
17 21
17 20
17 19
17 18
17 17
16 17
16 18
16 20
16 21
16 22
16 23
16 24
16 25
16 26
16 27
16 28
25 25
25 24
25 23
25 22
25 21
25 20
25 19
25 18
25 17
26 25
26 24
26 23
26 22
26 21
26 20
26 19
26 18
26 17
27 17
27 18
27 19
27 20
27 21
27 22
27 23
27 24
27 25
0
Yes
1 22
0 22
0 21
1 21
2 21
2 22
2 23
2 20
1 20
0 20
3 20
3 21
3 22
3 23
3 24
3 25
3 26
4 26
4 25
4 24
4 23
4 22
4 21
4 20
5 25
5 26
5 24
5 23
5 22
5 21
5 20
6 24
6 23
6 22
6 21
6 20
7 22
7 21
7 20
8 22
8 21
8 20
8 19
7 19
6 19
5 19
4 19
3 19
6 18
7 18
0
Yes
20 5
20 6
20 4
20 3
19 3
18 3
17 3
17 4
16 4
16 3
17 2
18 2
19 2
20 2
17 1
18 1
19 1
20 1
17 0
18 0
19 0
20 0
21 0
21 1
21 2
21 3
21 4
21 5
21 6
21 7
22 1
22 0
22 2
22 3
22 4
22 5
22 6
22 7
23 2
23 3
23 4
23 5
23 6
23 7
24 3
24 4
24 5
24 6
24 7
25 3
25 4
25 5
25 6
25 7
25 8
24 8
23 8
22 8
21 8
20 8
19 8
19 9
20 9
21 9
22 9
23 9
0
Yes
12 39
12 40
12 41
12 42
12 43
12 44
11 44
11 43
11 42
11 41
11 40
11 39
10 39
10 40
10 41
10 42
10 43
10 38
11 38
12 38
10 37
11 37
12 37
10 36
11 36
12 36
12 35
13 35
13 36
13 37
13 38
13 39
13 40
13 41
13 42
13 43
13 44
14 35
14 36
14 37
14 38
14 39
14 40
14 41
14 42
14 43
14 44
0
No
0
No
1
849
49 46
48 46
48 47
49 47
49 48
48 48
48 49
49 49
47 46
47 47
47 48
47 49
Yes
33 34
33 35
33 36
34 36
34 35
34 34
35 34
35 35
35 36
36 36
36 35
36 34
37 34
37 35
37 36
38 36
38 35
38 34
39 34
39 35
39 36
40 35
40 36
38 33
37 33
36 33
35 33
34 33
33 33
34 32
35 32
36 32
37 32
33 32
35 42
37 31
36 31
35 31
40 37
39 37
38 37
37 37
36 37
35 37
34 37
33 37
33 38
34 38
35 38
36 38
37 38
38 38
39 38
40 38
40 39
39 39
38 39
37 39
36 39
35 39
34 39
33 39
33 40
34 40
35 40
35 41
34 41
37 40
38 40
39 40
40 40
37 41
38 41
39 41
40 41
40 42
39 42
39 43
40 43
0
Yes
3 24
3 25
3 26
4 26
4 25
4 24
5 25
5 26
5 24
6 24
6 23
5 23
4 23
3 23
2 23
2 22
3 22
4 22
5 22
6 22
7 22
1 22
0 22
0 21
1 21
2 21
3 21
4 21
5 21
6 21
7 21
2 20
3 20
4 20
5 20
6 20
7 20
1 20
0 20
3 19
4 19
5 19
6 19
7 19
7 18
6 18
1 19
0 19
1 18
0 18
8 19
8 20
8 21
8 22
5 27
4 27
0 17
0 16
1 16
1 15
0 15
1 14
0 14
0 13
1 13
2 25
0
Yes
0 48
0 49
1 49
1 48
2 48
2 49
2 47
1 47
0 47
0 46
1 46
0
No
0
No
0
No
0
No
0
No
0
Yes
30 17
30 18
30 19
30 20
31 20
31 19
31 18
31 17
32 17
32 18
32 19
32 20
33 20
33 19
33 18
33 17
34 17
34 18
34 19
34 20
34 16
33 16
32 16
31 16
30 16
30 15
31 15
32 15
33 15
34 15
34 14
33 14
32 14
31 14
30 14
29 14
29 15
29 16
29 17
29 18
29 19
29 20
28 20
28 19
28 18
28 17
28 16
28 15
28 14
35 15
35 16
35 17
35 18
35 19
35 20
0
Yes
3 1
3 2
3 3
3 4
2 4
2 3
2 2
2 1
1 3
1 2
1 1
0 3
0 2
0 1
0 0
1 0
2 0
3 0
4 0
4 1
4 2
4 3
4 4
5 4
5 3
5 2
5 1
5 0
6 0
6 1
6 2
6 3
6 4
7 4
7 3
7 2
7 1
7 0
8 0
8 1
8 2
8 3
8 4
0
Yes
40 32
40 33
39 33
39 32
38 32
38 31
39 31
40 31
41 31
38 30
39 30
40 30
41 30
38 29
39 29
40 29
41 29
38 28
39 28
40 28
41 28
38 27
39 27
40 27
41 27
41 26
40 26
42 27
42 28
42 29
42 30
42 31
0
Yes
32 0
32 1
32 2
32 3
32 4
32 5
32 6
32 7
33 7
33 6
33 5
33 4
33 3
33 2
33 1
33 0
33 8
32 8
32 9
33 9
33 10
32 10
31 10
31 9
31 8
31 7
31 6
31 5
31 4
31 3
31 2
31 1
31 0
30 0
30 1
30 2
30 3
30 4
30 5
30 6
30 7
30 8
30 9
30 10
29 10
29 9
29 8
29 7
29 6
29 5
29 4
29 3
29 2
29 1
29 0
28 0
28 1
28 2
28 3
28 4
28 5
28 6
28 7
28 8
28 9
28 10
27 2
27 3
27 4
27 5
27 6
27 7
27 8
27 9
27 10
26 2
26 3
26 4
26 5
26 6
26 7
26 8
26 9
26 10
0
Yes
2 33
2 34
2 35
2 36
1 36
1 35
1 34
1 33
1 37
2 37
2 38
0 35
0 34
0 33
0 32
1 32
2 32
2 31
1 31
0 31
3 32
3 33
3 34
3 35
3 36
3 37
3 38
4 32
4 33
4 34
4 35
4 36
4 37
4 38
5 37
5 36
5 35
5 34
5 33
5 32
5 38
6 38
5 31
6 34
6 33
6 32
6 31
7 34
7 33
7 32
7 31
8 33
8 32
8 31
3 39
4 39
5 39
6 39
0
Yes
48 0
48 1
49 1
49 0
47 1
47 0
46 1
46 0
0
Yes
9 17
10 17
10 16
9 16
9 15
10 15
11 15
0
Yes
0 49
1 49
2 49
2 48
1 48
0 48
0 47
1 47
2 47
2 46
1 46
0 46
1
891
3 48
3 49
4 49
4 48
4 47
3 47
3 46
Yes
4 8
5 8
4 7
5 7
4 6
5 6
4 5
5 5
6 5
6 6
6 7
6 8
6 9
7 5
7 6
7 7
7 8
7 9
8 5
8 6
8 7
8 8
8 9
8 10
7 10
6 10
5 10
6 11
7 11
8 11
5 11
5 12
4 12
4 11
3 11
3 12
3 13
2 13
8 12
8 13
9 13
9 12
9 11
9 10
9 9
9 8
9 7
9 6
9 5
9 4
9 3
9 2
9 1
9 0
1 13
1 12
1 11
0 11
0 12
0 13
1 14
0 14
1 15
0 15
1 16
0 16
11 17
9 14
9 15
9 16
9 17
10 17
10 16
10 15
10 14
10 13
10 12
10 11
10 10
10 9
10 8
10 7
10 6
10 5
10 4
10 3
10 2
10 1
10 0
11 15
11 14
11 13
11 12
11 11
11 10
11 9
11 8
11 7
11 6
11 5
11 4
11 3
11 2
11 1
11 0
12 5
12 6
12 7
12 8
12 9
12 10
12 11
12 12
12 13
12 14
12 4
12 3
12 2
12 1
12 0
13 14
13 13
13 12
13 11
13 10
13 9
13 8
13 3
13 4
13 2
13 1
13 0
14 2
14 1
14 0
15 1
15 0
3 10
2 16
0 10
0
Yes
48 34
48 33
48 32
48 31
47 34
47 33
47 32
47 31
46 34
46 33
46 32
46 31
45 34
45 33
45 32
45 31
44 32
44 31
43 32
43 31
43 30
44 30
45 30
46 30
47 30
48 30
49 30
43 29
44 29
45 29
46 29
47 29
48 29
49 29
49 28
48 28
47 28
46 28
0
Yes
12 31
13 31
11 31
13 30
12 30
11 30
10 30
13 29
12 29
11 29
10 29
0
Yes
49 8
49 9
48 9
48 8
48 10
47 10
47 9
47 8
46 10
46 9
46 8
46 7
47 7
48 7
49 7
49 6
48 6
47 6
46 6
46 5
47 5
48 5
49 5
49 4
48 4
47 4
46 4
46 3
47 3
48 3
49 3
47 2
48 2
49 2
45 4
45 5
45 6
45 7
45 8
45 9
44 9
44 8
44 7
1
871
3 24
3 25
2 25
3 26
4 26
4 25
4 24
4 27
5 25
5 26
5 27
5 24
6 24
5 28
5 29
5 30
6 30
6 29
6 28
6 27
6 26
7 26
7 27
7 28
7 29
7 30
8 30
8 29
8 28
8 27
8 26
9 30
9 29
9 28
9 27
9 26
9 25
10 28
10 27
10 26
10 25
10 24
9 24
8 24
8 23
9 23
10 23
7 23
6 23
5 23
4 23
3 23
2 23
11 28
11 27
11 26
11 25
11 24
11 23
12 28
12 27
12 26
12 25
12 24
12 23
13 27
13 26
13 25
13 24
13 23
14 23
14 24
14 25
14 26
14 27
13 22
12 22
11 22
10 22
9 22
8 22
7 22
6 22
5 22
4 22
3 22
2 22
12 21
11 21
10 21
9 21
8 21
7 21
6 21
5 21
4 21
3 21
2 21
10 20
9 20
8 20
7 20
6 20
5 20
4 20
3 20
2 20
3 19
4 19
5 19
6 19
7 19
8 19
7 18
6 18
1 22
1 21
1 20
1 19
1 18
15 26
15 25
15 24
0 18
0 19
0 20
0 21
0 22
0 23
0 24
0 25
0 26
0 27
Yes
20 29
19 29
18 29
17 29
17 28
18 28
19 28
20 28
16 28
16 27
17 27
18 27
19 27
20 27
16 26
17 26
18 26
19 26
20 26
16 25
17 25
18 25
19 25
20 25
16 24
17 24
18 24
19 24
20 24
16 23
17 23
18 23
19 23
20 23
16 22
17 22
18 22
19 22
20 22
16 21
17 21
18 21
19 21
20 21
16 20
17 20
18 20
19 20
20 20
17 19
18 19
19 19
20 19
21 28
21 27
21 26
21 25
21 24
21 23
21 22
21 21
21 20
21 19
22 28
22 27
22 26
22 25
22 24
22 23
22 22
22 21
22 20
22 19
23 26
23 25
23 24
23 23
23 22
23 21
23 20
23 19
24 25
24 24
24 23
24 22
24 21
24 20
24 19
25 25
25 24
25 23
25 22
25 21
25 20
25 19
26 25
26 24
26 23
26 22
26 21
26 20
26 19
0
Yes
38 2
38 3
37 3
37 2
37 1
38 1
39 1
39 2
39 3
40 3
40 2
40 1
41 2
41 1
42 2
42 1
42 0
41 0
40 0
39 0
38 0
37 0
36 0
36 1
36 2
36 3
35 3
35 2
35 1
35 0
34 0
34 1
34 2
34 3
36 4
35 4
0
No
1
887
46 4
46 3
45 4
45 5
46 5
46 6
45 6
45 7
46 7
46 8
45 8
47 8
47 7
47 6
47 5
47 4
47 3
47 2
48 2
48 3
48 4
48 5
48 6
48 7
48 8
49 2
49 3
49 4
49 5
49 6
49 7
49 8
Yes
40 43
39 43
39 42
40 42
40 41
39 41
38 41
37 41
37 40
38 40
39 40
40 40
40 39
39 39
38 39
37 39
36 39
40 38
39 38
38 38
37 38
36 38
40 37
39 37
38 37
37 37
36 37
40 36
39 36
38 36
37 36
36 36
40 35
39 35
38 35
37 35
36 35
39 34
38 34
37 34
36 34
36 33
37 33
38 33
39 33
40 33
40 32
39 32
38 32
37 32
36 32
36 31
37 31
38 31
39 31
40 31
35 31
35 32
35 33
35 34
35 35
35 36
35 37
35 38
35 39
35 40
35 41
34 41
34 40
34 39
34 38
34 37
34 36
34 35
34 34
34 33
34 32
33 40
33 39
33 38
33 37
33 36
33 35
33 34
33 33
33 32
33 31
32 34
32 33
32 32
32 31
32 30
31 34
31 33
31 32
31 31
31 30
30 34
30 33
30 32
30 31
30 30
29 33
29 32
29 31
29 30
28 30
28 31
28 32
28 33
28 34
27 34
27 33
27 32
28 29
29 29
30 29
31 29
32 29
33 29
33 28
32 28
31 28
30 28
29 28
28 28
27 28
33 27
32 27
31 27
30 27
29 27
28 27
27 27
27 26
28 26
29 26
30 26
31 26
32 26
29 25
28 25
27 25
34 28
0
Yes
21 5
20 5
20 6
21 6
21 7
20 4
21 4
22 4
22 5
22 6
22 7
22 8
21 8
20 8
19 8
19 9
20 9
21 9
22 9
21 10
21 11
21 12
23 9
23 8
23 7
23 6
23 5
23 4
23 3
22 3
21 3
20 3
23 2
22 2
21 2
20 2
22 1
21 1
20 1
19 3
19 2
19 1
18 3
18 2
18 1
17 1
17 2
17 3
17 4
16 4
16 3
21 13
21 14
21 15
22 15
17 0
18 0
19 0
20 0
21 0
22 0
24 3
24 4
24 5
24 6
24 7
24 8
24 9
24 10
25 3
25 4
25 5
25 6
25 7
25 8
25 9
25 10
25 11
25 12
25 13
26 11
26 12
26 13
26 14
25 14
24 14
24 15
25 15
26 15
26 16
25 16
24 16
23 16
22 16
21 16
20 16
27 13
27 12
27 11
28 11
28 12
28 13
29 13
29 12
29 11
30 11
30 12
30 13
31 13
31 12
31 11
32 11
32 12
32 13
20 17
21 17
22 17
1
898
45 7
45 8
46 8
46 7
47 7
47 8
48 8
48 7
49 7
49 8
49 6
48 6
47 6
46 6
45 6
45 5
46 5
47 5
48 5
49 5
45 4
46 4
47 4
48 4
49 4
46 3
47 3
48 3
49 3
47 2
48 2
49 2
49 9
48 9
47 9
46 9
Yes
32 5
32 6
32 7
33 7
33 6
33 5
34 6
34 5
35 5
35 4
34 4
33 4
32 4
32 3
33 3
34 3
35 3
35 2
34 2
33 2
32 2
32 1
33 1
34 1
35 1
35 0
34 0
33 0
32 0
31 0
31 1
31 2
31 3
31 4
31 5
31 6
31 7
31 8
32 8
33 8
34 8
35 8
35 9
34 9
33 9
32 9
31 9
33 10
32 10
31 10
30 10
30 9
30 8
30 7
30 6
30 5
30 4
30 3
30 2
30 1
30 0
29 10
29 9
29 8
29 7
29 6
29 5
29 4
29 3
29 2
29 1
29 0
28 0
28 1
28 2
28 3
28 4
28 5
28 6
28 7
28 8
28 9
28 10
27 10
27 9
27 8
27 7
27 6
27 5
27 4
27 3
27 2
26 2
26 3
26 4
26 5
26 6
26 7
26 8
26 9
26 10
0
No
0
Yes
22 2
23 2
23 3
22 3
24 3
25 3
25 4
24 4
23 4
22 4
25 5
24 5
23 5
22 5
25 6
24 6
23 6
22 6
25 7
24 7
23 7
22 7
21 7
21 6
21 5
21 4
21 3
21 2
20 6
20 5
20 4
20 3
20 2
19 3
19 2
18 3
18 2
17 2
17 3
17 4
16 4
16 3
17 1
18 1
19 1
20 1
21 1
22 1
22 0
21 0
20 0
19 0
18 0
17 0
25 8
24 8
23 8
22 8
21 8
20 8
19 8
19 9
20 9
21 9
22 9
23 9
0
No
0
Yes
16 36
15 36
15 37
16 37
15 38
16 38
15 35
16 35
15 34
16 34
17 34
17 35
17 36
17 37
17 38
17 33
18 33
18 34
18 35
18 36
18 37
18 38
19 38
19 37
19 36
19 35
19 34
19 33
19 32
18 32
17 32
16 32
16 31
17 31
18 31
20 33
20 34
20 35
20 36
20 37
20 38
21 33
21 34
21 35
21 36
21 37
21 38
22 33
22 34
22 35
22 36
22 37
22 38
15 39
16 39
17 39
18 39
19 39
20 39
21 39
22 39
15 40
16 40
17 40
18 40
19 40
20 40
21 40
22 40
22 41
21 41
20 41
19 41
18 41
17 41
16 41
15 41
0
Yes
41 19
41 20
41 21
41 22
41 23
42 23
42 22
42 21
42 20
42 19
43 19
43 20
43 21
43 22
40 23
40 22
40 21
40 20
40 19
39 23
39 22
39 21
39 20
39 19
39 18
40 18
41 18
42 18
43 18
43 17
42 17
41 17
40 17
39 17
39 16
40 16
41 16
42 16
43 16
0
Yes
36 18
36 19
36 20
36 17
36 16
36 15
37 15
37 16
37 17
37 18
37 19
37 20
38 20
38 19
38 18
38 17
38 16
38 15
38 21
37 21
36 21
35 21
34 21
33 21
32 21
31 21
30 21
29 21
30 22
31 22
32 22
33 22
34 22
35 22
36 22
37 22
38 22
38 23
37 23
36 23
35 23
34 23
33 23
32 23
31 23
30 23
34 24
33 24
32 24
31 24
31 25
32 25
39 15
38 14
37 14
36 14
40 15
41 15
42 15
43 15
43 14
42 14
41 14
40 14
40 13
41 13
41 12
40 12
44 14
44 15
44 16
44 17
45 17
45 16
45 15
45 14
46 14
46 15
46 16
46 17
47 14
47 15
47 16
47 17
47 18
48 14
48 15
48 16
48 17
48 18
48 19
49 19
49 18
49 17
49 16
49 15
49 14
28 21
28 22
28 23
27 23
27 22
27 21
27 20
27 19
27 18
27 17
26 18
26 17
26 16
26 15
26 14
25 18
25 17
25 16
25 15
25 14
24 14
24 15
24 16
24 17
24 18
23 18
23 17
23 16
22 18
22 17
22 16
22 15
21 15
21 16
21 17
0
Yes
49 5
49 6
49 7
49 8
48 8
48 7
48 6
48 5
48 4
49 4
49 3
48 3
48 2
49 2
47 2
47 3
47 4
47 5
47 6
47 7
47 8
46 3
46 4
46 5
46 6
46 7
46 8
45 4
45 5
45 6
45 7
45 8
44 5
44 6
44 7
44 8
43 8
43 7
43 6
43 5
42 8
42 7
42 6
42 5
47 1
48 1
49 1
46 1
46 0
47 0
48 0
49 0
44 9
45 9
46 9
47 9
48 9
49 9
48 10
47 10
46 10
41 7
41 6
41 5
41 4
40 7
40 6
40 5
40 4
39 6
39 5
39 4
0
No
0
Yes
26 34
26 33
26 32
26 31
26 30
25 30
25 31
25 32
25 33
25 34
24 30
24 31
24 32
24 33
24 34
23 31
23 32
23 33
23 34
0
Yes
0 18
1 18
1 19
0 19
0 20
1 20
2 20
2 21
1 21
0 21
0 22
1 22
2 22
2 23
3 23
3 22
3 21
3 20
3 19
4 19
4 20
4 21
4 22
4 23
5 19
5 20
5 21
5 22
5 23
3 24
4 24
5 24
6 24
6 23
6 22
6 21
6 20
6 19
6 18
7 18
7 19
7 20
7 21
7 22
7 23
8 19
8 20
8 21
8 22
8 23
8 24
9 20
9 21
9 22
9 23
9 24
10 20
10 21
10 22
10 23
10 24
11 21
11 22
11 23
11 24
12 21
12 22
12 23
12 24
13 22
13 23
13 24
14 23
14 24
15 24
15 25
14 25
13 25
12 25
11 25
10 25
9 25
15 26
14 26
13 26
12 26
11 26
10 26
9 26
14 27
13 27
12 27
11 27
10 27
9 27
12 28
11 28
10 28
9 28
0
Yes
0 49
1 49
1 48
0 48
0 47
1 47
1 46
0 46
2 46
2 47
2 48
2 49
0
Yes
24 9
25 9
24 10
25 10
25 11
0
Yes
39 0
39 1
39 2
39 3
40 3
40 2
40 1
40 0
41 2
41 1
41 0
42 2
42 1
42 0
38 3
38 2
38 1
38 0
37 3
37 2
37 1
37 0
0
Yes
43 41
44 41
45 41
46 41
47 41
48 41
49 41
49 40
48 40
47 40
46 40
45 40
44 40
43 40
43 39
44 39
45 39
46 39
47 39
48 39
49 39
49 38
48 38
47 38
46 38
45 38
44 38
43 38
43 37
44 37
45 37
46 37
47 37
48 37
49 37
49 36
48 36
47 36
46 36
45 36
44 36
43 36
43 35
44 35
45 35
46 35
47 35
48 35
49 35
0
Yes
16 18
16 17
17 17
17 18
1
912
44 16
44 17
45 17
45 16
46 17
46 16
47 16
47 17
47 18
48 18
48 17
48 16
49 16
49 17
49 18
49 15
48 15
47 15
46 15
45 15
44 15
44 14
45 14
46 14
47 14
48 14
49 14
43 14
43 15
42 15
42 14
41 15
41 14
41 13
41 12
40 12
40 13
40 14
40 15
39 15
38 15
38 14
38 16
38 17
38 18
48 19
49 19
38 19
38 20
38 21
38 22
38 23
37 23
37 22
37 21
37 20
37 19
37 18
37 17
37 16
37 15
37 14
36 14
36 15
36 16
36 17
36 18
36 19
36 20
36 21
36 22
36 23
35 23
35 22
35 21
34 21
34 22
34 23
34 24
33 24
33 23
33 22
33 21
32 21
32 22
32 23
32 24
32 25
31 25
31 24
31 23
31 22
31 21
30 23
30 22
30 21
36 24
43 13
38 24
Yes
0 22
1 22
2 22
2 23
3 23
3 22
3 24
3 25
3 26
4 26
4 25
4 24
4 23
4 22
4 27
5 25
5 26
5 27
5 24
5 23
5 22
6 24
6 23
6 22
7 23
7 22
5 28
6 26
6 27
6 28
7 26
7 27
7 28
8 26
8 27
8 28
9 28
9 27
9 26
9 25
10 28
10 27
10 26
10 25
11 28
11 27
11 26
11 25
11 24
10 24
9 24
8 24
8 23
9 23
10 23
11 23
8 22
9 22
10 22
11 22
11 21
10 21
9 21
8 21
7 21
6 21
5 21
4 21
3 21
2 21
1 21
0 21
10 20
9 20
8 20
7 20
6 20
5 20
4 20
3 20
2 20
1 20
0 20
3 19
4 19
5 19
6 19
7 19
8 19
7 18
6 18
1 19
0 19
1 18
0 18
12 21
12 22
12 23
12 24
12 25
12 26
12 27
12 28
13 22
13 23
13 24
13 25
13 26
13 27
14 27
14 26
14 25
14 24
14 23
15 24
15 25
15 26
9 29
8 29
7 29
6 29
5 29
9 30
8 30
7 30
0
Yes
2 31
1 31
0 31
0 32
1 32
2 32
3 32
4 32
4 33
3 33
2 33
1 33
0 33
5 33
5 32
5 31
5 30
6 30
6 31
6 32
6 33
7 31
7 32
7 33
7 34
6 34
5 34
4 34
3 34
2 34
1 34
0 34
8 33
8 32
8 31
0 35
1 35
2 35
3 35
4 35
0
Yes
27 12
27 13
28 13
28 12
28 11
27 11
29 11
29 12
29 13
30 13
30 12
30 11
31 11
31 12
31 13
32 13
32 12
32 11
26 11
26 12
26 13
0
Yes
48 29
48 30
48 31
49 30
49 29
49 28
48 28
48 27
49 27
47 27
47 28
47 29
47 30
47 31
46 28
46 29
46 30
46 31
45 31
45 30
45 29
45 28
45 27
44 27
44 28
44 29
44 30
44 31
43 27
43 28
43 29
43 30
43 31
42 27
42 28
42 29
42 30
42 31
41 31
41 30
41 29
41 28
41 27
40 30
40 29
40 28
40 27
39 27
39 28
39 29
39 30
38 30
38 29
38 28
38 27
40 26
41 26
42 32
43 32
44 32
45 32
46 32
47 32
48 32
0
Yes
45 34
45 33
46 33
46 34
47 34
47 33
48 33
48 34
0
No
0
No
0
Yes
15 8
16 8
16 9
15 9
0
No
0
No
0
Yes
49 9
49 8
49 7
49 6
49 5
48 5
48 6
48 7
48 8
48 9
47 9
47 8
47 7
47 6
47 5
46 5
46 6
46 7
46 8
46 9
45 9
45 8
45 7
45 6
45 5
44 9
44 8
44 7
44 6
44 5
43 5
43 6
43 7
43 8
0
Yes
31 2
31 3
31 4
31 5
32 5
32 4
32 3
32 2
33 2
33 3
33 4
33 5
34 5
34 4
34 3
34 2
35 5
35 4
35 3
35 2
35 1
34 1
33 1
32 1
31 1
31 0
32 0
33 0
34 0
35 0
30 0
30 1
30 2
30 3
30 4
30 5
29 5
29 4
29 3
29 2
29 1
29 0
28 0
28 1
28 2
28 3
28 4
28 5
34 6
33 6
32 6
31 6
30 6
29 6
28 6
33 7
32 7
31 7
30 7
0
No
0
Yes
38 0
38 1
39 1
39 0
40 0
40 1
41 1
41 0
42 0
42 1
37 1
37 0
36 0
36 1
42 2
41 2
40 2
39 2
38 2
37 2
36 2
36 3
37 3
38 3
39 3
0
Yes
18 39
18 40
19 40
19 39
20 39
20 40
21 40
21 39
22 39
22 40
23 40
23 39
24 40
24 39
25 39
25 38
24 38
23 38
22 38
21 38
20 38
19 38
18 38
18 37
19 37
20 37
21 37
22 37
23 37
24 37
25 37
25 36
24 36
23 36
22 36
21 36
20 36
19 36
18 36
18 35
19 35
20 35
21 35
22 35
23 35
24 35
25 35
25 34
24 34
23 34
22 34
21 34
20 34
19 34
18 34
20 33
21 33
22 33
23 33
24 33
25 33
19 33
18 33
17 33
17 34
17 35
17 36
17 37
17 38
17 39
17 40
16 34
16 35
16 36
16 37
16 38
16 39
16 40
15 34
15 35
15 36
15 37
15 38
15 39
15 40
26 39
26 38
26 37
26 36
26 35
26 34
0
Yes
41 42
42 42
42 41
41 41
42 40
41 40
42 39
41 39
40 39
40 40
40 41
40 42
40 43
39 43
39 42
39 41
39 40
39 39
38 41
38 40
38 39
37 41
37 40
37 39
36 39
42 38
41 38
40 38
39 38
38 38
37 38
36 38
42 37
41 37
40 37
39 37
38 37
37 37
36 37
42 36
41 36
40 36
39 36
38 36
37 36
36 36
40 35
39 35
38 35
37 35
0
Yes
5 47
5 48
4 48
4 47
4 46
3 46
3 47
3 48
6 47
6 48
7 48
8 48
3 49
4 49
5 49
6 49
7 49
8 49
1
917
32 46
33 46
33 45
32 45
Yes
8 13
8 12
9 12
9 13
9 14
10 14
10 13
10 12
11 12
11 13
11 14
12 14
12 13
12 12
12 11
11 11
10 11
9 11
8 11
7 11
6 11
6 10
7 10
8 10
9 10
10 10
11 10
12 10
5 10
5 11
5 12
4 12
4 11
3 11
3 12
3 13
2 13
6 9
7 9
8 9
9 9
10 9
11 9
12 9
12 8
11 8
10 8
9 8
8 8
7 8
6 8
5 8
4 8
4 7
5 7
6 7
7 7
8 7
9 7
10 7
11 7
12 7
12 6
11 6
10 6
9 6
8 6
7 6
6 6
5 6
4 6
4 5
5 5
6 5
7 5
8 5
9 5
10 5
11 5
12 5
1 13
1 14
1 12
1 11
13 8
13 9
13 10
13 11
13 12
13 13
13 14
11 15
10 15
9 15
9 16
10 16
10 17
9 17
0 11
0 12
0 13
0 14
1 15
0 15
1 16
0 16
9 4
10 4
11 4
12 4
0
Yes
25 46
25 45
26 45
26 46
27 45
27 46
28 45
28 46
28 47
27 47
26 47
25 47
25 48
26 48
27 48
28 48
28 49
27 49
26 49
25 49
29 46
29 47
29 48
0
Yes
21 49
22 49
23 49
24 49
24 48
23 48
22 48
21 48
24 47
23 47
22 47
21 47
24 46
23 46
22 46
21 46
24 45
23 45
22 45
21 45
24 44
23 44
22 44
21 44
21 43
22 43
23 43
24 43
25 43
25 42
24 42
23 42
22 42
21 42
24 41
23 41
22 41
21 41
20 41
20 42
20 43
20 44
20 45
20 46
20 47
20 48
20 49
19 41
19 42
19 43
19 44
19 45
19 46
19 47
19 48
19 49
18 41
18 42
18 43
18 44
18 45
18 46
18 47
18 48
18 49
17 41
17 42
17 43
17 44
17 45
17 46
17 47
17 48
17 49
16 41
16 42
16 43
16 44
16 45
16 46
16 47
16 48
16 49
15 41
15 42
15 43
15 44
15 45
15 46
15 47
15 48
15 49
0
Yes
0 49
1 49
2 49
2 48
1 48
0 48
2 47
1 47
0 47
0
Yes
0 1
0 2
0 3
1 3
1 2
1 1
2 1
2 2
2 3
2 4
2 0
1 0
0 0
3 4
3 3
3 2
3 1
3 0
4 4
4 3
4 2
4 1
0
Yes
6 0
5 0
5 1
6 1
5 2
6 2
5 3
6 3
7 3
7 2
7 1
7 0
8 0
8 1
8 2
8 3
9 3
9 2
9 1
9 0
10 3
10 2
10 1
10 0
8 4
7 4
6 4
5 4
0
Yes
10 37
10 36
11 36
11 37
10 38
11 38
10 39
11 39
10 40
11 40
12 40
12 39
12 38
12 37
12 36
13 36
13 37
13 38
13 39
13 40
14 40
14 39
14 38
14 37
14 36
0
Yes
45 12
46 12
47 12
47 11
46 11
46 10
47 10
47 13
46 13
45 13
1
932
2 38
3 38
3 39
4 39
4 38
5 38
5 39
6 38
6 39
5 37
4 37
3 37
2 37
1 37
1 36
2 36
3 36
4 36
5 36
5 40
6 40
6 41
7 40
7 41
8 40
8 41
9 41
10 41
11 41
12 41
13 41
14 41
14 42
13 42
12 42
11 42
10 42
9 42
8 42
7 42
6 42
5 42
5 43
6 43
7 43
8 43
9 43
10 43
11 43
12 43
13 43
14 43
14 44
13 44
12 44
11 44
11 45
12 45
13 45
14 45
14 46
13 46
12 46
11 46
14 47
13 47
12 47
11 47
10 47
10 48
11 48
12 48
13 48
14 48
14 49
13 49
12 49
11 49
10 49
9 49
8 49
8 48
7 48
7 49
6 49
6 48
6 47
5 47
5 48
5 49
5 44
Yes
24 36
24 37
24 38
24 39
25 39
25 38
25 37
25 36
26 39
26 38
26 37
26 36
27 36
27 35
26 35
25 35
24 35
24 34
25 34
26 34
27 34
27 33
26 33
25 33
24 33
23 33
23 34
23 35
23 36
23 37
23 38
23 39
22 33
22 34
22 35
22 36
22 37
22 38
22 39
21 33
21 34
21 35
21 36
21 37
21 38
21 39
20 33
20 34
20 35
20 36
20 37
20 38
20 39
19 39
19 38
19 37
19 36
19 35
19 34
19 33
18 33
18 34
18 35
18 36
18 37
18 38
18 39
17 33
17 34
17 35
17 36
17 37
17 38
17 39
16 34
16 35
16 36
16 37
16 38
16 39
15 34
15 35
15 36
15 37
15 38
15 39
15 40
16 40
17 40
18 40
19 40
20 40
21 40
22 40
23 40
24 40
19 32
18 32
17 32
1
933
49 42
43 35
44 35
45 35
46 35
46 36
45 36
44 36
43 36
47 35
47 36
48 35
48 36
49 35
49 36
49 37
48 37
47 37
46 37
45 37
44 37
43 37
43 38
44 38
45 38
46 38
47 38
48 38
49 38
49 39
48 39
47 39
46 39
45 39
44 39
43 39
43 40
44 40
45 40
46 40
47 40
48 40
49 40
49 41
48 41
47 41
46 41
45 41
44 41
43 41
Yes
35 40
35 41
34 41
34 40
34 39
35 39
36 39
37 39
37 40
37 41
38 41
38 40
38 39
39 39
39 40
39 41
39 42
40 42
40 41
40 40
40 39
41 42
41 41
41 40
41 39
42 42
42 41
42 40
42 39
42 38
41 38
40 38
39 38
38 38
37 38
36 38
35 38
34 38
42 37
41 37
40 37
39 37
38 37
37 37
36 37
35 37
34 37
42 36
41 36
40 36
39 36
38 36
37 36
36 36
35 36
34 36
40 35
39 35
38 35
37 35
36 35
35 35
34 35
39 34
38 34
37 34
36 34
35 34
34 34
34 33
35 33
36 33
37 33
38 33
39 33
40 33
40 32
39 32
38 32
37 32
36 32
35 32
34 32
35 31
36 31
37 31
38 31
39 31
40 31
40 43
39 43
33 40
33 39
33 38
33 37
33 36
33 35
33 34
33 33
33 32
36 30
32 34
32 33
32 32
0
Yes
42 49
42 48
43 48
43 49
43 47
1
939
32 47
32 46
32 45
36 49
30 49
31 47
30 47
30 48
31 48
32 48
33 45
33 46
33 47
33 48
34 47
34 48
35 48
35 49
34 49
33 49
32 49
31 49
Yes
5 1
5 2
5 3
5 4
6 4
6 3
6 2
6 1
7 4
7 3
7 2
7 1
8 4
8 3
8 2
8 1
9 3
9 2
9 1
10 3
10 2
10 1
10 0
9 0
8 0
7 0
6 0
5 0
11 3
11 2
11 1
11 0
12 3
12 2
12 1
12 0
13 3
13 2
13 1
13 0
14 2
14 1
14 0
15 1
15 0
13 4
14 4
15 4
16 4
17 4
16 3
17 3
18 3
19 3
17 2
18 2
19 2
17 1
18 1
19 1
16 0
17 0
18 0
19 0
4 4
4 3
4 2
4 1
4 0
3 4
3 3
3 2
3 1
3 0
2 4
2 3
2 2
2 1
2 0
1 3
1 2
1 1
1 0
0 3
0 2
0 1
0 0
0
Yes
45 22
45 23
46 22
46 23
44 22
0
Yes
4 49
4 48
3 48
3 49
4 47
0
Yes
42 36
42 37
42 38
42 39
42 40
42 41
42 42
41 42
41 41
41 40
41 39
41 38
41 37
41 36
40 36
40 37
40 38
40 39
40 40
40 41
40 42
39 42
39 41
39 40
39 39
39 38
39 37
39 36
38 41
38 40
38 39
38 38
38 37
38 36
37 41
37 40
37 39
37 38
37 37
0
Yes
17 12
17 13
16 13
16 12
16 11
17 11
17 10
16 10
15 10
15 11
15 12
15 13
14 10
14 11
14 12
14 13
14 14
15 14
16 14
17 14
14 15
15 15
16 15
17 15
14 16
15 16
16 16
17 16
16 17
17 17
16 18
17 18
18 18
18 17
18 16
18 15
18 14
18 13
18 12
18 11
18 10
19 18
19 17
19 16
19 15
19 14
19 13
19 12
19 11
19 10
19 9
19 8
20 8
20 9
20 10
20 11
20 12
20 13
20 14
20 15
20 16
20 17
20 18
21 18
21 17
21 16
21 15
21 14
21 13
21 12
21 11
21 10
21 9
21 8
22 15
22 16
22 17
22 18
23 18
23 17
23 16
24 18
24 17
24 16
24 15
24 14
25 18
25 17
25 16
25 15
25 14
26 14
26 15
26 16
0
Yes
10 29
11 29
12 29
13 29
10 30
11 30
12 30
13 30
13 31
12 31
11 31
0
Yes
19 48
19 49
20 49
20 48
21 48
21 49
22 49
22 48
23 48
23 49
24 49
24 48
25 48
25 49
26 49
26 48
26 47
25 47
24 47
23 47
22 47
21 47
20 47
19 47
19 46
20 46
21 46
22 46
23 46
24 46
25 46
26 46
26 45
25 45
24 45
23 45
22 45
21 45
20 45
19 45
24 44
23 44
22 44
21 44
20 44
19 44
19 43
20 43
21 43
22 43
23 43
24 43
25 43
25 42
24 42
23 42
22 42
21 42
20 42
19 42
24 41
23 41
22 41
21 41
20 41
19 41
18 41
18 42
18 43
18 44
18 45
18 46
18 47
18 48
18 49
17 41
17 42
17 43
17 44
17 45
17 46
17 47
17 48
17 49
16 41
16 42
16 43
16 44
16 45
16 46
16 47
16 48
16 49
15 41
15 42
15 43
15 44
15 45
15 46
15 47
15 48
15 49
14 41
14 42
14 43
14 44
14 45
14 46
14 47
14 48
14 49
13 41
13 42
13 43
13 44
13 45
13 46
13 47
13 48
13 49
12 41
12 42
12 43
12 44
12 45
12 46
12 47
12 48
12 49
11 46
11 45
11 44
11 43
11 42
11 41
11 47
11 48
11 49
10 47
10 48
10 49
9 49
0
Yes
39 20
39 21
39 19
39 18
40 18
40 19
40 20
40 21
39 17
40 17
39 16
40 16
41 16
41 17
41 18
41 19
41 20
41 21
42 16
42 17
42 18
42 19
42 20
42 21
43 16
43 17
43 18
43 19
43 20
43 21
43 22
42 22
41 22
40 22
39 22
39 23
40 23
41 23
0
Yes
1 49
2 49
2 48
1 48
1 47
2 47
2 46
1 46
0 46
0 47
0 48
0 49
3 46
3 47
3 48
3 49
4 46
4 47
0
Yes
47 23
48 23
49 23
49 24
48 24
47 24
46 24
46 25
47 25
48 25
49 25
47 26
48 26
49 26
47 27
48 27
49 27
49 28
48 28
47 28
46 28
46 29
47 29
48 29
49 29
49 30
48 30
47 30
46 30
48 31
47 31
46 31
48 32
47 32
46 32
48 33
47 33
46 33
45 33
45 32
45 31
45 30
45 29
45 28
45 27
44 27
44 28
44 29
44 30
44 31
44 32
43 32
43 31
43 30
43 29
43 28
43 27
42 32
42 31
42 30
42 29
42 28
42 27
41 31
41 30
41 29
41 28
41 27
41 26
40 26
40 27
40 28
40 29
40 30
40 31
40 32
40 33
39 27
39 28
39 29
39 30
39 31
39 32
39 33
38 27
38 28
38 29
38 30
38 31
38 32
0
Yes
49 34
48 34
47 34
46 34
45 34
44 34
44 35
45 35
46 35
47 35
48 35
49 35
43 35
42 35
42 36
43 36
44 36
45 36
46 36
47 36
48 36
49 36
41 36
41 37
42 37
43 37
44 37
45 37
46 37
47 37
48 37
49 37
49 38
48 38
47 38
46 38
45 38
44 38
43 38
42 38
41 38
41 39
42 39
43 39
44 39
45 39
46 39
47 39
48 39
49 39
49 40
48 40
47 40
46 40
45 40
44 40
43 40
42 40
41 40
43 41
44 41
45 41
46 41
47 41
48 41
49 41
42 41
41 41
40 41
40 40
40 39
40 38
40 37
40 36
40 35
39 35
39 36
39 37
39 38
39 39
39 40
39 41
39 34
38 41
38 40
38 39
38 38
38 37
38 36
38 35
38 34
38 33
37 41
37 40
37 39
37 38
37 37
37 36
37 35
37 34
37 33
37 32
37 31
36 31
36 32
36 33
36 34
36 35
36 36
36 37
36 38
36 39
35 31
35 32
35 33
35 34
35 35
35 36
35 37
35 38
35 39
42 42
41 42
40 42
39 42
39 43
40 43
35 40
35 41
34 41
34 40
34 39
34 38
34 37
34 36
34 35
34 34
34 33
34 32
33 40
33 39
33 38
33 37
33 36
33 35
33 34
33 33
0
Yes
37 2
37 3
36 3
36 2
36 4
35 4
35 3
35 2
35 5
34 5
34 4
34 3
34 2
34 6
33 6
33 5
33 4
33 3
33 2
33 7
32 7
32 6
32 5
32 4
32 3
32 2
32 1
33 1
34 1
35 1
36 1
37 1
37 0
36 0
35 0
34 0
33 0
32 0
31 0
31 1
31 2
31 3
31 4
31 5
31 6
31 7
30 7
30 6
30 5
30 4
30 3
30 2
30 1
30 0
29 0
29 1
29 2
29 3
29 4
29 5
29 6
29 7
28 1
28 0
28 2
28 3
28 4
28 5
28 6
28 7
27 2
27 3
27 4
27 5
27 6
0
Yes
17 29
18 29
19 29
20 29
20 28
19 28
18 28
17 28
16 28
16 27
17 27
18 27
19 27
20 27
16 26
17 26
18 26
19 26
20 26
16 25
17 25
18 25
19 25
20 25
16 24
17 24
18 24
19 24
20 24
16 23
17 23
18 23
19 23
20 23
16 22
17 22
18 22
19 22
20 22
16 21
17 21
18 21
19 21
20 21
16 20
17 20
18 20
19 20
20 20
17 19
18 19
19 19
20 19
21 28
21 27
21 26
21 25
21 24
21 23
21 22
21 21
21 20
21 19
22 28
22 27
22 26
22 25
22 24
22 23
22 22
22 21
22 20
22 19
23 26
23 25
23 24
23 23
23 22
23 21
23 20
23 19
24 25
24 24
24 23
24 22
24 21
24 20
24 19
24 18
23 18
22 18
21 18
20 18
19 18
18 18
17 18
16 18
16 17
17 17
18 17
19 17
20 17
21 17
22 17
23 17
24 17
25 25
25 24
25 23
25 22
25 21
25 20
25 19
25 18
25 17
26 25
26 24
26 23
26 22
26 21
26 20
26 19
26 18
26 17
27 17
27 18
27 19
27 20
27 21
27 22
27 23
27 24
27 25
0
No
0
Yes
17 16
16 16
15 16
14 16
14 15
15 15
16 15
17 15
14 14
15 14
16 14
17 14
14 13
15 13
16 13
17 13
0
No
0
Yes
35 18
35 19
35 20
34 20
34 19
34 18
33 20
33 19
33 18
32 20
32 19
32 18
31 20
31 19
31 18
30 20
30 19
30 18
35 17
34 17
33 17
32 17
31 17
30 17
35 16
34 16
33 16
32 16
31 16
30 16
35 15
34 15
33 15
32 15
31 15
30 15
34 14
33 14
32 14
31 14
30 14
32 13
31 13
30 13
29 13
29 14
29 15
29 16
29 17
29 18
29 19
29 20
29 21
28 21
28 20
28 19
28 18
28 17
28 16
28 15
28 14
28 13
32 12
31 12
30 12
29 12
28 12
28 11
29 11
30 11
31 11
32 11
33 11
33 10
32 10
31 10
30 10
29 10
28 10
28 9
29 9
30 9
31 9
32 9
33 9
28 22
0
Yes
14 35
13 35
12 35
14 36
13 36
12 36
11 36
10 36
10 37
11 37
12 37
13 37
14 37
14 38
13 38
12 38
11 38
10 38
10 39
11 39
12 39
13 39
14 39
14 40
13 40
12 40
11 40
10 40
12 34
0
Yes
24 3
24 4
24 5
24 6
24 7
25 7
25 6
25 5
25 4
25 3
25 2
26 2
26 3
26 4
26 5
26 6
26 7
27 7
23 7
23 6
23 5
23 4
23 3
23 2
22 2
22 3
22 4
22 5
22 6
22 7
21 7
21 6
21 5
21 4
21 3
21 2
20 6
20 5
20 4
20 3
20 2
20 1
21 1
22 1
22 0
21 0
20 0
21 8
22 8
23 8
24 8
25 8
26 8
27 8
27 9
26 9
25 9
24 9
23 9
22 9
0
No
0
Yes
33 27
33 28
33 29
32 29
32 28
32 27
31 27
31 28
31 29
30 29
30 28
30 27
29 27
29 28
29 29
28 29
28 28
28 27
28 30
29 30
30 30
31 30
32 30
0
Yes
20 16
21 16
22 16
14 17
22 15
21 15
20 15
21 14
20 14
21 13
20 13
21 12
20 12
21 11
20 11
19 16
19 15
19 14
19 13
19 12
19 11
18 16
18 15
18 14
18 13
18 12
18 11
17 16
17 15
17 14
17 13
17 12
17 11
16 16
16 15
16 14
16 13
16 12
16 11
15 16
15 15
15 14
15 13
15 12
15 11
14 16
14 15
14 14
14 13
14 12
14 11
0
Yes
47 44
48 44
48 45
49 45
49 44
47 43
48 43
49 43
0
No
0
Yes
45 49
46 49
46 48
45 48
44 48
44 49
46 47
45 47
44 47
44 46
45 46
46 46
0
Yes
24 3
24 4
24 5
24 6
24 7
24 8
24 9
24 10
23 9
23 8
23 7
23 6
23 5
23 4
23 3
23 2
22 9
22 8
22 7
22 6
22 5
22 4
22 3
22 2
22 1
21 7
21 8
21 9
21 6
21 5
21 4
21 3
21 2
21 1
21 10
20 10
20 9
20 8
19 8
19 9
19 10
18 10
17 10
17 9
20 1
20 2
20 3
20 4
20 5
20 6
19 6
20 0
21 0
22 0
23 0
16 10
16 9
16 8
16 7
15 8
15 9
15 10
14 10
25 10
25 9
25 8
25 7
25 6
25 5
25 4
25 3
26 3
26 4
26 5
26 6
26 7
26 8
26 9
26 10
27 7
27 8
27 9
27 10
28 8
29 8
30 8
31 8
32 8
33 8
26 2
25 2
25 1
34 8
34 9
35 9
35 8
36 8
27 11
26 11
25 11
27 12
26 12
25 12
24 12
27 13
26 13
25 13
26 14
25 14
24 14
24 15
25 15
26 15
26 16
0
No
0
No
0
No
0
Yes
1 33
1 34
1 35
1 36
1 37
0 35
0 34
0 33
0 32
1 32
1 31
0 31
2 31
2 32
2 33
2 34
2 35
2 36
2 37
2 38
3 32
3 33
3 34
3 35
3 36
3 37
3 38
4 32
4 33
4 34
4 35
4 36
4 37
4 38
5 37
5 36
5 35
5 34
5 33
5 32
5 38
6 38
5 31
5 30
6 30
6 31
6 32
6 33
6 34
7 34
7 33
7 32
7 31
8 31
8 32
8 33
3 39
4 39
5 39
6 39
5 40
6 40
6 41
7 40
7 41
8 40
8 41
9 41
10 41
10 42
9 42
8 42
7 42
6 42
5 42
5 43
6 43
7 43
8 43
9 43
10 43
0
Yes
31 2
31 3
31 4
31 5
31 6
31 7
32 7
32 6
32 5
32 4
32 3
32 2
33 7
33 6
33 5
33 4
33 3
33 2
34 6
34 5
34 4
34 3
34 2
35 5
35 4
35 3
35 2
30 7
30 6
30 5
30 4
30 3
30 2
29 7
29 6
29 5
29 4
29 3
29 2
28 7
28 6
28 5
28 4
28 3
28 2
27 2
27 3
27 4
27 5
27 6
28 1
29 1
30 1
31 1
32 1
33 1
34 1
35 1
28 0
29 0
30 0
31 0
32 0
33 0
34 0
35 0
36 4
36 3
36 2
36 1
36 0
37 3
37 2
37 1
37 0
38 0
38 1
38 2
38 3
38 4
39 4
39 3
39 2
39 1
39 0
40 3
40 4
40 2
40 1
40 0
41 4
41 2
41 1
41 0
42 2
42 1
42 0
39 5
40 5
41 5
43 0
0
Yes
12 28
12 29
13 29
13 30
12 30
13 31
12 31
11 31
11 30
11 29
11 28
10 30
10 29
10 28
9 30
9 29
9 28
8 30
8 29
8 28
8 27
9 27
10 27
11 27
12 27
13 27
14 27
8 26
9 26
10 26
11 26
12 26
13 26
14 26
15 26
15 25
14 25
13 25
12 25
11 25
10 25
9 25
15 24
14 24
13 24
12 24
11 24
10 24
9 24
8 24
14 23
13 23
12 23
11 23
10 23
9 23
8 23
13 22
12 22
11 22
10 22
9 22
8 22
12 21
11 21
10 21
9 21
8 21
10 20
9 20
8 20
8 19
7 30
7 29
7 28
7 27
7 26
6 26
6 27
6 28
6 29
5 29
5 28
5 27
5 26
0
Yes
49 29
49 30
48 30
48 29
48 31
48 32
48 33
47 33
47 32
47 31
47 30
47 29
46 33
46 32
46 31
46 30
46 29
45 33
45 32
45 31
45 30
45 29
44 32
44 31
44 30
44 29
43 32
43 31
43 30
43 29
42 32
42 31
42 30
42 29
41 31
41 30
41 29
40 29
40 30
40 31
40 32
40 33
39 33
39 32
39 31
39 30
39 29
38 32
38 31
38 30
38 29
38 28
39 28
40 28
41 28
42 28
43 28
44 28
45 28
46 28
47 28
48 28
49 28
45 27
44 27
43 27
42 27
41 27
40 27
39 27
38 27
40 26
41 26
37 27
0
Yes
8 32
8 33
8 31
8 30
8 29
7 29
7 30
7 31
7 32
7 33
7 34
6 34
6 33
6 32
6 31
6 30
6 29
5 29
5 30
5 31
5 32
5 33
5 34
0
Yes
22 42
22 43
22 44
22 45
22 46
22 47
22 48
22 49
23 49
23 48
23 47
23 46
23 45
23 44
23 43
23 42
24 44
24 45
24 46
24 47
24 48
24 49
24 43
24 42
24 41
23 41
22 41
21 41
21 42
21 43
21 44
21 45
21 46
21 47
21 48
21 49
20 49
20 48
20 47
20 46
20 45
20 44
20 43
20 42
20 41
19 41
19 42
19 43
19 44
19 45
19 46
19 47
19 48
19 49
18 49
18 48
18 47
18 46
18 45
18 44
18 43
18 42
18 41
17 41
17 42
17 43
17 44
17 45
17 46
17 47
17 48
17 49
16 49
16 48
16 47
16 46
16 45
16 44
16 43
16 42
16 41
15 41
15 42
15 43
15 44
15 45
15 46
15 47
15 48
15 49
14 49
14 48
14 47
14 46
14 45
14 44
14 43
14 42
14 41
13 41
13 42
13 43
13 44
13 45
13 46
13 47
13 48
13 49
12 49
12 48
12 47
12 46
12 45
12 44
12 43
12 42
12 41
11 44
11 45
11 46
11 47
11 48
11 49
11 43
0
Yes
25 49
25 48
25 47
25 46
25 45
26 45
26 46
26 47
26 48
26 49
27 45
27 46
27 47
27 48
27 49
28 45
28 46
28 47
28 48
28 49
29 46
29 47
0
Yes
3 22
3 23
2 23
2 22
1 22
0 22
3 24
3 25
3 26
4 26
4 25
4 24
4 23
4 22
4 27
5 25
5 26
5 27
5 24
5 23
5 22
6 24
6 23
6 22
7 23
7 22
6 26
6 27
7 26
7 27
8 26
8 27
9 27
9 26
9 25
10 25
10 26
10 27
11 27
11 26
11 25
12 25
12 26
12 27
13 27
13 26
13 25
14 27
14 26
14 25
15 26
15 25
15 24
14 24
13 24
12 24
11 24
10 24
9 24
8 24
8 23
9 23
10 23
11 23
12 23
13 23
14 23
8 22
9 22
10 22
11 22
12 22
13 22
12 21
11 21
10 21
9 21
8 21
7 21
6 21
5 21
4 21
3 21
2 21
1 21
0 21
10 20
9 20
8 20
7 20
6 20
5 20
4 20
3 20
2 20
1 20
0 20
3 19
4 19
5 19
6 19
7 19
8 19
7 18
6 18
5 28
6 28
7 28
8 28
9 28
0
Yes
4 4
5 4
6 4
3 4
2 4
2 3
3 3
4 3
5 3
6 3
1 3
1 2
2 2
3 2
4 2
5 2
6 2
6 1
5 1
4 1
3 1
2 1
1 1
1 0
2 0
3 0
4 0
5 0
6 0
0 3
0 2
0 1
0 0
7 4
7 3
7 2
7 1
7 0
8 4
8 3
0
Yes
1 31
2 31
0 31
0 32
1 32
2 32
3 32
4 32
4 33
3 33
2 33
1 33
0 33
4 34
3 34
2 34
1 34
0 34
0 35
1 35
2 35
3 35
4 35
5 35
5 36
4 36
3 36
2 36
1 36
1 37
2 37
3 37
4 37
5 37
2 38
3 38
4 38
5 38
6 38
3 39
4 39
5 39
6 39
5 40
6 40
0
Yes
48 49
49 49
49 48
48 48
48 47
49 47
49 46
48 46
47 46
47 47
47 48
47 49
46 46
46 47
46 48
46 49
45 46
45 47
45 48
45 49
44 46
44 47
44 48
44 49
43 47
43 48
0
Yes
41 23
42 23
42 22
41 22
43 22
43 21
42 21
41 21
43 20
42 20
41 20
43 19
42 19
41 19
43 18
42 18
41 18
43 17
42 17
41 17
43 16
42 16
41 16
40 16
40 17
40 18
40 19
40 20
40 21
40 22
40 23
39 23
39 22
39 21
39 20
39 19
39 18
39 17
39 16
0
Yes
46 32
46 33
45 33
45 32
44 32
43 32
47 33
47 32
48 33
48 32
48 31
47 31
46 31
45 31
44 31
43 31
43 30
44 30
45 30
46 30
47 30
48 30
48 29
47 29
46 29
45 29
44 29
43 29
46 28
47 28
48 28
45 28
44 28
0
Yes
1 37
1 36
2 36
2 37
2 38
3 38
3 37
3 36
4 36
4 37
4 38
5 37
5 36
5 38
5 35
4 35
3 35
2 35
1 35
4 34
3 34
2 34
1 34
4 33
3 33
2 33
1 33
4 32
3 32
2 32
1 32
0 35
0 34
0 33
0 32
0
Yes
43 18
43 19
43 17
43 16
42 16
42 17
42 18
42 19
41 16
41 17
41 18
41 19
40 16
40 17
40 18
40 19
39 16
39 17
39 18
39 19
39 20
40 20
41 20
42 20
43 20
0
Yes
1 0
1 1
1 2
2 2
2 1
2 0
3 0
3 1
3 2
4 2
4 1
4 0
0 2
0 1
0 0
0 3
1 3
2 3
3 3
4 3
0
Yes
9 3
9 4
9 5
9 6
9 7
9 8
9 9
10 9
10 8
10 7
10 6
10 5
10 4
10 3
11 3
11 4
11 5
11 6
11 7
11 8
11 9
12 7
12 6
12 5
12 4
12 3
12 8
12 9
13 8
13 9
13 3
13 4
14 4
13 2
12 2
11 2
10 2
9 2
14 2
14 1
13 1
12 1
11 1
10 1
9 1
9 0
10 0
11 0
12 0
13 0
14 0
8 0
8 1
8 2
8 3
8 4
8 5
8 6
8 7
8 8
8 9
7 9
7 8
7 7
7 6
7 5
7 4
7 3
7 2
7 1
7 0
6 9
6 8
6 7
6 6
6 5
6 4
6 3
6 2
6 1
6 0
5 0
5 1
5 2
5 3
5 4
5 5
5 6
5 7
5 8
15 1
15 0
0
Yes
30 47
30 48
29 48
29 49
30 49
31 47
31 48
31 49
32 49
32 48
32 47
32 46
32 45
33 45
33 46
33 47
33 48
33 49
34 47
34 48
34 49
35 48
0
Yes
32 26
31 26
30 26
30 27
31 27
32 27
33 27
33 28
32 28
31 28
30 28
33 29
32 29
31 29
30 29
32 30
31 30
30 30
30 31
31 31
32 31
33 31
33 32
32 32
31 32
30 32
32 33
31 33
30 33
30 34
31 34
32 34
29 33
29 32
29 31
29 30
29 29
29 28
29 27
29 26
29 25
28 25
28 26
28 27
28 28
28 29
28 30
28 31
28 32
28 33
1
991
39 23
40 23
41 23
42 23
38 23
37 23
36 23
35 23
35 22
36 22
37 22
38 22
39 22
40 22
41 22
42 22
43 22
43 21
42 21
41 21
40 21
39 21
38 21
37 21
36 21
35 21
36 20
37 20
38 20
39 20
40 20
41 20
42 20
43 20
43 19
42 19
41 19
40 19
39 19
38 19
37 19
36 19
36 18
37 18
38 18
39 18
40 18
41 18
42 18
43 18
36 17
37 17
38 17
39 17
40 17
41 17
42 17
43 17
36 16
37 16
38 16
39 16
40 16
41 16
42 16
43 16
39 15
40 15
41 15
42 15
43 15
38 15
37 15
36 15
36 14
37 14
38 14
43 14
42 14
41 14
40 14
40 13
41 13
41 12
40 12
44 18
44 17
44 16
44 15
44 14
45 17
45 16
Yes
6 6
6 7
6 8
6 9
5 8
5 7
5 6
4 8
4 7
4 6
4 5
5 5
6 5
4 4
5 4
6 4
5 3
6 3
5 2
6 2
5 1
6 1
5 0
6 0
7 0
7 1
7 2
7 3
7 4
7 5
7 6
7 7
7 8
7 9
7 10
6 10
5 10
6 11
7 11
5 11
5 12
4 12
4 11
8 11
8 10
8 9
8 8
8 7
8 6
8 5
8 4
8 3
8 2
8 1
8 0
8 12
8 13
9 13
9 12
9 11
9 10
9 9
9 8
9 7
9 6
9 5
9 4
9 3
9 2
9 1
9 0
10 0
10 1
10 2
10 3
10 4
10 5
10 6
10 7
10 8
10 9
10 10
10 11
10 12
10 13
11 13
11 12
11 11
11 10
11 9
11 8
11 7
11 6
11 5
11 4
11 3
11 2
11 1
11 0
12 5
12 6
12 7
12 8
12 9
12 10
12 11
12 12
12 13
12 4
12 3
12 2
12 1
12 0
13 8
13 9
13 10
13 11
13 12
13 13
13 14
12 14
0
Yes
0 22
1 22
2 22
2 23
3 23
3 22
3 24
3 25
3 26
4 26
4 25
4 24
4 23
4 22
4 27
5 25
5 26
5 27
5 24
5 23
5 22
6 24
6 23
6 22
7 23
7 22
5 28
6 26
6 27
6 28
7 26
7 27
7 28
8 26
8 27
8 28
9 28
9 27
9 26
9 25
10 25
10 26
10 27
10 28
11 28
11 27
11 26
11 25
12 28
12 27
12 26
12 25
13 27
13 26
13 25
13 24
12 24
11 24
10 24
9 24
8 24
8 23
9 23
10 23
11 23
12 23
13 23
8 22
9 22
10 22
11 22
12 22
13 22
12 21
11 21
10 21
9 21
8 21
7 21
6 21
5 21
4 21
3 21
2 21
1 21
0 21
10 20
9 20
8 20
7 20
6 20
5 20
4 20
3 20
2 20
1 20
0 20
3 19
4 19
5 19
6 19
7 19
8 19
7 18
6 18
1 19
0 19
1 18
0 18
14 23
14 24
14 25
14 26
14 27
15 26
15 25
15 24
0 17
5 29
6 29
7 29
8 29
9 29
10 29
11 29
12 29
13 29
13 30
12 30
11 30
10 30
9 30
8 30
7 30
6 30
5 30
11 31
12 31
13 31
13 32
14 32
0
Yes
49 0
49 1
49 2
49 3
48 3
48 2
48 1
48 0
47 2
47 3
47 1
47 0
46 1
46 0
46 3
46 4
47 4
48 4
49 4
45 4
45 5
46 5
47 5
48 5
49 5
49 6
48 6
47 6
46 6
45 6
45 7
46 7
47 7
48 7
49 7
0
Yes
16 9
17 9
16 8
15 8
15 9
15 10
16 10
17 10
0
Yes
18 21
18 22
18 23
18 24
18 25
18 26
18 27
18 28
18 29
17 29
17 28
17 27
17 26
17 25
17 24
17 23
17 22
17 21
16 28
16 27
16 26
16 25
16 24
16 23
16 22
16 21
16 20
17 20
18 20
17 19
18 19
18 18
17 18
16 18
16 17
17 17
18 17
19 17
19 18
19 19
19 20
19 21
19 22
19 23
19 24
19 25
19 26
19 27
19 28
19 29
20 29
20 28
20 27
20 26
20 25
20 24
20 23
20 22
20 21
20 20
20 19
20 18
20 17
21 17
21 18
21 19
21 20
21 21
21 22
21 23
21 24
21 25
21 26
21 27
21 28
22 28
22 27
22 26
22 25
22 24
22 23
22 22
22 21
22 20
22 19
22 18
22 17
23 26
23 25
23 24
23 23
23 22
23 21
23 20
23 19
23 18
0
Yes
42 8
43 8
44 8
44 9
45 9
45 8
46 8
46 9
46 10
46 11
47 11
47 10
47 9
47 8
48 10
48 9
48 8
47 12
46 12
45 12
45 13
46 13
47 13
48 7
47 7
46 7
45 7
44 7
43 7
42 7
41 7
40 7
40 6
41 6
42 6
43 6
44 6
45 6
46 6
47 6
48 6
39 6
39 5
40 5
41 5
42 5
43 5
44 5
45 5
46 5
47 5
48 5
45 4
46 4
47 4
48 4
46 3
47 3
48 3
41 4
40 4
39 4
38 4
40 3
39 3
38 3
37 3
47 2
48 2
49 9
49 8
49 7
49 6
49 5
49 4
49 3
49 2
49 1
48 1
47 1
46 1
46 0
47 0
48 0
49 0
37 2
38 2
39 2
40 2
41 2
42 2
42 1
41 1
40 1
39 1
38 1
37 1
42 0
41 0
40 0
39 0
38 0
37 0
36 0
36 1
36 2
36 3
36 4
35 4
44 10
35 3
35 2
35 1
35 0
34 0
34 1
34 2
34 3
