0
No
0
Yes
48 2
48 3
49 3
49 2
49 1
48 1
48 0
49 0
47 0
47 1
47 2
47 3
46 3
46 2
46 1
46 0
45 0
45 1
45 2
45 3
44 3
44 2
44 1
44 0
44 4
45 4
46 4
47 4
48 4
49 4
0
Yes
1 38
2 38
2 39
1 39
2 37
1 37
2 36
1 36
0 36
0 37
0 38
0 39
0 40
0
Yes
9 2
10 2
10 3
10 4
11 4
11 3
11 2
12 2
12 3
12 4
12 5
13 5
13 4
13 3
13 2
14 5
14 4
14 3
14 2
14 1
13 1
12 1
11 1
10 1
9 1
8 1
8 0
9 0
10 0
11 0
12 0
13 0
14 0
15 5
15 4
15 3
15 2
15 1
15 0
16 5
16 4
16 3
16 2
16 1
16 0
0
Yes
48 49
49 49
49 48
48 48
48 47
49 47
49 46
48 46
48 45
49 45
49 44
48 44
48 43
49 43
49 42
48 42
48 41
49 41
49 40
48 40
48 39
49 39
47 39
47 40
47 41
47 42
47 43
47 44
47 45
47 46
47 47
47 48
47 49
46 39
46 40
46 41
46 42
46 43
46 44
46 45
46 46
46 47
46 48
46 49
45 43
45 44
45 45
45 46
45 47
45 48
45 49
44 43
44 44
44 45
44 46
44 47
44 48
44 49
43 45
43 44
43 47
43 48
43 49
42 47
42 48
0
Yes
0 41
0 42
0 43
0 44
0 45
0 46
0 47
0 48
0 49
1 49
1 48
1 47
1 46
1 45
1 44
1 43
1 42
1 41
1 40
2 40
2 41
2 42
2 43
2 44
2 45
2 46
2 47
2 48
2 49
3 40
3 41
3 42
3 43
3 44
3 45
3 46
3 47
3 48
3 49
4 40
4 41
4 42
4 43
4 44
4 45
4 46
4 47
4 48
4 49
5 42
5 43
5 44
5 45
5 46
5 47
5 48
5 49
6 49
6 48
6 47
6 46
6 45
6 44
0
Yes
23 0
23 1
23 2
23 3
23 4
23 5
24 5
24 4
24 3
24 2
24 1
24 0
22 5
22 4
22 3
22 2
22 1
22 0
21 5
21 4
21 3
21 2
21 1
21 0
25 0
25 1
25 2
25 3
25 4
25 5
26 5
26 4
26 3
26 2
26 1
26 0
27 0
27 1
27 2
27 3
27 4
27 5
28 5
28 4
28 3
28 2
28 1
28 0
29 4
29 5
29 3
29 2
29 1
29 0
30 3
30 2
30 1
30 0
31 2
31 1
31 0
30 5
0
Yes
41 25
41 26
41 27
42 27
42 26
42 25
42 28
43 28
43 27
43 26
43 25
43 29
44 29
44 28
44 27
44 26
44 25
45 25
45 26
45 27
45 28
45 29
45 30
45 31
46 31
46 30
46 29
46 28
46 27
46 26
46 25
47 25
47 26
47 27
47 28
47 29
47 30
47 31
48 31
48 30
48 29
48 28
48 27
48 26
48 25
49 25
49 26
49 27
49 28
49 29
49 30
49 31
49 24
48 24
47 24
46 24
45 24
44 24
43 24
42 24
41 24
41 23
42 23
43 23
44 23
45 23
46 23
47 23
48 23
49 23
49 22
48 22
47 22
46 22
45 22
44 22
43 22
42 22
41 22
41 21
42 21
43 21
44 21
45 21
46 21
47 21
48 21
49 21
49 20
48 20
47 20
46 20
45 20
44 20
43 20
42 20
41 20
41 19
42 19
43 19
44 19
45 19
46 19
47 19
48 19
49 19
45 32
46 32
47 32
48 32
49 32
49 18
48 18
47 18
0
Yes
39 1
39 2
39 3
39 4
39 5
38 5
38 4
38 3
38 2
38 1
37 5
37 4
37 3
37 2
37 1
36 3
36 2
36 1
35 2
35 1
34 1
34 0
35 0
36 0
37 0
38 0
39 0
40 0
40 1
40 2
40 3
40 4
40 5
41 5
41 4
41 3
41 2
41 1
41 0
42 0
42 1
42 2
42 3
42 4
42 5
43 4
43 3
43 2
43 1
43 0
43 5
0
Yes
2 0
1 0
0 0
0 1
1 1
2 1
0
Yes
2 19
2 18
2 17
1 19
1 18
1 17
0 19
0 18
0 17
0 16
1 16
2 16
3 16
4 16
4 17
4 15
3 15
2 15
1 15
0 15
0 14
1 14
2 14
3 14
4 14
2 13
1 13
0 13
3 13
4 13
3 12
4 12
5 12
5 13
5 14
5 15
5 16
5 17
4 11
3 11
6 13
6 14
6 15
6 16
6 17
0
Yes
42 18
43 18
44 18
45 18
46 18
41 18
41 17
42 17
43 17
44 17
45 17
46 17
47 17
48 17
49 17
49 16
48 16
47 16
46 16
45 16
44 16
43 16
42 16
41 16
41 15
42 15
43 15
44 15
45 15
46 15
47 15
48 15
49 15
49 14
48 14
47 14
46 14
45 14
44 14
43 14
42 14
41 14
41 13
42 13
43 13
44 13
45 13
46 13
47 13
48 13
49 13
49 12
48 12
47 12
46 12
45 12
44 12
43 12
42 12
41 12
41 11
42 11
43 11
44 11
45 11
46 11
47 11
48 11
49 11
49 10
48 10
47 10
46 10
45 10
44 10
43 10
42 10
41 10
40 10
40 11
40 12
40 13
40 14
40 15
40 16
40 17
40 18
39 18
39 17
39 16
39 15
39 14
39 13
39 12
39 11
39 10
38 10
38 11
38 12
38 13
38 14
38 15
38 16
38 17
38 18
38 9
39 9
40 9
41 9
42 9
43 9
44 9
45 9
46 9
47 9
48 9
49 9
0
Yes
18 44
18 45
18 46
18 47
18 48
18 49
19 49
19 48
19 47
19 46
19 45
19 44
20 44
20 45
20 46
20 47
20 48
20 49
20 43
19 43
18 43
18 42
19 42
20 42
20 41
19 41
18 41
17 41
17 42
17 43
17 44
17 45
17 46
17 47
17 48
17 49
16 49
16 48
16 47
16 46
16 45
16 44
16 43
16 42
16 41
15 41
15 42
15 43
15 44
15 45
15 46
15 47
15 48
15 49
14 42
14 43
14 44
14 45
14 46
14 47
14 48
14 49
13 49
13 48
13 47
13 46
13 45
13 44
13 43
13 42
13 41
12 41
12 42
12 43
12 44
12 45
12 46
12 47
12 48
12 49
11 41
11 42
11 43
11 44
11 45
11 46
11 47
11 48
11 49
10 42
10 43
10 44
10 45
10 46
10 47
10 48
10 49
9 49
9 48
9 47
9 46
9 45
9 44
9 43
9 42
9 41
8 41
8 42
8 43
8 44
8 45
8 46
8 47
8 48
8 49
7 49
7 48
7 47
7 46
7 45
7 44
7 43
7 42
7 41
6 41
6 42
6 43
12 40
13 40
16 40
17 40
18 40
0
Yes
24 43
24 44
24 45
25 45
25 44
25 43
26 43
26 44
26 45
27 45
27 44
26 42
25 42
24 42
26 41
25 41
24 41
26 40
25 40
24 40
24 39
25 39
26 39
27 39
26 38
27 38
23 39
23 40
23 41
23 42
23 43
23 44
23 45
22 39
22 40
22 41
22 42
22 43
22 44
22 45
21 45
21 44
21 43
21 42
21 41
21 40
21 39
21 38
20 38
20 39
20 40
19 40
19 39
19 38
19 37
19 36
19 35
18 35
18 36
18 37
18 38
18 39
17 39
17 38
17 37
17 36
17 35
16 38
16 37
16 36
15 36
15 37
21 46
22 46
23 46
24 46
25 46
26 46
21 47
22 47
23 47
24 47
25 47
26 47
27 47
28 47
21 48
22 48
23 48
24 48
25 48
26 48
27 48
28 48
29 48
29 49
28 49
27 49
26 49
25 49
24 49
23 49
22 49
21 49
0
Yes
48 49
49 49
49 48
48 48
48 47
49 47
49 46
48 46
48 45
49 45
49 44
48 44
48 43
49 43
49 42
48 42
47 42
47 43
47 44
47 45
47 46
47 47
47 48
47 49
46 42
46 43
46 44
46 45
46 46
46 47
46 48
46 49
45 43
45 44
45 45
45 46
45 47
45 48
45 49
44 43
44 44
44 45
44 46
44 47
44 48
44 49
43 45
43 44
43 47
43 48
43 49
42 47
42 48
42 49
0
Yes
17 0
17 1
18 1
18 0
19 0
19 1
20 1
20 0
20 2
19 2
18 2
17 2
17 3
18 3
19 3
20 3
20 4
19 4
18 4
0
Yes
38 5
38 6
38 7
38 8
39 8
39 7
39 6
39 5
40 8
40 7
40 6
40 5
41 8
41 7
41 6
41 5
42 8
42 7
42 6
42 5
43 8
43 7
43 6
43 5
44 5
44 6
44 7
44 8
45 8
45 7
45 6
45 5
46 5
46 6
46 7
46 8
47 8
47 7
47 6
47 5
43 4
42 4
41 4
40 4
39 4
38 4
43 3
42 3
41 3
40 3
39 3
38 3
43 2
42 2
41 2
40 2
39 2
38 2
43 1
42 1
41 1
40 1
39 1
38 1
43 0
42 0
41 0
40 0
39 0
38 0
37 5
37 4
37 3
37 2
37 1
37 0
36 3
36 2
36 1
36 0
35 2
35 1
35 0
34 1
34 0
0
Yes
26 8
26 7
26 6
27 6
27 7
27 8
28 6
28 7
28 8
29 6
29 7
29 8
30 6
30 7
30 8
31 7
31 8
31 9
30 9
29 9
28 9
27 9
26 9
26 10
27 10
28 10
29 10
30 10
29 11
0
Yes
40 42
39 42
38 42
37 42
37 43
38 43
39 43
40 43
40 44
39 44
38 44
38 45
39 45
0
No
0
No
0
Yes
32 39
31 39
30 39
30 38
31 38
32 38
33 38
34 38
35 38
35 37
34 37
33 37
32 37
31 37
30 37
29 37
29 38
28 38
28 37
31 36
32 36
33 36
34 36
34 35
33 35
32 35
31 35
31 34
32 34
33 34
34 34
31 33
32 33
33 33
34 33
35 33
35 32
34 32
33 32
32 32
32 31
33 31
34 31
35 31
36 31
31 31
36 30
35 30
34 30
33 30
32 30
31 30
30 30
30 29
31 29
32 29
33 29
34 29
35 29
36 29
36 28
35 28
34 28
33 28
32 28
31 28
30 28
29 28
29 27
30 27
31 27
0
Yes
14 30
13 30
13 29
14 29
15 29
15 30
15 31
14 31
13 31
12 31
12 32
13 32
14 32
14 33
13 33
12 33
0
Yes
6 24
7 24
5 24
5 23
6 23
7 23
8 23
9 23
10 23
10 24
10 25
11 25
11 24
11 23
11 26
12 26
12 25
12 24
12 23
13 25
13 26
13 24
13 23
14 24
14 23
15 23
16 23
12 27
13 27
14 27
14 28
13 28
12 28
7 22
8 22
9 22
10 22
11 22
12 22
13 22
14 22
15 22
16 22
10 21
11 21
12 21
13 21
14 21
15 21
16 21
17 21
17 20
16 20
15 20
14 20
13 20
12 20
11 20
10 20
18 20
9 20
8 20
7 20
6 20
5 20
5 19
6 19
7 19
8 19
9 19
10 19
11 19
12 19
13 19
14 19
15 19
16 19
17 19
18 19
6 18
7 18
8 18
9 18
10 18
11 18
12 18
13 18
14 18
15 18
16 18
17 18
18 18
7 17
8 17
9 17
10 17
11 17
12 17
13 17
14 17
15 17
16 17
17 17
18 17
7 16
8 16
9 16
10 16
11 16
12 16
13 16
14 16
15 16
16 16
17 16
18 16
19 16
19 17
19 18
19 19
18 15
17 15
0
Yes
0 7
1 7
1 8
0 8
0
Yes
47 14
47 15
47 16
47 17
48 17
48 16
48 15
48 14
49 17
49 16
49 15
49 14
49 13
48 13
47 13
47 12
48 12
49 12
49 11
48 11
47 11
47 10
48 10
49 10
47 9
48 9
49 9
48 8
49 8
46 9
46 10
46 11
46 12
46 13
46 14
46 15
46 16
46 17
45 9
45 10
45 11
45 12
45 13
45 14
45 15
45 16
45 17
44 9
44 10
44 11
44 12
44 13
44 14
44 15
44 16
44 17
43 9
43 10
43 11
43 12
43 13
43 14
43 15
43 16
43 17
42 9
42 10
42 11
42 12
42 13
42 14
42 15
42 16
42 17
0
No
0
Yes
49 15
49 14
49 13
49 12
49 11
49 10
49 9
48 9
48 10
48 11
48 12
48 13
48 14
48 15
47 9
47 10
47 11
47 12
47 13
47 14
47 15
46 9
46 10
46 11
46 12
46 13
46 14
46 15
45 9
45 10
45 11
45 12
45 13
45 14
45 15
44 9
44 10
44 11
44 12
44 13
44 14
44 15
43 9
43 10
43 11
43 12
43 13
43 14
43 15
0
No
0
Yes
37 12
36 12
36 13
37 13
37 14
36 14
36 15
37 15
37 16
36 16
38 16
38 15
38 14
38 13
38 12
38 11
38 10
38 9
39 9
39 10
39 11
39 12
39 13
39 14
39 15
39 16
40 9
40 10
40 11
40 12
40 13
40 14
40 15
40 16
41 9
41 10
41 11
41 12
41 13
41 14
41 15
41 16
42 9
42 10
42 11
42 12
42 13
42 14
42 15
42 16
42 17
41 17
40 17
39 17
38 17
37 17
36 17
41 18
42 18
0
Yes
7 12
7 13
7 14
7 15
8 15
8 14
8 13
8 12
9 12
9 13
9 14
9 15
10 15
10 14
10 13
10 12
0
Yes
35 27
36 27
37 27
34 27
33 27
32 27
32 26
33 26
34 26
35 26
36 26
37 26
38 26
31 26
30 26
29 26
29 25
30 25
31 25
32 25
33 25
34 25
35 25
36 25
37 25
38 25
39 25
39 26
39 27
40 27
40 26
40 25
40 24
39 24
38 24
37 24
36 24
35 24
34 24
33 24
32 24
31 24
30 24
29 24
40 23
39 23
38 23
37 23
36 23
35 23
34 23
33 23
32 23
31 23
30 23
29 23
40 22
39 22
38 22
37 22
36 22
35 22
34 22
33 22
32 22
31 22
30 22
29 22
40 21
39 21
38 21
37 21
36 21
35 21
34 21
33 21
32 21
31 21
30 21
29 21
40 20
39 20
38 20
37 20
36 20
35 20
34 20
33 20
32 20
31 20
30 20
29 20
40 19
39 19
38 19
37 19
36 19
35 19
34 19
33 19
32 19
31 19
30 19
29 19
40 18
39 18
38 18
37 18
36 18
35 18
34 18
33 18
32 18
31 18
30 18
29 18
0
No
0
Yes
41 20
41 19
42 19
42 20
42 21
41 21
41 22
42 22
42 23
41 23
41 24
42 24
43 24
43 23
43 22
43 21
43 20
43 19
44 19
44 20
44 21
44 22
44 23
44 24
45 24
45 23
45 22
45 21
45 20
45 19
46 19
46 20
46 21
46 22
46 23
46 24
47 24
47 23
47 22
47 21
47 20
47 19
48 19
48 20
48 21
48 22
48 23
48 24
49 24
49 23
49 22
49 21
49 20
49 19
40 24
40 23
40 22
40 21
40 20
40 19
40 25
41 25
42 25
43 25
44 25
45 25
46 25
47 25
48 25
49 25
49 26
48 26
47 26
46 26
45 26
44 26
43 26
42 26
41 26
40 26
40 27
41 27
42 27
43 27
44 27
45 27
46 27
47 27
48 27
49 27
1
29
49 45
49 46
49 47
49 48
49 49
48 49
48 48
48 47
48 46
48 45
48 44
49 44
49 43
48 43
48 42
49 42
49 41
48 41
48 40
49 40
47 40
47 41
47 42
47 43
47 44
47 45
47 46
47 47
47 48
47 49
46 42
46 41
46 40
46 43
46 44
46 45
46 46
46 47
46 48
46 49
45 43
45 44
45 45
45 46
45 47
45 48
45 49
44 43
44 44
44 45
44 46
44 47
44 48
44 49
43 45
43 44
46 39
47 39
48 39
Yes
33 19
33 20
33 21
33 22
33 23
33 24
33 25
33 26
33 27
32 27
32 26
32 25
32 24
32 23
32 22
32 21
32 20
32 19
31 26
31 25
31 24
31 23
31 22
31 21
31 20
31 19
30 26
30 25
30 24
30 23
30 22
30 21
30 20
30 19
29 26
29 25
29 24
29 23
29 22
29 21
29 20
29 19
28 26
28 25
28 24
28 23
28 22
28 21
28 20
28 19
34 27
34 26
34 25
34 24
34 23
34 22
34 21
34 20
34 19
27 19
27 20
27 21
27 22
27 23
27 24
27 25
27 26
27 27
26 27
26 26
26 25
26 24
26 23
26 22
26 21
26 20
26 19
25 19
25 20
25 21
25 22
25 23
25 24
25 25
25 26
25 27
24 27
24 26
24 25
24 24
23 25
23 26
24 22
24 21
24 20
24 19
23 22
23 21
23 20
23 19
22 21
22 20
22 19
21 19
20 19
23 18
22 18
21 18
20 18
20 17
21 17
22 17
22 16
21 16
25 28
26 28
26 18
27 18
0
Yes
36 13
36 12
37 12
37 13
35 13
34 13
34 14
35 14
36 14
37 14
37 15
36 15
35 15
34 15
34 16
35 16
36 16
37 16
37 17
36 17
35 17
34 17
34 18
35 18
36 18
37 18
33 18
33 17
33 16
33 15
33 14
33 13
33 12
32 12
32 13
32 14
32 15
32 16
32 17
32 18
31 18
31 17
31 16
31 15
31 14
31 13
31 12
31 11
30 12
30 13
30 14
30 15
30 16
30 17
30 18
30 11
28 14
29 18
29 17
29 16
29 15
29 14
38 18
38 17
38 16
38 15
38 14
38 13
38 12
38 11
39 11
39 12
39 13
39 14
39 15
39 16
39 17
39 18
40 18
40 17
40 16
40 15
40 14
40 13
40 12
40 11
41 18
41 17
41 16
41 15
41 14
41 13
41 12
41 11
42 11
42 12
42 13
42 14
42 15
42 16
0
No
0
No
0
Yes
6 2
6 1
5 2
5 1
4 2
4 1
3 2
3 1
7 0
6 0
5 0
4 0
3 0
0
Yes
31 9
31 8
31 7
30 7
30 8
30 9
30 10
29 10
29 9
29 8
29 7
28 10
28 9
28 8
28 7
27 10
27 9
27 8
27 7
1
18
18 3
17 3
17 4
18 4
17 5
18 5
18 6
17 6
19 5
19 4
19 3
20 4
20 3
Yes
49 41
49 40
49 39
49 38
48 39
48 40
48 41
47 39
47 40
47 41
46 40
46 39
46 41
45 41
46 38
49 37
48 37
48 36
49 36
47 36
46 36
47 35
48 35
49 35
47 34
48 34
49 34
49 33
46 42
47 42
48 42
49 42
49 43
48 43
47 43
46 43
45 43
44 43
44 44
45 44
46 44
47 44
48 44
49 44
43 44
43 45
44 45
45 45
46 45
47 45
48 45
49 45
44 46
45 46
46 46
47 46
48 46
49 46
49 47
48 47
47 47
46 47
45 47
44 47
43 47
42 47
41 47
40 47
40 48
41 48
42 48
43 48
44 48
45 48
46 48
47 48
48 48
49 48
49 49
48 49
47 49
46 49
45 49
44 49
43 49
42 49
41 49
40 49
39 49
39 48
39 47
39 46
39 45
38 45
38 46
38 47
38 48
38 49
37 47
37 46
37 48
37 49
36 46
36 48
36 49
35 48
35 49
34 48
34 49
34 47
33 49
38 44
39 44
40 44
40 43
39 43
38 43
41 43
37 43
37 42
38 42
38 41
39 42
40 42
49 32
48 32
47 32
46 32
45 32
44 32
45 31
46 31
47 31
48 31
49 31
45 30
46 30
47 30
48 30
49 30
49 29
48 29
47 29
46 29
45 29
44 29
0
No
0
Yes
48 12
48 13
48 14
48 15
48 16
49 16
49 15
49 14
49 13
49 12
49 11
48 11
48 10
49 10
49 9
48 9
47 9
47 10
47 11
47 12
47 13
47 14
47 15
47 16
46 9
46 10
46 11
46 12
46 13
46 14
46 15
46 16
45 9
45 10
45 11
45 12
45 13
45 14
45 15
45 16
44 9
44 10
44 11
44 12
44 13
44 14
44 15
44 16
43 16
43 15
43 14
43 13
43 12
43 11
43 10
43 9
43 17
44 17
45 17
46 17
47 17
48 17
49 17
49 18
48 18
47 18
0
No
0
Yes
43 0
43 1
43 2
43 3
43 4
43 5
44 5
44 6
43 6
43 7
44 7
42 7
42 6
42 5
42 4
42 3
42 2
42 1
42 0
41 0
41 1
41 2
41 3
41 4
41 5
41 6
41 7
40 7
40 6
40 5
40 4
40 3
40 2
40 1
40 0
39 0
39 1
39 2
39 3
39 4
39 5
39 6
39 7
38 7
38 6
38 5
38 4
38 3
38 2
38 1
38 0
37 5
37 4
37 3
37 2
37 1
37 0
36 3
36 2
36 1
36 0
35 2
35 1
35 0
0
No
0
No
0
No
0
No
0
No
0
Yes
2 38
2 39
2 37
2 36
1 36
1 37
1 38
1 39
0 39
0 38
0 37
0 36
0
Yes
19 39
18 39
17 39
17 38
18 38
19 38
16 38
19 37
18 37
17 37
16 37
16 36
17 36
18 36
19 36
19 35
18 35
17 35
0
Yes
0 0
0 1
1 1
1 0
2 0
0
No
0
No
0
No
0
Yes
25 48
25 49
26 49
26 48
27 48
27 49
27 47
26 47
25 47
28 47
28 48
28 49
29 48
29 49
26 46
25 46
25 45
26 45
27 45
27 44
26 44
25 44
24 44
24 45
24 46
24 47
24 48
24 49
23 49
23 48
23 47
23 46
23 45
23 44
22 44
22 45
22 46
22 47
22 48
22 49
21 49
21 48
21 47
21 46
21 45
21 44
21 43
22 43
23 43
24 43
25 43
26 43
26 42
25 42
24 42
23 42
22 42
21 42
0
No
0
Yes
48 11
48 12
48 13
48 14
48 15
48 16
48 17
48 18
49 18
49 17
49 16
49 15
49 14
49 13
49 12
49 11
47 18
47 17
47 16
47 15
47 14
47 13
47 12
47 11
46 18
46 17
46 16
46 15
46 14
46 13
46 12
46 11
45 18
45 17
45 16
45 15
45 14
45 13
45 12
45 11
44 18
44 17
44 16
44 15
44 14
44 13
44 12
44 11
43 18
43 17
43 16
43 15
43 14
43 13
43 12
43 11
43 10
44 10
45 10
46 10
47 10
48 10
49 10
49 9
48 9
47 9
46 9
45 9
44 9
43 9
43 8
44 8
45 8
46 8
47 8
48 8
49 8
45 7
46 7
47 7
48 7
49 7
45 6
46 6
47 6
48 6
49 6
45 5
46 5
47 5
48 5
0
No
0
Yes
20 0
20 1
20 2
19 2
19 1
19 0
18 0
18 1
18 2
17 2
17 1
17 0
17 3
18 3
0
No
0
Yes
15 49
16 49
16 48
15 48
15 47
16 47
16 46
15 46
15 45
16 45
16 44
15 44
15 43
16 43
16 42
15 42
14 42
14 43
14 44
14 45
14 46
14 47
14 48
14 49
13 49
13 48
13 47
13 46
13 45
13 44
13 43
13 42
12 42
12 43
12 44
12 45
12 46
12 47
12 48
12 49
11 49
11 48
11 47
11 46
11 45
11 44
11 43
11 42
10 42
10 43
10 44
10 45
10 46
10 47
10 48
10 49
9 49
9 48
9 47
9 46
9 45
9 44
9 43
9 42
8 42
8 43
8 44
8 45
8 46
8 47
8 48
8 49
7 49
7 48
7 47
7 46
7 45
7 44
7 43
7 42
6 43
6 42
6 41
7 41
8 41
9 41
0
Yes
36 12
37 12
37 13
36 13
35 13
34 13
33 13
33 12
32 12
32 13
31 13
31 12
31 11
30 12
30 13
30 11
29 11
30 10
29 10
28 10
27 10
26 10
26 9
27 9
28 9
29 9
30 9
31 9
31 8
31 7
30 8
30 7
29 8
29 7
28 8
28 7
27 8
26 8
27 7
26 7
26 6
27 6
28 6
29 6
30 6
30 14
31 14
32 14
33 14
34 14
35 14
36 14
37 14
29 14
29 15
30 15
31 15
32 15
33 15
34 15
35 15
36 15
37 15
29 16
30 16
31 16
32 16
33 16
34 16
35 16
36 16
37 16
29 17
30 17
31 17
32 17
33 17
34 17
35 17
36 17
37 17
29 18
30 18
31 18
32 18
33 18
0
Yes
19 44
20 44
20 45
19 45
20 46
19 46
20 43
19 43
18 43
18 44
18 45
18 46
17 46
17 45
17 44
17 43
17 47
18 47
19 47
20 47
20 48
19 48
18 48
17 48
17 49
18 49
19 49
20 49
0
Yes
39 10
38 10
38 11
39 11
39 12
38 12
37 12
36 12
36 13
37 13
38 13
39 13
35 13
34 13
34 14
35 14
36 14
37 14
38 14
39 14
39 15
38 15
37 15
36 15
35 15
34 15
34 16
35 16
36 16
37 16
38 16
39 16
39 17
38 17
37 17
36 17
35 17
34 17
34 18
35 18
36 18
37 18
38 18
39 18
39 19
38 19
37 19
36 19
35 19
40 18
40 17
40 16
40 15
40 14
40 13
40 12
40 11
40 10
41 18
41 17
41 16
41 15
41 14
41 13
41 12
41 11
41 10
42 18
42 17
42 16
42 15
42 14
42 13
42 12
42 11
42 10
33 18
33 17
33 16
33 15
33 14
33 13
33 12
32 12
32 13
32 14
32 15
32 16
32 17
32 18
31 18
31 17
31 16
31 15
31 14
31 13
31 12
31 11
30 12
30 13
30 14
30 15
30 16
30 17
30 18
30 11
29 11
29 18
29 17
29 16
29 15
29 14
30 10
29 10
1
30
26 6
26 7
26 8
27 6
27 7
27 8
28 6
28 7
28 8
29 6
29 7
29 8
29 9
28 9
27 9
26 9
Yes
10 10
10 11
11 10
11 11
11 12
10 12
9 12
9 13
10 13
11 13
11 14
10 14
9 14
8 14
8 13
8 12
8 11
7 11
7 12
7 13
7 14
12 14
12 13
12 12
12 11
12 10
12 9
12 8
7 15
8 15
9 15
10 15
11 15
12 15
13 15
13 14
13 13
13 12
13 11
13 10
13 9
13 8
14 12
14 11
14 10
14 9
14 8
0
No
0
Yes
20 41
21 41
22 41
22 40
21 40
20 40
20 39
21 39
22 39
21 38
20 38
23 39
23 40
23 41
24 41
24 40
24 39
0
Yes
26 40
26 41
25 41
25 40
25 39
26 39
27 39
26 38
27 38
28 38
28 37
29 37
29 38
30 37
30 38
30 39
31 39
31 38
31 37
32 39
32 38
32 37
33 38
33 37
34 38
34 37
34 36
33 36
32 36
31 36
31 35
32 35
33 35
34 35
35 37
35 38
34 34
33 34
32 34
31 34
31 33
32 33
33 33
34 33
35 33
35 32
34 32
33 32
32 32
32 31
33 31
34 31
35 31
36 31
31 31
36 30
35 30
34 30
33 30
32 30
31 30
30 30
30 29
31 29
32 29
33 29
34 29
35 29
36 29
36 28
35 28
34 28
33 28
32 28
31 28
30 28
29 28
29 27
30 27
31 27
35 27
36 27
29 30
0
Yes
1 49
2 49
3 49
4 49
5 49
6 49
6 48
5 48
4 48
3 48
2 48
1 48
6 47
5 47
4 47
3 47
2 47
1 47
6 46
5 46
4 46
3 46
2 46
1 46
6 45
5 45
4 45
3 45
2 45
1 45
0 45
0 46
0 47
0 48
0 49
6 44
5 44
4 44
3 44
2 44
1 44
0 44
5 43
4 43
3 43
2 43
1 43
0 43
5 42
4 42
3 42
0
No
0
No
0
Yes
1 40
2 40
0 40
0 41
1 41
2 41
2 42
1 42
0 42
0
Yes
1 31
1 30
2 30
2 31
3 31
3 30
4 30
4 31
0
No
0
Yes
19 46
20 46
20 47
19 47
18 47
18 46
17 46
17 47
17 48
18 48
19 48
20 48
20 49
19 49
18 49
17 49
17 45
18 45
0
Yes
17 4
17 5
18 4
18 5
18 6
17 6
19 5
0
No
0
No
0
Yes
0 19
1 19
2 19
2 18
1 18
0 18
2 17
1 17
0 17
0 16
1 16
0
No
0
No
0
Yes
10 49
11 49
12 49
12 48
11 48
10 48
10 47
11 47
12 47
12 46
11 46
10 46
10 45
11 45
12 45
12 44
11 44
10 44
10 43
11 43
12 43
10 42
11 42
12 42
11 41
12 41
12 40
9 42
9 43
9 44
9 45
9 46
9 47
9 48
9 49
9 41
8 41
8 42
8 43
8 44
8 45
8 46
8 47
8 48
8 49
7 41
7 42
7 43
7 44
7 45
7 46
7 47
7 48
7 49
6 41
6 42
6 43
6 44
6 45
6 46
6 47
6 48
6 49
5 42
5 43
5 44
5 45
5 46
5 47
5 48
5 49
4 49
4 48
4 47
4 46
4 45
4 44
4 43
4 42
4 41
4 40
3 40
3 41
3 42
3 43
3 44
3 45
3 46
3 47
3 48
3 49
2 40
2 41
2 42
2 43
2 44
2 45
2 46
2 47
2 48
2 49
1 40
1 41
1 42
1 43
1 44
1 45
1 46
1 47
1 48
1 49
0 40
0 41
0 42
0 43
0 44
0 45
0 46
0 47
0 48
0 49
13 40
13 41
13 42
13 43
13 44
13 45
13 46
13 47
13 48
13 49
14 42
14 43
14 44
14 45
14 46
14 47
14 48
14 49
15 49
15 48
15 47
15 46
15 45
15 44
0
Yes
42 18
42 17
42 16
42 15
41 18
41 17
41 16
41 15
40 18
40 17
40 16
40 15
42 14
41 14
40 14
42 13
41 13
40 13
42 12
41 12
40 12
42 11
41 11
40 11
42 10
41 10
40 10
42 9
41 9
40 9
42 8
41 8
40 8
39 8
39 9
39 10
39 11
39 12
39 13
39 14
39 15
39 16
39 17
39 18
38 8
38 9
38 10
38 11
38 12
38 13
38 14
38 15
38 16
38 17
0
Yes
4 12
5 12
4 11
3 11
3 12
0
Yes
31 11
31 12
32 12
33 12
30 12
30 11
29 11
29 10
30 10
30 9
31 9
30 13
31 13
32 13
33 13
34 13
35 13
35 14
34 14
33 14
32 14
31 14
30 14
29 14
36 14
36 13
36 12
37 12
37 13
37 14
37 15
36 15
35 15
34 15
33 15
32 15
31 15
30 15
29 15
29 16
30 16
31 16
32 16
33 16
34 16
35 16
36 16
37 16
37 17
36 17
35 17
34 17
33 17
32 17
31 17
30 17
29 17
29 18
30 18
31 18
32 18
33 18
34 18
35 18
36 18
37 18
0
No
0
No
0
No
0
No
0
No
0
No
0
No
0
No
0
Yes
2 15
0 12
1 15
1 14
2 14
2 13
1 13
0 13
0 14
0 15
0
Yes
19 48
20 48
20 49
19 49
20 47
19 47
20 46
19 46
20 45
19 45
20 44
19 44
20 43
19 43
18 43
18 44
18 45
18 46
18 47
18 48
18 49
17 49
17 48
17 47
17 46
17 45
17 44
17 43
16 44
16 45
16 46
16 47
16 48
16 49
16 43
20 42
19 42
18 42
0
No
0
No
0
Yes
0 36
1 36
1 37
0 37
0 38
1 38
2 36
2 37
2 38
0
No
0
Yes
12 33
13 33
14 33
14 32
13 32
12 32
12 31
13 31
14 31
0
Yes
44 0
44 1
44 2
44 3
45 3
45 2
45 1
45 0
46 0
46 1
46 2
46 3
47 3
47 2
47 1
47 0
48 0
48 1
48 2
48 3
49 3
49 2
49 1
49 0
44 4
45 4
0
No
1
66
24 48
25 48
26 48
26 47
25 47
24 47
26 46
25 46
24 46
24 45
25 45
26 45
26 44
25 44
24 44
23 44
23 45
23 46
23 47
23 48
22 48
22 47
22 46
22 45
22 44
21 44
21 45
21 46
21 47
21 48
21 49
22 49
23 49
24 49
25 49
26 49
21 43
22 43
23 43
24 43
25 43
26 43
26 42
25 42
24 42
23 42
22 42
Yes
5 19
5 20
6 20
6 19
7 20
7 19
8 20
8 19
9 20
9 19
10 19
10 20
10 21
10 22
9 22
9 23
10 23
10 24
10 25
8 23
8 22
7 22
7 23
7 24
6 24
6 23
5 23
5 24
11 25
11 24
11 23
11 22
11 21
11 20
11 19
11 26
12 26
12 25
12 24
12 23
12 22
12 21
12 20
12 19
13 25
13 26
13 24
13 23
13 22
13 21
13 20
13 19
14 24
14 23
14 22
14 21
14 20
14 19
15 23
15 22
15 21
15 20
15 19
16 23
16 22
16 21
16 20
16 19
17 21
17 20
17 19
18 20
18 19
19 19
19 18
18 18
17 18
16 18
15 18
14 18
13 18
12 18
11 18
10 18
9 18
8 18
7 18
6 18
19 17
18 17
17 17
16 17
15 17
14 17
13 17
12 17
11 17
10 17
9 17
8 17
7 17
6 17
19 16
18 16
17 16
16 16
15 16
14 16
13 16
12 16
11 16
10 16
9 16
8 16
7 16
6 16
18 15
17 15
16 15
15 15
14 15
13 15
12 15
11 15
10 15
9 15
8 15
7 15
0
Yes
49 17
49 18
48 18
48 17
47 18
47 17
46 18
46 17
45 18
45 17
45 16
46 16
47 16
48 16
49 16
49 15
48 15
47 15
46 15
45 15
45 14
46 14
47 14
48 14
49 14
49 13
48 13
47 13
46 13
45 13
44 18
44 17
44 16
44 15
44 14
44 13
1
3
48 7
48 8
48 9
48 10
48 11
48 12
49 12
49 11
49 10
49 9
49 8
49 7
47 12
47 11
47 10
47 9
47 8
47 7
46 12
46 11
46 10
46 9
46 8
46 7
45 7
45 8
45 9
45 10
45 11
45 12
45 6
46 6
47 6
48 6
49 6
44 12
44 11
44 10
44 9
44 8
43 8
43 9
43 10
43 11
43 12
Yes
4 11
3 11
3 12
4 12
5 12
3 13
4 13
5 13
6 13
3 14
4 14
5 14
6 14
6 15
5 15
4 15
3 15
7 14
7 13
7 12
7 11
8 11
8 12
8 13
8 14
9 14
9 13
9 12
10 14
10 13
10 12
10 11
10 10
11 10
11 11
11 12
11 13
11 14
12 14
12 13
12 12
12 11
12 10
13 14
13 13
13 12
13 11
13 10
14 12
14 11
14 10
15 10
15 9
14 9
13 9
12 9
15 8
14 8
13 8
12 8
12 7
13 7
13 6
12 6
12 5
13 5
14 5
15 5
16 5
16 4
15 4
14 4
13 4
12 4
11 4
10 4
10 3
11 3
12 3
13 3
14 3
15 3
16 3
16 2
15 2
14 2
13 2
12 2
11 2
10 2
9 2
9 1
8 1
8 0
9 0
7 0
6 0
6 1
6 2
5 2
5 1
5 0
4 2
4 1
4 0
3 2
3 1
3 0
2 1
2 0
10 1
11 1
12 1
13 1
14 1
15 1
16 1
10 0
11 0
12 0
13 0
14 0
15 0
16 0
1 1
1 0
0 1
0 0
0
Yes
14 27
13 27
13 28
14 28
15 28
15 29
14 29
13 29
12 28
12 27
0
No
0
Yes
43 0
43 1
43 2
43 3
42 3
42 2
42 1
42 0
41 0
41 1
41 2
41 3
40 3
40 2
40 1
40 0
1
109
2 19
2 18
2 17
2 16
1 16
1 17
1 18
1 19
0 19
0 18
0 17
0 16
3 16
4 16
0 20
2 20
Yes
41 10
42 10
42 11
41 11
42 12
41 12
42 9
41 9
42 8
41 8
41 7
42 7
43 7
44 7
44 6
43 6
42 6
41 6
44 5
43 5
42 5
41 5
33 0
43 4
42 4
41 4
43 3
42 3
41 3
43 2
42 2
41 2
43 1
42 1
41 1
43 0
42 0
41 0
40 0
40 1
40 2
40 3
40 4
40 5
40 6
40 7
40 8
40 9
40 10
40 11
40 12
40 13
41 13
42 13
43 13
43 14
42 14
41 14
40 14
43 15
42 15
41 15
40 15
39 15
39 14
39 13
39 12
39 11
39 10
39 9
39 8
39 7
39 6
39 5
39 4
39 3
39 2
39 1
39 0
38 6
38 7
38 8
38 9
38 10
38 11
38 12
38 13
38 14
38 15
38 5
38 4
38 3
38 2
38 1
38 0
37 5
37 4
37 3
37 2
37 1
37 0
36 3
36 2
36 1
36 0
35 2
35 1
35 0
34 1
34 0
38 16
39 16
40 16
41 16
42 16
43 16
43 17
42 17
41 17
40 17
39 17
38 17
43 18
42 18
41 18
40 18
39 18
38 18
0
Yes
36 21
35 21
35 22
36 22
35 20
36 20
35 19
36 19
37 19
37 20
37 21
37 22
38 19
38 20
38 21
38 22
39 19
39 20
39 21
39 22
39 23
38 23
37 23
36 23
35 23
35 24
36 24
37 24
38 24
39 24
39 25
38 25
37 25
36 25
35 25
35 26
36 26
37 26
38 26
39 26
39 28
39 27
0
No
0
No
0
No
0
No
0
No
0
No
0
No
0
No
0
No
0
Yes
37 22
37 23
37 24
37 25
38 25
38 24
38 23
38 22
39 22
39 23
39 24
39 25
39 21
38 21
37 21
36 21
36 22
36 23
36 24
36 25
35 25
35 24
35 23
35 22
35 21
35 26
36 26
37 26
38 26
39 26
0
No
0
No
0
No
0
No
0
No
0
No
0
Yes
0 18
0 19
1 19
1 18
2 19
2 18
2 17
1 17
0 17
0 16
1 16
2 16
0
Yes
48 7
49 7
49 6
48 6
48 5
49 5
49 4
48 4
47 4
47 5
47 6
47 7
46 4
46 5
46 6
0
Yes
47 10
47 11
48 11
48 10
49 10
49 11
49 9
48 9
47 9
47 8
48 8
49 8
49 12
48 12
0
Yes
26 49
27 49
27 48
26 48
27 47
26 47
26 46
26 45
27 45
27 44
26 44
25 44
25 45
25 46
25 47
25 48
25 49
24 49
24 48
24 47
24 46
24 45
24 44
23 44
23 45
23 46
23 47
23 48
23 49
22 49
22 48
22 47
22 46
22 45
22 44
21 44
21 45
21 46
21 47
21 48
21 49
21 43
22 43
23 43
24 43
25 43
26 43
26 42
25 42
24 42
23 42
22 42
0
No
0
No
0
No
0
No
0
Yes
23 49
24 49
25 49
25 48
24 48
23 48
23 47
24 47
25 47
25 46
24 46
23 46
23 45
24 45
25 45
22 45
22 46
22 47
22 48
22 49
21 49
21 48
21 47
21 46
21 45
21 44
22 44
23 44
24 44
25 44
21 43
22 43
23 43
24 43
25 43
21 42
22 42
23 42
24 42
25 42
0
No
0
No
0
No
0
No
0
No
0
No
0
No
0
No
0
Yes
28 44
26 45
26 44
27 44
27 45
0
No
0
Yes
45 1
44 1
44 2
45 2
44 0
45 0
46 0
46 1
46 2
47 2
47 1
47 0
48 0
48 1
48 2
49 2
49 1
49 0
49 3
48 3
47 3
0
No
0
Yes
26 6
26 7
26 8
27 6
27 7
27 8
28 6
28 7
28 8
29 6
29 7
29 8
30 6
30 7
30 8
31 7
31 8
31 9
30 9
29 9
28 9
27 9
26 9
26 10
27 10
28 10
29 10
0
No
0
Yes
44 48
44 49
45 49
45 48
46 48
46 49
47 49
47 48
47 47
46 47
45 47
44 47
44 46
45 46
46 46
47 46
43 47
43 48
43 49
42 47
42 48
42 49
41 47
41 48
41 49
40 47
40 48
40 49
39 49
39 48
39 47
39 46
39 45
39 44
40 44
40 43
39 43
41 43
40 42
39 42
47 45
46 45
45 45
44 45
43 45
43 44
44 44
45 44
46 44
47 44
44 43
45 43
46 43
47 43
46 42
47 42
47 41
46 41
45 41
46 40
47 40
47 39
46 39
46 38
48 39
48 40
48 41
48 42
48 43
48 44
48 45
48 46
48 47
48 48
48 49
38 44
38 45
38 46
38 47
38 48
38 49
38 43
38 42
38 41
37 42
37 43
37 47
37 46
37 48
37 49
36 46
36 48
36 49
35 48
35 49
34 48
34 49
34 47
33 49
49 49
49 48
49 47
49 46
49 45
49 44
49 43
49 42
49 41
49 40
49 39
49 38
49 37
48 37
48 36
47 36
46 36
47 35
47 34
48 35
48 34
49 36
49 35
49 34
49 33
49 32
48 32
47 32
46 32
45 32
44 32
45 31
46 31
47 31
48 31
49 31
45 30
46 30
47 30
48 30
49 30
49 29
48 29
47 29
46 29
45 29
45 28
46 28
47 28
48 28
0
No
0
Yes
29 16
29 17
29 18
30 18
30 17
30 16
31 18
31 17
31 16
32 18
32 17
32 16
33 18
33 17
33 16
34 18
34 17
34 16
29 15
30 15
31 15
32 15
33 15
34 15
29 14
30 14
31 14
32 14
33 14
34 14
34 13
33 13
32 13
31 13
30 13
33 12
32 12
31 12
30 12
30 11
31 11
35 13
35 14
35 15
35 16
35 17
0
No
0
No
0
No
0
Yes
34 15
34 16
34 17
34 18
35 18
35 17
35 16
35 15
36 15
36 16
36 17
36 18
37 18
37 17
37 16
37 15
37 14
36 14
35 14
34 14
34 13
35 13
36 13
37 13
33 13
33 14
33 15
33 16
33 17
33 18
32 18
32 17
32 16
32 15
32 14
32 13
31 13
31 14
31 15
31 16
31 17
31 18
30 13
30 14
30 15
30 16
30 17
30 18
29 14
29 15
29 16
29 17
29 18
33 12
32 12
31 12
30 12
0
No
0
Yes
21 19
22 19
22 18
21 18
22 17
21 17
20 17
20 18
20 19
0
Yes
31 26
32 26
33 26
34 26
34 25
33 25
32 25
31 25
34 24
33 24
32 24
31 24
34 23
33 23
32 23
31 23
34 22
33 22
32 22
31 22
34 21
33 21
32 21
31 21
31 20
32 20
33 20
34 20
35 20
35 19
34 19
33 19
32 19
31 19
34 27
33 27
32 27
30 19
30 20
30 21
30 22
30 23
30 24
30 25
30 26
29 26
29 25
29 24
29 23
29 22
29 21
29 20
29 19
0
No
0
No
0
No
0
Yes
17 0
17 1
17 2
18 2
18 1
18 0
19 0
19 1
19 2
20 2
20 1
20 0
17 3
18 3
0
No
0
Yes
46 49
47 49
48 49
49 49
49 48
48 48
47 48
46 48
46 47
47 47
48 47
49 47
49 46
48 46
47 46
46 46
46 45
47 45
48 45
49 45
45 45
45 46
45 47
45 48
45 49
44 46
44 47
44 48
44 49
44 45
44 44
45 44
46 44
47 44
48 44
49 44
44 43
45 43
46 43
47 43
48 43
49 43
46 42
47 42
0
Yes
48 31
48 32
47 32
47 31
46 32
46 31
46 30
47 30
48 30
48 29
47 29
46 29
45 32
45 31
45 30
45 29
45 28
46 28
47 28
48 28
49 28
49 29
49 30
49 31
49 32
0
Yes
17 0
17 1
17 2
17 3
18 3
18 2
18 1
18 0
19 0
19 1
19 2
19 3
20 3
20 2
20 1
20 0
0
Yes
15 21
15 22
16 22
16 21
17 21
17 20
16 20
15 20
18 20
18 19
17 19
16 19
15 19
19 19
19 18
18 18
17 18
16 18
15 18
15 17
16 17
17 17
18 17
19 17
19 16
18 16
17 16
16 16
15 16
18 15
17 15
16 15
15 15
15 14
14 14
14 15
14 16
14 17
14 18
14 19
14 20
14 21
14 22
13 15
13 16
13 17
13 18
13 19
13 20
13 21
13 22
12 15
12 16
12 17
12 18
12 19
12 20
12 21
12 22
16 23
15 23
14 23
13 23
12 23
14 24
13 24
12 24
13 25
12 25
13 26
12 26
11 26
11 25
11 24
11 23
11 22
11 21
11 20
11 19
11 18
11 17
11 16
11 15
10 25
10 24
10 23
10 22
10 21
10 20
10 19
10 18
10 17
10 16
10 15
9 15
9 16
9 17
9 18
9 19
9 20
17 14
0
Yes
21 2
21 3
21 1
21 0
22 0
22 1
22 2
22 3
22 4
21 4
21 5
22 5
23 5
23 4
23 3
23 2
23 1
23 0
24 5
24 4
24 3
24 2
24 1
24 0
25 5
25 4
25 3
25 2
25 1
25 0
26 5
26 4
0
No
0
Yes
14 0
14 1
14 2
14 3
14 4
14 5
15 5
15 4
15 3
15 2
15 1
15 0
16 0
16 1
16 2
16 3
16 4
16 5
17 4
17 5
17 6
13 5
13 4
13 3
13 2
13 1
13 0
13 6
13 7
12 7
12 6
12 5
12 4
12 3
12 2
12 1
12 0
11 4
11 3
11 2
11 1
11 0
10 4
10 3
10 2
10 1
10 0
9 2
9 1
9 0
8 1
8 0
7 0
6 0
6 1
6 2
5 2
5 1
5 0
4 2
4 1
4 0
3 2
3 1
3 0
18 6
18 5
18 4
19 4
19 5
2 1
2 0
1 1
1 0
0 1
0 0
12 8
13 8
14 8
15 8
15 9
14 9
13 9
12 9
15 10
14 10
13 10
12 10
11 10
10 10
10 11
11 11
12 11
13 11
14 11
14 12
13 12
12 12
11 12
10 12
15 6
13 13
12 13
0
Yes
49 35
49 34
48 34
48 35
47 34
47 35
47 36
48 36
49 36
49 33
0
No
0
No
0
No
0
Yes
12 27
12 28
13 27
13 28
14 27
14 28
15 28
15 29
14 29
13 29
0
No
0
Yes
31 23
31 24
31 25
31 26
30 26
30 25
30 24
30 23
29 26
29 25
29 24
29 23
28 26
28 25
28 24
28 23
28 22
29 22
30 22
31 22
32 22
32 23
32 24
32 25
32 26
32 27
33 27
33 26
33 25
33 24
33 23
33 22
34 27
34 26
34 25
34 24
34 23
34 22
34 21
33 21
32 21
31 21
30 21
29 21
28 21
28 20
29 20
30 20
31 20
32 20
33 20
34 20
34 19
33 19
32 19
31 19
30 19
29 19
28 19
27 19
27 20
27 21
27 22
27 23
27 24
27 25
27 26
1
168
46 11
46 12
45 12
45 11
44 12
44 11
43 12
43 11
43 10
44 10
45 10
46 10
46 9
45 9
44 9
43 9
Yes
6 0
6 1
6 2
5 2
5 1
5 0
4 2
4 1
4 0
7 0
8 0
8 1
9 1
9 0
9 2
10 2
10 1
10 0
10 3
10 4
11 4
11 3
11 2
11 1
11 0
12 0
12 1
12 2
12 3
12 4
12 5
12 6
12 7
13 7
13 6
13 5
13 4
13 3
13 2
13 1
13 0
14 5
14 4
14 3
14 2
14 1
14 0
15 5
15 4
15 3
15 2
15 1
15 0
16 5
16 4
16 3
16 2
16 1
16 0
17 0
17 1
17 2
17 3
17 4
17 5
17 6
18 6
18 5
18 4
18 3
18 2
18 1
18 0
19 5
19 4
19 3
19 2
19 1
19 0
20 4
20 3
20 2
20 1
20 0
3 2
3 1
3 0
2 1
2 0
1 1
1 0
0 1
0 0
12 8
13 8
14 8
15 8
15 9
14 9
13 9
12 9
15 10
14 10
13 10
12 10
11 10
10 10
10 11
11 11
12 11
0
No
0
Yes
39 44
40 44
40 43
39 43
40 42
39 42
38 42
38 43
38 44
38 45
39 45
37 43
37 42
0
Yes
45 1
44 1
44 2
45 2
44 3
45 3
44 0
45 0
46 0
46 1
46 2
46 3
47 3
47 2
47 1
47 0
48 0
48 1
48 2
48 3
49 3
49 2
49 1
49 0
44 4
45 4
46 4
47 4
48 4
49 4
45 5
46 5
47 5
48 5
49 5
45 6
46 6
0
No
0
Yes
7 11
8 11
7 12
8 12
9 12
10 12
10 13
9 13
8 13
7 13
6 13
9 14
10 14
8 14
7 14
6 14
8 15
7 15
6 15
8 16
7 16
6 16
8 17
7 17
6 17
6 18
7 18
8 18
8 19
7 19
6 19
8 20
7 20
6 20
5 20
5 19
5 17
5 16
5 15
5 14
5 13
5 12
4 17
4 16
4 15
4 14
4 13
4 12
4 11
3 11
3 12
3 13
3 14
3 15
0
No
0
No
0
Yes
39 22
39 23
39 21
39 20
39 19
38 19
38 20
38 21
38 22
38 23
37 19
37 20
37 21
37 22
37 23
36 19
36 20
36 21
36 22
36 23
35 19
35 20
35 21
35 22
35 23
34 19
34 20
34 21
34 22
34 23
33 19
33 20
33 21
33 22
33 23
39 24
38 24
37 24
36 24
35 24
34 24
33 24
39 25
38 25
37 25
36 25
35 25
34 25
33 25
39 26
38 26
37 26
36 26
35 26
34 26
33 26
34 27
33 27
0
No
0
Yes
2 30
1 30
3 30
4 30
4 31
3 31
2 31
1 31
0
No
0
Yes
27 25
27 26
28 26
28 25
29 25
29 26
30 26
30 25
31 25
31 26
32 26
32 25
32 24
31 24
30 24
29 24
28 24
27 24
32 23
31 23
30 23
29 23
28 23
27 23
32 22
31 22
30 22
29 22
28 22
27 22
32 21
31 21
30 21
29 21
28 21
27 21
32 20
31 20
30 20
29 20
28 20
27 20
32 19
31 19
30 19
29 19
28 19
1
136
26 10
27 10
28 10
26 9
27 9
28 9
26 8
27 8
28 8
26 7
27 7
28 7
26 6
27 6
28 6
27 5
28 5
27 4
28 4
29 4
29 5
29 6
29 7
29 8
29 9
29 10
29 11
30 11
30 10
30 9
30 8
30 7
30 6
30 5
31 7
31 8
31 9
29 3
28 3
27 3
Yes
23 42
24 42
22 42
21 42
21 43
22 43
23 43
24 43
25 43
25 42
26 42
26 43
26 41
25 41
25 40
26 40
25 39
26 39
27 39
26 38
27 38
28 38
28 37
29 37
29 38
30 37
30 38
30 39
31 39
31 38
31 37
31 36
31 35
31 34
31 33
32 39
32 38
32 37
32 36
32 35
32 34
32 33
32 32
33 38
33 37
33 36
33 35
33 34
33 33
33 32
34 34
34 35
34 36
34 37
34 38
34 33
34 32
35 33
35 32
35 38
35 37
21 44
22 44
23 44
24 44
25 44
26 44
27 44
27 45
26 45
25 45
24 45
23 45
22 45
21 45
21 46
22 46
23 46
24 46
25 46
26 46
21 47
22 47
23 47
24 47
25 47
26 47
27 47
28 47
21 48
22 48
23 48
24 48
25 48
26 48
27 48
28 48
29 48
29 49
28 49
27 49
26 49
25 49
24 49
23 49
22 49
21 49
35 31
34 31
33 31
32 31
31 31
36 31
36 30
35 30
34 30
33 30
32 30
31 30
30 30
30 29
31 29
32 29
33 29
34 29
35 29
36 29
36 28
35 28
34 28
0
No
0
No
0
Yes
19 35
19 36
18 35
18 36
17 35
17 36
16 36
15 36
15 37
16 37
17 37
18 37
19 37
16 38
17 38
18 38
19 38
19 39
18 39
17 39
19 40
18 40
17 40
0
Yes
16 38
16 37
15 37
15 36
16 36
17 36
17 37
17 38
17 35
18 35
18 36
18 37
18 38
19 35
19 36
19 37
19 38
0
Yes
25 22
24 22
23 22
23 21
24 21
25 21
22 21
22 20
23 20
24 20
25 20
25 19
24 19
23 19
22 19
23 18
22 18
22 17
22 16
21 16
21 17
21 18
21 19
20 19
20 18
20 17
26 20
26 21
26 22
26 19
27 19
27 18
26 18
0
Yes
30 2
29 2
28 2
27 2
26 2
26 1
27 1
28 1
29 1
30 1
26 0
27 0
28 0
29 0
30 0
31 2
31 1
31 0
0
Yes
0 37
0 36
1 36
1 37
2 36
2 37
2 38
1 38
0 38
0 39
1
95
14 28
15 28
14 27
13 27
13 28
13 29
14 29
15 29
12 28
12 27
Yes
2 16
2 17
2 18
2 19
1 19
1 18
1 17
1 16
0 19
0 18
0 17
0 16
3 16
4 16
4 17
5 17
5 16
6 16
6 17
6 18
6 19
5 19
7 19
7 18
7 17
7 16
7 15
6 15
5 15
4 15
3 15
2 15
1 15
0 15
0 14
1 14
2 14
3 14
4 14
5 14
6 14
7 14
6 13
7 13
5 13
4 13
3 13
2 13
1 13
0 13
5 12
4 12
3 12
3 11
4 11
7 12
7 11
8 11
8 12
8 13
8 14
8 15
8 16
8 17
8 18
8 19
8 20
7 20
6 20
5 20
9 14
9 13
9 12
10 12
10 13
10 14
11 14
11 13
11 12
0
No
0
No
0
No
0
No
0
Yes
48 1
48 2
48 3
48 4
49 4
49 3
49 2
49 1
49 0
48 0
47 0
47 1
47 2
47 3
47 4
46 4
46 3
46 2
46 1
46 0
45 0
45 1
45 2
45 3
45 4
0
No
0
No
0
Yes
30 5
30 6
30 7
31 7
31 8
30 8
29 8
29 7
29 6
29 5
28 5
28 6
28 7
28 8
27 5
27 6
27 7
27 8
26 6
26 7
26 8
31 9
30 9
29 9
28 9
27 9
26 9
26 10
27 10
28 10
29 10
30 10
0
Yes
14 18
14 19
15 19
15 18
15 17
14 17
14 16
15 16
15 15
14 15
13 15
13 16
13 17
13 18
13 19
12 19
12 18
12 17
12 16
12 15
11 15
11 16
11 17
11 18
11 19
10 15
10 16
10 17
10 18
10 19
9 15
9 16
9 17
9 18
9 19
9 20
10 20
11 20
12 20
13 20
0
Yes
5 23
6 23
7 23
5 22
7 24
6 24
5 24
0
Yes
41 49
41 48
41 47
40 47
40 48
40 49
39 49
39 48
39 47
39 46
38 46
38 47
38 48
38 49
37 46
37 47
37 48
37 49
0
No
0
Yes
44 4
44 3
44 2
44 1
44 0
43 0
43 1
43 2
43 3
43 4
43 5
44 5
44 6
43 6
43 7
44 7
44 8
43 8
42 8
42 7
42 6
42 5
42 4
42 3
42 2
42 1
42 0
42 9
42 10
42 11
42 12
42 13
43 13
43 14
42 14
41 14
41 13
41 12
41 11
41 10
41 9
41 8
41 7
41 6
41 5
41 4
41 3
41 2
41 1
41 0
40 0
40 1
40 2
40 3
40 4
40 5
40 6
40 7
40 8
40 9
40 10
40 11
40 12
40 13
40 14
39 14
39 13
39 12
39 11
39 10
39 9
39 8
39 7
39 6
39 5
39 4
39 3
39 2
39 1
39 0
38 6
38 7
38 8
38 9
38 10
38 11
38 12
38 13
38 14
38 5
38 4
38 3
38 2
38 1
38 0
37 5
37 4
37 3
37 2
37 1
37 0
36 3
36 2
36 1
36 0
35 2
35 1
35 0
34 1
34 0
38 15
39 15
40 15
41 15
42 15
43 15
0
No
0
Yes
18 20
18 19
19 19
19 18
18 18
19 17
18 17
19 16
18 16
17 16
17 17
17 18
17 19
17 20
16 20
16 19
16 18
16 17
16 16
15 16
15 17
15 18
15 19
15 20
14 20
14 19
14 18
14 17
14 16
13 16
13 17
13 18
13 19
13 20
12 20
12 19
12 18
12 17
12 16
18 15
17 15
16 15
15 15
14 15
13 15
12 15
0
Yes
0 16
0 17
0 18
0 19
1 19
1 18
1 17
1 16
2 19
2 18
2 17
2 16
3 16
4 16
4 17
5 17
5 16
6 16
6 17
6 18
6 19
5 19
5 20
6 20
6 15
5 15
4 15
3 15
2 15
1 15
0 15
0 14
1 14
2 14
3 14
4 14
5 14
6 14
6 13
5 13
4 13
3 13
2 13
1 13
0 13
5 12
4 12
3 12
3 11
4 11
7 20
7 19
7 18
7 17
7 16
7 15
7 14
7 13
7 12
7 11
8 11
8 12
8 13
8 14
8 15
8 16
8 17
8 18
8 19
8 20
9 20
9 19
9 18
9 17
9 16
9 15
9 14
9 13
9 12
10 12
10 13
0
Yes
10 22
9 22
8 22
8 23
9 23
10 23
10 24
10 25
11 25
11 24
11 23
11 22
12 22
12 23
12 24
12 25
13 25
13 24
13 23
13 22
14 24
14 23
14 22
13 26
12 26
11 26
14 21
13 21
12 21
11 21
10 21
0
No
0
Yes
23 40
23 41
24 41
24 40
24 39
23 39
22 39
22 40
22 41
21 41
21 40
21 39
0
No
0
Yes
12 19
12 20
13 20
13 19
14 20
14 19
11 20
11 19
10 20
10 19
10 18
11 18
12 18
13 18
14 18
10 17
11 17
12 17
13 17
14 17
10 16
11 16
12 16
13 16
14 16
10 15
11 15
12 15
13 15
14 15
15 15
15 16
15 17
15 18
15 19
15 20
16 15
16 16
16 17
16 18
16 19
16 20
17 15
17 16
17 17
17 18
17 19
17 20
18 20
18 19
18 18
18 17
18 16
18 15
15 14
14 14
13 14
12 14
0
No
0
Yes
29 27
29 28
30 27
30 28
31 27
31 28
32 27
32 28
33 28
34 28
30 29
31 29
32 29
33 29
34 29
30 30
31 30
32 30
33 30
34 30
31 31
32 31
33 31
34 31
32 32
33 32
34 32
35 32
35 31
35 30
35 29
35 28
35 27
36 27
36 28
36 29
36 30
36 31
0
No
0
Yes
21 48
21 49
21 47
21 46
21 45
22 45
22 46
22 47
22 48
22 49
23 49
23 48
23 47
23 46
23 45
24 45
24 46
24 47
24 48
24 49
25 49
25 48
25 47
25 46
25 45
26 46
26 47
26 48
26 49
26 45
27 45
27 47
27 48
27 49
27 44
26 44
25 44
24 44
23 44
22 44
21 44
21 43
22 43
23 43
24 43
25 43
26 43
26 42
25 42
24 42
23 42
22 42
21 42
0
No
0
No
0
Yes
26 38
27 38
27 39
26 39
25 39
24 39
23 39
22 39
21 39
21 38
20 38
20 39
19 39
19 38
19 37
19 36
19 35
18 35
18 36
18 37
18 38
18 39
17 35
17 36
17 37
17 38
17 39
16 38
16 37
16 36
15 36
15 37
26 40
25 40
24 40
23 40
22 40
21 40
20 40
19 40
18 40
17 40
16 40
26 41
25 41
24 41
23 41
22 41
21 41
20 41
19 41
18 41
17 41
16 41
15 41
15 42
16 42
0
No
1
206
33 33
34 33
34 34
33 34
34 35
33 35
34 36
33 36
32 33
32 34
32 35
32 36
32 37
33 37
34 37
35 37
35 38
34 38
33 38
32 38
31 33
31 34
31 35
31 36
31 37
Yes
49 13
48 13
48 14
49 14
49 15
48 15
48 16
49 16
49 17
48 17
48 18
49 18
47 18
47 17
47 16
47 15
47 14
47 13
47 12
46 18
46 17
46 16
46 15
46 14
46 13
46 12
46 11
46 10
45 18
45 17
45 16
45 15
45 14
45 13
45 12
45 11
45 10
44 13
44 14
44 15
44 16
44 17
44 18
44 12
44 11
44 10
43 12
43 11
43 10
43 18
43 17
43 16
43 9
44 9
45 9
46 9
46 8
45 8
45 7
46 7
47 7
48 7
49 7
45 6
46 6
47 6
48 6
49 6
45 5
46 5
47 5
48 5
49 5
45 4
46 4
47 4
48 4
49 4
45 3
46 3
47 3
48 3
49 3
45 2
46 2
47 2
48 2
49 2
45 1
46 1
47 1
48 1
49 1
45 0
46 0
47 0
48 0
0
No
0
Yes
38 0
38 1
38 2
38 3
38 4
38 5
38 6
39 6
39 5
39 4
39 3
39 2
39 1
39 0
40 0
40 1
40 2
40 3
40 4
40 5
40 6
41 6
41 5
41 4
41 3
41 2
41 1
41 0
42 0
42 1
42 2
42 3
42 4
42 5
42 6
43 6
43 5
43 4
43 3
43 2
43 1
43 0
44 0
44 1
44 2
44 3
44 4
44 5
44 6
37 5
37 4
37 3
37 2
37 1
37 0
36 3
36 2
36 1
36 0
35 2
35 1
35 0
34 1
34 0
44 7
43 7
42 7
41 7
40 7
39 7
38 7
44 8
43 8
42 8
41 8
0
No
0
Yes
30 8
31 8
31 9
30 9
31 7
30 7
30 6
30 5
30 10
29 10
29 9
29 8
29 7
29 6
29 5
29 4
29 3
28 3
28 4
28 5
28 6
28 7
28 8
28 9
28 10
27 3
27 4
27 5
27 6
27 7
27 8
27 9
27 10
26 10
26 9
26 8
26 7
26 6
32 8
0
Yes
20 0
20 1
20 2
20 3
20 4
19 4
19 3
19 2
19 1
19 0
19 5
18 5
18 4
18 3
18 2
18 1
18 0
17 0
17 1
17 2
17 3
17 4
17 5
16 5
16 4
16 3
16 2
16 1
16 0
15 5
15 4
15 3
15 2
15 1
15 0
14 5
14 4
14 3
14 2
14 1
14 0
0
Yes
4 1
4 2
3 2
3 1
2 1
5 2
5 1
6 2
6 1
6 0
5 0
4 0
3 0
2 0
0
No
0
No
0
Yes
13 0
13 1
12 1
12 0
11 0
11 1
10 1
10 0
9 0
9 1
8 1
8 0
9 2
10 2
11 2
12 2
13 2
0
No
0
Yes
41 11
41 12
41 13
41 14
41 15
41 16
41 17
41 18
40 18
40 17
40 16
40 15
40 14
40 13
40 12
40 11
39 18
39 17
39 16
39 15
39 14
39 13
39 12
39 11
38 18
38 17
38 16
38 15
38 14
38 13
38 12
38 11
38 10
39 10
40 10
41 10
42 18
42 17
42 16
42 15
42 14
42 13
42 12
42 11
42 10
42 9
41 9
40 9
39 9
38 9
38 8
39 8
40 8
43 13
43 14
43 15
1
240
26 24
26 23
25 23
25 24
24 24
26 25
25 25
24 25
23 25
23 26
24 26
25 26
26 26
24 27
25 27
26 27
27 27
Yes
8 1
8 0
9 0
9 1
9 2
10 2
10 1
10 0
10 3
10 4
11 4
11 3
11 2
11 1
11 0
12 0
12 1
12 2
12 3
12 4
12 5
12 6
12 7
12 8
12 9
13 7
13 6
13 5
13 4
13 3
13 2
13 1
13 0
13 8
13 9
14 8
14 9
15 8
15 9
15 10
14 10
13 10
12 10
11 10
10 10
10 11
11 11
12 11
13 11
14 11
10 9
0
No
0
No
0
No
0
No
0
No
0
No
0
Yes
29 37
29 36
28 37
28 38
29 38
0
Yes
37 42
37 43
38 42
38 43
39 42
39 43
40 42
40 43
40 44
39 44
38 44
38 45
39 45
0
No
0
Yes
48 0
48 1
48 2
48 3
48 4
48 5
49 5
49 4
49 3
49 2
49 1
49 0
47 5
47 4
47 3
47 2
47 1
47 0
46 0
46 1
46 2
46 3
46 4
46 5
45 5
45 4
45 3
45 2
45 1
45 0
45 6
46 6
47 6
48 6
49 6
49 7
48 7
47 7
46 7
45 7
45 8
0
No
0
Yes
3 30
4 30
4 31
3 31
2 31
2 30
0
No
0
Yes
45 0
45 1
45 2
45 3
45 4
45 5
46 5
46 4
46 3
46 2
46 1
46 0
47 0
47 1
47 2
47 3
47 4
47 5
48 5
48 4
48 3
48 2
48 1
48 0
49 0
49 1
49 2
49 3
49 4
49 5
45 6
46 6
47 6
48 6
49 6
49 7
48 7
47 7
46 7
45 7
45 8
0
Yes
26 21
26 22
26 23
25 23
25 22
25 21
24 22
24 21
23 22
23 21
22 21
22 20
23 20
24 20
25 20
26 20
25 19
24 19
23 19
22 19
26 19
26 18
23 18
22 18
22 17
22 16
21 16
21 17
21 18
21 19
20 19
20 18
20 17
19 17
19 18
19 19
27 18
27 19
27 20
27 21
27 22
27 23
28 18
28 19
28 20
28 21
28 22
28 23
29 19
29 20
29 21
29 22
29 23
30 19
30 20
30 21
30 22
30 23
31 19
31 20
31 21
31 22
31 23
32 19
32 20
32 21
32 22
32 23
32 24
31 24
30 24
29 24
28 24
27 24
26 24
25 24
24 24
32 25
31 25
30 25
29 25
28 25
27 25
26 25
25 25
24 25
23 25
23 26
24 26
25 26
26 26
27 26
28 26
29 26
30 26
31 26
32 26
27 27
26 27
25 27
24 27
25 28
26 28
32 27
31 27
30 27
29 27
29 28
30 28
31 28
32 28
27 17
0
Yes
17 2
17 3
17 4
17 5
18 5
18 4
18 3
18 2
19 5
19 4
19 3
19 2
20 4
20 3
20 2
20 1
19 1
18 1
17 1
20 0
19 0
18 0
17 0
16 5
16 4
16 3
16 2
16 1
16 0
15 5
15 4
15 3
15 2
15 1
15 0
14 5
14 4
14 3
14 2
14 1
14 0
0
No
0
No
0
Yes
49 21
49 22
49 23
49 24
49 25
49 26
49 27
48 27
48 26
48 25
48 24
48 23
48 22
48 21
47 27
47 26
47 25
47 24
47 23
47 22
47 21
46 27
46 26
46 25
46 24
46 23
46 22
46 21
45 27
45 26
45 25
45 24
45 23
45 22
45 21
45 20
46 20
47 20
48 20
49 20
49 19
48 19
47 19
46 19
45 19
45 18
46 18
47 18
48 18
49 18
44 18
44 19
44 20
44 21
44 22
44 23
44 24
44 25
44 26
44 27
43 18
43 19
43 20
43 21
43 22
43 23
43 24
43 25
43 26
43 27
42 19
42 20
42 21
42 22
42 23
42 24
42 25
42 26
42 27
41 27
41 26
41 25
41 24
41 23
41 22
41 21
41 20
41 19
40 19
40 20
40 21
40 22
40 23
40 24
40 25
40 26
40 27
39 27
39 26
39 25
39 24
39 23
39 22
39 21
39 20
0
Yes
11 0
11 1
11 2
12 2
12 1
12 0
13 0
13 1
13 2
10 2
10 1
10 0
9 2
9 1
9 0
8 1
8 0
10 3
11 3
12 3
13 3
0
No
0
Yes
37 20
38 20
38 19
37 19
36 19
36 20
35 19
35 20
34 19
34 20
33 19
33 20
33 21
34 21
35 21
36 21
37 21
38 21
38 22
37 22
36 22
35 22
34 22
33 22
33 23
34 23
35 23
36 23
37 23
38 23
38 24
37 24
36 24
35 24
34 24
33 24
33 25
34 25
35 25
36 25
37 25
38 25
38 26
37 26
36 26
35 26
34 26
33 26
37 27
36 27
35 27
34 27
33 27
33 28
34 28
35 28
36 28
36 29
35 29
34 29
0
No
0
No
0
Yes
47 34
47 35
47 36
48 34
48 35
48 36
49 34
49 35
49 36
0
Yes
48 47
48 48
48 49
49 49
49 48
49 47
49 46
48 46
48 45
49 45
49 44
48 44
48 43
49 43
47 43
47 44
47 45
47 46
47 47
47 48
47 49
46 49
46 48
46 47
46 46
46 45
46 44
46 43
45 43
45 44
45 45
45 46
45 47
45 48
45 49
44 43
44 44
44 45
44 46
44 47
44 48
0
Yes
13 8
14 8
14 9
13 9
13 10
14 10
15 10
15 9
15 8
0
No
0
Yes
48 17
49 17
47 17
46 17
45 17
45 16
46 16
47 16
48 16
49 16
49 15
48 15
47 15
46 15
45 15
45 14
46 14
47 14
48 14
49 14
49 13
48 13
47 13
46 13
45 13
44 13
44 14
44 15
44 16
44 17
0
No
0
Yes
30 39
31 39
32 39
30 38
31 38
32 38
33 38
34 38
35 38
35 37
34 37
33 37
32 37
31 37
30 37
31 36
32 36
33 36
34 36
34 35
33 35
32 35
31 35
0
Yes
1 37
2 37
2 36
1 36
2 38
1 38
0 36
0 37
0 38
0
Yes
27 48
27 47
28 47
28 48
29 48
29 49
28 49
27 49
26 49
26 48
26 47
25 47
25 48
25 49
24 49
24 48
24 47
0
No
0
No
0
No
0
No
0
Yes
12 33
13 33
14 33
14 34
15 34
14 32
13 32
12 32
11 32
12 31
13 31
14 31
15 31
16 31
17 31
16 30
15 30
14 30
13 30
13 29
14 29
15 29
15 28
14 28
13 28
12 28
14 27
13 27
12 27
13 26
12 26
11 26
13 25
12 25
11 25
10 25
10 24
11 24
12 24
13 24
14 24
14 23
13 23
12 23
11 23
10 23
9 23
9 22
10 22
11 22
12 22
13 22
14 22
10 21
11 21
12 21
13 21
14 21
15 21
15 22
15 23
16 23
16 22
16 21
17 21
8 22
8 23
7 22
7 23
7 24
0
No
0
No
1
199
44 11
44 12
43 12
43 11
43 10
44 10
45 12
45 11
45 10
46 12
46 11
46 10
47 12
47 11
47 10
43 9
44 9
45 9
Yes
31 0
31 1
31 2
30 2
30 1
30 0
30 3
29 3
29 2
29 1
29 0
29 4
29 5
30 5
28 5
28 4
28 3
28 2
28 1
28 0
27 4
27 5
27 3
27 2
27 1
27 0
26 3
26 2
26 1
26 0
30 6
29 6
28 6
27 6
26 6
26 7
27 7
28 7
29 7
30 7
31 7
31 8
30 8
29 8
28 8
27 8
26 8
31 9
30 9
29 9
28 9
27 9
26 9
25 8
0
Yes
49 36
49 35
49 34
48 34
48 35
48 36
47 36
47 35
47 34
1
276
33 34
34 34
32 34
31 34
31 33
32 33
33 33
34 33
35 33
35 32
34 32
33 32
32 32
32 31
33 31
34 31
35 31
Yes
21 49
21 48
21 47
21 46
21 45
21 44
21 43
22 43
22 44
22 45
22 46
22 47
22 48
22 49
23 49
23 48
23 47
23 46
23 45
23 44
23 43
24 43
24 44
24 45
24 46
24 47
24 48
24 49
25 49
25 48
25 47
25 46
25 45
25 44
25 43
26 43
26 44
26 45
26 46
26 47
26 48
26 49
27 45
27 44
0
No
0
No
0
No
0
No
0
No
0
Yes
16 37
16 38
15 37
15 36
16 36
17 36
17 37
17 38
17 35
18 35
18 36
18 37
18 38
19 35
19 36
19 37
19 38
20 38
21 38
17 39
18 39
19 39
20 39
21 39
22 39
23 39
24 39
25 39
25 40
24 40
23 40
22 40
21 40
20 40
19 40
18 40
17 40
16 40
16 41
20 35
17 41
18 41
19 41
20 41
21 41
22 41
23 41
24 41
25 41
21 42
22 42
23 42
24 42
25 42
0
Yes
48 10
48 11
49 11
49 10
49 9
48 9
48 8
49 8
48 12
49 12
0
No
0
No
0
No
0
Yes
37 22
38 22
38 23
37 23
38 24
37 24
38 25
37 25
38 26
37 26
38 21
37 21
38 20
37 20
38 19
37 19
36 19
36 20
36 21
36 22
36 23
36 24
36 25
36 26
37 27
36 27
36 28
36 29
36 30
35 30
35 29
35 28
35 27
35 26
35 25
35 24
35 23
35 22
35 21
35 20
35 19
34 19
34 20
34 21
34 22
34 23
34 24
34 25
34 26
34 27
34 28
34 29
34 30
33 19
33 20
33 21
33 22
33 23
33 24
33 25
33 26
33 27
33 28
33 29
33 30
32 30
32 29
37 30
1
263
33 37
33 38
34 38
34 37
34 36
33 36
34 35
33 35
32 35
32 36
32 37
32 38
32 39
31 35
31 36
31 37
31 38
31 39
30 39
30 38
30 37
Yes
8 0
8 1
9 1
9 0
9 2
10 2
10 1
10 0
10 3
10 4
11 4
11 3
11 2
11 1
11 0
12 0
12 1
12 2
12 3
12 4
12 5
12 6
12 7
12 8
12 9
13 7
13 6
13 5
13 4
13 3
13 2
13 1
13 0
12 10
11 10
10 10
10 11
11 11
12 11
11 6
0
No
0
No
0
No
0
No
0
No
0
No
0
Yes
29 38
29 37
28 37
28 38
29 36
0
Yes
27 38
26 38
27 39
26 39
26 40
0
Yes
34 34
33 34
32 34
31 34
31 33
32 33
33 33
34 33
35 33
35 32
34 32
33 32
32 32
0
Yes
42 20
42 21
42 22
42 23
42 24
42 25
42 26
43 26
43 25
43 24
43 23
43 22
43 21
43 20
44 20
44 21
44 22
44 23
44 24
44 25
44 26
45 26
45 25
45 24
45 23
45 22
45 21
45 20
46 20
46 21
46 22
46 23
46 24
46 25
46 26
47 26
47 25
47 24
47 23
47 22
47 21
47 20
48 20
48 21
48 22
48 23
48 24
48 25
48 26
49 26
49 25
49 24
49 23
49 22
49 21
49 20
49 19
48 19
47 19
46 19
45 19
44 19
43 19
42 19
41 19
41 20
41 21
41 22
41 23
41 24
41 25
41 26
40 26
40 25
40 24
40 23
40 22
40 21
40 20
40 19
39 19
39 20
39 21
39 22
39 23
39 24
39 25
39 26
39 27
40 27
41 27
42 27
43 27
44 27
45 27
46 27
47 27
48 27
49 27
42 28
43 28
44 28
44 29
43 29
44 18
45 18
46 18
47 18
48 18
49 18
43 18
42 18
41 18
40 18
39 18
38 18
38 17
39 17
40 17
41 17
42 17
43 17
43 16
42 16
41 16
40 16
39 16
38 16
0
No
0
Yes
39 1
39 2
39 3
39 4
39 5
39 6
38 6
38 5
38 4
38 3
38 2
38 1
37 5
37 4
37 3
37 2
37 1
36 3
36 2
36 1
35 2
35 1
38 7
39 7
38 8
39 8
38 9
39 9
38 10
39 10
40 10
40 9
40 8
40 7
40 6
40 5
40 4
40 3
40 2
40 1
41 1
41 2
41 3
41 4
41 5
41 6
41 7
41 8
41 9
41 10
42 10
42 9
42 8
42 7
42 6
42 5
42 4
42 3
42 2
42 1
43 1
43 2
43 3
43 4
43 5
43 6
43 7
43 8
43 9
43 10
43 0
42 0
41 0
40 0
39 0
38 0
37 0
36 0
35 0
34 1
34 0
44 0
44 1
44 2
44 3
44 4
44 5
44 6
44 7
44 8
44 9
44 10
1
270
21 47
21 48
21 49
22 49
22 48
22 47
23 47
23 48
23 49
Yes
14 8
14 9
14 10
14 11
14 12
13 12
13 11
13 10
13 9
13 8
13 13
12 13
12 12
12 11
12 10
12 9
12 8
12 7
13 7
11 10
11 11
11 12
11 13
11 14
10 10
10 11
10 12
10 13
10 14
9 12
9 13
9 14
8 14
8 13
8 12
8 11
7 11
7 12
7 13
7 14
6 13
6 14
5 14
5 13
5 12
4 12
4 13
4 14
4 11
3 11
3 12
3 13
3 14
2 13
2 14
1 13
1 14
15 10
15 9
15 8
0 13
0 14
9 15
8 15
7 15
6 15
5 15
4 15
3 15
2 15
1 15
0 15
3 16
4 16
5 16
6 16
7 16
8 16
9 16
2 16
1 16
0 16
4 17
5 17
6 17
7 17
8 17
9 17
9 18
8 18
7 18
6 18
9 19
8 19
7 19
6 19
5 19
5 20
6 20
7 20
8 20
9 20
2 17
1 17
0 17
0
Yes
9 2
10 2
10 3
11 3
11 2
12 2
12 3
13 3
13 2
13 1
12 1
11 1
10 1
9 1
13 0
12 0
11 0
10 0
9 0
8 1
8 0
0
No
0
Yes
28 47
27 47
27 48
28 48
29 48
29 49
28 49
27 49
26 49
26 48
26 47
0
No
0
No
0
Yes
46 13
46 14
46 15
46 16
47 16
47 15
47 14
47 13
48 13
48 14
48 15
48 16
49 13
49 14
49 15
49 16
45 16
45 15
45 14
45 13
44 16
44 15
44 14
44 13
44 17
45 17
46 17
47 17
48 17
49 17
0
No
0
No
0
Yes
24 24
24 25
23 25
23 26
24 26
24 27
25 27
25 26
25 25
25 24
25 28
26 28
26 27
26 26
26 25
26 24
27 27
27 26
27 25
27 24
28 26
28 25
28 24
25 23
26 23
27 23
28 23
29 23
29 24
29 25
29 26
29 27
29 28
30 28
30 27
30 26
30 25
30 24
30 23
30 29
31 29
31 28
31 27
31 26
31 25
31 24
31 23
32 28
32 27
32 26
32 25
32 24
32 23
32 22
31 22
30 22
29 22
28 22
27 22
26 22
25 22
24 22
23 22
32 21
31 21
30 21
29 21
28 21
27 21
26 21
25 21
24 21
23 21
32 20
31 20
30 20
29 20
28 20
27 20
26 20
25 20
24 20
23 20
32 19
31 19
30 19
29 19
28 19
27 19
26 19
25 19
24 19
23 19
25 29
26 18
27 18
28 18
22 21
22 20
22 19
0
No
0
Yes
4 41
4 40
3 40
3 41
3 42
4 42
5 42
5 43
4 43
3 43
3 44
4 44
5 44
5 45
4 45
3 45
3 46
4 46
5 46
5 47
4 47
3 47
3 48
4 48
5 48
5 49
4 49
3 49
2 49
2 48
2 47
2 46
2 45
2 44
2 43
2 42
2 41
2 40
2 39
1 39
1 40
1 41
1 42
1 43
1 44
1 45
1 46
1 47
1 48
1 49
0 39
0 40
0 41
0 42
0 43
0 44
0 45
0 46
0 47
0 48
0 49
6 49
6 48
6 47
6 46
6 45
6 44
6 43
6 42
6 41
7 41
7 42
7 43
7 44
7 45
7 46
7 47
7 48
7 49
8 41
8 42
8 43
8 44
8 45
8 46
8 47
8 48
8 49
9 41
9 42
9 43
9 44
9 45
9 46
9 47
9 48
9 49
10 42
10 43
10 44
10 45
10 46
10 47
10 48
10 49
11 49
11 48
11 47
11 46
11 45
11 44
11 43
11 42
11 41
12 41
12 42
12 43
12 44
12 45
12 46
12 47
12 48
12 49
12 40
13 40
13 41
13 42
13 43
13 44
0
No
0
Yes
23 46
24 46
25 46
26 46
26 45
25 45
24 45
23 45
27 45
27 44
26 44
25 44
24 44
23 44
26 43
25 43
24 43
23 43
22 43
22 44
22 45
22 46
21 46
21 45
21 44
21 43
0
Yes
43 8
44 8
44 7
43 7
44 6
43 6
44 5
43 5
44 4
43 4
44 3
43 3
44 2
43 2
44 1
43 1
44 0
43 0
42 0
42 1
42 2
42 3
42 4
42 5
42 6
42 7
42 8
42 9
43 9
44 9
44 10
43 10
42 10
42 11
43 11
44 11
41 11
41 10
41 9
41 8
41 7
41 6
41 5
41 4
41 3
41 2
41 1
41 0
40 0
40 1
40 2
40 3
40 4
40 5
40 6
40 7
40 8
40 9
40 10
40 11
39 11
39 10
39 9
39 8
39 7
39 6
39 5
39 4
39 3
39 2
39 1
39 0
38 6
38 7
38 8
38 9
38 10
38 11
38 5
38 4
38 3
38 2
38 1
38 0
37 5
37 4
37 3
37 2
37 1
37 0
36 3
36 2
36 1
36 0
35 2
35 1
35 0
34 1
34 0
38 12
39 12
40 12
0
No
1
317
30 39
31 39
32 39
32 38
31 38
30 38
30 37
31 37
32 37
29 38
29 37
28 37
28 38
29 36
31 36
32 36
31 35
32 35
33 35
33 36
33 37
33 38
34 35
34 36
34 37
34 38
35 37
35 38
36 38
35 39
Yes
45 12
45 11
44 12
43 12
42 12
41 12
41 13
42 13
43 13
44 13
45 13
45 14
44 14
43 14
42 14
41 14
41 15
42 15
43 15
44 15
45 15
44 16
45 16
46 16
46 15
46 14
46 13
46 12
46 11
47 11
47 12
47 13
47 14
47 15
47 16
48 13
48 14
48 15
48 16
49 13
49 14
49 15
49 16
44 17
45 17
46 17
47 17
48 17
49 17
47 10
0
No
0
No
0
Yes
28 47
27 47
27 48
28 48
28 49
27 49
29 48
29 49
26 47
26 48
26 49
25 47
25 48
25 49
0
Yes
49 25
49 26
49 27
49 28
49 29
49 30
49 31
49 32
48 32
48 31
48 30
48 29
48 28
48 27
48 26
48 25
47 32
47 31
47 30
47 29
47 28
47 27
47 26
47 25
46 32
46 31
46 30
46 29
46 28
46 27
46 26
46 25
45 32
45 31
45 30
45 29
45 28
45 27
45 26
45 25
44 29
44 28
44 27
44 26
44 25
44 24
45 24
46 24
47 24
48 24
49 24
43 29
43 28
43 27
43 26
43 25
43 24
42 28
42 27
42 26
42 25
42 24
41 27
41 26
41 25
0
Yes
0 17
1 17
2 17
2 16
1 16
0 16
3 16
3 15
2 15
1 15
0 15
2 18
1 18
0 18
0 14
1 14
2 14
3 14
2 13
1 13
0 13
3 13
0
Yes
15 10
15 9
15 8
14 8
14 9
14 10
14 11
14 12
13 12
13 11
13 10
13 9
13 8
13 13
12 13
12 12
12 11
12 10
12 9
12 8
12 7
13 7
11 10
11 11
11 12
11 13
11 14
10 10
10 11
10 12
10 13
10 14
9 12
9 13
9 14
8 14
8 13
8 12
8 11
7 11
7 12
7 13
7 14
6 13
6 14
9 15
8 15
7 15
6 15
9 16
8 16
7 16
6 16
9 17
8 17
7 17
6 17
6 18
7 18
8 18
9 18
9 19
8 19
7 19
6 19
5 19
5 20
6 20
7 20
8 20
9 20
5 17
5 16
5 15
5 14
5 13
5 12
4 17
4 16
4 15
4 14
4 13
4 12
0
Yes
13 48
13 49
13 47
13 46
14 46
14 47
14 48
14 49
15 49
15 48
15 47
15 46
13 45
14 45
0
No
0
No
0
Yes
34 48
34 49
35 48
35 49
36 48
36 49
37 49
37 48
37 47
37 46
38 46
38 47
38 48
38 49
39 46
39 47
39 48
39 49
40 47
40 48
40 49
41 47
41 48
41 49
42 47
42 48
42 49
0
Yes
43 4
44 4
44 5
43 5
44 6
43 6
44 7
43 7
44 8
43 8
44 3
43 3
44 2
43 2
44 1
43 1
44 0
43 0
42 0
42 1
42 2
42 3
42 4
42 5
42 6
42 7
42 8
42 9
43 9
44 9
45 9
45 10
44 10
43 10
42 10
41 10
41 9
41 8
41 7
41 6
41 5
41 4
41 3
41 2
41 1
41 0
40 0
40 1
40 2
40 3
40 4
40 5
40 6
40 7
40 8
40 9
40 10
39 10
39 9
39 8
39 7
39 6
39 5
39 4
39 3
39 2
39 1
39 0
38 6
38 7
38 8
38 9
38 10
38 5
38 4
38 3
38 2
38 1
38 0
37 5
37 4
37 3
37 2
37 1
37 0
36 3
36 2
36 1
36 0
35 2
35 1
35 0
34 1
34 0
44 11
43 11
42 11
41 11
40 11
39 11
38 11
1
307
48 39
49 39
47 39
46 39
46 40
47 40
48 40
49 40
46 41
47 41
48 41
49 41
49 38
Yes
24 22
25 22
25 23
25 24
24 24
26 24
26 23
26 22
27 22
27 23
27 24
28 24
28 23
28 22
29 22
29 23
29 24
30 24
30 23
30 22
31 22
31 23
31 24
32 24
32 23
32 22
32 21
31 21
30 21
29 21
28 21
27 21
26 21
25 21
24 21
32 20
31 20
30 20
29 20
28 20
27 20
26 20
25 20
24 20
32 19
31 19
30 19
29 19
28 19
27 19
26 19
25 19
24 19
26 18
27 18
28 18
23 22
23 21
23 20
23 19
23 18
22 21
22 20
22 19
22 18
22 17
22 16
21 16
21 17
21 18
21 19
20 19
20 18
20 17
19 17
19 18
19 19
32 25
31 25
30 25
29 25
28 25
27 25
26 25
25 25
24 25
23 25
23 26
24 26
25 26
26 26
27 26
28 26
29 26
30 26
31 26
32 26
27 27
26 27
25 27
24 27
25 28
26 28
32 27
31 27
30 27
29 27
29 28
30 28
31 28
32 28
31 29
30 29
30 30
31 30
29 30
0
Yes
49 9
49 8
48 8
48 9
48 10
49 10
48 11
49 11
48 12
49 12
0
Yes
44 18
45 18
46 18
46 19
45 19
44 19
44 20
45 20
46 20
46 21
45 21
44 21
44 22
45 22
46 22
46 23
45 23
44 23
43 23
43 22
43 21
43 20
43 19
43 18
43 17
42 23
42 22
42 21
42 20
42 19
42 18
42 17
41 17
41 18
41 19
41 20
41 21
41 22
41 23
40 23
40 22
40 21
40 20
40 19
40 18
40 17
39 19
39 20
39 21
39 22
39 23
39 18
39 17
0
No
0
No
0
No
0
No
0
Yes
15 22
15 23
16 23
16 22
16 21
15 21
14 21
14 22
14 23
13 21
13 22
13 23
0
Yes
4 30
4 31
3 31
3 30
2 30
2 31
2 32
0
No
0
Yes
49 18
48 18
48 19
49 19
49 20
48 20
48 21
49 21
47 18
47 19
47 20
0
Yes
30 37
30 38
30 39
31 39
31 38
31 37
32 39
32 38
32 37
33 38
33 37
31 36
32 36
33 36
34 36
34 37
34 38
35 38
35 37
34 35
33 35
32 35
31 35
31 34
32 34
33 34
34 34
31 33
32 33
33 33
34 33
0
No
0
Yes
31 22
32 22
32 23
31 23
32 24
31 24
32 21
31 21
32 20
31 20
32 19
31 19
30 19
30 20
30 21
30 22
30 23
30 24
29 19
29 20
29 21
29 22
29 23
29 24
28 24
28 23
28 22
28 21
28 20
28 19
28 18
27 18
27 19
27 20
27 21
27 22
27 23
27 24
26 18
26 19
26 20
26 21
26 22
26 23
1
352
13 32
13 33
14 33
14 32
12 33
12 32
12 31
13 31
14 31
15 31
16 31
16 30
15 30
14 30
13 30
13 29
14 29
15 29
15 28
14 28
13 28
12 28
14 27
13 27
12 27
13 26
12 26
11 26
13 25
12 25
11 25
10 25
13 24
12 24
11 24
10 24
12 23
11 23
10 23
9 23
9 22
10 22
11 22
12 22
Yes
23 25
24 25
24 24
25 24
25 25
25 23
26 23
26 24
26 25
26 22
25 22
24 22
23 22
23 21
24 21
25 21
26 21
22 21
22 20
23 20
24 20
25 20
26 20
25 19
24 19
23 19
22 19
26 19
26 18
23 18
22 18
22 17
22 16
21 16
21 17
21 18
21 19
20 17
20 18
20 19
20 20
20 21
20 22
19 19
19 18
19 17
19 16
23 26
24 26
25 26
26 26
24 27
25 27
26 27
26 28
25 28
25 29
27 27
27 26
27 25
27 24
27 23
27 22
27 21
27 20
27 19
27 18
27 17
28 18
28 19
28 20
28 21
28 22
28 23
28 24
28 25
28 26
29 19
29 20
29 21
29 22
29 23
29 24
29 25
29 26
29 27
29 28
30 19
30 20
30 21
30 22
30 23
30 24
30 25
30 26
30 27
30 28
30 29
30 30
29 30
31 30
31 29
31 28
31 27
31 26
31 25
31 24
31 23
31 22
31 21
31 20
31 19
32 19
32 20
32 21
32 22
32 23
32 24
32 25
32 26
32 27
32 28
31 31
32 31
32 32
33 32
33 31
34 32
0
No
0
No
0
No
0
No
0
Yes
11 1
11 2
11 3
11 4
12 4
12 3
12 2
12 1
13 1
13 2
13 3
13 4
13 0
12 0
11 0
10 4
10 3
10 2
10 1
10 0
0
No
0
No
0
Yes
23 41
23 42
24 42
24 41
24 40
23 40
23 39
24 39
25 39
25 40
25 41
25 42
22 39
22 40
22 41
22 42
0
No
0
No
0
No
0
Yes
43 17
43 16
42 16
42 17
41 16
41 17
41 18
42 18
43 18
44 18
45 18
46 18
47 18
48 18
48 19
47 19
46 19
45 19
44 19
43 19
42 19
41 19
41 20
42 20
43 20
44 20
45 20
46 20
47 20
48 20
48 21
47 21
46 21
45 21
44 21
43 21
42 21
41 21
41 22
42 22
43 22
44 22
45 22
46 22
47 22
48 22
48 23
47 23
46 23
45 23
44 23
43 23
42 23
41 23
41 24
49 23
49 22
49 21
49 20
49 19
49 18
40 24
40 23
40 22
40 21
40 20
40 19
40 18
40 17
40 16
40 15
40 14
40 13
40 12
39 12
39 13
39 14
39 15
39 16
39 17
39 18
39 19
39 20
39 21
39 22
39 23
39 24
38 18
38 17
38 16
38 15
38 14
38 13
38 12
39 25
40 25
0
No
1
324
42 49
43 49
43 48
42 48
43 47
42 47
41 47
41 48
41 49
40 47
40 48
40 49
39 49
39 48
39 47
38 47
38 48
38 49
37 47
37 48
37 49
36 48
36 49
37 46
38 46
39 46
Yes
18 41
19 41
20 41
21 41
21 42
21 43
21 44
21 45
21 46
22 46
22 45
22 44
22 43
23 43
23 44
23 45
23 46
24 43
24 44
24 45
24 46
25 46
25 45
25 44
25 43
26 46
26 45
26 44
26 43
26 42
26 41
21 40
20 40
19 40
18 40
21 39
20 39
19 39
18 39
17 39
17 40
17 41
17 42
27 41
16 40
16 41
16 42
15 41
15 42
19 33
21 38
20 38
19 38
18 38
17 38
16 38
27 45
27 44
28 44
24 47
24 48
19 34
19 37
18 37
17 37
16 37
15 37
15 36
16 36
17 36
18 36
19 36
17 35
18 35
19 35
20 35
0
No
0
No
0
Yes
2 0
3 0
4 0
5 0
6 0
1 0
0 0
0 1
1 1
2 1
3 1
4 1
5 1
6 1
6 2
5 2
4 2
3 2
0
Yes
16 2
16 3
16 4
17 4
17 3
17 2
18 2
18 3
18 4
18 1
17 1
16 1
16 0
17 0
18 0
15 0
15 1
15 2
15 3
15 4
14 4
14 3
14 2
14 1
14 0
14 5
15 5
16 5
17 5
18 5
18 6
17 6
0
Yes
40 44
39 44
39 45
38 45
38 44
40 43
39 43
38 43
37 43
37 42
38 42
39 42
40 42
0
No
0
No
0
No
0
Yes
49 11
49 12
49 13
49 14
49 15
49 16
49 17
49 18
49 19
49 20
48 20
48 19
48 18
48 17
48 16
48 15
48 14
48 13
48 12
48 11
47 11
47 12
47 13
47 14
47 15
47 16
47 17
47 18
47 19
47 20
46 20
46 19
46 18
46 17
46 16
46 15
46 14
46 13
46 12
46 11
45 11
45 12
45 13
45 14
45 15
45 16
45 17
45 18
45 19
45 20
44 12
44 13
44 14
44 15
44 16
44 17
44 18
44 19
44 20
43 12
43 13
43 14
43 15
43 16
43 17
43 18
43 19
43 20
42 12
42 13
42 14
42 15
42 16
42 17
42 18
42 19
42 20
41 12
41 13
41 14
41 15
41 16
41 17
41 18
41 19
41 20
40 12
40 13
40 14
40 15
40 16
40 17
40 18
40 19
40 20
39 12
39 13
39 14
39 15
39 16
39 17
39 18
39 19
39 20
38 12
38 13
38 14
38 15
38 16
38 17
38 18
0
No
0
No
0
Yes
35 19
36 19
37 19
38 19
38 20
37 20
36 20
35 20
34 19
34 20
33 19
33 20
33 21
34 21
35 21
36 21
37 21
38 21
39 21
40 21
41 21
33 22
34 22
35 22
36 22
37 22
38 22
39 22
40 22
41 22
33 23
34 23
35 23
36 23
37 23
38 23
39 23
40 23
41 23
41 24
40 24
39 24
38 24
37 24
36 24
35 24
34 24
33 24
33 25
34 25
35 25
36 25
37 25
38 25
39 25
40 25
40 26
39 26
38 26
37 26
36 26
35 26
34 26
33 26
37 27
36 27
35 27
34 27
33 27
39 27
40 27
33 28
34 28
35 28
36 28
36 29
35 29
34 29
33 29
32 29
32 30
33 30
34 30
35 30
36 30
36 31
35 31
34 31
42 23
42 22
42 21
43 21
43 22
0
No
0
No
0
No
0
Yes
14 4
14 5
15 5
15 4
16 5
16 4
13 5
15 6
14 3
15 3
16 3
14 2
15 2
16 2
14 1
15 1
16 1
14 0
15 0
16 0
17 0
17 1
17 2
17 3
17 4
17 5
17 6
18 6
18 5
18 4
18 3
18 2
18 1
18 0
19 5
19 4
19 3
19 2
19 1
19 0
20 4
20 3
20 2
20 1
20 0
0
No
0
Yes
16 46
16 47
16 48
17 48
17 47
17 46
18 46
18 47
18 48
19 48
19 47
19 46
20 46
20 47
20 48
20 45
19 45
18 45
17 45
16 45
20 44
19 44
18 44
17 44
16 44
16 43
17 43
18 43
19 43
20 43
20 42
19 42
18 42
20 49
19 49
18 49
17 49
16 49
0
No
0
Yes
40 1
40 2
40 3
40 4
40 5
40 6
40 7
40 8
40 9
40 10
40 11
41 11
41 10
41 9
41 8
41 7
41 6
41 5
41 4
41 3
41 2
41 1
42 1
42 2
42 3
42 4
42 5
42 6
42 7
42 8
42 9
42 10
42 11
43 11
43 10
43 9
43 8
43 7
43 6
43 5
43 4
43 3
43 2
43 1
44 1
44 2
44 3
44 4
44 5
44 6
44 7
44 8
44 9
44 10
44 11
45 9
45 10
45 11
44 0
43 0
42 0
41 0
40 0
39 0
39 1
39 2
39 3
39 4
39 5
39 6
39 7
39 8
39 9
39 10
39 11
38 11
38 10
38 9
38 8
38 7
38 6
38 5
38 4
38 3
38 2
38 1
38 0
46 11
46 10
46 9
46 8
47 8
47 9
47 10
47 11
48 8
48 9
48 10
48 11
37 5
37 4
37 3
37 2
37 1
37 0
36 3
36 2
36 1
36 0
35 2
35 1
35 0
34 1
34 0
49 8
49 9
49 10
49 11
38 12
39 12
40 12
41 12
42 12
43 12
44 12
45 12
46 12
47 12
0
No
0
Yes
48 12
49 12
49 13
48 13
47 13
46 13
45 13
44 13
43 13
42 13
41 13
41 14
42 14
43 14
44 14
45 14
46 14
47 14
48 14
49 14
49 15
48 15
47 15
46 15
45 15
44 15
43 15
42 15
41 15
41 16
42 16
43 16
44 16
45 16
46 16
47 16
48 16
49 16
49 17
48 17
47 17
46 17
45 17
44 17
43 17
42 17
41 17
41 18
42 18
43 18
44 18
45 18
46 18
47 18
48 18
49 18
49 19
48 19
47 19
46 19
45 19
44 19
43 19
42 19
41 19
41 20
42 20
43 20
44 20
45 20
46 20
47 20
48 20
49 20
49 21
48 21
47 21
46 21
45 21
44 21
43 21
42 21
41 21
41 22
42 22
43 22
44 22
45 22
46 22
47 22
48 22
49 22
40 13
40 14
40 15
40 16
40 17
40 18
40 19
40 20
40 21
40 22
1
157
5 14
4 14
4 15
5 15
4 16
5 16
4 17
5 17
4 13
5 13
5 12
4 12
4 11
3 11
3 12
6 13
6 14
6 15
6 16
6 17
6 18
6 19
5 19
5 20
6 20
7 20
7 19
7 18
7 17
7 16
7 15
7 14
7 13
7 12
7 11
8 11
8 12
8 13
8 14
8 15
8 16
8 17
8 18
8 19
8 20
9 20
9 19
9 18
9 17
9 16
9 15
9 14
9 13
9 12
10 14
10 13
10 12
Yes
34 24
33 24
33 25
34 25
33 26
34 26
33 27
34 27
33 23
34 23
33 22
34 22
33 21
34 21
33 20
34 20
33 19
34 19
35 19
35 20
35 21
35 22
35 23
35 24
35 25
35 26
35 27
36 27
36 26
36 25
36 24
36 23
36 22
36 21
36 20
36 19
37 27
37 26
37 25
37 24
37 23
37 22
37 21
37 20
37 19
38 26
38 25
38 24
38 23
38 22
38 21
38 20
38 19
39 19
39 20
39 21
39 22
39 23
39 24
39 25
39 26
39 27
40 27
40 26
40 25
40 24
40 23
41 23
41 24
39 18
38 18
37 18
36 18
35 18
34 18
33 18
32 18
31 18
30 18
29 18
29 17
30 17
31 17
32 17
33 17
34 17
35 17
36 17
37 17
38 17
39 17
39 16
38 16
37 16
36 16
35 16
34 16
33 16
32 16
31 16
30 16
29 16
29 15
30 15
31 15
32 15
33 15
34 15
35 15
36 15
37 15
38 15
39 15
29 14
30 14
31 14
32 14
33 14
34 14
35 14
36 14
37 14
38 14
39 14
39 13
38 13
37 13
36 13
35 13
34 13
33 13
32 13
31 13
30 13
33 12
32 12
31 12
30 12
31 11
30 11
30 10
29 10
29 11
36 12
37 12
28 14
0
Yes
12 9
12 8
13 8
13 9
14 8
14 9
15 8
15 9
15 10
14 10
13 10
12 10
11 10
10 10
10 11
11 11
12 11
13 11
14 11
0
Yes
24 42
25 42
25 41
24 41
23 42
23 41
22 42
22 41
22 40
23 40
24 40
25 40
26 40
22 39
23 39
24 39
25 39
26 39
23 38
27 39
26 38
27 38
28 38
29 38
28 37
29 37
0
Yes
5 24
6 24
5 22
5 23
6 23
0
No
0
No
0
No
0
No
0
Yes
38 44
39 44
40 44
40 43
39 43
38 43
40 42
39 42
38 42
0
Yes
29 19
30 19
31 19
32 19
32 20
31 20
30 20
29 20
32 21
31 21
30 21
29 21
32 22
31 22
30 22
29 22
28 22
28 21
28 20
28 19
28 18
27 18
27 19
27 20
27 21
27 22
26 18
26 19
26 20
26 21
26 22
25 19
25 20
25 21
25 22
25 23
26 23
27 23
28 23
29 23
30 23
31 23
32 23
32 24
31 24
30 24
29 24
28 24
27 24
26 24
0
No
0
Yes
0 44
0 45
0 46
0 47
0 48
0 49
1 49
1 48
1 47
1 46
1 45
1 44
2 44
2 45
2 46
2 47
2 48
2 49
3 49
3 48
3 47
3 46
3 45
3 44
4 44
4 45
4 46
4 47
4 48
4 49
5 49
5 48
5 47
5 46
5 45
5 44
6 44
6 45
6 46
6 47
6 48
6 49
7 49
7 48
7 47
7 46
7 45
7 44
7 43
6 43
5 43
4 43
3 43
2 43
1 43
0 43
5 42
6 42
7 42
4 42
3 42
2 42
1 42
0 42
6 41
7 41
4 41
3 41
2 41
1 41
0 41
4 40
3 40
2 40
1 40
0 40
8 41
8 42
8 43
8 44
8 45
8 46
8 47
8 48
8 49
9 41
9 42
9 43
9 44
9 45
9 46
9 47
9 48
9 49
10 42
10 43
10 44
10 45
10 46
10 47
10 48
10 49
0
No
1
399
29 25
30 25
31 25
32 25
28 25
28 26
29 26
30 26
31 26
32 26
32 27
31 27
30 27
29 27
29 28
30 28
31 28
32 28
33 28
34 28
35 28
36 28
36 29
35 29
34 29
33 29
32 29
31 29
30 29
30 30
31 30
32 30
33 30
34 30
35 30
36 30
36 31
35 31
34 31
33 31
32 31
31 31
32 32
33 32
34 32
35 32
35 33
34 33
33 33
32 33
Yes
32 19
32 20
32 21
32 22
31 19
31 20
31 21
31 22
30 19
30 20
30 21
30 22
29 19
29 20
29 21
29 22
28 22
28 21
28 20
28 19
28 18
27 18
27 19
27 20
27 21
27 22
26 18
26 19
26 20
26 21
26 22
25 19
25 20
25 21
25 22
24 22
24 21
24 20
24 19
23 22
23 21
23 20
23 19
23 18
22 21
22 20
22 19
22 18
22 17
22 16
21 16
21 17
21 18
21 19
20 19
20 18
20 17
19 19
19 18
19 17
19 16
25 23
26 23
27 23
28 23
29 23
30 23
31 23
32 23
32 24
31 24
30 24
29 24
28 24
27 24
26 24
25 24
24 24
27 25
26 25
25 25
24 25
23 25
23 26
24 26
25 26
26 26
27 26
27 27
26 27
25 27
24 27
25 28
26 28
18 16
18 17
18 18
18 19
18 20
18 15
17 15
17 16
17 17
17 18
17 19
17 20
17 21
16 15
16 16
16 17
16 18
16 19
16 20
16 21
16 22
16 23
15 23
15 22
15 21
15 20
15 19
15 18
15 17
15 16
15 15
15 14
14 14
14 15
14 16
14 17
14 18
14 19
14 20
14 21
14 22
14 23
13 23
13 22
13 21
13 20
13 19
13 18
0
No
0
No
0
No
0
Yes
6 1
5 1
4 1
3 1
2 1
1 1
0 1
3 2
4 2
5 2
6 2
0 0
1 0
2 0
3 0
4 0
5 0
6 0
0
No
0
No
0
No
0
No
0
No
0
Yes
30 39
31 39
32 39
30 38
31 38
32 38
30 37
31 37
32 37
31 36
32 36
31 35
32 35
31 34
32 34
33 34
33 35
33 36
33 37
33 38
34 34
34 35
34 36
34 37
34 38
35 38
35 37
0
No
0
Yes
42 1
42 2
42 3
42 4
42 5
43 5
43 4
43 3
43 2
43 1
44 1
44 2
44 3
44 4
44 5
44 0
43 0
42 0
41 0
41 1
41 2
41 3
41 4
41 5
40 5
40 4
40 3
40 2
40 1
40 0
39 0
39 1
39 2
39 3
39 4
39 5
38 5
38 4
38 3
38 2
38 1
38 0
37 5
37 4
37 3
37 2
37 1
37 0
36 3
36 2
36 1
0
No
0
Yes
40 11
41 11
42 11
43 11
44 11
44 10
43 10
42 10
41 10
40 10
40 9
41 9
42 9
43 9
44 9
44 8
43 8
42 8
41 8
40 8
44 7
43 7
42 7
41 7
40 7
44 6
43 6
42 6
41 6
40 6
39 6
39 7
39 8
39 9
39 10
39 11
38 6
38 7
38 8
38 9
38 10
38 11
38 12
39 12
40 12
41 12
42 12
43 12
44 12
45 12
45 11
45 10
45 9
46 12
46 11
46 10
46 9
46 8
47 12
47 11
47 10
47 9
47 8
0
No
0
Yes
46 44
46 45
46 46
47 46
47 45
47 44
48 44
48 45
48 46
49 46
49 45
49 44
49 43
48 43
47 43
46 43
46 42
47 42
48 42
49 42
45 43
45 44
45 45
45 46
44 43
44 44
44 45
44 46
0
Yes
11 41
11 42
12 42
12 41
13 41
13 42
14 42
13 40
12 40
11 43
12 43
13 43
14 43
0
No
0
Yes
15 49
15 48
15 47
14 47
14 48
14 49
13 49
13 48
13 47
12 47
12 48
12 49
11 49
11 48
11 47
11 46
12 46
13 46
14 46
15 46
15 45
14 45
13 45
12 45
11 45
11 44
12 44
0
No
0
No
0
No
0
Yes
18 40
18 41
18 42
18 43
18 44
18 45
18 46
18 47
18 48
18 49
19 49
19 48
19 47
19 46
19 45
19 44
19 43
19 42
19 41
19 40
20 40
20 41
20 42
20 43
20 44
20 45
20 46
20 47
20 48
20 49
21 49
21 48
21 47
21 46
21 45
21 44
21 43
21 42
21 41
21 40
22 40
22 41
22 42
22 43
22 44
22 45
22 46
22 47
22 48
22 49
23 49
23 48
23 47
23 46
23 45
23 44
23 43
23 42
23 41
23 40
24 40
24 41
24 42
24 43
24 44
24 45
24 46
24 47
24 48
24 49
17 49
17 48
17 47
17 46
17 45
17 44
17 43
17 42
17 41
17 40
16 40
16 41
16 42
16 43
16 44
16 45
16 46
16 47
16 48
16 49
25 49
25 48
25 47
25 46
25 45
25 44
25 43
25 42
25 41
25 40
26 40
26 41
26 42
26 43
26 44
26 45
26 46
26 47
0
No
0
No
1
413
10 17
10 18
10 19
10 20
11 20
11 19
11 18
11 17
12 18
12 19
12 20
12 17
13 17
12 21
11 21
10 21
13 16
12 16
11 16
10 16
10 15
11 15
12 15
13 15
13 14
12 14
11 14
Yes
19 35
18 35
17 35
19 36
18 36
17 36
16 36
15 36
15 37
16 37
17 37
18 37
19 37
16 38
17 38
18 38
19 38
17 39
18 39
19 39
20 39
20 38
21 38
21 39
22 39
23 39
24 39
25 39
26 39
27 39
26 38
27 38
28 38
28 37
29 37
29 38
30 37
30 38
30 39
31 39
31 38
31 37
32 39
32 38
32 37
33 38
33 37
29 36
0
No
0
No
0
No
0
No
0
Yes
18 40
19 40
20 40
21 40
22 40
23 40
17 40
16 40
16 41
17 41
18 41
19 41
20 41
21 41
22 41
23 41
23 42
22 42
21 42
20 42
19 42
18 42
17 42
16 42
16 43
17 43
18 43
19 43
20 43
21 43
22 43
23 43
23 44
22 44
21 44
20 44
19 44
18 44
17 44
16 44
16 45
17 45
18 45
19 45
20 45
21 45
22 45
23 45
16 46
17 46
18 46
19 46
20 46
21 46
22 46
23 46
16 47
17 47
18 47
19 47
20 47
21 47
22 47
23 47
16 48
17 48
18 48
19 48
20 48
21 48
22 48
23 48
16 49
17 49
18 49
19 49
20 49
21 49
22 49
23 49
24 40
24 41
24 42
24 43
24 44
24 45
24 46
24 47
24 48
24 49
25 40
25 41
25 42
25 43
25 44
25 45
25 46
25 47
25 48
25 49
26 40
26 41
26 42
26 43
26 44
26 45
26 46
26 47
0
No
0
No
0
No
0
No
0
No
0
No
0
No
0
No
0
Yes
29 0
29 1
29 2
29 3
30 3
30 2
30 1
30 0
29 4
28 4
28 3
28 2
28 1
28 0
27 4
27 3
27 2
27 1
27 0
26 3
26 2
26 1
26 0
31 2
31 1
31 0
0
Yes
1 31
1 30
2 30
2 31
3 31
3 30
4 30
4 31
0
No
0
No
0
Yes
0 15
1 15
2 15
3 15
3 14
2 14
1 14
0 14
3 13
2 13
1 13
0 13
3 16
2 16
1 16
0 16
2 17
1 17
0 17
2 18
1 18
0 18
2 19
1 19
0
Yes
12 46
11 46
11 47
12 47
11 48
12 48
11 49
12 49
11 45
12 45
11 44
12 44
11 43
12 43
11 42
12 42
11 41
12 41
12 40
13 40
13 41
13 42
13 43
13 44
13 45
13 46
13 47
13 48
13 49
14 42
14 43
14 44
14 45
14 46
14 47
14 48
14 49
15 42
15 43
15 44
15 45
15 46
15 47
15 48
15 49
0
No
0
No
0
No
0
No
0
No
0
Yes
6 2
5 2
4 2
3 2
6 1
5 1
4 1
3 1
3 0
4 0
5 0
6 0
7 0
0
Yes
29 49
29 48
28 48
28 49
28 47
27 47
27 48
27 49
26 48
26 49
0
Yes
24 27
25 27
25 28
25 26
24 26
23 26
23 25
24 25
25 25
24 24
25 24
25 23
25 22
24 22
23 22
26 28
26 27
26 26
26 25
26 24
26 23
26 22
27 27
27 26
27 25
27 24
27 23
27 22
28 24
28 23
28 22
29 24
29 23
29 22
30 24
30 23
30 22
31 24
31 23
31 22
32 24
32 23
32 22
32 21
31 21
30 21
29 21
28 21
27 21
26 21
25 21
24 21
23 21
22 21
22 20
23 20
24 20
25 20
26 20
27 20
28 20
29 20
30 20
31 20
32 20
32 19
31 19
30 19
29 19
28 19
27 19
26 19
25 19
24 19
23 19
22 19
23 18
22 18
26 18
27 18
28 18
22 17
22 16
21 16
21 17
21 18
21 19
20 19
20 18
20 17
19 19
19 18
19 17
19 16
18 16
18 17
18 18
18 19
18 20
18 15
17 15
17 16
17 17
17 18
17 19
17 20
17 21
16 15
16 16
16 17
16 18
16 19
16 20
16 21
16 22
16 23
15 23
15 22
14 23
14 22
13 23
13 22
15 21
15 20
15 19
15 18
15 17
15 16
15 15
14 21
13 21
14 20
13 20
14 19
13 19
14 18
13 18
0
Yes
0 45
0 46
0 47
0 48
1 48
1 47
1 46
1 45
2 45
2 46
2 47
2 48
3 48
3 47
3 46
3 45
4 45
4 46
4 47
4 48
5 48
5 47
5 46
5 45
6 45
6 46
6 47
6 48
6 44
5 44
4 44
3 44
2 44
1 44
0 44
0 43
1 43
2 43
3 43
4 43
5 43
6 43
6 49
5 49
4 49
3 49
2 49
1 49
0 49
0
Yes
45 32
46 32
47 32
48 32
45 31
46 31
47 31
48 31
45 30
46 30
47 30
48 30
49 30
49 31
49 32
49 29
48 29
47 29
46 29
45 29
45 28
46 28
47 28
48 28
49 28
49 27
48 27
47 27
46 27
45 27
45 26
46 26
47 26
48 26
49 26
49 25
48 25
47 25
46 25
45 25
45 24
46 24
47 24
48 24
49 24
49 23
48 23
47 23
46 23
45 23
0
Yes
39 26
39 27
38 26
38 25
39 25
39 24
38 24
38 23
39 23
37 23
37 24
37 25
37 26
37 27
36 27
36 26
36 25
36 24
36 23
35 27
35 26
35 25
35 24
35 23
34 27
34 26
34 25
34 24
34 23
33 27
33 26
33 25
33 24
33 23
33 22
34 22
35 22
36 22
37 22
38 22
39 22
39 21
38 21
37 21
36 21
35 21
34 21
33 21
33 20
34 20
35 20
36 20
37 20
38 20
39 20
0
Yes
22 46
22 47
22 48
22 49
23 49
23 48
23 47
23 46
24 46
24 47
24 48
24 49
25 49
25 48
25 47
25 46
26 47
26 46
26 45
25 45
24 45
23 45
22 45
22 44
23 44
24 44
25 44
26 44
26 43
25 43
24 43
23 43
22 43
26 42
25 42
24 42
23 42
22 42
21 42
21 43
21 44
21 45
21 46
21 47
21 48
21 49
20 49
20 48
20 47
20 46
20 45
20 44
20 43
20 42
19 42
19 43
19 44
19 45
19 46
19 47
19 48
19 49
18 49
18 48
18 47
18 46
18 45
18 44
18 43
18 42
17 42
17 43
17 44
17 45
17 46
17 47
17 48
17 49
16 49
16 48
16 47
16 46
16 45
16 44
16 43
0
Yes
11 12
11 13
12 12
12 13
13 12
13 13
0
Yes
29 15
29 14
29 16
30 16
30 15
30 14
30 13
30 12
31 12
31 13
31 14
31 15
31 16
31 11
30 11
29 11
30 10
29 10
32 12
32 13
32 14
32 15
32 16
33 12
33 13
33 14
33 15
33 16
34 13
34 14
34 15
34 16
35 13
35 14
35 15
35 16
36 16
36 15
36 14
36 13
36 12
37 12
37 13
37 14
37 15
37 16
38 16
38 15
38 14
38 13
38 12
38 11
38 10
38 9
38 8
38 7
38 6
39 6
39 7
39 8
39 9
39 10
39 11
39 12
39 13
39 14
39 15
39 16
29 9
30 9
31 9
31 8
30 8
29 8
31 7
30 7
29 7
30 6
29 6
30 5
29 5
28 5
28 6
28 7
28 8
28 9
28 10
27 5
27 6
27 7
27 8
27 9
27 10
26 10
26 9
26 8
26 7
26 6
39 17
38 17
37 17
36 17
35 17
34 17
33 17
32 17
31 17
30 17
29 17
29 18
30 18
31 18
32 18
33 18
34 18
35 18
36 18
37 18
38 18
39 18
39 19
38 19
37 19
36 19
35 19
34 19
33 19
40 12
40 11
40 10
40 9
40 8
40 7
40 6
41 6
41 7
41 8
41 9
0
No
0
Yes
0 8
0 7
1 7
1 8
0
Yes
38 9
38 8
38 7
38 6
39 6
39 7
39 8
39 9
40 9
40 8
40 7
40 6
41 6
41 7
41 8
41 9
42 9
42 8
42 7
42 6
43 6
43 7
43 8
43 9
44 8
44 7
44 6
44 9
45 9
44 5
43 5
42 5
41 5
40 5
39 5
38 5
37 5
37 4
38 4
39 4
40 4
41 4
42 4
43 4
44 4
44 3
43 3
42 3
41 3
40 3
39 3
38 3
37 3
36 3
44 2
43 2
42 2
41 2
40 2
39 2
38 2
37 2
36 2
35 2
44 1
43 1
42 1
41 1
40 1
39 1
38 1
37 1
36 1
35 1
34 1
34 0
35 0
36 0
37 0
38 0
39 0
40 0
41 0
42 0
43 0
44 0
38 10
39 10
40 10
41 10
42 10
43 10
44 10
45 10
38 11
39 11
40 11
41 11
42 11
43 11
44 11
45 11
45 12
44 12
43 12
42 12
41 12
40 12
0
Yes
17 0
17 1
17 2
17 3
17 4
17 5
16 5
16 4
16 3
16 2
16 1
16 0
15 5
15 4
15 3
15 2
15 1
15 0
14 0
14 1
14 2
14 3
14 4
14 5
18 5
18 4
18 3
18 2
18 1
18 0
19 5
19 4
19 3
0
Yes
0 18
0 19
1 19
1 18
1 17
0 17
2 19
2 18
2 17
0
Yes
32 15
32 16
32 17
32 18
31 18
31 17
31 16
31 15
30 18
30 17
30 16
30 15
29 18
29 17
29 16
29 15
29 14
30 14
31 14
32 14
33 14
33 15
33 16
33 17
33 18
33 19
34 19
34 18
34 17
34 16
34 15
34 14
35 19
35 18
35 17
35 16
35 15
35 14
36 19
36 18
36 17
36 16
36 15
36 14
37 19
37 18
37 17
37 16
37 15
37 14
38 19
38 18
38 17
38 16
38 15
38 14
39 19
39 18
39 17
39 16
39 15
39 14
39 13
38 13
37 13
36 13
35 13
34 13
33 13
32 13
31 13
30 13
33 12
1
448
48 47
47 47
46 47
45 47
44 47
44 48
45 48
46 48
47 48
48 48
48 49
47 49
46 49
45 49
44 49
43 47
43 48
43 49
42 47
42 48
42 49
41 47
41 48
41 49
40 47
40 48
40 49
49 47
49 48
49 49
39 49
39 48
39 47
39 46
39 45
38 45
38 46
38 47
38 48
38 49
37 46
37 47
37 48
37 49
36 46
Yes
9 43
9 44
9 45
9 46
9 47
9 48
9 49
10 49
10 48
10 47
10 46
10 45
10 44
10 43
10 42
9 42
8 42
8 43
8 44
8 45
8 46
8 47
8 48
8 49
11 42
11 43
11 44
11 45
11 46
11 47
11 48
11 49
12 49
12 48
12 47
12 46
12 45
12 44
12 43
12 42
13 42
13 43
13 44
13 45
13 46
13 47
13 48
13 49
14 42
14 43
14 44
14 45
14 46
14 47
14 48
14 49
15 49
15 48
15 47
15 46
15 45
15 44
15 43
15 42
0
No
0
No
0
No
1
460
11 18
12 18
12 19
11 19
12 20
11 20
12 21
11 21
10 21
10 20
10 19
10 18
9 20
9 19
9 18
8 20
8 19
8 18
7 20
7 19
7 18
6 18
6 19
6 20
5 20
5 19
6 17
7 17
8 17
9 17
10 17
11 17
12 17
13 17
14 17
14 16
13 16
12 16
11 16
10 16
9 16
8 16
7 16
6 16
14 15
13 15
12 15
11 15
10 15
9 15
8 15
7 15
6 15
14 14
13 14
12 14
11 14
10 14
9 14
8 14
7 14
6 14
6 13
7 13
8 13
9 13
10 13
11 13
12 13
13 13
9 12
10 12
11 12
12 12
13 12
8 12
7 12
7 11
8 11
14 12
14 11
13 11
12 11
11 11
10 11
Yes
20 49
21 49
22 49
23 49
24 49
25 49
26 49
27 49
28 49
28 48
27 48
26 48
25 48
24 48
23 48
22 48
21 48
20 48
28 47
27 47
26 47
25 47
24 47
23 47
22 47
21 47
20 47
26 46
25 46
24 46
23 46
22 46
21 46
20 46
20 45
21 45
22 45
23 45
24 45
25 45
26 45
27 45
27 44
26 44
25 44
24 44
23 44
22 44
21 44
20 44
26 43
25 43
24 43
23 43
22 43
21 43
20 43
19 43
19 44
19 45
19 46
19 47
19 48
19 49
29 48
29 49
18 49
18 48
18 47
18 46
18 45
18 44
18 43
17 43
17 44
17 45
17 46
17 47
17 48
17 49
16 49
16 48
16 47
16 46
16 45
16 44
0
Yes
31 38
32 38
33 38
34 38
35 38
35 37
34 37
33 37
32 37
31 37
31 36
32 36
33 36
34 36
34 35
33 35
32 35
31 35
30 37
30 38
30 39
31 39
32 39
31 34
32 34
33 34
34 34
31 33
32 33
33 33
34 33
35 33
35 32
34 32
33 32
32 32
0
Yes
41 24
41 23
40 23
40 24
40 25
41 25
40 26
41 26
42 23
42 24
42 25
42 26
43 23
43 24
43 25
43 26
44 23
44 24
44 25
44 26
40 27
41 27
42 27
43 27
44 27
42 28
43 28
44 28
0
Yes
0 0
1 0
1 1
0 1
0
Yes
0 36
1 36
2 36
2 37
1 37
0 37
2 38
1 38
0 38
2 39
1 39
0 39
0 40
1 40
2 40
0
Yes
30 29
30 30
31 30
31 29
31 31
32 31
32 30
32 29
33 31
33 30
33 29
34 31
34 30
34 29
35 31
35 30
35 29
36 31
36 30
36 29
36 28
35 28
34 28
33 28
32 28
31 28
30 28
29 28
29 27
30 27
31 27
32 27
33 27
34 27
35 27
36 27
36 26
35 26
34 26
33 26
32 26
31 26
30 26
29 26
29 25
30 25
31 25
32 25
33 25
34 25
35 25
36 25
0
No
0
Yes
49 10
49 9
49 8
48 8
48 9
48 10
47 8
47 9
47 10
46 8
46 9
46 10
46 11
47 11
48 11
49 11
0
Yes
0 15
0 16
1 16
1 15
2 16
2 15
3 16
3 15
4 15
4 16
5 16
5 15
5 14
4 14
3 14
2 14
1 14
0 14
0 13
1 13
2 13
3 13
4 13
0
No
0
No
0
Yes
48 34
47 34
49 34
47 35
48 35
49 35
47 36
0
Yes
16 38
17 38
17 39
17 40
16 40
16 41
17 41
16 42
17 42
18 42
18 41
18 40
18 39
18 38
19 42
19 41
19 40
19 39
19 38
20 38
20 39
20 40
20 41
20 42
19 37
18 37
17 37
16 37
16 36
17 36
18 36
19 36
19 35
18 35
17 35
15 36
15 37
21 38
21 39
21 40
21 41
21 42
22 42
22 41
22 40
22 39
23 39
23 40
0
Yes
24 0
24 1
24 2
24 3
24 4
24 5
23 5
23 4
23 3
23 2
23 1
23 0
22 5
22 4
22 3
22 2
22 1
22 0
21 5
21 4
21 3
21 2
21 1
21 0
20 4
20 3
20 2
20 1
20 0
19 2
19 1
19 0
25 3
25 2
25 1
25 0
0
No
0
Yes
44 20
44 21
45 21
45 20
46 20
46 21
47 21
47 20
48 20
48 21
49 21
49 20
49 19
48 19
47 19
46 19
45 19
44 19
44 18
45 18
46 18
47 18
48 18
49 18
49 17
48 17
47 17
46 17
45 17
44 17
44 16
45 16
46 16
47 16
48 16
49 16
49 15
48 15
47 15
46 15
45 15
44 15
44 14
45 14
46 14
47 14
48 14
49 14
45 13
44 13
46 13
47 13
48 13
49 13
43 13
43 14
43 15
43 16
43 17
43 18
43 19
43 20
43 21
42 13
42 14
42 15
42 16
42 17
42 18
42 19
42 20
42 21
41 13
41 14
41 15
41 16
41 17
0
Yes
15 28
15 29
15 30
16 30
16 31
15 31
14 31
14 30
14 29
14 28
14 27
13 29
13 30
13 31
13 28
13 27
12 28
12 27
12 31
12 32
13 32
14 32
14 33
13 33
12 33
13 26
12 26
11 26
13 25
12 25
11 25
10 25
10 24
11 24
12 24
13 24
14 24
14 23
13 23
12 23
11 23
10 23
10 22
11 22
12 22
13 22
14 22
13 21
14 21
13 20
14 20
13 19
14 19
13 18
14 18
9 22
9 23
8 23
8 22
7 22
7 23
15 23
15 22
15 21
15 20
15 19
15 18
16 23
16 22
16 21
16 20
16 19
16 18
17 21
17 20
17 19
17 18
18 20
18 19
18 18
19 19
19 18
20 19
20 18
20 17
19 17
18 17
17 17
16 17
15 17
19 16
18 16
17 16
16 16
15 16
15 15
16 15
17 15
18 15
21 19
21 18
21 17
21 16
22 16
22 17
22 18
22 19
23 18
23 19
24 19
25 19
22 20
23 20
24 20
25 20
22 21
23 21
24 21
25 21
23 22
24 22
25 22
25 23
25 24
24 24
24 25
25 25
23 25
23 26
24 26
25 26
24 27
25 27
25 28
26 28
26 27
0
Yes
13 6
13 5
12 5
12 6
12 7
13 7
12 8
13 8
14 8
15 8
15 9
14 9
13 9
12 9
12 10
13 10
14 10
15 10
0
Yes
28 6
28 7
28 8
28 9
28 10
27 10
27 9
27 8
27 7
27 6
29 10
29 9
29 8
29 7
29 6
29 11
30 6
30 7
30 8
30 9
30 10
30 11
26 5
31 9
31 8
31 7
30 5
29 5
28 5
27 5
26 10
26 9
26 8
26 7
26 6
0
No
0
No
0
Yes
3 15
3 16
2 16
2 15
1 16
1 15
1 14
2 14
3 14
2 13
1 13
3 13
4 13
4 14
4 15
4 16
4 17
5 17
5 16
5 15
5 14
5 13
0 13
0 14
0 15
0 16
0
Yes
40 13
40 14
39 14
39 13
39 12
38 12
38 13
38 14
37 12
37 13
37 14
36 12
36 13
36 14
35 13
35 14
34 13
34 14
33 14
33 13
33 12
32 12
32 13
32 14
31 12
31 13
31 14
30 12
30 13
30 14
29 14
29 15
30 15
31 15
32 15
33 15
34 15
35 15
36 15
37 15
38 15
39 15
40 15
40 16
39 16
38 16
37 16
36 16
35 16
34 16
33 16
32 16
31 16
30 16
29 16
29 17
30 17
31 17
32 17
33 17
34 17
35 17
36 17
37 17
38 17
39 17
40 17
40 18
39 18
38 18
37 18
36 18
35 18
34 18
33 18
32 18
31 18
30 18
29 18
41 18
41 19
40 19
39 19
38 19
37 19
36 19
35 19
34 19
33 19
32 19
31 19
30 19
29 19
41 20
40 20
39 20
38 20
0
Yes
0 0
0 1
1 1
1 0
2 1
2 0
0
Yes
49 24
49 25
49 26
49 27
49 28
49 29
49 30
49 31
49 32
48 32
48 31
48 30
48 29
48 28
48 27
48 26
48 25
48 24
47 32
47 31
47 30
47 29
47 28
47 27
47 26
47 25
47 24
46 32
46 31
46 30
46 29
46 28
46 27
46 26
46 25
46 24
46 23
47 23
48 23
49 23
45 32
45 31
45 30
45 29
45 28
45 27
45 26
45 25
45 24
0
No
1
469
6 14
6 13
6 15
6 16
6 17
7 17
7 16
7 15
7 14
7 13
7 12
7 11
8 11
8 12
8 13
8 14
8 15
8 16
8 17
9 12
9 13
9 14
9 15
9 16
9 17
6 18
7 18
8 18
9 18
9 19
8 19
7 19
6 19
5 19
5 20
6 20
7 20
8 20
9 20
10 20
10 19
10 18
10 17
10 16
10 15
10 14
10 13
10 12
10 21
11 21
11 20
11 19
11 18
11 17
11 16
11 15
11 14
11 13
11 12
12 21
12 20
12 19
12 18
12 17
Yes
20 45
20 46
20 47
20 48
20 49
21 49
21 48
21 47
21 46
21 45
22 45
22 46
22 47
22 48
22 49
23 49
23 48
23 47
23 46
23 45
24 45
24 46
24 47
24 48
24 49
25 49
25 48
25 47
25 46
25 45
26 46
26 47
26 48
26 49
26 45
27 45
27 44
26 44
25 44
24 44
23 44
22 44
21 44
20 44
20 43
21 43
22 43
23 43
24 43
25 43
26 43
26 42
25 42
24 42
23 42
23 41
24 41
25 41
26 41
26 40
25 40
24 40
24 39
25 39
26 39
27 39
26 38
27 38
28 38
29 38
27 47
27 48
27 49
28 47
28 48
28 49
29 48
29 49
29 37
28 37
19 43
19 44
19 45
19 46
19 47
19 48
19 49
18 43
18 44
18 45
18 46
18 47
18 48
18 49
17 43
17 44
17 45
17 46
17 47
17 48
17 49
16 43
16 44
16 45
16 46
16 47
16 48
16 49
15 49
15 48
15 47
15 46
15 45
15 44
15 43
15 42
14 42
14 43
14 44
14 45
14 46
14 47
14 48
14 49
13 49
13 48
13 47
13 46
13 45
13 44
13 43
13 42
13 41
13 40
12 40
12 41
0
No
0
Yes
7 46
7 47
7 48
7 49
7 45
8 45
8 46
8 47
8 48
8 49
9 49
9 48
9 47
9 46
9 45
10 45
10 46
10 47
10 48
10 49
11 49
11 48
11 47
11 46
11 45
12 45
12 46
12 47
12 48
12 49
12 44
11 44
10 44
9 44
0
Yes
26 20
26 21
26 22
26 23
26 19
26 18
27 18
27 19
27 20
27 21
27 22
27 23
27 17
28 18
28 19
28 20
28 21
28 22
28 23
29 20
29 21
29 22
29 23
30 20
30 21
30 22
30 23
31 20
31 21
31 22
31 23
32 20
32 21
32 22
32 23
33 20
33 21
33 22
33 23
34 20
34 21
34 22
34 23
35 20
35 21
35 22
35 23
35 24
34 24
33 24
32 24
31 24
30 24
29 24
28 24
27 24
26 24
26 25
27 25
28 25
28 26
27 26
26 26
27 27
36 24
36 23
36 22
36 21
36 20
37 20
37 21
37 22
37 23
37 24
37 25
37 26
37 27
38 26
38 25
38 24
38 23
38 22
38 21
39 21
39 22
39 23
39 24
39 25
39 26
39 27
39 28
40 22
40 21
41 21
41 22
42 22
0
No
0
Yes
6 13
6 14
6 15
6 16
6 17
7 17
7 16
7 15
7 14
7 13
7 12
7 11
8 11
8 12
8 13
8 14
8 15
8 16
8 17
9 12
9 13
9 14
9 15
9 16
9 17
6 18
7 18
8 18
9 18
9 19
8 19
7 19
6 19
5 19
5 20
6 20
7 20
8 20
9 20
10 20
10 19
10 18
10 17
10 16
10 15
10 14
10 13
10 12
10 21
11 21
11 20
11 19
11 18
11 17
11 16
11 15
11 14
11 13
11 12
12 21
12 20
12 19
12 18
12 17
12 16
12 15
12 14
12 13
12 12
13 13
13 14
13 15
0
No
0
Yes
12 46
12 47
12 48
12 49
12 45
12 44
12 43
11 43
11 44
11 45
11 46
11 47
11 48
11 49
10 49
10 48
10 47
10 46
10 45
10 44
10 43
9 43
9 44
9 45
9 46
9 47
9 48
9 49
8 49
8 48
8 47
8 46
8 45
8 44
8 43
7 43
7 44
7 45
7 46
7 47
7 48
7 49
12 42
11 42
10 42
9 42
0
Yes
49 38
49 39
48 39
47 39
46 39
46 40
47 40
48 40
49 40
46 41
47 41
48 41
49 41
0
No
0
Yes
49 37
48 37
48 36
49 36
47 36
47 35
48 35
49 35
47 34
48 34
49 34
0
Yes
37 5
37 4
38 4
38 5
38 6
38 7
39 7
39 6
39 5
39 4
40 4
40 5
40 6
40 7
41 7
41 6
41 5
41 4
42 4
42 5
42 6
42 7
43 7
43 6
43 5
43 4
44 4
44 5
44 6
44 7
44 3
43 3
42 3
41 3
40 3
39 3
38 3
37 3
44 2
43 2
42 2
41 2
40 2
39 2
38 2
37 2
44 1
43 1
42 1
41 1
40 1
39 1
38 1
37 1
44 0
43 0
42 0
41 0
40 0
39 0
38 0
37 0
44 8
43 8
42 8
41 8
40 8
0
No
0
Yes
0 13
1 13
2 13
2 14
1 14
0 14
0 15
1 15
2 15
3 15
3 14
3 13
3 12
4 12
4 13
4 14
4 15
5 12
5 13
5 14
5 15
5 16
4 16
3 16
2 16
1 16
0 16
4 17
5 17
0
Yes
49 43
49 42
48 42
48 43
47 42
47 43
46 42
46 43
45 43
45 44
46 44
47 44
48 44
49 44
49 45
48 45
47 45
46 45
45 45
45 46
46 46
47 46
48 46
49 46
49 47
48 47
47 47
46 47
45 47
45 48
46 48
47 48
48 48
49 48
49 49
48 49
47 49
46 49
45 49
44 43
44 44
44 45
44 46
44 47
44 48
44 49
43 45
43 44
43 47
0
Yes
18 43
19 43
20 43
21 43
22 43
17 43
17 44
18 44
19 44
20 44
21 44
22 44
22 45
21 45
20 45
19 45
18 45
17 45
17 46
18 46
19 46
20 46
21 46
22 46
22 47
21 47
20 47
19 47
18 47
17 47
17 48
18 48
19 48
20 48
21 48
22 48
22 49
21 49
20 49
19 49
18 49
0
No
0
Yes
48 29
48 30
48 31
48 32
49 32
49 31
49 30
49 29
47 32
47 31
47 30
47 29
46 32
46 31
46 30
46 29
45 32
45 31
45 30
45 29
45 28
46 28
47 28
48 28
49 28
45 27
46 27
47 27
48 27
49 27
45 26
46 26
47 26
48 26
49 26
45 25
46 25
47 25
48 25
49 25
45 24
46 24
47 24
48 24
49 24
45 23
46 23
47 23
48 23
49 23
49 22
48 22
47 22
46 22
0
No
0
Yes
9 2
10 2
10 3
10 4
11 4
11 3
11 2
12 2
12 3
12 4
13 4
13 3
13 2
14 2
14 3
14 4
15 4
15 3
15 2
16 2
16 3
16 4
17 4
17 3
17 2
18 2
18 3
18 4
19 3
19 4
18 1
17 1
16 1
15 1
14 1
13 1
12 1
11 1
10 1
9 1
8 1
8 0
9 0
10 0
11 0
12 0
13 0
14 0
15 0
16 0
17 0
18 0
19 5
18 5
17 5
16 5
15 5
14 5
13 5
12 5
17 6
18 6
12 6
13 6
0
Yes
30 2
31 2
31 1
30 1
29 1
29 2
28 2
28 1
27 1
27 2
26 2
26 1
30 3
29 3
28 3
27 3
26 3
26 0
27 0
28 0
29 0
30 0
31 0
0
Yes
43 1
44 1
44 2
43 2
44 3
43 3
44 4
43 4
44 5
43 5
44 6
43 6
44 0
43 0
42 0
42 1
42 2
42 3
42 4
42 5
42 6
41 6
41 5
41 4
41 3
41 2
41 1
41 0
40 0
40 1
40 2
40 3
40 4
40 5
40 6
39 6
39 5
39 4
39 3
39 2
39 1
39 0
38 6
38 5
38 4
38 3
38 2
38 1
38 0
37 5
37 4
37 3
37 2
37 1
37 0
36 3
36 2
36 1
36 0
35 2
35 1
35 0
34 1
34 0
38 7
39 7
40 7
41 7
42 7
43 7
0
Yes
42 47
42 48
43 48
43 49
42 49
41 47
41 48
41 49
40 47
40 48
40 49
39 49
39 48
39 47
0
Yes
34 48
35 48
36 48
37 48
38 48
38 49
37 49
36 49
35 49
34 49
0
Yes
34 27
34 28
34 29
34 30
34 31
35 31
35 30
35 29
35 28
35 27
36 31
36 30
36 29
36 28
36 27
37 27
33 31
33 30
33 29
33 28
33 27
32 31
32 30
32 29
32 28
32 27
31 31
31 30
31 29
31 28
31 27
30 30
30 29
30 28
30 27
29 28
29 27
29 26
30 26
31 26
32 26
33 26
34 26
35 26
36 26
37 26
37 25
36 25
35 25
34 25
33 25
32 25
31 25
30 25
29 25
29 24
30 24
31 24
32 24
33 24
34 24
35 24
36 24
37 24
37 23
36 23
35 23
34 23
33 23
32 23
31 23
30 23
29 23
29 22
30 22
31 22
32 22
33 22
34 22
35 22
36 22
37 22
0
Yes
49 31
49 32
48 32
48 31
47 32
47 31
46 32
46 31
45 32
45 31
45 30
46 30
47 30
48 30
49 30
45 29
46 29
47 29
48 29
49 29
45 28
46 28
47 28
48 28
49 28
45 27
46 27
47 27
48 27
49 27
0
Yes
39 42
40 42
40 43
39 43
38 42
38 43
37 43
37 42
40 44
39 44
38 44
38 45
39 45
0
Yes
0 0
0 1
1 1
1 0
2 1
2 0
0
No
0
Yes
23 48
23 49
23 47
24 47
24 48
24 49
25 49
25 48
25 47
26 47
26 48
26 49
27 47
27 48
27 49
28 47
28 48
28 49
1
488
19 4
19 5
19 3
18 3
18 4
18 5
18 2
18 1
18 0
18 6
17 6
17 5
17 4
17 3
17 2
17 1
17 0
16 5
16 4
16 3
16 2
16 1
16 0
15 5
15 4
15 3
15 2
15 1
15 0
14 5
14 4
14 3
14 2
14 1
14 0
13 0
13 1
13 2
13 3
13 4
13 5
13 6
13 7
12 7
12 6
12 5
12 4
12 3
12 2
12 1
12 0
11 4
11 3
11 2
11 1
11 0
10 4
10 3
10 2
10 1
10 0
9 2
9 1
9 0
8 1
8 0
12 8
13 8
14 8
15 8
15 9
14 9
13 9
12 9
15 10
14 10
13 10
Yes
46 13
46 14
46 15
46 16
46 17
46 18
46 19
47 19
47 18
47 17
47 16
47 15
47 14
47 13
48 13
48 14
48 15
48 16
48 17
48 18
48 19
49 19
49 18
49 17
49 16
49 15
49 14
49 13
49 12
48 12
47 12
46 12
46 11
47 11
48 11
49 11
49 10
48 10
47 10
46 10
46 9
47 9
48 9
49 9
45 9
45 10
45 11
45 12
45 13
45 14
45 15
45 16
45 17
45 18
45 19
44 19
44 18
44 17
44 16
44 15
44 14
44 13
44 12
44 11
44 10
44 9
43 9
43 10
43 11
43 12
43 13
43 14
43 15
43 16
43 17
43 18
43 19
42 19
42 18
42 17
42 16
42 15
42 14
42 13
42 12
42 11
0
Yes
13 33
14 33
14 32
13 32
13 31
14 31
13 30
14 30
12 31
12 32
12 33
1
475
13 47
13 48
13 49
13 46
14 46
14 47
14 48
14 49
15 49
15 48
15 47
15 46
16 46
16 47
16 48
16 49
16 45
15 45
14 45
13 45
13 44
14 44
15 44
16 44
16 43
15 43
14 43
13 43
Yes
18 19
18 20
19 19
19 18
18 18
18 17
19 17
19 16
18 16
18 15
17 15
17 16
17 17
17 18
17 19
17 20
17 21
16 15
16 16
16 17
16 18
16 19
16 20
16 21
15 21
15 20
15 19
15 18
15 17
15 16
15 15
15 14
14 14
14 15
14 16
14 17
14 18
14 19
14 20
14 21
13 16
13 17
13 18
13 19
13 20
13 21
16 22
15 22
14 22
13 22
16 23
15 23
14 23
13 23
14 24
13 24
13 25
13 26
12 22
12 23
12 24
12 25
12 26
11 26
11 25
11 24
11 23
11 22
10 25
10 24
10 23
10 22
9 22
9 23
8 23
8 22
7 22
7 23
7 24
6 24
6 23
5 23
5 24
12 27
13 27
14 27
12 28
13 28
14 28
15 28
15 29
14 29
13 29
13 30
14 30
15 30
16 30
16 31
15 31
14 31
13 31
12 31
12 32
13 32
14 32
14 33
13 33
12 33
0
No
0
Yes
0 42
1 42
2 42
3 42
4 42
4 41
3 41
2 41
1 41
0 41
0
No
0
No
0
No
0
Yes
4 0
3 0
3 1
4 1
3 2
4 2
5 2
5 1
5 0
6 2
6 1
0
No
0
Yes
36 21
36 20
37 20
37 21
35 20
35 21
34 20
34 21
33 20
33 21
32 20
32 21
31 20
31 21
30 20
30 21
30 22
31 22
32 22
33 22
34 22
35 22
36 22
37 22
37 23
36 23
35 23
34 23
33 23
32 23
31 23
30 23
30 24
31 24
32 24
33 24
34 24
35 24
36 24
37 24
37 25
36 25
35 25
34 25
33 25
32 25
31 25
30 25
30 26
31 26
32 26
33 26
34 26
35 26
36 26
37 26
37 27
36 27
35 27
34 27
33 27
32 27
31 27
30 27
36 28
35 28
34 28
33 28
32 28
31 28
30 28
30 29
31 29
32 29
33 29
34 29
35 29
36 29
30 30
31 30
32 30
33 30
34 30
35 30
36 30
36 31
35 31
34 31
33 31
32 31
31 31
29 28
29 27
29 26
29 25
29 24
29 23
29 22
29 21
29 20
1
524
28 26
27 26
27 27
26 27
26 26
26 28
25 28
25 27
25 26
24 27
24 26
23 26
23 25
24 25
25 25
26 25
27 25
28 25
24 24
25 24
26 24
27 24
28 24
28 23
27 23
26 23
25 23
28 22
27 22
26 22
Yes
49 23
49 24
49 25
49 26
49 27
48 27
48 26
48 25
48 24
48 23
48 22
49 22
49 21
48 21
48 20
49 20
47 20
47 21
47 22
47 23
47 24
47 25
47 26
47 27
46 20
46 21
46 22
46 23
46 24
46 25
46 26
46 27
45 20
45 21
45 22
45 23
45 24
45 25
45 26
45 27
44 20
44 21
44 22
44 23
44 24
44 25
44 26
44 27
43 20
43 21
43 22
43 23
43 24
43 25
43 26
43 27
42 20
42 21
42 22
42 23
42 24
42 25
42 26
42 27
42 28
43 28
44 28
45 28
46 28
47 28
48 28
49 28
43 29
44 29
45 29
46 29
47 29
48 29
49 29
45 30
46 30
47 30
48 30
49 30
45 31
46 31
47 31
48 31
49 31
45 32
46 32
47 32
48 32
49 32
41 27
41 26
41 25
41 24
0
Yes
8 12
8 11
7 11
7 12
9 12
9 13
8 13
7 13
6 13
6 14
7 14
8 14
9 14
10 14
10 13
10 12
10 11
10 10
11 10
11 11
11 12
11 13
11 14
12 10
12 11
12 12
12 13
12 14
13 14
13 13
13 12
13 11
14 11
14 12
13 15
12 15
11 15
10 15
9 15
8 15
7 15
6 15
6 16
7 16
8 16
9 16
10 16
11 16
12 16
12 17
11 17
10 17
9 17
8 17
7 17
6 17
6 18
7 18
8 18
9 18
10 18
11 18
12 18
12 19
11 19
10 19
9 19
8 19
7 19
6 19
5 19
5 20
6 20
7 20
8 20
9 20
0
No
0
Yes
3 31
4 31
4 30
3 30
2 30
2 31
2 32
0
Yes
15 5
16 5
14 5
14 4
15 4
16 4
17 4
17 5
18 5
18 4
19 5
19 4
19 3
18 3
17 3
16 3
15 3
14 3
18 2
17 2
16 2
15 2
14 2
18 1
17 1
16 1
15 1
14 1
18 0
17 0
16 0
15 0
14 0
13 0
13 1
13 2
13 3
13 4
13 5
12 5
12 4
12 3
12 2
12 1
12 0
11 4
11 3
11 2
11 1
11 0
10 4
10 3
10 2
10 1
10 0
9 2
9 1
9 0
0
No
0
Yes
13 9
13 10
14 10
14 9
14 8
13 8
15 8
15 9
15 10
0
Yes
16 40
16 41
15 41
15 42
16 42
16 43
15 43
15 44
16 44
16 45
15 45
15 46
16 46
16 47
15 47
15 48
16 48
16 49
15 49
17 49
17 48
17 47
17 46
17 45
17 44
17 43
17 42
17 41
17 40
17 39
18 39
18 40
18 41
18 42
18 43
18 44
18 45
18 46
18 47
18 48
18 49
19 49
19 48
19 47
19 46
19 45
19 44
19 43
19 42
19 41
19 40
19 39
20 39
20 40
20 41
20 42
20 43
20 44
20 45
20 46
20 47
20 48
20 49
21 49
21 48
21 47
21 46
21 45
21 44
21 43
21 42
21 41
21 40
21 39
22 39
22 40
22 41
22 42
22 43
22 44
22 45
22 46
22 47
22 48
22 49
23 46
23 45
23 44
23 43
23 42
23 41
23 40
23 39
24 39
24 40
24 41
24 42
24 43
24 44
24 45
24 46
25 46
25 45
25 44
25 43
25 42
25 41
25 40
25 39
26 46
26 45
26 44
26 43
26 42
26 41
26 40
26 39
27 39
26 38
27 38
27 44
27 45
21 38
20 38
19 38
18 38
17 38
16 38
0
Yes
5 49
6 49
6 48
5 48
6 47
5 47
6 46
5 46
6 45
5 45
4 45
4 46
4 47
4 48
4 49
3 49
3 48
3 47
3 46
3 45
2 45
2 46
2 47
2 48
2 49
1 49
1 48
1 47
1 46
1 45
0 45
0 46
0 47
0 48
0 49
6 44
5 44
4 44
3 44
2 44
1 44
0 44
6 43
5 43
4 43
3 43
2 43
1 43
0 43
5 42
6 42
4 42
3 42
2 42
1 42
0 42
0
Yes
14 46
13 46
13 47
14 47
13 48
14 48
13 49
14 49
13 45
14 45
13 44
14 44
13 43
14 43
14 42
13 42
13 41
13 40
12 40
12 41
15 42
15 43
15 44
15 45
15 46
15 47
15 48
15 49
15 41
16 41
16 42
16 43
16 44
16 45
16 46
16 47
16 48
16 49
16 40
17 40
17 41
17 42
17 43
17 44
17 45
17 46
17 47
17 48
17 49
18 49
18 48
18 47
18 46
18 45
18 44
18 43
18 42
18 41
18 40
19 40
19 41
19 42
19 43
19 44
19 45
19 46
19 47
19 48
19 49
20 49
20 48
20 47
20 46
20 45
20 44
20 43
20 42
20 41
20 40
21 40
21 41
21 42
21 43
21 44
21 45
21 46
21 47
21 48
21 49
22 49
22 48
22 47
22 46
22 45
22 44
22 43
22 42
22 41
22 40
22 39
21 39
20 39
19 39
18 39
17 39
21 38
20 38
19 38
0
Yes
36 1
36 2
36 3
37 3
37 2
37 1
37 4
37 5
38 5
38 4
38 3
38 2
38 1
38 6
38 7
39 7
39 6
39 5
39 4
39 3
39 2
39 1
40 1
40 2
40 3
40 4
40 5
40 6
40 7
41 7
41 6
41 5
41 4
41 3
41 2
41 1
42 1
42 2
42 3
42 4
42 5
42 6
42 7
43 7
43 6
43 5
43 4
43 3
43 2
43 1
44 1
44 2
44 3
44 4
44 5
44 6
44 7
44 0
43 0
42 0
41 0
40 0
39 0
38 0
37 0
36 0
44 8
43 8
42 8
41 8
40 8
39 8
38 8
35 2
35 1
35 0
34 1
34 0
38 9
39 9
40 9
41 9
42 9
42 10
41 10
0
No
0
Yes
41 1
41 2
41 3
41 4
41 5
41 6
42 6
42 5
42 4
42 3
42 2
42 1
43 1
43 2
43 3
43 4
43 5
43 6
44 6
44 5
44 4
44 3
44 2
44 1
44 0
43 0
42 0
41 0
40 0
40 1
40 2
40 3
40 4
40 5
40 6
39 6
39 5
39 4
39 3
39 2
39 1
39 0
38 6
38 5
38 4
38 3
38 2
38 1
38 0
37 5
37 4
37 3
37 2
37 1
37 0
36 3
36 2
36 1
36 0
35 2
35 1
35 0
34 1
34 0
38 7
39 7
40 7
41 7
42 7
43 7
44 7
44 8
43 8
42 8
41 8
40 8
39 8
38 8
38 9
39 9
40 9
41 9
42 9
42 10
41 10
40 10
39 10
38 10
0
No
0
No
0
No
0
No
0
No
0
No
0
Yes
21 46
21 47
22 47
22 46
22 48
21 48
22 49
21 49
20 49
20 48
20 47
20 46
20 45
21 45
22 45
22 44
21 44
20 44
20 43
21 43
22 43
22 42
21 42
20 42
19 42
19 43
19 44
19 45
19 46
19 47
19 48
19 49
18 49
18 48
18 47
18 46
18 45
18 44
18 43
18 42
17 42
17 43
17 44
17 45
17 46
17 47
17 48
17 49
16 49
16 48
16 47
16 46
16 45
16 44
16 43
16 42
15 42
15 43
15 44
15 45
15 46
15 47
15 48
15 49
14 42
14 43
14 44
14 45
14 46
14 47
14 48
14 49
13 49
13 48
13 47
13 46
13 45
13 44
13 43
13 42
15 41
16 41
17 41
18 41
19 41
20 41
21 41
22 41
16 40
17 40
18 40
19 40
20 40
21 40
22 40
22 39
21 39
20 39
19 39
18 39
17 39
21 38
0
No
1
528
1 41
2 41
0 41
0 40
1 40
2 40
2 39
1 39
0 39
2 38
1 38
0 38
2 37
1 37
0 37
2 36
1 36
0 36
Yes
32 39
31 39
30 39
30 38
31 38
32 38
30 37
31 37
32 37
31 36
32 36
31 35
32 35
31 34
32 34
31 33
32 33
32 32
29 37
29 38
28 37
28 38
27 38
27 39
26 38
26 39
25 39
24 39
23 39
23 40
24 40
25 40
26 40
26 41
25 41
24 41
23 41
23 42
24 42
25 42
26 42
26 43
25 43
24 43
23 43
23 44
24 44
25 44
26 44
27 44
27 45
26 45
25 45
24 45
23 45
23 46
24 46
25 46
26 46
23 47
24 47
25 47
26 47
27 47
28 47
23 48
24 48
25 48
26 48
27 48
28 48
29 48
29 49
28 49
27 49
26 49
25 49
24 49
23 49
33 32
33 33
33 34
33 35
33 36
33 37
33 38
34 38
34 37
34 36
34 35
34 34
34 33
34 32
35 32
35 33
30 48
0
Yes
46 45
46 46
46 47
46 48
46 49
47 49
47 48
47 47
47 46
47 45
48 45
48 46
48 47
48 48
48 49
49 49
49 48
49 47
49 46
49 45
49 44
48 44
47 44
46 44
46 43
47 43
48 43
49 43
46 42
47 42
48 42
49 42
45 43
45 44
45 45
45 46
45 47
45 48
45 49
44 43
44 44
44 45
44 46
44 47
44 48
44 49
43 45
43 44
43 47
43 48
43 49
0
No
1
524
42 47
42 48
41 47
41 48
40 47
40 48
39 48
39 47
39 46
39 45
38 45
38 46
38 47
37 47
37 46
38 44
39 44
40 44
40 43
39 43
38 43
37 43
37 42
38 42
39 42
40 42
39 49
40 49
41 49
42 49
Yes
27 23
28 23
28 24
27 24
28 25
27 25
28 26
27 26
28 22
27 22
28 21
27 21
27 27
28 20
27 20
28 19
27 19
28 18
27 18
26 18
26 19
26 20
26 21
26 22
26 23
26 24
26 25
26 26
26 27
26 28
25 28
25 27
25 26
25 25
25 24
25 23
25 22
25 21
25 20
25 19
24 24
24 25
24 26
24 27
23 26
23 25
24 19
24 20
24 21
24 22
23 22
23 21
23 20
23 19
27 17
22 21
22 20
0
Yes
27 1
26 1
26 0
27 0
28 0
28 1
29 1
29 0
30 0
30 1
31 1
31 0
31 2
30 2
29 2
28 2
27 2
26 2
30 3
29 3
28 3
0
Yes
2 17
2 18
2 19
1 19
1 18
1 17
0 17
0 18
0 19
0
Yes
2 0
2 1
1 1
1 0
0 1
0 0
0
No
0
No
0
Yes
20 49
21 49
22 49
22 48
21 48
20 48
22 47
21 47
20 47
22 46
21 46
20 46
22 45
21 45
20 45
22 44
21 44
20 44
22 43
21 43
20 43
19 43
19 44
19 45
19 46
19 47
19 48
19 49
18 49
18 48
18 47
18 46
18 45
18 44
18 43
17 43
17 44
17 45
17 46
17 47
17 48
17 49
16 49
16 48
16 47
16 46
16 45
16 44
16 43
15 43
15 44
15 45
15 46
15 47
15 48
15 49
14 49
14 48
14 47
14 46
14 45
14 44
14 43
13 43
13 44
13 45
13 46
13 47
13 48
13 49
13 42
14 42
15 42
16 42
17 42
18 42
19 42
20 42
21 42
22 42
15 41
16 41
17 41
18 41
19 41
20 41
21 41
22 41
16 40
17 40
18 40
19 40
20 40
21 40
22 40
22 39
21 39
0
Yes
22 19
22 18
22 17
22 16
21 16
21 17
21 18
21 19
20 19
20 18
20 17
19 19
19 18
19 17
0
No
0
Yes
12 32
12 33
12 31
13 33
13 32
13 31
14 33
14 32
0
No
0
No
0
No
0
No
0
Yes
48 1
48 2
48 3
48 4
48 5
48 6
49 6
49 5
49 4
49 3
49 2
49 1
49 0
48 0
47 0
47 1
47 2
47 3
47 4
47 5
47 6
46 6
46 5
46 4
46 3
46 2
46 1
46 0
45 0
45 1
45 2
45 3
45 4
45 5
0
No
0
No
0
No
0
No
0
Yes
22 40
22 39
22 41
22 42
22 43
22 44
21 44
21 43
21 42
21 41
21 40
21 39
21 38
20 38
20 39
20 40
20 41
20 42
20 43
20 44
22 45
21 45
20 45
22 46
21 46
20 46
22 47
21 47
20 47
22 48
21 48
20 48
22 49
21 49
20 49
19 49
19 48
19 47
19 46
19 45
19 44
19 43
19 42
19 41
19 40
19 39
19 38
19 37
19 36
19 35
18 35
18 36
18 37
18 38
18 39
18 40
18 41
18 42
18 43
18 44
18 45
18 46
18 47
18 48
18 49
17 35
17 36
17 37
17 38
17 39
17 40
17 41
17 42
17 43
17 44
17 45
17 46
17 47
17 48
17 49
16 40
16 41
16 42
16 43
16 44
16 45
16 46
16 47
16 48
16 49
15 41
15 42
15 43
15 44
15 45
15 46
15 47
15 48
15 49
16 38
16 37
16 36
15 36
15 37
14 42
14 43
14 44
14 45
14 46
14 47
14 48
14 49
13 49
13 48
13 47
13 46
13 45
13 44
0
No
1
573
12 9
12 8
12 7
12 6
13 6
13 7
13 8
13 9
Yes
18 18
18 19
18 20
19 19
19 18
20 19
20 18
20 17
19 17
18 17
19 16
18 16
18 15
17 15
17 16
17 17
17 18
17 19
17 20
16 15
16 16
16 17
16 18
16 19
16 20
21 19
21 18
21 17
21 16
22 16
22 17
22 18
22 19
15 20
15 19
15 18
15 17
15 16
15 15
15 14
14 14
14 15
14 16
14 17
14 18
14 19
14 20
13 16
13 17
13 18
13 19
13 20
12 20
11 20
10 20
17 21
16 21
15 21
14 21
13 21
12 21
11 21
10 21
16 22
15 22
14 22
13 22
12 22
11 22
10 22
16 23
15 23
14 23
13 23
12 23
11 23
10 23
14 24
13 24
12 24
11 24
10 24
10 25
11 25
12 25
13 25
11 26
12 26
13 26
12 27
13 27
14 27
12 28
13 28
14 28
15 28
15 29
14 29
13 29
13 30
14 30
15 30
16 30
16 31
15 31
14 31
13 31
12 31
12 32
13 32
14 32
14 33
13 33
12 33
9 23
9 22
8 22
8 23
11 32
0
Yes
39 25
40 25
40 26
39 26
39 27
40 27
38 26
38 25
38 24
39 24
40 24
38 23
39 23
40 23
38 22
39 22
40 22
0
Yes
49 7
49 8
48 8
48 7
47 7
47 8
46 8
0
No
0
No
0
No
0
No
0
No
0
No
0
No
0
No
0
No
0
No
0
No
0
No
0
Yes
32 17
32 18
32 19
33 19
33 18
33 17
34 19
34 18
34 17
31 19
31 18
31 17
30 19
30 18
30 17
29 19
29 18
29 17
29 16
30 16
31 16
32 16
33 16
34 16
29 15
30 15
31 15
32 15
33 15
34 15
29 14
30 14
31 14
32 14
33 14
34 14
34 13
33 13
32 13
31 13
30 13
30 12
31 12
32 12
33 12
35 13
35 14
35 15
35 16
35 17
35 18
35 19
36 19
36 18
36 17
36 16
36 15
36 14
36 13
36 12
37 12
37 13
37 14
37 15
37 16
37 17
37 18
37 19
38 19
38 18
38 17
38 16
38 15
38 14
38 13
38 12
38 11
39 11
39 12
39 13
39 14
39 15
39 16
39 17
39 18
39 19
40 11
40 12
40 13
40 14
40 15
40 16
40 17
40 18
40 19
41 11
41 12
41 13
41 14
41 15
41 16
41 17
41 18
41 19
41 20
40 20
39 20
38 20
38 21
39 21
40 21
41 21
0
No
0
No
0
No
0
No
0
No
0
Yes
7 24
7 23
6 23
6 24
5 24
5 23
0
No
0
Yes
2 30
2 31
3 31
3 30
4 30
4 31
2 32
0
Yes
0 47
0 48
0 49
1 49
1 48
1 47
2 47
2 48
2 49
3 49
3 48
3 47
4 47
4 48
4 49
4 46
3 46
2 46
1 46
0 46
0 45
1 45
2 45
3 45
4 45
4 44
3 44
2 44
1 44
0 44
0 43
1 43
2 43
3 43
4 43
2 42
1 42
0 42
3 42
0
No
0
No
0
No
0
Yes
47 47
47 48
48 48
48 47
49 47
49 48
49 46
48 46
47 46
46 46
46 47
46 48
45 48
45 47
45 46
44 46
44 47
44 48
44 49
45 49
46 49
47 49
48 49
49 49
44 45
45 45
46 45
47 45
48 45
49 45
49 44
48 44
47 44
46 44
45 44
44 44
44 43
45 43
46 43
47 43
0
Yes
5 48
6 48
7 48
8 48
9 48
10 48
5 49
6 49
7 49
8 49
9 49
10 49
5 47
6 47
7 47
8 47
9 47
0
No
0
No
0
No
1
564
11 41
11 42
10 42
10 43
11 43
11 44
10 44
12 44
12 43
12 42
12 41
12 40
13 40
13 41
13 42
13 43
12 45
11 45
10 45
9 45
9 44
9 43
9 42
9 41
8 41
8 42
8 43
8 44
8 45
8 46
9 46
10 46
11 46
12 46
10 47
11 47
12 47
12 48
11 48
11 49
12 49
7 46
7 45
7 44
7 43
7 42
7 41
6 41
6 42
6 43
6 44
6 45
6 46
5 46
5 45
5 44
5 43
Yes
21 18
21 19
20 19
20 18
20 17
21 17
21 16
22 16
22 17
22 18
22 19
23 18
23 19
24 19
25 19
19 19
19 18
19 17
19 16
18 16
18 17
18 18
18 19
18 15
17 15
17 16
17 17
17 18
17 19
16 15
16 16
16 17
16 18
16 19
18 20
17 20
16 20
17 21
16 21
16 22
16 23
15 23
15 22
15 21
15 20
15 19
15 18
15 17
15 16
15 15
15 14
14 14
14 15
14 16
14 17
14 18
14 19
14 20
14 21
14 22
14 23
14 24
13 16
13 17
13 18
13 19
13 20
13 21
13 22
13 23
13 24
13 25
13 26
12 20
12 21
12 22
12 23
12 24
12 25
12 26
11 26
11 25
11 24
11 23
11 22
11 21
11 20
10 20
10 21
10 22
10 23
10 24
10 25
9 23
9 22
8 22
8 23
12 27
13 27
14 27
12 28
13 28
14 28
15 28
15 29
14 29
13 29
13 30
14 30
15 30
16 30
16 31
15 31
14 31
13 31
12 31
12 32
13 32
14 32
14 33
13 33
12 33
22 20
23 20
24 20
25 20
22 21
23 21
24 21
25 21
23 22
24 22
25 22
17 14
11 32
17 31
0
No
0
No
0
No
0
Yes
44 48
44 49
45 49
45 48
46 48
46 49
47 49
47 48
48 48
48 49
49 49
49 48
49 47
48 47
47 47
46 47
45 47
44 47
44 46
45 46
46 46
47 46
48 46
49 46
49 45
48 45
47 45
46 45
45 45
44 45
44 44
45 44
46 44
47 44
48 44
49 44
44 43
45 43
46 43
47 43
48 43
49 43
46 42
47 42
48 42
49 42
43 44
43 45
0
No
0
Yes
5 24
5 23
6 23
6 24
5 22
0
Yes
19 5
19 4
19 3
18 3
18 4
18 5
18 6
17 6
17 5
17 4
17 3
16 5
16 4
16 3
15 5
15 4
15 3
14 5
14 4
14 3
13 5
13 4
13 3
12 5
12 4
12 3
18 2
17 2
16 2
15 2
14 2
13 2
12 2
18 1
17 1
16 1
15 1
14 1
13 1
12 1
18 0
17 0
16 0
15 0
14 0
13 0
12 0
11 4
11 3
11 2
11 1
11 0
10 4
10 3
10 2
10 1
10 0
15 6
0
Yes
28 26
28 25
28 24
27 24
27 25
27 26
27 27
26 27
26 26
26 25
26 24
25 24
25 25
25 26
25 27
24 27
24 26
24 25
24 24
23 25
23 26
0
Yes
5 15
5 16
4 16
4 15
3 16
3 15
2 16
2 15
1 16
1 15
0 16
0 15
4 17
5 17
5 14
4 14
3 14
2 14
1 14
0 14
0 13
1 13
2 13
3 13
4 13
5 13
1
586
28 18
28 19
28 20
28 21
28 22
28 23
27 23
27 22
27 21
27 20
27 19
27 18
26 18
26 19
26 20
26 21
26 22
Yes
49 26
49 27
49 28
49 29
48 29
48 28
48 27
48 26
48 25
49 25
49 24
48 24
48 23
49 23
49 22
48 22
47 22
47 23
47 24
47 25
47 26
47 27
47 28
47 29
46 29
46 28
46 27
46 26
46 25
46 24
46 23
46 22
45 22
45 23
45 24
45 25
45 26
45 27
45 28
45 29
44 29
44 28
44 27
44 26
44 25
44 24
44 23
44 22
43 29
43 28
43 27
43 26
43 25
43 24
43 23
43 22
42 28
42 27
42 26
42 25
42 24
42 23
42 22
41 22
41 23
41 24
41 25
41 26
41 27
40 27
40 26
40 25
40 24
40 23
40 22
39 27
39 26
39 25
39 24
39 23
39 22
38 22
38 23
38 24
38 25
38 26
42 21
43 21
44 21
45 21
46 21
47 21
48 21
49 21
42 20
43 20
44 20
45 20
46 20
47 20
48 20
49 20
45 30
46 30
47 30
48 30
49 30
0
No
0
Yes
44 29
43 29
43 28
44 28
42 28
42 27
43 27
44 27
41 27
40 27
40 26
41 26
42 26
43 26
44 26
45 26
45 27
45 28
45 29
46 29
46 28
46 27
46 26
47 26
47 27
47 28
47 29
48 29
48 28
48 27
48 26
49 26
49 27
49 28
49 29
49 25
48 25
47 25
46 25
45 25
44 25
43 25
42 25
41 25
40 25
40 24
41 24
42 24
43 24
44 24
45 24
46 24
47 24
48 24
49 24
49 23
48 23
47 23
46 23
45 23
44 23
43 23
42 23
41 23
40 23
40 22
41 22
42 22
43 22
44 22
45 22
46 22
47 22
48 22
49 22
42 21
43 21
44 21
45 21
46 21
47 21
48 21
49 21
42 20
43 20
44 20
45 20
46 20
47 20
48 20
49 20
0
No
0
Yes
27 1
27 2
27 3
28 3
28 2
28 1
29 1
29 2
29 3
30 3
30 2
30 1
31 2
31 1
31 0
30 0
29 0
28 0
27 0
29 4
28 4
0
No
0
No
0
No
0
Yes
10 3
10 4
11 4
11 3
12 3
12 4
12 5
13 5
13 4
13 3
14 5
14 4
14 3
14 2
13 2
12 2
11 2
10 2
10 1
11 1
12 1
13 1
14 1
14 0
13 0
12 0
11 0
10 0
0
Yes
20 46
20 47
20 48
20 49
21 49
21 48
21 47
21 46
22 46
22 47
22 48
22 49
22 45
21 45
20 45
22 44
21 44
20 44
22 43
21 43
20 43
22 42
21 42
20 42
22 41
21 41
20 41
22 40
21 40
20 40
22 39
21 39
20 39
21 38
20 38
19 38
19 39
19 40
19 41
19 42
19 43
19 44
19 45
19 46
19 47
19 48
19 49
19 37
19 36
18 36
18 37
18 38
18 39
18 40
18 41
18 42
18 43
18 44
18 45
18 46
18 47
18 48
18 49
17 39
17 40
17 41
17 42
17 43
17 44
17 45
17 46
17 47
17 48
17 49
17 38
17 37
17 36
16 38
16 37
16 36
15 36
15 37
16 40
16 41
16 42
16 43
16 44
16 45
16 46
16 47
16 48
16 49
15 41
15 42
15 43
15 44
15 45
15 46
15 47
15 48
15 49
14 42
14 43
14 44
14 45
14 46
14 47
14 48
14 49
13 44
13 45
13 46
13 47
13 48
13 49
17 35
18 35
0
Yes
5 20
5 19
6 20
6 19
6 18
6 17
6 16
6 15
6 14
7 20
7 19
7 18
7 17
7 16
7 15
7 14
8 20
8 19
8 18
8 17
8 16
8 15
8 14
6 13
7 13
8 13
7 12
8 12
8 11
7 11
9 12
9 13
9 14
9 15
9 16
9 17
9 18
9 19
9 20
10 20
10 19
10 18
10 17
10 16
10 15
10 14
10 13
10 12
10 11
10 10
11 10
11 11
11 12
11 13
11 14
11 15
11 16
11 17
11 18
11 19
11 20
12 10
12 11
12 12
12 13
12 14
12 15
12 16
12 17
12 18
12 19
12 20
13 13
13 14
13 15
13 16
13 17
13 18
13 19
13 20
13 12
13 11
13 10
14 12
14 11
14 10
15 10
15 9
14 9
14 8
15 8
14 14
14 15
14 16
14 17
14 18
14 19
14 20
15 14
15 15
15 16
0
Yes
36 3
37 3
37 4
37 5
38 5
38 4
38 3
38 6
38 7
38 8
38 9
39 9
39 8
39 7
39 6
39 5
39 4
39 3
39 2
38 2
37 2
36 2
35 2
35 1
36 1
37 1
38 1
39 1
34 1
34 0
35 0
36 0
37 0
38 0
39 0
38 10
39 10
40 10
40 9
40 8
40 7
40 6
40 5
40 4
40 3
40 2
40 1
40 0
41 10
41 9
41 8
41 7
41 6
41 5
41 4
41 3
41 2
41 1
41 0
42 10
42 9
42 8
42 7
42 6
42 5
42 4
42 3
42 2
42 1
42 0
43 8
43 7
43 6
43 5
43 4
43 3
43 2
43 1
43 0
44 0
44 1
44 2
44 3
44 4
44 5
44 6
44 7
44 8
45 6
45 7
45 8
1
624
9 1
9 0
8 1
8 0
7 0
Yes
22 18
22 17
22 16
21 16
21 17
21 18
21 19
22 19
22 20
22 21
20 19
20 18
20 17
19 19
19 18
19 17
19 16
18 16
18 17
18 18
18 19
18 20
18 15
17 15
17 16
17 17
17 18
17 19
17 20
17 21
16 15
16 16
16 17
16 18
16 19
16 20
16 21
15 17
15 18
15 19
15 20
15 21
14 21
13 21
12 21
11 21
10 21
23 18
23 19
23 20
23 21
23 22
24 22
24 21
24 20
24 19
25 19
25 20
25 21
25 22
25 23
26 23
26 22
26 21
26 20
26 19
26 18
27 18
27 19
27 20
27 21
27 22
27 23
28 23
28 22
28 21
28 20
28 19
28 18
16 22
15 22
14 22
13 22
12 22
11 22
10 22
16 23
15 23
14 23
13 23
12 23
11 23
10 23
14 24
13 24
12 24
11 24
10 24
10 25
11 25
12 25
13 25
11 26
12 26
13 26
12 27
13 27
14 27
12 28
13 28
14 28
15 28
15 29
14 29
13 29
13 30
14 30
15 30
16 30
16 31
15 31
14 31
13 31
12 31
12 32
13 32
14 32
14 33
13 33
12 33
9 23
9 22
8 22
8 23
7 22
7 23
7 24
6 24
6 23
0
Yes
47 46
47 47
47 48
47 49
48 49
48 48
48 47
48 46
49 46
49 47
49 48
49 49
49 45
48 45
47 45
47 44
48 44
49 44
49 43
48 43
47 43
47 42
48 42
49 42
46 42
46 43
46 44
46 45
46 46
46 47
46 48
46 49
45 43
45 44
45 45
45 46
45 47
45 48
45 49
44 43
44 44
44 45
44 46
44 47
44 48
44 49
43 47
43 48
43 49
0
No
0
No
0
Yes
15 0
15 1
15 2
16 2
16 1
16 0
17 0
17 1
17 2
18 2
18 1
18 0
15 3
16 3
17 3
18 3
15 4
16 4
17 4
18 4
15 5
16 5
17 5
18 5
18 6
17 6
0
No
0
Yes
1 1
2 0
0 1
0 0
1 0
0
No
0
No
0
No
0
No
0
Yes
13 40
12 40
13 41
12 41
11 41
13 42
12 42
11 42
13 43
12 43
11 43
12 44
11 44
12 45
11 45
12 46
11 46
12 47
11 47
10 47
10 46
10 45
10 44
10 43
10 42
9 46
9 45
9 44
9 43
9 42
9 41
8 41
8 42
8 43
8 44
8 45
8 46
7 46
7 45
7 44
7 43
7 42
7 41
6 41
6 42
6 43
6 44
6 45
6 46
0
No
0
Yes
26 1
26 2
26 3
26 4
26 0
25 0
25 1
25 2
25 3
25 4
25 5
24 5
24 4
24 3
24 2
24 1
24 0
23 5
23 4
23 3
23 2
23 1
23 0
22 5
22 4
22 3
22 2
22 1
22 0
21 5
21 4
21 3
0
Yes
44 29
43 29
43 28
44 28
42 28
42 27
43 27
44 27
41 27
40 27
39 27
45 27
45 28
45 29
45 30
45 31
45 32
46 32
46 31
46 30
46 29
46 28
46 27
47 32
47 31
47 30
47 29
47 28
47 27
48 32
48 31
48 30
48 29
48 28
48 27
49 32
49 31
49 30
49 29
49 28
49 27
49 26
48 26
47 26
46 26
45 26
44 26
43 26
42 26
41 26
40 26
39 26
38 26
38 25
39 25
40 25
41 25
42 25
43 25
44 25
45 25
46 25
47 25
48 25
49 25
49 24
48 24
47 24
46 24
45 24
44 24
43 24
42 24
41 24
40 24
39 24
38 24
38 23
39 23
40 23
41 23
42 23
43 23
44 23
45 23
46 23
47 23
48 23
49 23
49 22
48 22
47 22
46 22
45 22
44 22
43 22
42 22
41 22
40 22
39 22
38 22
38 21
39 21
40 21
41 21
42 21
43 21
44 21
45 21
46 21
47 21
48 21
49 21
49 20
48 20
47 20
46 20
45 20
44 20
43 20
42 20
41 20
40 20
39 20
38 20
41 19
40 19
0
Yes
35 23
35 24
35 25
35 26
35 27
35 28
36 28
36 27
36 26
36 25
36 24
36 23
37 27
37 26
37 25
37 24
37 23
37 22
36 22
35 22
37 21
36 21
35 21
37 20
36 20
35 20
36 29
35 29
36 30
35 30
34 30
34 29
34 28
34 27
34 26
34 25
34 24
34 23
34 22
34 21
34 20
34 19
35 19
36 19
37 19
33 19
33 20
33 21
33 22
33 23
33 24
33 25
33 26
33 27
33 28
33 29
33 30
32 30
32 29
32 28
32 27
32 26
32 25
32 24
32 23
32 22
32 21
32 20
32 19
31 19
31 20
31 21
31 22
31 23
31 24
31 25
31 26
31 27
31 28
31 29
31 30
30 30
30 29
30 28
30 27
30 26
30 25
30 24
30 23
30 22
30 21
30 20
30 19
29 28
29 27
29 26
29 25
29 24
29 23
29 22
29 21
29 20
29 19
31 31
32 31
33 31
34 31
35 31
36 31
29 18
30 18
31 18
32 18
33 18
34 18
35 18
36 18
37 18
29 17
30 17
31 17
0
No
0
Yes
46 21
46 20
47 20
47 21
48 20
48 21
49 20
49 21
45 20
45 21
44 20
44 21
44 22
45 22
46 22
47 22
48 22
49 22
49 23
48 23
47 23
46 23
45 23
44 23
44 24
45 24
46 24
47 24
48 24
49 24
49 25
48 25
47 25
46 25
45 25
44 25
44 26
45 26
46 26
47 26
48 26
49 26
49 27
48 27
47 27
46 27
45 27
44 27
44 28
45 28
46 28
47 28
48 28
49 28
44 29
45 29
46 29
47 29
48 29
49 29
45 30
46 30
47 30
48 30
49 30
45 31
46 31
47 31
48 31
49 31
45 32
46 32
47 32
48 32
49 32
43 29
43 28
43 27
43 26
43 25
0
Yes
45 1
45 2
45 3
45 0
46 0
46 1
46 2
46 3
47 3
47 2
47 1
47 0
48 0
48 1
48 2
48 3
49 3
49 2
49 1
49 0
45 4
46 4
47 4
48 4
49 4
45 5
46 5
47 5
48 5
49 5
49 6
0
No
0
Yes
42 27
42 26
42 25
41 27
41 26
41 25
40 27
40 26
40 25
39 27
39 26
39 25
38 26
38 25
38 24
39 24
40 24
41 24
42 24
38 23
39 23
40 23
41 23
42 23
0
No
0
Yes
47 39
46 39
46 40
47 40
48 39
48 40
49 39
49 40
46 41
47 41
48 41
49 41
46 42
47 42
48 42
49 42
49 43
48 43
47 43
46 43
46 44
47 44
48 44
49 44
49 45
48 45
47 45
46 45
0
Yes
0 37
0 38
0 39
1 39
1 38
1 37
2 37
2 38
2 39
2 36
1 36
0 36
2 40
1 40
0 40
0 41
1 41
0
No
1
638
41 20
41 19
41 18
40 18
40 19
40 20
40 21
41 21
41 22
40 22
39 22
39 21
39 20
39 19
39 18
38 22
38 21
38 20
38 19
38 18
42 22
42 21
42 20
43 20
43 21
43 22
41 17
40 17
39 17
38 17
37 17
36 17
35 17
34 17
33 17
32 17
41 16
40 16
39 16
38 16
37 16
36 16
35 16
34 16
33 16
32 16
31 16
30 16
29 16
29 15
30 15
31 15
32 15
33 15
34 15
35 15
36 15
37 15
38 15
39 15
40 15
41 15
29 14
30 14
31 14
32 14
33 14
34 14
35 14
36 14
37 14
38 14
39 14
40 14
41 14
41 13
40 13
39 13
38 13
37 13
36 13
35 13
34 13
33 13
32 13
31 13
30 13
30 12
31 12
32 12
33 12
36 12
37 12
38 12
39 12
40 12
41 12
41 11
40 11
39 11
38 11
Yes
15 17
15 18
15 19
15 20
14 20
14 19
14 18
14 17
14 16
15 16
15 15
14 15
15 14
14 14
13 14
13 15
13 16
13 17
13 18
13 19
13 20
13 13
12 13
12 14
12 15
12 16
12 17
12 18
12 19
12 20
11 20
11 19
11 18
11 17
11 16
11 15
11 14
11 13
10 13
10 14
10 15
10 16
10 17
10 18
10 19
10 20
9 20
9 19
9 18
9 17
9 16
9 15
9 14
9 13
8 20
8 19
8 18
8 17
8 16
8 15
8 14
8 13
7 20
7 19
7 18
7 17
7 16
7 15
7 14
7 13
6 13
6 14
6 15
6 16
6 17
6 18
6 19
6 20
5 20
5 19
7 12
8 12
9 12
10 12
11 12
12 12
13 12
14 12
8 11
7 11
14 11
13 11
12 11
11 11
10 11
10 10
11 10
12 10
13 10
14 10
0
Yes
7 22
8 22
8 23
7 23
6 23
5 23
9 23
9 22
10 22
10 23
10 21
11 21
11 22
11 23
12 21
12 22
12 23
13 21
13 22
13 23
14 21
14 22
14 23
15 23
15 22
15 21
16 23
16 22
16 21
16 20
16 19
16 18
16 17
16 16
16 15
17 21
17 20
17 19
17 18
17 17
17 16
17 15
18 15
18 16
18 17
18 18
18 19
18 20
19 16
19 17
19 18
19 19
14 24
13 24
12 24
11 24
10 24
10 25
11 25
12 25
13 25
11 26
12 26
13 26
5 24
6 24
7 24
12 27
13 27
14 27
12 28
13 28
14 28
15 28
15 29
14 29
13 29
13 30
14 30
15 30
16 30
16 31
15 31
14 31
13 31
12 31
12 32
13 32
14 32
14 33
13 33
12 33
20 19
20 18
20 17
21 19
21 18
21 17
21 16
22 16
22 17
22 18
22 19
23 18
23 19
24 19
25 19
22 20
23 20
24 20
25 20
22 21
23 21
24 21
25 21
23 22
24 22
25 22
25 23
25 24
24 24
24 25
25 25
23 25
23 26
24 26
25 26
24 27
25 27
0
Yes
18 48
18 49
19 49
19 48
20 48
20 49
21 49
21 48
22 48
22 49
22 47
21 47
20 47
19 47
18 47
22 46
21 46
20 46
19 46
18 46
22 45
21 45
20 45
19 45
18 45
22 44
21 44
20 44
19 44
18 44
22 43
21 43
20 43
19 43
18 43
22 42
21 42
20 42
19 42
18 42
22 41
21 41
20 41
19 41
18 41
22 40
21 40
20 40
19 40
18 40
17 40
17 41
17 42
17 43
17 44
17 45
17 46
17 47
17 48
17 49
16 40
16 41
16 42
16 43
16 44
16 45
16 46
16 47
16 48
16 49
15 41
15 42
15 43
15 44
15 45
15 46
15 47
15 48
15 49
14 42
14 43
14 44
14 45
14 46
14 47
14 48
14 49
13 49
13 48
13 47
13 46
13 45
13 44
13 43
13 42
13 41
13 40
12 40
12 41
12 42
12 43
12 44
12 45
12 46
12 47
12 48
12 49
11 41
11 42
11 43
11 44
11 45
11 46
11 47
11 48
11 49
22 39
21 39
20 39
19 39
18 39
17 39
21 38
20 38
0
No
0
Yes
28 26
28 25
28 24
28 23
28 22
28 21
28 20
28 19
28 18
27 18
27 19
27 20
27 21
27 22
27 23
27 24
27 25
27 26
27 27
26 18
26 19
26 20
26 21
26 22
26 23
26 24
26 25
26 26
26 27
26 28
25 28
25 27
25 26
25 25
25 24
25 23
25 22
25 21
25 20
25 19
24 24
24 25
24 26
24 27
23 26
23 25
24 19
24 20
24 21
24 22
23 22
23 21
23 20
23 19
23 18
22 21
22 20
22 19
22 18
22 17
22 16
21 16
21 17
21 18
21 19
20 19
20 18
20 17
19 19
19 18
19 17
19 16
18 16
18 17
18 18
18 19
18 20
18 15
17 15
17 16
17 17
17 18
17 19
17 20
17 21
16 15
16 16
16 17
16 18
16 19
16 20
16 21
16 22
16 23
15 23
15 22
15 21
14 21
14 22
14 23
14 24
13 21
13 22
13 23
13 24
13 25
13 26
12 21
12 22
12 23
12 24
12 25
12 26
11 26
11 25
11 24
11 23
11 22
11 21
10 21
10 22
10 23
10 24
10 25
9 23
9 22
8 22
8 23
7 22
7 23
7 24
6 24
6 23
5 23
5 24
12 27
13 27
14 27
12 28
13 28
14 28
0
Yes
8 44
8 45
8 46
8 47
8 48
8 49
9 49
9 48
9 47
9 46
9 45
9 44
10 44
10 45
10 46
10 47
10 48
10 49
10 43
9 43
8 43
10 42
9 42
8 42
9 41
8 41
7 41
7 42
7 43
7 44
7 45
7 46
7 47
7 48
7 49
6 41
6 42
6 43
6 44
6 45
6 46
6 47
6 48
6 49
5 49
5 48
5 47
5 46
5 45
0
Yes
44 45
43 45
43 44
44 44
44 43
45 43
45 44
45 45
44 46
45 46
46 46
47 46
47 47
46 47
45 47
44 47
43 47
42 47
41 47
41 48
42 48
43 48
44 48
45 48
46 48
47 48
47 49
46 49
45 49
44 49
43 49
42 49
41 49
40 47
40 48
40 49
48 46
48 47
48 48
48 49
49 46
49 47
49 48
49 49
39 49
39 48
39 47
39 46
39 45
38 45
38 46
38 47
38 48
38 49
37 46
37 47
37 48
37 49
36 48
36 49
35 48
35 49
34 48
34 49
33 49
0
Yes
4 30
4 31
3 31
3 30
2 30
2 31
2 32
0
No
0
No
0
No
0
Yes
0 0
0 1
1 1
1 0
2 1
2 0
3 0
3 1
0
No
0
Yes
33 16
33 17
33 18
34 18
34 17
34 16
35 16
35 17
35 18
35 15
34 15
33 15
33 14
34 14
35 14
35 13
34 13
33 13
32 13
32 14
32 15
32 16
32 17
32 18
31 18
31 17
31 16
31 15
31 14
31 13
30 13
30 14
30 15
30 16
30 17
30 18
29 14
29 15
29 16
29 17
29 18
30 12
31 12
32 12
33 12
0
Yes
32 24
32 25
32 26
32 27
32 28
32 29
33 29
33 28
33 27
33 26
33 25
33 24
34 24
34 25
34 26
34 27
34 28
34 29
35 29
35 28
35 27
35 26
35 25
35 24
36 28
36 29
36 27
36 26
36 25
36 24
36 23
35 23
34 23
33 23
32 23
31 23
31 24
31 25
31 26
31 27
31 28
31 29
30 29
30 28
30 27
30 26
30 25
30 24
30 23
29 28
29 27
29 26
29 25
29 24
29 23
30 30
31 30
32 30
33 30
34 30
35 30
36 30
36 31
35 31
34 31
33 31
32 31
31 31
29 22
30 22
31 22
32 22
33 22
34 22
35 22
36 22
29 21
30 21
31 21
32 21
33 21
34 21
0
Yes
6 2
6 1
6 0
5 2
5 1
5 0
0
No
0
Yes
5 24
5 23
6 23
6 24
5 22
0
No
0
Yes
23 20
22 20
22 21
23 21
23 22
24 22
24 21
24 20
24 19
23 19
22 19
23 18
22 18
21 19
21 18
20 19
20 18
19 19
19 18
18 18
18 19
18 20
17 20
17 19
17 18
17 21
16 18
16 19
16 20
16 21
16 22
16 23
15 23
15 22
15 21
14 21
14 22
14 23
14 24
13 21
13 22
13 23
13 24
13 25
12 21
12 22
12 23
12 24
12 25
11 21
11 22
11 23
11 24
11 25
10 25
10 24
10 23
10 22
10 21
11 26
12 26
13 26
12 27
13 27
14 27
12 28
13 28
14 28
15 28
15 29
14 29
13 29
13 30
14 30
15 30
16 30
16 31
15 31
14 31
13 31
12 31
12 32
13 32
14 32
14 33
13 33
12 33
9 22
9 23
8 23
8 22
7 22
7 23
16 17
17 17
18 17
19 17
20 17
21 17
22 17
22 16
21 16
19 16
18 16
17 16
16 16
16 15
17 15
18 15
25 19
25 20
25 21
25 22
25 23
25 24
24 24
24 25
23 25
0
No
0
Yes
37 22
37 23
37 24
37 25
37 26
38 26
38 25
38 24
38 23
38 22
39 22
39 23
39 24
39 25
39 26
39 27
40 27
40 26
40 25
40 24
40 23
40 22
41 27
41 26
41 25
41 24
41 23
41 22
42 27
42 26
42 25
42 24
42 23
42 22
43 24
43 23
43 22
43 21
42 21
41 21
40 21
39 21
38 21
37 21
36 21
35 21
43 20
42 20
41 20
40 20
39 20
38 20
37 20
36 20
35 20
35 19
36 19
37 19
38 19
39 19
40 19
41 19
41 18
40 18
39 18
38 18
37 18
36 18
36 17
37 17
38 17
39 17
40 17
41 17
41 16
40 16
39 16
38 16
37 16
36 16
36 15
37 15
38 15
39 15
40 15
41 15
41 14
40 14
39 14
38 14
37 14
36 14
36 13
37 13
38 13
39 13
40 13
41 13
36 12
37 12
0
No
0
Yes
19 35
18 35
17 35
19 36
18 36
17 36
16 36
15 36
15 37
16 37
17 37
18 37
19 37
0
Yes
38 43
37 43
37 42
38 42
39 42
39 43
40 42
40 43
40 44
39 44
0
No
0
No
0
Yes
17 2
17 3
17 4
17 5
17 6
18 6
18 5
18 4
18 3
18 2
16 5
16 4
16 3
16 2
15 5
15 4
15 3
15 2
14 5
14 4
14 3
14 2
13 5
13 4
13 3
13 2
12 5
12 4
12 3
12 2
11 4
11 3
11 2
10 4
10 3
10 2
10 1
11 1
12 1
13 1
14 1
15 1
16 1
17 1
18 1
10 0
11 0
12 0
13 0
14 0
15 0
16 0
17 0
18 0
19 5
19 4
19 3
19 2
19 1
0
No
0
No
0
Yes
11 41
12 41
13 41
13 40
12 40
11 42
12 42
0
Yes
22 40
22 39
22 41
22 42
21 42
21 41
21 40
21 39
21 38
20 38
20 39
20 40
20 41
20 42
19 38
19 39
19 40
19 41
19 42
18 38
18 39
18 40
18 41
18 42
17 38
17 39
17 40
17 41
17 42
0
No
0
Yes
31 33
31 34
31 35
32 35
32 34
32 33
32 32
33 32
33 33
33 34
33 35
34 35
34 34
34 33
34 32
34 36
33 36
32 36
31 36
31 37
32 37
33 37
34 37
0
Yes
19 46
19 47
19 48
19 49
20 49
20 48
20 47
20 46
21 46
21 47
21 48
21 49
22 49
22 48
22 47
22 46
22 45
21 45
20 45
19 45
19 44
20 44
21 44
22 44
22 43
21 43
20 43
19 43
18 43
18 44
18 45
18 46
18 47
18 48
18 49
17 43
17 44
17 45
17 46
17 47
17 48
17 49
16 49
16 48
16 47
16 46
16 45
16 44
16 43
15 43
15 44
15 45
15 46
15 47
15 48
15 49
14 49
14 48
14 47
14 46
14 45
14 44
14 43
13 43
13 44
13 45
13 46
13 47
13 48
13 49
12 43
12 44
12 45
12 46
12 47
12 48
12 49
11 43
11 44
11 45
11 46
11 47
11 48
11 49
23 43
23 44
23 45
23 46
23 47
23 48
23 49
24 49
24 48
24 47
24 46
24 45
24 44
24 43
25 43
25 44
25 45
25 46
25 47
25 48
25 49
26 46
26 47
26 48
26 49
26 45
26 44
26 43
27 44
27 45
27 47
27 48
27 49
28 47
28 48
0
Yes
23 42
24 42
25 42
26 42
26 41
25 41
24 41
23 41
23 40
24 40
25 40
26 40
23 39
24 39
25 39
0
No
0
No
0
No
0
No
0
No
0
Yes
21 1
21 2
21 0
20 2
20 1
20 0
0
Yes
30 38
31 38
32 38
32 39
31 39
30 39
30 37
0
No
0
No
0
Yes
48 26
48 27
48 28
48 29
48 30
48 31
48 32
49 32
49 31
49 30
49 29
49 28
49 27
49 26
47 32
47 31
47 30
47 29
47 28
47 27
47 26
46 32
46 31
46 30
46 29
46 28
46 27
46 26
45 32
45 31
45 30
45 29
45 28
45 27
45 26
45 25
46 25
47 25
48 25
49 25
49 24
48 24
47 24
46 24
45 24
44 24
44 25
44 26
44 27
44 28
44 29
43 29
43 28
43 27
43 26
0
Yes
0 19
1 19
2 19
2 18
1 18
0 18
2 17
1 17
0 17
0
No
0
Yes
25 28
26 28
26 27
25 27
24 27
24 26
25 26
26 26
25 25
26 25
27 27
27 26
27 25
0
Yes
4 31
4 30
3 30
3 31
2 31
2 30
0
No
0
Yes
34 19
34 20
34 21
33 19
33 20
33 21
32 19
32 20
32 21
31 19
31 20
31 21
31 22
32 22
33 22
34 22
35 22
36 22
36 23
35 23
34 23
33 23
32 23
31 23
36 24
35 24
34 24
33 24
32 24
31 24
36 25
35 25
34 25
33 25
32 25
31 25
36 26
35 26
34 26
33 26
32 26
31 26
36 27
35 27
34 27
33 27
32 27
31 27
36 28
35 28
34 28
33 28
32 28
31 28
36 29
35 29
34 29
33 29
32 29
31 29
30 29
30 28
30 27
30 26
30 25
30 24
30 23
30 22
30 21
30 20
30 19
29 28
29 27
29 26
29 25
29 24
29 23
29 22
29 21
29 20
29 19
30 30
31 30
32 30
33 30
34 30
35 30
36 30
36 31
35 31
34 31
33 31
32 31
31 31
28 26
28 25
0
No
0
No
0
Yes
38 26
37 26
37 25
38 25
37 24
38 24
37 23
38 23
37 22
38 22
39 22
39 23
39 24
39 25
39 26
39 27
39 21
38 21
37 21
36 21
35 21
35 20
36 20
37 20
38 20
39 20
35 19
36 19
37 19
38 19
39 19
36 18
37 18
38 18
39 18
36 17
37 17
38 17
39 17
36 16
37 16
38 16
39 16
36 15
37 15
38 15
39 15
36 14
37 14
38 14
39 14
36 13
37 13
38 13
39 13
36 12
37 12
38 12
39 12
38 11
39 11
40 11
40 12
40 13
40 14
40 15
40 16
40 17
40 18
40 19
40 20
40 21
40 22
40 23
40 24
40 25
40 26
40 27
41 11
41 12
41 13
41 14
41 15
41 16
41 17
41 18
41 19
41 20
41 21
41 22
41 23
41 24
41 25
41 26
41 27
42 27
42 26
42 25
42 24
42 23
42 22
42 21
42 20
43 25
43 24
43 23
43 22
0
Yes
33 25
33 26
33 27
33 28
33 29
33 30
33 31
34 31
34 30
34 29
34 28
34 27
34 26
34 25
35 31
35 30
35 29
35 28
35 27
35 26
35 25
36 31
36 30
36 29
36 28
36 27
36 26
36 25
32 31
32 30
32 29
32 28
32 27
32 26
32 25
31 31
31 30
31 29
31 28
31 27
31 26
31 25
30 30
30 29
30 28
30 27
30 26
30 25
29 28
29 27
29 26
29 25
28 26
28 25
27 25
27 26
27 27
36 24
35 24
34 24
33 24
32 24
31 24
30 24
29 24
28 24
27 24
26 24
26 25
26 26
26 27
26 28
25 28
25 27
25 26
25 25
24 26
24 27
26 23
27 23
28 23
29 23
30 23
31 23
32 23
33 23
34 23
35 23
36 23
36 22
35 22
34 22
33 22
32 22
31 22
30 22
29 22
28 22
27 22
26 22
26 21
27 21
28 21
29 21
0
No
0
No
0
No
0
Yes
12 20
13 20
14 20
15 20
15 19
14 19
13 19
12 19
15 18
14 18
13 18
12 18
15 17
14 17
13 17
12 17
15 16
14 16
13 16
12 16
15 15
14 15
13 15
12 15
11 20
11 19
11 18
11 17
11 16
11 15
10 20
10 19
10 18
10 17
10 16
10 15
9 20
9 19
9 18
9 17
9 16
9 15
15 14
14 14
13 14
12 14
11 14
10 14
9 14
0
Yes
45 1
45 2
45 0
46 0
46 1
46 2
47 2
47 1
47 0
48 0
48 1
48 2
49 2
49 1
49 0
0
Yes
34 23
34 24
34 25
34 26
34 27
34 28
34 29
34 30
34 31
35 31
35 30
35 29
35 28
35 27
35 26
35 25
35 24
35 23
36 31
36 30
36 29
36 28
36 27
36 26
36 25
36 24
36 23
36 22
35 22
34 22
34 21
34 20
34 19
33 19
33 20
33 21
33 22
33 23
33 24
33 25
33 26
33 27
33 28
33 29
33 30
33 31
32 31
32 30
32 29
32 28
32 27
32 26
32 25
32 24
32 23
32 22
32 21
32 20
32 19
31 31
31 30
31 29
31 28
31 27
31 26
31 25
31 24
31 23
31 22
31 21
31 20
31 19
30 30
30 29
30 28
30 27
30 26
30 25
30 24
30 23
30 22
30 21
30 20
30 19
29 28
29 27
29 26
29 25
29 24
29 23
29 22
29 21
29 20
29 19
28 26
28 25
28 24
28 23
28 22
28 21
28 20
28 19
28 18
27 18
27 19
27 20
27 21
27 22
27 23
27 24
27 25
27 26
0
No
0
Yes
46 20
47 20
48 20
49 20
45 20
45 21
46 21
47 21
48 21
49 21
49 22
48 22
47 22
46 22
45 22
45 23
46 23
47 23
48 23
49 23
44 23
44 22
0
No
1
724
10 11
10 10
11 10
11 11
12 11
12 10
12 9
12 8
12 7
13 7
13 8
13 9
13 10
13 11
14 11
14 10
14 9
14 8
15 8
15 9
15 10
14 12
13 12
12 12
11 12
10 12
13 6
12 6
9 12
13 13
12 13
11 13
10 13
9 13
8 13
8 12
8 11
7 11
7 12
7 13
6 13
6 14
7 14
8 14
6 15
7 15
8 15
6 16
7 16
Yes
5 19
5 20
6 20
6 19
6 18
7 20
7 19
7 18
8 20
8 19
8 18
9 20
9 19
9 18
10 18
10 19
10 20
10 21
10 22
9 22
9 23
10 23
10 24
10 25
8 23
8 22
7 22
7 23
11 25
11 24
11 23
11 22
11 21
11 20
11 19
11 18
11 26
12 26
12 25
12 24
12 23
12 22
12 21
12 20
12 19
12 18
13 25
13 26
13 24
13 23
13 22
13 21
13 20
13 19
13 18
14 24
14 23
14 22
14 21
14 20
14 19
14 18
6 17
7 17
8 17
9 17
10 17
11 17
12 17
13 17
14 17
8 16
9 16
10 16
11 16
12 16
13 16
14 16
9 15
10 15
11 15
12 15
13 15
14 15
9 14
10 14
11 14
12 14
13 14
14 14
15 14
15 15
15 16
15 17
15 18
15 19
15 20
15 21
15 22
15 23
16 23
16 22
16 21
16 20
16 19
16 18
16 17
16 16
16 15
17 21
17 20
17 19
17 18
17 17
17 16
17 15
18 15
18 16
18 17
18 18
18 19
18 20
19 16
19 17
19 18
19 19
20 19
20 18
20 17
21 19
21 18
21 17
21 16
22 16
22 17
0
No
0
No
0
Yes
11 13
12 13
13 13
10 13
10 12
11 12
12 12
13 12
14 12
14 11
13 11
12 11
11 11
10 11
10 10
11 10
12 10
13 10
14 10
15 10
15 9
14 9
13 9
12 9
15 8
14 8
13 8
12 8
10 9
0
Yes
22 0
22 1
22 2
22 3
22 4
22 5
21 5
21 4
21 3
21 2
21 1
21 0
20 4
20 3
20 2
20 1
20 0
23 5
23 4
23 3
23 2
23 1
23 0
0
No
0
Yes
49 32
48 32
47 32
46 32
45 32
45 31
46 31
47 31
48 31
49 31
45 30
46 30
47 30
48 30
49 30
49 29
48 29
47 29
46 29
45 29
45 28
46 28
47 28
48 28
49 28
49 27
48 27
47 27
46 27
45 27
45 26
46 26
47 26
48 26
49 26
49 25
48 25
47 25
0
No
0
No
0
Yes
6 2
6 1
6 0
5 2
5 1
5 0
4 2
4 1
4 0
3 0
0
Yes
1 36
0 36
0 37
1 37
1 38
0 38
0 39
1 39
2 36
2 37
2 38
2 39
0
Yes
0 8
1 8
1 7
0 7
0
Yes
0 0
0 1
1 1
1 0
2 0
0
No
1
736
29 0
29 1
29 2
29 3
30 3
30 2
30 1
30 0
31 2
31 1
31 0
28 3
28 2
28 1
28 0
27 0
27 1
27 2
27 3
26 3
26 2
26 1
26 0
25 0
25 1
25 2
25 3
24 3
24 2
24 1
24 0
29 4
28 4
27 4
26 4
25 4
24 4
24 5
Yes
49 20
48 20
47 20
46 20
45 20
44 20
44 21
45 21
46 21
47 21
48 21
49 21
44 22
45 22
46 22
47 22
48 22
49 22
44 23
45 23
46 23
47 23
48 23
49 23
44 24
45 24
46 24
47 24
48 24
49 24
44 25
45 25
46 25
47 25
48 25
49 25
49 26
48 26
47 26
46 26
45 26
44 26
44 27
45 27
46 27
47 27
48 27
49 27
49 28
48 28
47 28
46 28
45 28
44 28
44 29
45 29
46 29
47 29
48 29
49 29
45 30
46 30
47 30
48 30
49 30
45 31
46 31
47 31
48 31
49 31
45 32
46 32
47 32
48 32
49 32
43 29
43 28
0
No
0
Yes
25 20
26 20
26 19
25 19
24 19
24 20
23 20
23 19
23 18
22 18
22 19
22 20
22 21
23 21
24 21
25 21
26 21
23 22
24 22
25 22
26 22
26 23
25 23
26 24
25 24
24 24
26 25
25 25
24 25
23 25
23 26
24 26
25 26
26 26
0
No
0
Yes
42 24
43 24
43 25
42 25
43 26
42 26
43 27
42 27
41 27
41 26
41 25
41 24
40 27
40 26
40 25
40 24
39 27
39 26
39 25
39 24
38 26
38 25
38 24
37 26
37 25
37 24
37 23
38 23
39 23
40 23
41 23
42 23
43 23
43 22
42 22
41 22
40 22
39 22
38 22
37 22
43 21
42 21
41 21
40 21
39 21
38 21
37 21
43 20
42 20
41 20
40 20
39 20
38 20
37 20
41 19
40 19
39 19
38 19
37 19
41 18
40 18
39 18
38 18
37 18
36 18
36 19
36 20
36 21
35 21
35 20
35 19
36 17
37 17
38 17
39 17
0
No
0
No
0
No
1
700
48 0
48 1
48 2
47 2
47 1
47 0
46 0
46 1
46 2
45 2
45 1
45 0
49 2
49 1
49 0
Yes
21 49
22 49
23 49
24 49
25 49
26 49
27 49
27 48
26 48
25 48
24 48
23 48
22 48
21 48
27 47
26 47
25 47
24 47
23 47
22 47
21 47
26 46
25 46
24 46
23 46
22 46
21 46
21 45
22 45
23 45
24 45
25 45
26 45
27 45
27 44
26 44
25 44
24 44
23 44
22 44
21 44
21 43
22 43
23 43
24 43
25 43
26 43
26 42
25 42
24 42
23 42
23 41
24 41
25 41
26 41
26 40
25 40
24 40
23 40
20 43
20 44
20 45
20 46
20 47
20 48
20 49
19 43
19 44
19 45
19 46
19 47
19 48
19 49
18 43
18 44
18 45
18 46
18 47
18 48
18 49
17 43
17 44
17 45
17 46
17 47
17 48
17 49
16 49
16 48
16 47
16 46
16 45
16 44
16 43
16 42
16 41
15 41
15 42
15 43
15 44
15 45
15 46
15 47
15 48
15 49
14 42
14 43
14 44
14 45
14 46
14 47
14 48
14 49
13 49
13 48
13 47
13 46
13 45
13 44
13 43
13 42
13 41
13 40
12 40
12 41
12 42
12 43
12 44
12 45
12 46
12 47
12 48
12 49
11 41
11 42
11 43
11 44
11 45
11 46
11 47
11 48
11 49
23 39
24 39
25 39
26 39
23 38
0
Yes
4 30
4 31
3 31
3 30
2 30
2 31
2 32
0
No
0
No
0
Yes
14 30
13 30
13 29
14 29
15 29
15 30
16 30
16 31
15 31
14 31
13 31
15 28
14 28
13 28
1
733
38 15
38 16
37 16
37 15
37 14
38 14
38 13
37 13
37 12
38 12
38 11
39 11
39 12
39 13
39 14
39 15
39 16
40 11
40 12
40 13
40 14
40 15
40 16
41 11
41 12
41 13
41 14
41 15
41 16
Yes
3 15
3 16
2 16
2 15
1 16
1 15
1 14
2 14
3 14
4 14
4 15
4 16
4 17
5 17
5 16
5 15
5 14
6 16
6 15
6 14
7 16
7 15
7 14
8 15
8 14
6 13
7 13
8 13
5 13
4 13
3 13
2 13
1 13
5 12
4 12
3 12
3 11
4 11
0 13
0 14
0 15
0 16
9 13
10 13
11 13
12 13
13 13
9 12
10 12
11 12
12 12
13 12
8 12
7 12
7 11
8 11
14 12
14 11
13 11
12 11
11 11
10 11
0
Yes
49 5
49 6
49 7
49 8
48 8
48 7
48 6
48 5
47 8
47 7
47 6
47 5
46 8
46 7
46 6
46 5
46 4
47 4
48 4
49 4
49 3
48 3
47 3
46 3
0
No
0
No
0
Yes
39 0
39 1
39 2
39 3
39 4
39 5
39 6
38 6
38 5
38 4
38 3
38 2
38 1
38 0
37 5
37 4
37 3
37 2
37 1
37 0
36 3
36 2
36 1
36 0
35 2
35 1
35 0
34 1
34 0
38 7
39 7
38 8
39 8
38 9
39 9
38 10
39 10
40 10
40 9
40 8
40 7
40 6
40 5
40 4
40 3
40 2
40 1
40 0
41 10
41 9
41 8
41 7
41 6
41 5
41 4
41 3
41 2
41 1
41 0
42 10
42 9
42 8
42 7
42 6
42 5
42 4
42 3
42 2
42 1
42 0
43 8
43 7
43 6
43 5
43 4
43 3
43 2
43 1
43 0
44 0
44 1
44 2
44 3
44 4
44 5
44 6
44 7
44 8
45 8
45 7
45 6
45 5
45 4
45 3
0
No
0
No
0
No
0
No
1
711
39 44
39 43
39 42
40 42
40 43
40 44
38 44
38 43
38 42
Yes
2 19
2 18
2 17
1 19
1 18
1 17
0 19
0 18
0 17
0 16
1 16
2 16
3 16
4 16
4 17
5 17
5 16
6 16
7 16
7 15
6 15
5 15
4 15
3 15
2 15
1 15
0 15
8 15
8 14
7 14
6 14
5 14
4 14
3 14
2 14
1 14
0 14
0 13
1 13
2 13
3 13
4 13
5 13
6 13
7 13
8 13
5 12
4 12
3 12
3 11
4 11
9 13
10 13
11 13
12 13
13 13
9 12
10 12
11 12
12 12
13 12
8 12
7 12
7 11
8 11
14 12
14 11
13 11
12 11
11 11
10 11
10 10
11 10
12 10
13 10
14 10
15 10
15 9
14 9
13 9
12 9
15 8
14 8
13 8
12 8
12 7
13 7
0
No
0
Yes
36 26
36 27
36 28
36 29
36 30
36 31
35 31
35 30
35 29
35 28
35 27
35 26
34 31
34 30
34 29
34 28
34 27
34 26
33 31
33 30
33 29
33 28
33 27
33 26
32 31
32 30
32 29
32 28
32 27
32 26
31 31
31 30
31 29
31 28
31 27
31 26
30 30
30 29
30 28
30 27
30 26
29 28
29 27
0
Yes
35 2
36 2
37 2
36 3
37 3
37 1
36 1
35 1
34 1
34 0
35 0
36 0
37 0
0
Yes
25 29
26 27
26 28
25 28
25 27
0
Yes
49 8
48 8
47 8
46 8
45 8
44 8
44 7
45 7
46 7
47 7
48 7
49 7
49 6
48 6
47 6
46 6
45 6
44 6
44 5
45 5
46 5
47 5
48 5
49 5
49 4
48 4
47 4
46 4
45 4
44 4
45 3
46 3
47 3
48 3
49 3
44 3
44 2
43 8
43 7
43 6
43 5
43 4
43 3
0
No
0
No
0
Yes
14 33
14 32
13 32
13 33
12 33
0
No
1
770
4 39
4 41
4 40
3 40
3 41
Yes
34 20
34 19
33 19
33 20
32 19
32 20
31 19
31 20
30 19
30 20
29 19
29 20
34 21
33 21
32 21
31 21
30 21
29 21
29 22
30 22
31 22
32 22
33 22
34 22
35 22
35 23
34 23
33 23
32 23
31 23
30 23
29 23
29 24
30 24
31 24
32 24
33 24
34 24
35 24
35 25
34 25
33 25
32 25
31 25
30 25
29 25
29 26
30 26
31 26
32 26
33 26
34 26
35 26
28 26
28 25
28 24
28 23
28 22
28 21
28 20
28 19
28 18
27 19
27 20
27 21
27 22
27 23
27 24
27 25
27 26
27 18
26 18
27 17
27 27
36 22
36 23
36 24
36 25
36 26
26 27
26 28
25 28
25 27
24 27
25 29
29 27
30 27
31 27
32 27
33 27
34 27
35 27
36 27
37 27
29 28
30 28
31 28
32 28
33 28
34 28
35 28
36 28
36 29
35 29
34 29
33 29
32 29
31 29
30 29
30 30
31 30
32 30
33 30
34 30
35 30
36 30
37 30
29 30
36 31
35 31
34 31
33 31
32 31
31 31
35 32
0
Yes
1 41
1 40
0 40
0 41
2 40
0
No
0
Yes
9 48
10 48
10 49
9 49
10 47
9 47
10 46
9 46
8 46
8 47
8 48
8 49
7 49
7 48
7 47
7 46
6 46
6 47
6 48
6 49
5 49
5 48
5 47
0
No
0
Yes
40 7
41 7
42 7
42 6
41 6
40 6
42 5
41 5
40 5
42 4
41 4
40 4
42 3
41 3
40 3
40 2
41 2
42 2
42 1
41 1
40 1
40 0
41 0
42 0
39 0
39 1
39 2
39 3
39 4
39 5
39 6
39 7
38 7
38 6
38 5
38 4
38 3
38 2
38 1
38 0
0
No
0
Yes
31 0
31 1
31 2
30 2
30 1
30 0
29 0
0
No
0
No
0
No
0
No
0
No
0
No
0
No
0
No
0
No
0
Yes
5 42
5 43
5 44
5 45
5 46
5 47
5 48
5 49
6 49
6 48
6 47
6 46
6 45
6 44
6 43
6 42
6 41
7 41
7 42
7 43
7 44
7 45
7 46
7 47
7 48
7 49
8 41
8 42
8 43
8 44
8 45
8 46
8 47
8 48
8 49
9 41
9 42
9 43
9 44
9 45
9 46
9 47
9 48
9 49
10 42
10 43
10 44
10 45
10 46
10 47
10 48
10 49
11 49
11 48
11 47
11 46
11 45
11 44
11 43
11 42
11 41
12 41
12 42
12 43
12 44
12 45
12 46
12 47
12 48
12 49
12 40
13 40
13 41
13 42
13 43
13 44
13 45
13 46
13 47
13 48
13 49
14 42
14 43
14 44
14 45
14 46
14 47
14 48
14 49
15 49
15 48
15 47
15 46
15 45
15 44
15 43
15 42
15 41
16 41
16 42
16 43
16 44
16 45
16 46
16 47
16 48
16 49
17 43
17 44
17 45
17 46
17 47
17 48
17 49
18 43
18 44
18 45
18 46
18 47
18 48
18 49
19 43
19 44
19 45
19 46
19 47
19 48
19 49
20 43
20 44
20 45
20 46
20 47
20 48
20 49
21 43
21 44
21 45
0
No
0
No
1
771
27 1
27 2
27 3
27 4
27 5
27 6
28 6
28 5
28 4
28 3
28 2
28 1
29 1
29 2
29 3
29 4
29 5
29 6
28 0
27 0
26 0
26 1
26 2
26 3
26 4
26 5
26 6
25 6
25 5
25 4
25 3
25 2
25 1
25 0
24 5
24 4
24 3
24 2
24 1
24 0
26 7
27 7
28 7
Yes
36 3
37 3
37 4
37 5
38 5
38 4
38 3
38 6
38 7
38 8
38 9
38 10
38 11
38 12
37 12
36 12
36 13
37 13
38 13
39 13
39 12
39 11
39 10
39 9
39 8
39 7
39 6
39 5
39 4
39 3
40 3
40 4
40 5
40 6
40 7
40 8
40 9
40 10
40 11
40 12
40 13
40 2
39 2
38 2
37 2
36 2
35 2
35 1
36 1
37 1
38 1
39 1
40 1
34 1
34 0
35 0
36 0
37 0
38 0
39 0
40 0
41 13
41 12
41 11
41 10
41 9
41 8
41 7
41 6
41 5
41 4
41 3
41 2
41 1
41 0
42 10
42 9
42 8
42 7
42 6
42 5
42 4
42 3
42 2
42 1
42 0
43 8
43 7
43 6
43 5
43 4
43 3
43 2
43 1
43 0
44 0
44 1
44 2
44 3
44 4
44 5
44 6
44 7
44 8
45 8
45 7
45 6
45 5
45 4
45 3
46 3
46 4
46 5
46 6
46 7
46 8
47 8
47 7
47 6
47 5
47 4
47 3
48 3
48 4
48 5
48 6
48 7
48 8
49 8
49 7
49 6
49 5
49 4
49 3
41 14
40 14
39 14
0
Yes
25 20
26 20
24 20
23 20
22 20
22 21
23 21
24 21
25 21
26 21
23 22
24 22
25 22
26 22
26 19
25 19
24 19
23 19
22 19
0
No
0
Yes
8 1
9 1
9 0
8 0
7 0
0
No
0
No
0
Yes
7 16
6 16
6 15
7 15
8 15
8 14
7 14
6 14
6 13
7 13
8 13
9 13
10 13
11 13
12 13
5 13
5 14
5 15
5 16
5 17
4 17
4 16
4 15
4 14
4 13
5 12
4 12
4 11
3 11
3 12
3 13
3 14
3 15
3 16
13 13
2 13
2 14
2 15
2 16
2 17
2 18
2 19
1 19
1 18
1 17
1 16
1 15
1 14
1 13
0 13
0 14
0 15
0 16
0 17
0 18
0 19
9 12
10 12
11 12
12 12
13 12
8 12
7 12
7 11
8 11
14 12
14 11
13 11
12 11
11 11
10 11
10 10
11 10
12 10
13 10
14 10
15 10
15 9
14 9
13 9
12 9
15 8
14 8
13 8
0
No
0
Yes
23 46
23 47
24 47
24 46
25 46
25 47
26 46
26 47
27 47
28 47
26 45
25 45
24 45
23 45
27 45
27 44
26 44
25 44
24 44
23 44
22 44
22 45
22 46
22 47
22 43
23 43
24 43
25 43
26 43
26 42
25 42
24 42
23 42
22 42
26 41
25 41
24 41
23 41
22 41
26 40
25 40
24 40
23 40
22 40
21 46
21 47
21 48
22 48
23 48
24 48
25 48
26 48
27 48
28 48
29 48
29 49
28 49
27 49
26 49
25 49
24 49
23 49
22 49
21 49
22 39
23 39
24 39
25 39
26 39
27 39
26 38
27 38
0
No
0
No
0
Yes
6 2
6 1
6 0
5 2
5 1
5 0
4 2
4 1
4 0
3 2
3 1
3 0
2 1
2 0
0
Yes
38 15
39 15
40 15
41 15
41 16
40 16
39 16
38 16
41 17
40 17
39 17
38 17
41 18
40 18
39 18
38 18
37 18
37 17
37 16
37 15
36 15
36 16
36 17
36 18
0
Yes
0 37
0 36
1 36
1 37
1 38
0 38
0 39
1 39
1 40
0 40
0 41
1 41
2 36
2 37
2 38
2 39
0
Yes
21 40
21 41
21 42
20 42
20 41
20 40
19 42
19 41
19 40
18 42
18 41
18 40
21 39
20 39
19 39
18 39
21 38
20 38
19 38
18 38
17 38
17 39
17 40
17 41
0
Yes
43 27
43 26
43 25
43 24
43 23
42 27
42 26
42 25
42 24
42 23
41 27
41 26
41 25
41 24
41 23
40 27
40 26
40 25
40 24
40 23
39 27
39 26
39 25
39 24
39 23
38 26
38 25
38 24
38 23
37 26
37 25
37 24
37 23
37 22
38 22
39 22
40 22
41 22
42 22
43 22
43 21
42 21
41 21
40 21
0
Yes
4 30
4 31
3 31
3 30
2 30
2 31
1 31
1 30
0
No
0
No
0
No
0
No
0
No
0
Yes
29 10
29 11
30 11
30 10
28 10
28 9
29 9
30 9
31 9
31 8
30 8
29 8
28 8
29 7
30 7
31 7
0
No
0
No
0
No
0
No
0
Yes
10 16
10 17
10 18
10 19
10 20
10 21
9 20
9 19
9 18
9 17
9 16
8 20
8 19
8 18
8 17
8 16
7 20
7 19
7 18
7 17
7 16
6 18
6 19
6 20
6 17
6 16
5 20
5 19
5 17
5 16
4 17
4 16
3 16
3 15
4 15
5 15
6 15
7 15
8 15
9 15
10 15
11 15
11 16
11 17
11 18
11 19
11 20
11 21
11 14
10 14
9 14
8 14
7 14
6 14
5 14
4 14
3 14
6 13
7 13
8 13
9 13
10 13
11 13
5 13
4 13
3 13
5 12
4 12
3 12
2 13
2 14
2 15
2 16
2 17
2 18
2 19
1 19
1 18
1 17
1 16
1 15
1 14
1 13
0 13
0 14
0 15
0 16
0 17
0 18
0 19
9 12
10 12
11 12
8 12
7 12
7 11
8 11
3 11
4 11
10 11
11 11
10 10
11 10
12 10
12 11
12 12
12 13
12 14
12 15
12 16
12 17
12 18
12 19
12 20
12 21
0
No
0
No
0
Yes
36 31
36 30
36 29
36 28
35 31
35 30
35 29
35 28
34 31
34 30
34 29
34 28
33 31
33 30
33 29
33 28
32 31
32 30
32 29
32 28
31 31
31 30
31 29
31 28
30 30
30 29
0
Yes
16 19
16 20
16 21
17 21
17 20
17 19
18 20
18 19
19 19
20 19
16 22
16 23
15 23
15 22
15 21
15 20
15 19
15 18
16 18
17 18
18 18
19 18
20 18
20 17
19 17
18 17
17 17
16 17
15 17
19 16
18 16
17 16
16 16
15 16
18 15
17 15
16 15
15 15
14 15
14 16
14 17
14 18
14 19
14 20
14 21
14 22
14 23
14 24
13 21
13 20
13 19
13 18
13 17
13 16
13 15
13 22
13 23
13 24
13 25
13 26
13 27
12 27
12 26
12 25
12 24
12 23
12 22
11 26
11 25
11 24
11 23
11 22
10 25
10 24
10 23
10 22
15 14
14 14
13 14
13 13
13 12
14 12
14 11
13 11
13 10
14 10
15 10
15 9
14 9
13 9
12 9
15 8
14 8
13 8
12 8
12 7
13 7
13 6
12 6
9 22
9 23
8 23
8 22
7 22
7 23
21 19
21 18
21 17
21 16
22 16
22 17
22 18
0
No
0
No
0
No
0
No
0
No
0
Yes
39 6
38 6
38 7
39 7
38 8
39 8
40 8
40 7
40 6
41 6
41 7
41 8
42 8
42 7
42 6
43 8
43 7
43 6
44 8
44 7
44 6
44 5
43 5
42 5
41 5
40 5
39 5
38 5
37 5
37 4
38 4
39 4
40 4
41 4
42 4
43 4
44 4
44 3
43 3
42 3
41 3
40 3
39 3
38 3
37 3
36 3
36 2
37 2
38 2
39 2
40 2
41 2
42 2
43 2
44 2
35 2
35 1
36 1
37 1
38 1
39 1
40 1
41 1
42 1
43 1
44 1
34 1
34 0
35 0
36 0
37 0
38 0
39 0
40 0
41 0
42 0
43 0
44 0
45 8
45 7
45 6
45 5
45 4
45 3
45 2
45 1
45 0
46 8
46 7
46 6
46 5
46 4
46 3
46 2
46 1
46 0
47 8
47 7
47 6
47 5
47 4
47 3
47 2
47 1
47 0
48 8
48 7
48 6
48 5
48 4
48 3
48 2
48 1
48 0
49 8
49 7
49 6
49 5
49 4
49 3
49 2
49 1
49 0
42 9
41 9
40 9
39 9
38 9
42 10
41 10
40 10
39 10
38 10
38 11
39 11
40 11
41 11
0
No
0
Yes
38 12
39 12
37 12
36 12
36 13
37 13
38 13
39 13
36 14
37 14
38 14
39 14
40 14
40 13
40 12
41 12
41 13
41 14
0
No
0
Yes
32 25
32 26
32 27
33 27
33 26
33 25
34 27
34 26
34 25
35 27
35 26
35 25
31 27
31 26
31 25
31 24
32 24
33 24
34 24
35 24
35 23
34 23
33 23
32 23
31 23
31 22
32 22
33 22
34 22
35 22
36 27
36 26
36 25
36 24
36 23
36 22
30 22
30 23
30 24
30 25
30 26
30 27
29 27
29 26
29 25
29 24
0
Yes
28 26
28 25
28 24
28 23
29 23
27 23
27 24
27 25
27 26
27 27
26 27
26 26
26 25
26 24
26 23
26 28
25 28
25 27
25 26
25 25
25 24
25 23
24 24
24 25
24 26
24 27
23 26
23 25
29 22
28 22
27 22
26 22
25 22
24 22
23 22
23 21
24 21
25 21
26 21
27 21
28 21
29 21
22 21
22 20
23 20
24 20
25 20
26 20
27 20
28 20
29 20
22 19
23 19
24 19
25 19
26 19
27 19
28 19
29 19
28 18
27 18
26 18
0
Yes
12 33
12 32
13 32
13 33
14 33
14 32
0
No
0
No
1
808
1 48
1 49
2 49
2 48
2 47
1 47
1 46
2 46
2 45
1 45
0 45
0 46
0 47
0 48
0 49
3 45
3 46
3 47
3 48
3 49
4 49
4 48
4 47
4 46
Yes
48 32
47 32
46 32
45 32
49 32
49 33
49 34
48 34
47 34
47 35
48 35
49 35
47 36
48 36
49 36
48 37
49 37
45 31
46 31
47 31
48 31
49 31
45 30
46 30
47 30
48 30
49 30
49 29
48 29
47 29
46 29
45 29
44 29
43 29
43 28
44 28
45 28
46 28
47 28
48 28
49 28
44 27
45 27
46 27
47 27
48 27
49 27
44 26
45 26
46 26
47 26
48 26
49 26
44 25
45 25
46 25
47 25
48 25
49 25
44 24
45 24
46 24
47 24
48 24
49 24
44 23
45 23
46 23
47 23
48 23
49 23
44 22
45 22
46 22
47 22
48 22
49 22
44 21
45 21
46 21
47 21
48 21
49 21
49 20
48 20
47 20
46 20
45 20
44 20
43 20
42 20
41 20
41 19
41 18
41 17
41 16
41 15
41 14
41 13
41 12
40 12
40 13
40 14
40 15
40 16
40 17
40 18
40 19
40 20
39 12
39 13
39 14
39 15
39 16
39 17
39 18
39 19
39 20
39 21
38 21
38 20
38 19
38 18
38 17
38 16
38 15
38 14
38 13
38 12
37 12
37 13
37 14
37 15
37 16
37 17
37 18
37 19
37 20
37 21
36 12
36 13
36 14
36 15
36 16
36 17
36 18
0
No
0
No
0
Yes
23 22
23 21
22 21
22 20
23 20
22 19
23 19
24 19
24 20
24 21
24 22
25 19
25 20
25 21
25 22
25 23
25 24
24 24
24 25
23 25
23 26
24 26
25 25
25 26
24 27
25 27
25 28
26 28
26 27
26 26
26 25
26 24
26 23
26 22
26 21
26 20
26 19
26 18
27 27
27 26
27 25
27 24
27 23
27 22
27 21
27 20
27 19
27 18
28 18
28 19
28 20
28 21
28 22
28 23
28 24
28 25
28 26
29 23
29 22
29 21
29 20
0
No
0
No
0
No
0
No
0
Yes
44 47
44 46
43 47
43 48
44 48
45 48
45 47
45 46
46 46
46 47
46 48
47 46
47 47
47 48
48 46
48 47
48 48
48 49
47 49
46 49
45 49
44 49
43 49
0
No
0
No
0
Yes
2 41
2 42
1 42
0 42
0 43
1 43
2 43
2 44
1 44
0 44
3 44
3 43
3 42
3 41
4 41
4 42
4 43
4 44
4 45
3 45
2 45
1 45
0 45
4 46
3 46
2 46
1 46
0 46
0
Yes
26 28
25 28
25 27
26 27
27 27
24 27
24 26
25 26
26 26
27 26
28 26
23 26
23 25
24 25
25 25
26 25
27 25
28 25
24 24
25 24
26 24
27 24
28 24
25 23
26 23
27 23
28 23
28 22
27 22
26 22
1
854
39 25
39 26
38 26
38 25
37 26
37 25
37 24
38 24
39 24
37 23
38 23
39 23
40 23
40 24
40 25
40 26
41 26
41 25
41 24
41 23
42 23
42 24
42 25
42 26
37 22
38 22
39 22
40 22
41 22
42 22
Yes
27 26
27 27
28 26
26 27
26 26
26 28
25 28
25 27
25 26
24 27
24 26
23 26
23 25
24 25
25 25
26 25
27 25
28 25
24 24
25 24
26 24
27 24
28 24
25 23
26 23
27 23
28 23
29 23
29 22
28 22
27 22
26 22
25 22
24 22
23 22
23 21
24 21
25 21
26 21
27 21
28 21
29 21
22 21
22 20
23 20
24 20
25 20
26 20
27 20
28 20
29 20
22 19
23 19
24 19
25 19
26 19
27 19
28 19
29 19
28 18
27 18
26 18
30 19
30 20
30 21
31 21
31 20
31 19
32 19
32 20
32 21
33 21
33 20
0
No
1
850
17 38
17 39
18 38
18 39
19 38
19 39
20 38
20 39
21 38
21 39
21 40
20 40
19 40
18 40
17 40
17 41
18 41
19 41
20 41
21 41
21 42
20 42
19 42
Yes
46 49
47 49
48 49
49 49
49 48
48 48
47 48
46 48
46 47
47 47
48 47
49 47
49 46
48 46
47 46
46 46
45 46
45 47
45 48
45 49
45 45
44 46
44 47
44 48
44 49
44 45
43 45
43 47
43 48
43 49
42 47
42 48
42 49
41 47
41 48
41 49
43 44
44 44
45 44
45 43
44 43
40 47
40 48
40 49
0
No
0
No
0
Yes
46 22
46 23
46 24
46 25
47 25
47 24
47 23
47 22
48 22
48 23
48 24
48 25
49 25
49 24
49 23
49 22
49 21
48 21
47 21
46 21
46 20
47 20
48 20
49 20
45 20
45 21
45 22
45 23
45 24
45 25
44 20
44 21
44 22
44 23
44 24
44 25
43 25
43 24
43 23
43 22
43 21
43 20
43 26
44 26
45 26
46 26
47 26
48 26
49 26
49 27
48 27
47 27
46 27
45 27
0
Yes
41 15
41 16
41 17
41 18
41 19
41 14
41 13
41 12
40 12
40 13
40 14
40 15
40 16
40 17
40 18
40 19
39 12
39 13
39 14
39 15
39 16
39 17
39 18
39 19
38 12
38 13
38 14
38 15
38 16
38 17
38 18
38 19
37 12
37 13
37 14
37 15
37 16
37 17
37 18
37 19
36 12
36 13
36 14
36 15
36 16
36 17
36 18
36 19
36 20
37 20
38 20
39 20
40 20
41 20
41 21
40 21
39 21
38 21
37 21
0
Yes
46 28
47 28
48 28
49 28
45 28
45 29
46 29
47 29
48 29
49 29
45 30
46 30
47 30
48 30
49 30
44 29
44 28
44 27
43 29
43 28
43 27
42 27
42 28
45 31
46 31
47 31
48 31
49 31
45 32
46 32
47 32
48 32
49 32
44 32
0
No
0
Yes
1 0
1 1
2 1
2 0
0 1
0 0
3 0
3 1
4 1
4 0
5 0
5 1
6 1
6 0
7 0
6 2
5 2
4 2
3 2
0
Yes
31 31
32 31
33 31
34 31
35 31
36 31
36 30
35 30
34 30
33 30
32 30
31 30
30 30
30 29
31 29
32 29
33 29
34 29
35 29
36 29
36 28
35 28
34 28
33 28
32 28
0
No
0
No
0
No
0
No
0
No
0
No
0
Yes
39 42
38 42
37 42
37 43
38 43
39 43
40 42
40 43
40 44
39 44
38 44
38 45
39 45
0
Yes
49 37
48 37
48 36
49 36
47 36
47 35
48 35
49 35
47 34
48 34
49 34
49 33
49 32
48 32
47 32
46 32
45 32
45 31
46 31
47 31
48 31
49 31
45 30
46 30
47 30
48 30
49 30
49 29
48 29
47 29
46 29
45 29
45 28
46 28
47 28
48 28
49 28
0
Yes
49 18
49 19
48 19
48 18
47 19
47 18
46 19
46 18
45 19
45 18
44 19
44 18
43 19
43 18
42 19
42 18
42 17
43 17
44 17
45 17
46 17
47 17
48 17
49 17
42 16
43 16
44 16
45 16
46 16
47 16
48 16
49 16
42 15
43 15
44 15
45 15
46 15
47 15
48 15
49 15
42 14
43 14
44 14
45 14
46 14
47 14
48 14
49 14
42 13
43 13
44 13
45 13
46 13
47 13
48 13
49 13
42 12
43 12
44 12
45 12
46 12
47 12
48 12
49 12
49 11
0
No
0
No
0
Yes
5 12
5 13
6 13
6 14
5 14
5 15
6 15
6 16
5 16
4 16
4 15
4 14
4 13
4 12
4 11
3 11
3 12
3 13
3 14
3 15
3 16
2 13
2 14
2 15
2 16
1 13
1 14
1 15
1 16
7 16
7 15
7 14
7 13
7 12
7 11
8 11
8 12
8 13
8 14
8 15
8 16
9 12
9 13
9 14
9 15
9 16
10 16
10 15
10 14
10 13
10 12
10 11
10 10
4 17
5 17
6 17
7 17
8 17
9 17
10 17
6 18
7 18
8 18
9 18
10 18
11 10
11 11
11 12
11 13
11 14
11 15
11 16
11 17
11 18
12 10
12 11
12 12
12 13
12 14
12 15
12 16
12 17
12 18
12 19
11 19
10 19
9 19
8 19
7 19
6 19
5 19
5 20
6 20
7 20
8 20
9 20
10 20
11 20
12 20
12 21
11 21
10 21
0 13
0 14
0 15
0
Yes
0 1
1 1
1 0
0 0
2 1
2 0
3 0
3 1
4 1
4 0
0
No
0
Yes
48 16
48 17
48 18
49 18
49 17
49 16
49 15
48 15
48 14
49 14
47 14
47 15
47 16
47 17
47 18
46 18
46 17
46 16
46 15
46 14
45 14
45 15
45 16
45 17
45 18
44 18
44 17
44 16
44 15
44 14
43 14
43 15
43 16
43 17
43 18
42 18
42 17
42 16
42 15
42 14
42 19
43 19
44 19
45 19
46 19
47 19
48 19
49 19
42 13
43 13
44 13
45 13
46 13
47 13
1
734
36 30
36 31
35 31
35 30
34 31
34 30
33 31
33 30
32 31
32 30
36 29
35 29
34 29
33 29
32 29
36 28
35 28
34 28
33 28
32 28
31 31
31 30
31 29
Yes
20 4
20 3
20 2
20 1
20 0
21 0
21 1
21 2
21 3
21 4
21 5
22 5
22 4
22 3
22 2
22 1
22 0
23 5
23 4
23 3
23 2
23 1
23 0
24 5
24 4
24 3
24 2
24 1
24 0
25 0
25 1
25 2
25 3
25 4
25 5
25 6
26 6
26 5
26 4
26 3
26 2
26 1
26 0
26 7
26 8
26 9
27 9
27 8
27 7
27 6
27 5
27 4
27 3
27 2
27 1
27 0
28 0
28 1
28 2
28 3
28 4
28 5
28 6
28 7
28 8
28 9
29 4
29 5
29 6
29 7
29 8
29 9
29 3
29 2
29 1
29 0
30 3
30 2
30 1
30 0
31 2
31 1
31 0
30 5
30 6
30 7
30 8
30 9
31 9
31 8
31 7
26 10
27 10
28 10
0
Yes
0 49
1 49
2 49
3 49
4 49
4 48
3 48
2 48
1 48
0 48
4 47
3 47
2 47
1 47
0 47
4 46
3 46
2 46
1 46
0 46
4 45
3 45
2 45
1 45
0 45
4 44
3 44
2 44
1 44
0 44
4 43
3 43
2 43
1 43
0 43
0 42
1 42
2 42
0
No
0
No
0
Yes
8 0
9 0
7 0
9 1
8 1
0
No
0
No
0
No
0
No
0
No
0
No
0
Yes
44 17
44 18
44 19
44 20
44 21
44 22
43 22
43 21
43 20
43 19
43 18
43 17
42 21
42 20
42 19
42 18
42 17
41 21
41 20
41 19
41 18
41 17
41 16
42 16
43 16
44 16
45 16
45 17
45 18
45 19
45 20
45 21
45 22
46 22
46 21
46 20
46 19
46 18
46 17
46 16
47 16
47 17
47 18
47 19
47 20
47 21
47 22
48 22
48 21
48 20
48 19
48 18
48 17
48 16
49 16
49 17
49 18
49 19
49 20
49 21
49 22
49 15
48 15
47 15
46 15
45 15
44 15
43 15
42 15
41 15
41 14
42 14
43 14
44 14
45 14
46 14
47 14
48 14
49 14
49 13
48 13
47 13
46 13
45 13
44 13
43 13
42 13
41 13
41 12
42 12
43 12
44 12
45 12
46 12
47 12
48 12
49 12
42 11
43 11
44 11
45 11
46 11
47 11
48 11
49 11
43 10
44 10
45 10
46 10
47 10
48 10
49 10
43 9
44 9
45 9
46 9
47 9
48 9
49 9
0
Yes
37 47
37 46
37 48
36 48
35 48
35 49
36 49
37 49
34 48
34 49
38 46
38 47
38 48
38 49
39 46
39 47
39 48
39 49
0
No
0
Yes
38 18
38 19
38 20
38 21
39 21
39 20
39 19
39 18
40 21
40 20
40 19
40 18
40 17
39 17
38 17
40 16
39 16
38 16
40 15
39 15
38 15
40 14
39 14
38 14
40 13
39 13
38 13
37 21
37 20
37 19
37 18
37 17
37 16
37 15
37 14
37 13
36 13
36 14
36 15
36 16
36 17
36 18
0
Yes
2 15
2 16
2 17
2 18
2 19
1 19
1 18
1 17
1 16
1 15
0 19
0 18
0 17
0 16
0 15
3 16
3 15
4 15
4 16
4 17
5 17
5 16
5 15
6 15
6 16
6 17
6 18
6 19
5 19
5 20
6 20
7 20
7 19
7 18
7 17
7 16
7 15
8 20
8 19
8 18
8 17
8 16
8 15
9 20
9 19
9 18
9 17
9 16
9 15
10 15
10 16
10 17
10 18
10 19
10 20
10 21
10 14
9 14
8 14
7 14
6 14
5 14
4 14
3 14
2 14
1 14
0 14
0 13
1 13
2 13
3 13
4 13
5 13
6 13
7 13
8 13
9 13
10 13
5 12
4 12
3 12
3 11
4 11
9 12
10 12
8 12
7 12
7 11
8 11
10 11
10 10
11 10
11 11
11 12
11 13
11 14
11 15
11 16
11 17
11 18
11 19
11 20
11 21
12 21
12 20
12 19
12 18
12 17
12 16
12 15
12 14
12 13
12 12
1
854
47 44
47 45
46 45
46 44
46 43
47 43
48 45
48 44
48 43
49 45
49 44
49 43
46 42
47 42
48 42
49 42
49 41
48 41
47 41
46 41
49 38
46 40
47 40
48 40
49 40
48 39
47 39
46 39
49 39
46 38
Yes
40 22
41 22
42 22
39 22
39 23
40 23
41 23
42 23
43 23
44 23
45 23
45 24
44 24
43 24
42 24
41 24
40 24
39 24
39 25
40 25
41 25
42 25
43 25
44 25
45 25
45 26
44 26
43 26
42 26
41 26
40 26
39 26
39 27
40 27
41 27
42 27
43 27
44 27
45 27
42 28
43 28
44 28
44 29
43 29
46 27
46 26
46 25
46 24
46 23
47 23
47 24
47 25
47 26
47 27
48 27
48 26
48 25
48 24
48 23
49 23
49 24
49 25
49 26
49 27
39 28
0
No
0
No
0
No
0
No
0
Yes
12 12
12 13
12 14
12 15
12 16
12 17
12 18
12 19
12 11
12 10
11 10
11 11
11 12
11 13
11 14
11 15
11 16
11 17
11 18
11 19
10 10
10 11
10 12
10 13
10 14
10 15
10 16
10 17
10 18
10 19
9 12
9 13
9 14
9 15
9 16
9 17
9 18
9 19
9 20
10 20
11 20
12 20
12 21
11 21
10 21
8 20
8 19
8 18
8 17
8 16
8 15
8 14
8 13
8 12
8 11
7 11
7 12
7 13
7 14
7 15
7 16
7 17
7 18
7 19
7 20
6 20
6 19
6 18
6 17
6 16
6 15
6 14
6 13
5 19
5 20
5 17
5 16
5 15
5 14
5 13
0
No
1
895
49 45
48 45
47 45
47 44
48 44
49 44
49 43
48 43
47 43
47 42
48 42
49 42
49 41
48 41
47 41
47 40
48 40
49 40
48 39
47 39
49 39
49 38
49 37
48 37
48 36
49 36
47 36
46 39
46 40
46 41
46 42
46 43
46 44
46 45
47 35
48 35
49 35
47 34
48 34
49 34
46 38
46 36
Yes
30 25
30 26
30 27
30 28
31 28
31 27
31 26
31 25
32 27
32 26
32 25
33 27
33 26
33 25
34 27
34 26
34 25
35 27
35 26
35 25
36 27
36 26
36 25
37 27
37 26
37 25
38 26
38 25
38 24
37 24
36 24
35 24
34 24
33 24
32 24
31 24
30 24
30 23
31 23
32 23
33 23
34 23
35 23
36 23
37 23
38 23
30 22
31 22
32 22
33 22
34 22
35 22
36 22
37 22
38 22
29 24
29 25
29 26
29 27
29 28
34 21
35 21
36 21
37 21
38 21
39 21
40 21
40 20
39 20
38 20
37 20
36 20
35 20
34 20
34 19
35 19
36 19
37 19
38 19
39 19
40 19
40 18
39 18
0
No
0
Yes
41 14
41 15
41 16
41 17
41 18
41 19
41 20
41 21
42 21
42 20
42 19
42 18
42 17
42 16
42 15
42 14
40 17
40 16
40 15
40 14
39 17
39 16
39 15
39 14
39 13
40 13
41 13
42 13
43 13
43 14
43 15
43 16
43 17
43 18
43 19
43 20
43 21
44 21
44 20
44 19
44 18
44 17
44 16
44 15
44 14
44 13
45 13
45 14
45 15
45 16
45 17
45 18
45 19
45 20
45 21
46 21
46 20
46 19
46 18
46 17
46 16
46 15
46 14
46 13
47 13
47 14
47 15
47 16
47 17
47 18
47 19
47 20
47 21
48 21
48 20
48 19
48 18
48 17
48 16
48 15
48 14
48 13
49 13
49 14
49 15
49 16
49 17
49 18
49 19
49 20
49 21
38 13
38 14
38 15
38 16
38 17
38 18
37 18
37 17
37 16
37 15
37 14
37 13
36 18
36 17
36 16
36 15
36 14
36 13
36 12
37 12
38 12
39 12
40 12
41 12
42 12
43 12
44 12
45 12
46 12
47 12
48 12
49 12
42 11
43 11
44 11
45 11
46 11
47 11
48 11
49 11
43 22
44 22
45 22
46 22
47 22
48 22
49 22
43 10
44 10
45 10
46 10
47 10
48 10
0
No
0
Yes
14 33
14 32
13 32
13 33
12 33
12 32
0
No
0
No
0
No
0
Yes
0 49
1 49
2 49
3 49
4 49
4 48
3 48
2 48
1 48
0 48
4 47
3 47
2 47
1 47
0 47
4 46
3 46
2 46
1 46
0 46
4 45
3 45
2 45
1 45
0 45
4 44
3 44
2 44
1 44
0 44
4 43
3 43
2 43
1 43
0 43
0 42
1 42
2 42
0
Yes
45 45
45 46
44 46
44 45
44 44
45 44
44 43
45 43
46 43
46 44
46 45
46 46
46 42
47 42
47 43
47 44
47 45
47 46
47 47
46 47
45 47
44 47
44 48
45 48
46 48
47 48
47 49
46 49
45 49
44 49
48 49
48 48
48 47
48 46
48 45
48 44
48 43
48 42
49 42
49 43
49 44
49 45
49 46
49 47
49 48
49 49
0
No
0
Yes
21 45
21 44
21 43
20 43
20 44
20 45
20 46
20 47
19 43
19 44
19 45
19 46
19 47
18 47
18 46
18 45
18 44
18 43
18 42
17 42
17 43
17 44
17 45
17 46
17 47
16 47
16 46
16 45
16 44
16 43
16 42
16 41
15 41
15 42
15 43
15 44
15 45
15 46
15 47
14 42
14 43
14 44
14 45
14 46
14 47
13 47
13 46
13 45
13 44
13 43
13 42
13 41
13 40
12 40
12 41
12 42
12 43
12 44
12 45
12 46
12 47
11 41
11 42
11 43
11 44
11 45
11 46
11 47
10 42
10 43
10 44
10 45
10 46
10 47
20 48
19 48
18 48
17 48
16 48
15 48
14 48
13 48
12 48
11 48
10 48
20 49
19 49
18 49
17 49
16 49
15 49
14 49
13 49
12 49
11 49
10 49
9 49
9 48
9 47
9 46
9 45
9 44
9 43
9 42
9 41
8 41
8 42
8 43
8 44
8 45
8 46
8 47
8 48
8 49
7 41
7 42
7 43
7 44
7 45
7 46
7 47
7 48
7 49
6 41
6 42
6 43
6 44
6 45
6 46
6 47
6 48
6 49
5 49
5 48
5 47
5 46
5 45
5 44
5 43
5 42
4 42
3 42
4 41
0
No
0
Yes
48 35
48 34
47 34
47 35
47 36
48 36
49 36
49 35
49 34
49 33
0
Yes
22 21
22 20
22 19
23 19
23 20
23 21
23 22
24 22
24 21
24 20
24 19
25 19
25 20
25 21
25 22
25 23
25 24
24 24
24 25
25 25
23 25
23 26
24 26
25 26
24 27
25 27
25 28
26 28
26 27
26 26
26 25
26 24
26 23
26 22
26 21
26 20
26 19
26 18
27 27
27 26
27 25
27 24
27 23
27 22
27 21
27 20
27 19
27 18
28 26
28 25
28 24
28 23
28 22
28 21
28 20
28 19
28 18
29 23
29 22
0
No
0
No
0
Yes
2 32
2 31
3 31
4 31
4 30
3 30
2 30
0
No
0
Yes
11 43
11 44
11 45
11 46
11 47
11 48
11 49
12 49
12 48
12 47
12 46
12 45
12 44
12 43
13 43
13 44
13 45
13 46
13 47
13 48
13 49
14 49
14 48
14 47
14 46
14 45
14 44
14 43
14 42
13 42
12 42
11 42
11 41
12 41
13 41
13 40
12 40
10 42
10 43
10 44
10 45
10 46
10 47
10 48
10 49
9 49
9 48
9 47
9 46
9 45
9 44
9 43
9 42
9 41
8 41
8 42
8 43
8 44
8 45
8 46
8 47
8 48
8 49
7 41
7 42
7 43
7 44
7 45
7 46
7 47
7 48
7 49
6 41
6 42
6 43
6 44
6 45
6 46
6 47
6 48
6 49
5 49
5 48
5 47
5 46
5 45
5 44
5 43
5 42
15 42
15 43
15 44
15 45
15 46
15 47
15 48
15 49
15 41
16 41
16 42
16 43
16 44
16 45
16 46
16 47
16 48
16 49
17 42
17 43
17 44
17 45
17 46
17 47
17 48
17 49
18 42
18 43
18 44
18 45
18 46
18 47
18 48
18 49
19 43
19 44
19 45
19 46
19 47
19 48
19 49
20 49
20 48
0
Yes
0 14
0 15
0 16
0 17
0 18
1 18
1 17
1 16
1 15
1 14
2 17
2 18
2 16
2 15
2 14
2 19
1 19
0 19
2 13
1 13
0 13
0
No
1
918
31 17
31 18
31 19
31 20
31 21
32 21
32 20
32 19
32 18
32 17
33 21
33 20
33 19
33 18
33 17
34 18
34 17
35 18
35 17
35 16
34 16
33 16
32 16
31 16
35 15
34 15
33 15
32 15
31 15
35 14
34 14
33 14
32 14
31 14
35 13
34 13
33 13
32 13
31 13
33 12
32 12
31 12
30 12
30 13
30 14
30 15
30 16
30 17
30 18
30 19
30 20
30 21
29 14
29 15
29 16
29 17
29 18
29 19
29 20
Yes
26 21
26 22
26 23
25 23
25 22
25 21
24 22
24 21
23 22
23 21
22 21
22 20
23 20
24 20
25 20
26 20
25 19
24 19
23 19
22 19
26 19
26 18
23 18
22 18
22 17
22 16
21 16
21 17
21 18
21 19
20 19
20 18
20 17
27 18
27 19
27 20
27 21
27 22
27 23
28 18
28 19
28 20
28 21
28 22
28 23
28 24
27 24
26 24
25 24
24 24
28 25
27 25
26 25
25 25
24 25
23 25
23 26
24 26
25 26
26 26
27 26
28 26
27 27
26 27
25 27
24 27
25 28
26 28
29 23
29 22
29 21
19 19
19 18
19 17
19 16
18 16
18 17
18 18
18 19
18 20
18 15
17 15
17 16
17 17
17 18
17 19
17 20
17 21
16 15
16 16
16 17
16 18
16 19
16 20
16 21
16 22
16 23
15 23
15 22
15 21
15 20
15 19
15 18
15 17
15 16
15 15
15 14
14 14
14 15
14 16
14 17
14 18
14 19
14 20
14 21
14 22
14 23
14 24
13 21
13 20
13 19
13 18
13 17
13 16
13 15
13 14
13 22
13 23
13 24
13 13
13 12
14 12
14 11
13 11
13 10
14 10
0
Yes
6 0
6 1
6 2
5 2
5 1
5 0
4 2
4 1
4 0
3 2
3 1
3 0
1
885
0 0
0 1
1 1
1 0
2 0
Yes
8 1
9 1
9 2
10 2
10 1
10 3
10 4
9 4
9 5
11 4
11 3
11 2
11 1
12 1
12 2
12 3
12 4
12 5
12 6
11 6
13 6
13 5
13 4
13 3
13 2
13 1
14 5
14 4
14 3
14 2
14 1
15 1
15 2
15 3
15 4
15 5
15 6
16 5
16 4
16 3
16 2
16 1
17 1
17 2
17 3
17 4
17 5
17 6
17 0
16 0
15 0
14 0
13 0
12 0
11 0
10 0
9 0
8 0
7 0
18 6
18 5
18 4
18 3
18 2
18 1
18 0
19 5
19 4
19 3
19 2
19 1
19 0
13 7
12 7
12 8
13 8
12 9
13 9
14 9
14 8
15 8
0
No
0
No
0
No
0
Yes
35 32
35 33
34 32
34 33
34 34
34 35
34 36
33 32
33 33
33 34
33 35
33 36
33 37
34 37
35 37
35 38
34 38
33 38
32 32
32 33
32 34
32 35
32 36
32 37
32 38
31 33
31 34
31 35
31 36
31 37
31 38
0
Yes
4 49
3 49
2 49
1 49
0 49
4 48
3 48
2 48
1 48
0 48
4 47
3 47
2 47
1 47
0 47
4 46
3 46
2 46
0
Yes
42 3
42 4
42 5
43 5
43 4
43 3
44 3
44 4
44 5
45 5
45 4
45 3
46 3
46 4
46 5
47 5
47 4
47 3
48 3
48 4
48 5
49 5
49 4
49 3
49 2
48 2
47 2
46 2
45 2
44 2
43 2
42 2
42 1
43 1
44 1
45 1
46 1
47 1
48 1
49 1
49 0
48 0
47 0
46 0
45 0
44 0
43 0
42 0
49 6
48 6
47 6
46 6
45 6
44 6
43 6
0
Yes
21 47
20 47
20 46
21 46
20 45
21 45
20 44
21 44
20 43
21 43
21 48
21 49
22 49
22 48
22 47
22 46
22 45
22 44
22 43
23 43
23 44
23 45
23 46
23 47
23 48
23 49
24 49
24 48
24 47
24 46
24 45
24 44
24 43
25 43
25 44
25 45
25 46
25 47
25 48
25 49
25 42
24 42
23 42
22 42
21 42
20 42
26 42
26 43
26 44
26 45
26 46
26 47
26 48
26 49
27 45
27 44
0
Yes
41 49
42 49
43 49
40 49
43 48
42 48
41 48
40 48
43 47
42 47
41 47
40 47
0
Yes
0 45
0 46
0 47
0 48
0 49
1 49
1 48
1 47
1 46
1 45
2 45
2 46
2 47
2 48
2 49
3 49
3 48
3 47
3 46
3 45
4 45
4 46
4 47
4 48
4 49
4 44
3 44
2 44
1 44
0 44
4 43
3 43
2 43
1 43
0 43
0 42
1 42
2 42
3 42
4 42
4 41
3 41
2 41
2 40
3 40
4 40
0
Yes
37 4
37 5
38 5
38 4
38 6
39 6
39 5
39 4
40 4
40 5
40 6
41 5
41 4
41 6
42 6
41 3
40 3
39 3
38 3
37 3
36 3
41 2
40 2
39 2
38 2
37 2
36 2
41 1
40 1
39 1
38 1
37 1
36 1
41 0
40 0
39 0
38 0
37 0
36 0
35 2
35 1
35 0
34 1
34 0
38 7
39 7
40 7
0
Yes
26 20
26 21
26 22
26 23
25 23
25 22
25 21
25 20
25 24
26 24
26 25
25 25
25 26
26 26
26 27
25 27
25 28
26 28
27 27
27 26
27 25
27 24
27 23
27 22
27 21
27 20
28 26
28 25
28 24
28 23
28 22
28 21
28 20
29 21
29 22
29 23
24 27
24 26
24 25
24 24
23 25
23 26
28 19
27 19
26 19
25 19
26 18
27 18
0
Yes
3 15
3 16
4 16
4 15
5 15
5 16
6 16
6 15
7 15
7 16
7 14
6 14
5 14
4 14
3 14
6 13
7 13
5 13
4 13
3 13
5 12
4 12
3 12
3 11
4 11
2 13
2 14
2 15
2 16
1 13
1 14
1 15
1 16
0 13
0 14
0 15
0 16
7 12
7 11
8 11
8 12
8 13
8 14
8 15
8 16
4 17
5 17
6 17
7 17
8 17
6 18
7 18
8 18
9 12
9 13
9 14
9 15
9 16
9 17
9 18
2 17
1 17
0 17
2 18
1 18
0 18
2 19
1 19
0 19
9 19
8 19
7 19
6 19
5 19
5 20
6 20
7 20
8 20
9 20
10 20
10 19
10 18
10 17
10 16
10 15
10 14
10 13
10 12
10 11
10 10
11 10
11 11
11 12
11 13
11 14
11 15
11 16
11 17
11 18
11 19
11 20
12 10
12 11
12 12
12 13
12 14
12 15
12 16
12 17
12 18
12 19
12 20
13 13
13 14
13 15
13 16
13 17
13 18
13 19
13 20
13 12
13 11
13 10
14 10
14 11
14 12
14 14
14 15
0
Yes
46 31
46 32
45 32
45 31
45 30
46 30
45 29
46 29
45 28
46 28
47 28
47 29
47 30
47 31
47 32
48 32
48 31
48 30
0
Yes
49 38
49 39
48 39
47 39
46 39
46 40
47 40
48 40
49 40
46 41
47 41
48 41
49 41
49 37
48 37
48 36
49 36
47 36
47 35
48 35
49 35
47 34
48 34
49 34
49 33
49 32
46 36
45 41
46 42
47 42
48 42
49 42
49 43
48 43
47 43
46 43
45 43
44 43
44 44
45 44
46 44
47 44
48 44
49 44
43 44
43 45
44 45
45 45
46 45
47 45
48 45
49 45
44 46
45 46
46 46
47 46
48 46
49 46
44 47
45 47
46 47
47 47
48 47
49 47
44 48
45 48
46 48
47 48
48 48
49 48
44 49
45 49
46 49
47 49
48 49
49 49
46 38
0
Yes
0 48
0 49
1 49
1 48
2 48
2 49
3 49
3 48
4 48
4 49
4 47
3 47
2 47
1 47
0 47
4 46
3 46
2 46
1 46
0 46
4 45
3 45
2 45
1 45
0 45
4 44
3 44
2 44
1 44
0 44
4 43
3 43
2 43
1 43
0 43
0 42
1 42
0
Yes
40 42
40 43
40 44
39 42
39 43
39 44
38 44
38 43
38 42
37 42
37 43
0
Yes
17 20
17 21
18 20
18 19
17 19
17 31
16 19
16 20
16 21
16 22
16 23
15 23
15 22
15 21
15 20
15 19
14 19
14 20
14 21
14 22
14 23
14 24
13 21
13 22
13 23
13 24
13 25
13 26
12 21
12 22
12 23
12 24
12 25
12 26
12 27
13 27
14 27
12 28
13 28
14 28
15 28
15 29
14 29
13 29
11 26
11 25
11 24
11 23
11 22
11 21
10 21
10 22
10 23
10 24
10 25
9 23
9 22
8 22
8 23
7 22
7 23
7 24
6 24
6 23
5 23
5 24
13 30
14 30
15 30
16 30
16 31
15 31
14 31
13 31
12 31
12 32
13 32
14 32
14 33
13 33
12 33
14 18
15 18
16 18
17 18
18 18
0
Yes
12 1
12 2
12 3
12 4
12 5
12 6
12 7
12 8
12 9
13 9
13 8
13 7
13 6
13 5
13 4
13 3
13 2
13 1
14 5
14 4
14 3
14 2
14 1
15 5
15 4
15 3
15 2
15 1
16 5
16 4
16 3
16 2
16 1
14 8
14 9
15 9
15 8
11 4
11 3
11 2
11 1
10 4
10 3
10 2
10 1
10 0
11 0
12 0
13 0
14 0
15 0
16 0
17 0
17 1
17 2
17 3
17 4
17 5
17 6
18 6
18 5
18 4
18 3
18 2
18 1
18 0
19 5
19 4
19 3
19 2
19 1
19 0
9 2
9 1
9 0
0
Yes
22 17
22 16
21 16
21 17
20 17
19 17
19 16
18 16
18 17
18 15
17 15
17 16
17 17
16 15
16 16
16 17
15 15
15 16
15 17
14 16
14 17
14 18
15 18
16 18
17 18
18 18
19 18
20 18
21 18
22 18
23 18
21 19
20 19
19 19
18 19
17 19
16 19
15 19
14 19
22 19
23 19
18 20
17 20
16 20
15 20
14 20
17 21
16 21
15 21
14 21
0
Yes
0 49
1 49
2 49
3 49
4 49
4 48
3 48
2 48
1 48
0 48
4 47
3 47
2 47
1 47
0 47
4 46
3 46
2 46
1 46
0 46
4 45
3 45
2 45
1 45
0 45
4 44
3 44
2 44
1 44
0 44
4 43
3 43
2 43
1 43
0
No
0
Yes
15 36
15 37
16 36
16 37
16 38
17 38
17 37
17 36
17 35
18 35
18 36
18 37
18 38
19 35
19 36
19 37
19 38
0
No
0
No
0
No
0
No
0
Yes
3 1
3 2
3 0
4 2
4 1
4 0
5 2
5 1
5 0
6 2
6 1
0
Yes
45 2
45 3
45 4
45 5
46 5
46 4
46 3
46 2
47 2
47 3
47 4
47 5
48 5
48 4
48 3
48 2
49 2
49 3
49 4
49 5
49 1
48 1
47 1
46 1
45 1
45 0
46 0
47 0
48 0
49 0
44 0
44 1
44 2
44 3
44 4
44 5
43 5
43 4
43 3
43 2
43 1
43 0
43 6
44 6
45 6
46 6
47 6
48 6
49 6
49 7
48 7
47 7
46 7
45 7
0
Yes
14 24
14 23
15 23
16 23
16 22
15 22
14 22
13 22
13 23
13 24
13 21
12 21
12 22
12 23
12 24
11 21
11 22
11 23
11 24
10 21
10 22
10 23
10 24
10 25
11 25
12 25
13 25
0
Yes
8 43
8 44
8 45
8 46
9 46
9 45
9 44
9 43
10 43
10 44
10 45
10 46
10 42
9 42
8 42
9 41
8 41
7 41
7 42
7 43
7 44
7 45
7 46
6 41
6 42
6 43
6 44
6 45
6 46
5 42
5 43
5 44
5 45
5 46
4 46
4 45
4 44
4 43
4 42
4 41
4 40
3 40
3 41
3 42
3 43
3 44
3 45
3 46
2 46
2 45
2 44
2 43
2 42
2 41
2 40
2 39
2 38
2 37
2 36
1 36
1 37
1 38
1 39
1 40
1 41
1 42
1 43
1 44
1 45
1 46
0 36
0 37
0 38
0 39
0 40
0 41
0 42
0 43
0 44
0 45
0 46
0 47
1 47
2 47
3 47
4 47
5 47
6 47
7 47
8 47
9 47
10 47
10 48
9 48
8 48
7 48
6 48
5 48
4 48
3 48
2 48
1 48
0 48
0 49
1 49
2 49
3 49
4 49
5 49
6 49
7 49
8 49
9 49
10 49
11 49
0
Yes
16 49
17 49
18 49
19 49
19 48
18 48
17 48
16 48
19 47
18 47
17 47
16 47
19 46
18 46
17 46
16 46
19 45
18 45
17 45
16 45
19 44
18 44
17 44
16 44
15 44
15 45
15 46
15 47
15 48
15 49
14 49
14 48
14 47
14 46
14 45
14 44
13 44
13 45
13 46
13 47
13 48
13 49
19 43
18 43
17 43
16 43
15 43
14 43
13 43
14 42
15 42
16 42
17 42
18 42
19 42
13 42
15 41
16 41
17 41
18 41
19 41
0
Yes
40 2
40 3
40 4
40 5
40 6
40 7
40 8
40 9
40 10
40 11
41 11
41 10
41 9
41 8
41 7
41 6
41 5
41 4
41 3
41 2
42 10
42 9
42 8
42 7
42 6
42 5
42 4
42 3
42 2
42 1
41 1
40 1
42 0
41 0
40 0
39 11
39 10
39 9
39 8
39 7
39 6
39 5
39 4
39 3
39 2
39 1
39 0
38 11
38 10
38 9
38 8
38 7
38 6
38 5
38 4
38 3
38 2
38 1
38 0
37 5
37 4
37 3
37 2
0
Yes
33 29
33 28
32 28
32 29
31 29
34 28
34 29
35 28
35 29
35 30
34 30
33 30
32 30
31 30
31 31
32 31
33 31
34 31
35 31
36 31
36 30
36 29
36 28
30 30
30 29
35 32
34 32
33 32
32 32
35 33
34 33
33 33
32 33
31 33
31 34
32 34
33 34
34 34
0
Yes
33 20
33 21
32 21
32 20
33 19
32 19
32 18
33 18
34 18
35 18
35 17
34 17
33 17
32 17
35 16
34 16
33 16
32 16
35 15
34 15
33 15
32 15
35 14
34 14
33 14
32 14
35 13
34 13
33 13
32 13
31 21
31 20
31 19
31 18
31 17
31 16
31 15
31 14
31 13
30 13
30 14
30 15
30 16
30 17
30 18
30 19
30 20
30 21
29 14
29 15
29 16
29 17
29 18
29 19
0
Yes
13 40
13 41
12 40
12 41
11 41
0
Yes
25 26
25 27
25 28
26 28
26 27
26 26
27 27
27 26
28 26
24 27
24 26
23 26
23 25
24 25
25 25
26 25
27 25
28 25
24 24
25 24
26 24
27 24
28 24
25 23
26 23
27 23
28 23
29 23
29 22
28 22
27 22
26 22
25 22
24 22
23 22
29 21
28 21
27 21
26 21
25 21
24 21
23 21
22 21
29 20
28 20
27 20
26 20
25 20
24 20
23 20
22 20
24 19
25 19
26 19
27 19
28 19
23 19
22 19
23 18
22 18
28 18
27 18
26 18
22 17
22 16
21 16
21 17
21 18
21 19
20 19
20 18
20 17
19 19
19 18
19 17
19 16
18 16
18 17
18 18
18 19
27 17
18 15
25 29
0
Yes
13 13
13 12
14 12
14 11
13 11
14 10
13 10
12 10
12 11
12 12
12 13
11 10
11 11
11 12
11 13
10 10
10 11
10 12
10 13
0
Yes
17 17
17 18
17 19
17 20
17 21
17 16
17 15
16 15
16 16
16 17
16 18
16 19
16 20
16 21
16 22
16 23
15 23
15 22
15 21
15 20
15 19
15 18
15 17
15 16
15 15
15 14
14 14
14 15
14 16
14 17
14 18
14 19
14 20
14 21
14 22
14 23
14 24
13 14
13 15
13 16
13 17
13 18
13 19
13 20
13 21
13 22
13 23
13 24
13 25
13 26
12 14
12 15
12 16
12 17
12 18
12 19
12 20
12 21
12 22
12 23
12 24
12 25
12 26
11 26
11 25
11 24
11 23
11 22
11 21
11 20
11 19
11 18
11 17
11 16
11 15
11 14
10 25
10 24
10 23
10 22
10 21
10 20
10 19
10 18
10 17
10 16
10 15
10 14
9 20
9 19
0
Yes
45 1
45 2
45 3
45 4
45 5
46 5
46 4
46 3
46 2
46 1
47 1
47 2
47 3
47 4
47 5
48 5
48 4
48 3
48 2
48 1
49 1
49 2
49 3
49 4
49 5
49 0
48 0
47 0
46 0
45 0
44 0
44 1
44 2
44 3
44 4
44 5
43 5
43 4
43 3
43 2
43 1
43 0
43 6
44 6
45 6
46 6
47 6
48 6
49 6
43 7
44 7
45 7
0
Yes
7 15
8 15
9 15
9 14
8 14
7 14
9 13
8 13
7 13
9 12
8 12
7 12
7 11
8 11
6 13
6 14
6 15
9 16
8 16
7 16
6 16
9 17
8 17
7 17
6 17
9 18
8 18
7 18
6 18
8 19
7 19
6 19
5 19
5 20
6 20
7 20
8 20
5 17
5 16
5 15
5 14
5 13
5 12
4 17
4 16
4 15
4 14
4 13
4 12
4 11
0
No
0
No
0
No
0
No
1
935
31 21
30 21
30 20
31 20
32 21
32 20
33 21
33 20
33 19
32 19
31 19
30 19
30 18
31 18
32 18
33 18
34 18
35 18
35 17
34 17
33 17
32 17
31 17
30 17
35 16
34 16
33 16
32 16
31 16
30 16
35 15
34 15
33 15
32 15
31 15
30 15
35 14
34 14
33 14
32 14
31 14
30 14
29 14
29 15
29 16
29 17
29 18
29 19
35 13
34 13
33 13
32 13
31 13
30 13
33 12
32 12
Yes
27 47
27 48
27 49
26 49
26 48
26 47
26 46
26 45
27 45
27 44
26 44
26 43
26 42
25 42
25 43
25 44
25 45
25 46
25 47
25 48
25 49
24 49
24 48
24 47
24 46
24 45
24 44
24 43
24 42
23 42
23 43
23 44
23 45
23 46
23 47
23 48
23 49
22 49
22 48
22 47
22 46
22 45
22 44
22 43
22 42
21 42
21 43
21 44
21 45
21 46
21 47
21 48
21 49
20 49
20 48
20 47
20 46
20 45
20 44
20 43
20 42
28 47
28 48
28 49
29 48
29 49
20 41
21 41
22 41
23 41
24 41
25 41
0
Yes
30 10
30 11
30 12
31 12
31 11
29 11
29 10
0
Yes
0 46
0 47
0 48
0 49
1 49
1 48
1 47
1 46
2 46
2 47
2 48
2 49
3 49
3 48
3 47
3 46
4 46
4 47
4 48
4 49
5 49
5 48
5 47
5 46
6 46
6 47
6 48
6 49
7 49
7 48
7 47
7 46
7 45
6 45
5 45
4 45
3 45
2 45
1 45
0 45
0 44
1 44
2 44
3 44
4 44
5 44
6 44
7 44
7 43
6 43
5 43
4 43
3 43
2 43
1 43
0 43
5 42
6 42
7 42
4 42
3 42
2 42
1 42
0 42
6 41
1
935
44 1
43 1
43 2
44 2
43 3
44 3
43 4
44 4
43 5
44 5
43 0
44 0
45 0
45 1
45 2
45 3
45 4
45 5
46 5
46 4
46 3
46 2
46 1
46 0
47 0
47 1
47 2
47 3
47 4
47 5
48 5
48 4
48 3
48 2
48 1
48 0
49 0
49 1
49 2
49 3
49 4
49 5
43 6
44 6
45 6
46 6
47 6
48 6
49 6
43 7
44 7
45 7
46 7
47 7
48 7
49 7
Yes
27 27
27 26
28 26
28 25
27 25
27 24
28 24
28 23
27 23
27 22
28 22
28 21
27 21
27 20
28 20
28 19
27 19
26 19
26 20
26 21
26 22
26 23
26 24
26 25
26 26
26 27
26 28
25 28
25 27
25 26
25 25
25 24
25 23
25 22
25 21
25 20
25 19
24 24
24 25
24 26
24 27
23 26
23 25
24 19
24 20
24 21
24 22
23 22
23 21
23 20
23 19
22 21
22 20
22 19
21 19
23 18
22 18
21 18
26 18
27 18
28 18
22 17
21 17
21 16
22 16
20 17
20 18
20 19
19 19
19 18
19 17
19 16
18 16
18 17
18 18
18 19
29 18
29 19
29 20
29 21
29 22
29 23
29 24
29 25
29 26
29 27
29 28
30 28
30 27
30 26
30 25
30 24
30 23
30 22
30 21
0
Yes
0 17
1 17
2 17
2 16
1 16
0 16
3 16
3 15
2 15
1 15
0 15
3 14
2 14
1 14
0 14
3 13
2 13
1 13
0 13
2 18
1 18
0 18
0
Yes
30 19
30 18
31 18
31 19
32 19
32 18
33 18
33 19
33 17
32 17
31 17
30 17
29 17
29 16
30 16
31 16
32 16
33 16
29 15
30 15
31 15
32 15
33 15
34 15
34 16
34 17
34 18
34 19
35 18
35 17
35 16
35 15
35 19
0
No
0
Yes
48 49
49 49
49 48
48 48
48 47
49 47
49 46
48 46
48 45
49 45
49 44
48 44
48 43
49 43
49 42
48 42
48 41
49 41
49 40
48 40
47 40
47 41
47 42
47 43
47 44
47 45
47 46
47 47
47 48
47 49
46 42
46 41
46 40
46 43
46 44
46 45
46 46
46 47
46 48
46 49
45 43
45 44
45 45
45 46
45 47
45 48
45 49
44 43
44 44
44 45
44 46
44 47
44 48
44 49
43 45
43 44
43 47
43 48
43 49
42 47
42 48
42 49
41 47
41 48
41 49
46 39
47 39
48 39
49 39
46 38
40 47
40 48
40 49
39 49
39 48
39 47
39 46
39 45
38 45
38 46
38 47
38 48
38 49
37 46
37 47
37 48
37 49
1
961
9 48
8 48
8 47
9 47
8 46
9 46
8 45
9 45
8 44
9 44
10 44
10 45
10 46
10 47
10 48
11 48
11 47
11 46
11 45
11 44
12 44
12 45
12 46
12 47
12 48
12 49
11 49
10 49
9 49
8 49
12 43
11 43
10 43
9 43
8 43
8 42
9 42
10 42
Yes
36 31
36 30
36 29
36 28
36 27
36 26
36 25
36 24
36 23
36 22
36 21
36 20
36 19
35 20
35 21
35 22
35 23
35 24
35 25
35 26
35 27
35 28
35 29
35 30
35 31
34 20
34 21
34 22
34 23
34 24
34 25
34 26
34 27
34 28
34 29
34 30
34 31
33 20
33 21
33 22
33 23
33 24
33 25
33 26
33 27
33 28
33 29
33 30
33 31
32 20
32 21
32 22
32 23
32 24
32 25
32 26
32 27
32 28
32 29
32 30
32 31
31 31
31 30
31 29
31 28
31 27
31 26
31 25
31 24
31 23
31 22
31 21
31 20
30 29
30 30
37 27
37 26
37 25
37 24
37 23
37 22
37 21
37 20
37 19
38 26
38 25
38 24
38 23
38 22
38 21
38 20
38 19
0
Yes
2 45
2 46
2 47
2 48
2 49
3 49
3 48
3 47
3 46
3 45
4 45
4 46
4 47
4 48
4 49
1 49
1 48
1 47
1 46
1 45
0 45
0 46
0 47
0 48
0 49
0 44
1 44
2 44
3 44
4 44
1
959
49 0
49 1
49 2
49 3
49 4
49 5
48 5
48 4
48 3
48 2
48 1
48 0
47 0
47 1
47 2
47 3
47 4
47 5
46 5
46 4
46 3
46 2
46 1
46 0
45 0
45 1
45 2
45 3
45 4
45 5
44 5
44 4
44 3
44 2
44 1
44 0
43 0
43 1
43 2
43 3
43 4
43 5
43 6
44 6
45 6
46 6
47 6
48 6
49 6
43 7
44 7
45 7
46 7
47 7
48 7
49 7
43 8
44 8
45 8
46 8
47 8
Yes
15 46
15 47
15 48
15 49
16 49
16 48
16 47
16 46
17 46
17 47
17 48
17 49
18 49
18 48
18 47
18 46
18 45
17 45
16 45
15 45
15 44
16 44
17 44
18 44
18 43
17 43
16 43
15 43
15 42
16 42
17 42
18 42
15 41
16 41
17 41
18 41
16 40
17 40
18 40
17 39
18 39
14 42
14 43
14 44
14 45
14 46
14 47
14 48
14 49
13 49
13 48
13 47
13 46
13 45
13 44
13 43
13 42
13 41
13 40
12 40
12 41
12 42
11 42
11 41
19 39
19 40
19 41
19 42
19 43
19 44
19 45
19 46
19 47
19 48
19 49
20 40
20 39
20 38
0
Yes
6 49
7 49
8 49
9 49
10 49
11 49
11 48
10 48
9 48
8 48
7 48
6 48
6 47
7 47
8 47
9 47
10 47
11 47
11 46
10 46
9 46
8 46
7 46
6 46
6 45
7 45
8 45
9 45
10 45
11 45
11 44
10 44
9 44
8 44
7 44
6 44
11 43
10 43
9 43
8 43
7 43
6 43
10 42
9 42
8 42
7 42
6 42
6 41
7 41
8 41
9 41
5 42
5 43
5 44
5 45
5 46
5 47
5 48
5 49
4 49
4 48
4 47
4 46
4 45
4 44
4 43
4 42
4 41
3 41
3 42
3 43
3 44
3 45
3 46
3 47
3 48
3 49
2 49
2 48
2 47
2 46
2 45
2 44
2 43
2 42
2 41
1 41
1 42
1 43
1 44
1 45
1 46
1 47
1 48
1 49
12 43
12 44
12 45
12 46
12 47
12 48
12 49
0 49
0 48
0 47
0 46
0 45
0 44
0 43
0 42
0
Yes
14 29
15 29
15 28
14 28
14 27
13 29
13 28
13 27
12 28
12 27
13 26
12 26
11 26
13 25
12 25
11 25
10 25
10 24
11 24
12 24
13 24
14 24
14 23
13 23
12 23
11 23
10 23
9 23
9 22
10 22
11 22
12 22
13 22
14 22
10 21
11 21
12 21
13 21
14 21
8 22
8 23
7 22
7 23
7 24
6 24
6 23
15 23
15 22
15 21
16 23
16 22
16 21
16 20
15 20
14 20
13 20
12 20
11 20
10 20
9 20
9 19
10 19
11 19
12 19
13 19
14 19
15 19
16 19
17 21
17 20
17 19
5 23
5 24
17 18
16 18
15 18
14 18
13 18
12 18
11 18
10 18
10 17
11 17
12 17
13 17
14 17
15 17
16 17
17 17
17 16
16 16
15 16
14 16
13 16
12 16
11 16
10 16
17 15
16 15
15 15
14 15
13 15
12 15
11 15
10 15
10 14
11 14
12 14
13 14
14 14
15 14
13 30
14 30
15 30
0
Yes
32 38
33 38
34 38
34 37
33 37
32 37
34 36
33 36
32 36
31 36
31 37
31 38
31 35
32 35
33 35
34 35
34 34
33 34
32 34
31 34
31 33
32 33
33 33
34 33
32 32
33 32
34 32
35 32
35 33
0
Yes
35 13
34 13
33 13
32 13
31 13
33 12
32 12
31 12
31 11
35 14
34 14
33 14
32 14
31 14
30 14
30 13
30 12
30 11
29 11
0
Yes
47 47
47 48
47 49
48 49
48 48
48 47
49 47
49 48
49 49
49 46
48 46
47 46
47 45
48 45
49 45
49 44
48 44
47 44
47 43
48 43
49 43
49 42
48 42
47 42
46 42
46 43
46 44
46 45
46 46
46 47
46 48
46 49
45 43
45 44
45 45
45 46
45 47
45 48
45 49
44 43
44 44
44 45
44 46
44 47
44 48
44 49
0
No
0
Yes
10 13
11 13
12 13
13 13
10 12
11 12
12 12
13 12
14 12
14 11
13 11
12 11
11 11
10 11
10 10
11 10
12 10
13 10
0
Yes
0 1
0 0
1 1
1 0
2 0
0
Yes
45 2
45 3
45 4
45 5
45 6
45 7
46 7
46 6
46 5
46 4
46 3
46 2
47 2
47 3
47 4
47 5
47 6
47 7
48 7
48 6
48 5
48 4
48 3
48 2
49 2
49 3
49 4
49 5
49 6
49 7
49 1
48 1
47 1
46 1
45 1
45 0
46 0
47 0
48 0
49 0
44 0
44 1
44 2
44 3
44 4
44 5
44 6
44 7
43 7
43 6
43 5
43 4
43 3
43 2
43 1
43 0
49 8
0
Yes
39 49
40 49
40 48
39 48
40 47
39 47
39 46
39 45
38 45
38 46
38 47
38 48
38 49
37 46
37 47
37 48
37 49
36 48
36 49
0
Yes
15 46
15 47
15 48
15 49
16 49
16 48
16 47
16 46
17 46
17 47
17 48
17 49
14 49
14 48
14 47
14 46
13 46
13 47
13 48
13 49
0
Yes
6 45
6 46
6 47
6 48
6 49
7 49
7 48
7 47
7 46
7 45
8 45
8 46
8 47
8 48
8 49
9 49
9 48
9 47
9 46
9 45
9 44
8 44
7 44
6 44
6 43
7 43
8 43
9 43
9 42
8 42
7 42
6 42
6 41
7 41
8 41
9 41
5 42
5 43
5 44
5 45
5 46
5 47
5 48
5 49
4 49
4 48
4 47
4 46
4 45
4 44
4 43
4 42
4 41
4 40
3 40
3 41
3 42
3 43
3 44
3 45
3 46
3 47
3 48
3 49
2 49
2 48
2 47
2 46
2 45
2 44
2 43
2 42
2 41
2 40
2 39
2 38
2 37
1 37
1 38
1 39
1 40
1 41
1 42
1 43
1 44
1 45
1 46
1 47
1 48
1 49
0 49
0 48
0 47
0 46
0 45
0 44
0 43
0 42
0 41
0 40
0 39
0 38
0 37
2 36
1 36
0 36
10 42
10 43
10 44
10 45
10 46
10 47
10 48
10 49
11 49
11 48
11 47
11 46
11 45
11 44
11 43
11 42
11 41
12 46
12 47
12 48
12 49
12 45
12 44
12 43
0
Yes
22 0
22 1
22 2
23 2
23 1
23 0
21 2
21 1
21 0
20 0
20 1
20 2
20 3
21 3
22 3
23 3
20 4
21 4
22 4
23 4
0
Yes
0 19
1 19
2 19
2 18
1 18
0 18
2 17
1 17
0 17
0 16
1 16
2 16
2 15
1 15
0 15
0 14
1 14
2 14
2 13
1 13
0 13
0
Yes
42 0
42 1
42 2
42 3
42 4
42 5
42 6
41 6
41 5
41 4
41 3
41 2
41 1
41 0
40 0
40 1
40 2
40 3
40 4
40 5
40 6
39 6
39 5
39 4
39 3
39 2
39 1
39 0
38 6
38 5
38 4
38 3
38 2
38 1
38 0
37 5
37 4
37 3
37 2
37 1
37 0
1
998
0 48
0 49
1 49
1 48
2 48
2 49
2 47
1 47
0 47
0 46
1 46
2 46
2 45
1 45
0 45
0 44
1 44
2 44
3 44
3 45
3 46
3 47
3 48
3 49
4 49
4 48
4 47
4 46
4 45
4 44
5 44
5 45
5 46
5 47
5 48
5 49
6 49
6 48
6 47
6 46
6 45
Yes
49 26
49 27
48 27
48 26
48 25
49 25
49 24
48 24
48 23
49 23
49 22
48 22
48 21
49 21
49 20
48 20
47 20
47 21
47 22
47 23
47 24
47 25
47 26
47 27
46 27
46 26
46 25
46 24
46 23
46 22
46 21
46 20
45 20
45 21
45 22
45 23
45 24
45 25
45 26
45 27
44 27
44 26
44 25
44 24
44 23
44 22
44 21
44 20
43 20
43 21
43 22
43 23
43 24
43 25
43 26
43 27
42 27
42 26
42 25
42 24
42 23
42 22
42 21
42 20
41 27
41 26
41 25
41 24
41 23
41 22
41 21
41 20
40 27
40 26
40 25
40 24
40 23
40 22
40 21
40 20
39 27
39 26
39 25
39 24
39 23
39 22
39 21
39 20
39 19
40 19
41 19
42 19
43 19
44 19
45 19
46 19
47 19
48 19
49 19
49 18
48 18
47 18
46 18
45 18
44 18
43 18
42 18
41 18
40 18
39 18
38 18
