0
Yes
25 3
25 4
25 5
25 6
26 6
26 5
26 4
26 3
27 6
27 5
27 4
27 3
28 6
28 5
28 4
28 3
29 6
29 5
29 4
29 3
30 6
30 5
30 4
30 3
31 3
31 4
31 5
31 6
31 2
30 2
29 2
28 2
27 2
26 2
25 2
24 6
24 5
24 4
24 3
24 2
23 6
23 5
23 4
23 3
23 2
23 1
24 1
25 1
26 1
27 1
28 1
29 1
30 1
31 1
31 0
30 0
29 0
28 0
27 0
26 0
25 0
24 0
23 0
22 0
22 1
22 2
22 3
22 4
22 5
22 6
21 6
21 5
21 4
21 3
21 2
21 1
21 0
32 1
32 0
0
Yes
47 0
47 1
48 1
48 0
49 0
49 1
49 2
48 2
47 2
47 3
48 3
49 3
49 4
48 4
47 4
0
Yes
1 14
2 14
3 14
3 15
2 15
0
Yes
20 3
20 2
20 1
20 0
19 0
19 1
19 2
19 3
18 3
18 2
18 1
18 0
17 0
17 1
17 2
17 3
16 2
16 3
16 4
17 4
18 4
19 4
20 4
20 5
19 5
18 5
17 5
16 5
16 6
17 6
0
Yes
7 7
7 6
8 6
8 7
7 8
8 8
7 9
8 9
8 10
8 11
8 12
9 12
9 11
9 10
9 9
9 8
10 8
10 9
10 10
10 11
10 12
11 10
11 11
11 12
11 13
12 13
12 12
12 11
12 10
12 9
13 9
13 10
13 11
13 12
14 12
14 11
14 10
14 9
15 11
15 10
15 9
16 10
16 9
17 10
17 9
18 9
18 8
17 8
16 8
15 8
14 8
14 7
15 7
16 7
17 7
18 7
18 6
19 6
19 7
20 6
20 7
20 8
20 9
21 9
21 8
21 7
22 7
22 8
22 9
12 14
11 14
10 14
13 14
13 15
0
Yes
0 44
0 45
0 46
0 47
0 48
1 48
1 47
1 46
1 45
1 44
2 44
2 45
2 46
2 47
2 48
3 48
3 47
3 46
3 45
3 44
4 44
4 45
4 46
4 47
4 48
4 43
3 43
2 43
1 43
0 43
5 45
5 46
5 47
5 48
6 45
6 46
6 47
6 48
7 45
7 46
7 47
7 48
8 45
8 46
8 47
8 48
9 48
10 48
11 48
11 49
10 49
9 49
8 49
7 49
6 49
5 49
4 49
3 49
2 49
1 49
0 49
3 42
2 42
1 42
0 42
0 41
1 41
0
Yes
26 28
26 29
14 20
25 29
25 28
25 27
26 27
27 27
28 27
28 26
27 26
26 26
25 26
25 25
26 25
27 25
28 25
29 25
29 24
28 24
27 24
26 24
25 24
30 24
31 24
31 23
30 23
29 23
28 23
27 23
26 23
25 23
25 22
26 22
27 22
28 22
29 22
30 22
31 22
31 21
30 21
29 21
28 21
27 21
26 21
25 21
24 21
24 22
24 23
24 24
24 25
24 26
24 27
24 28
24 29
23 29
23 28
23 27
23 26
23 25
23 24
23 23
23 22
23 21
22 28
22 27
22 26
22 25
22 24
22 23
22 22
22 21
21 23
21 22
21 21
21 25
21 26
24 20
25 20
26 20
27 20
28 20
29 20
30 20
31 20
29 19
28 19
27 19
26 19
25 19
26 18
27 18
21 20
22 20
22 19
21 19
21 18
20 19
20 18
20 17
19 19
19 18
19 17
19 16
19 15
18 15
18 16
18 17
18 18
18 19
18 20
17 20
17 19
17 18
17 17
17 16
17 15
16 15
16 16
16 17
16 18
16 19
16 20
16 21
15 21
15 20
15 15
15 16
15 17
0
No
0
Yes
45 46
45 47
45 48
45 49
46 49
46 48
46 47
46 46
47 46
47 47
47 48
47 49
48 49
48 48
48 47
48 46
49 46
49 47
49 48
49 49
49 45
48 45
47 45
46 45
45 45
45 44
46 44
47 44
48 44
49 44
49 43
48 43
47 43
46 43
45 43
44 43
44 44
44 45
44 46
44 47
44 48
44 49
43 49
43 48
43 47
43 46
43 45
43 44
43 43
42 43
42 44
42 45
42 46
42 47
42 48
42 49
41 49
41 48
41 47
41 46
41 45
41 44
41 43
40 43
40 44
40 45
40 46
40 47
40 48
40 49
39 49
39 48
39 47
39 46
39 45
39 44
39 43
39 42
40 42
41 42
42 42
43 42
44 42
45 42
46 42
47 42
48 42
49 42
49 41
48 41
47 41
46 41
45 41
44 41
43 41
0
Yes
19 34
19 33
19 32
20 32
20 33
20 34
21 32
21 33
21 34
0
Yes
15 15
16 15
17 15
18 15
19 15
19 16
18 16
17 16
16 16
15 16
14 16
14 17
15 17
16 17
17 17
18 17
19 17
14 18
15 18
16 18
17 18
18 18
19 18
19 19
18 19
17 19
16 19
0
Yes
0 35
0 36
0 37
0 38
1 38
1 37
1 36
1 35
2 35
2 36
2 37
2 38
3 38
3 37
3 36
3 35
4 35
4 36
4 37
4 38
5 38
5 37
5 36
5 35
6 38
6 37
6 36
6 35
6 34
5 34
4 34
3 34
2 34
1 34
0 34
5 39
4 39
3 39
2 39
1 39
0 39
0 40
1 40
2 40
3 40
4 40
5 40
0 33
1 33
2 33
3 33
4 33
5 33
0
Yes
25 27
25 28
26 28
26 27
26 26
25 26
25 25
26 25
26 24
25 24
25 23
26 23
24 23
24 24
24 25
24 26
24 27
24 28
23 28
23 27
23 26
23 25
23 24
23 23
22 28
22 27
22 26
22 25
22 24
22 23
21 23
21 25
21 26
21 22
22 22
23 22
24 22
25 22
26 22
23 21
24 21
25 21
26 21
22 21
21 21
24 20
25 20
26 20
25 19
26 19
26 18
27 18
27 19
27 20
27 21
27 22
27 23
27 24
27 25
27 26
27 27
28 27
28 26
28 25
28 24
28 23
28 22
28 21
28 20
28 19
29 19
29 20
29 21
29 22
29 23
29 24
0
Yes
4 25
4 24
4 23
5 23
5 22
4 22
6 22
6 21
5 21
4 21
4 20
5 20
6 20
6 19
7 19
7 20
7 21
3 21
3 22
3 23
3 24
3 25
3 26
4 26
5 26
6 26
7 26
7 27
6 27
5 27
4 27
3 27
8 27
8 28
7 28
6 28
5 28
4 28
3 28
3 29
4 29
5 29
6 29
7 29
8 29
8 30
7 30
6 30
5 30
4 30
3 30
2 30
2 29
2 28
2 27
2 26
2 25
2 24
2 23
2 22
2 21
2 20
2 19
1 19
1 20
1 21
1 22
1 23
1 24
1 25
1 26
1 27
1 28
1 29
1 30
1 18
1 17
0 17
0 18
0 19
0 20
0 21
0 22
0 23
0 24
0 25
0 26
0 27
0 28
0 29
0 30
9 27
9 28
9 29
9 30
10 28
10 29
10 30
11 28
11 29
11 30
11 31
10 31
9 31
8 31
7 31
6 31
5 31
4 31
3 31
2 31
1 31
0 31
0 32
1 32
2 32
3 32
4 32
5 32
6 32
7 32
8 32
9 32
10 32
0
Yes
29 47
29 48
29 49
30 49
30 48
30 47
31 47
31 48
31 49
31 46
30 46
29 46
29 45
30 45
31 45
31 44
30 44
29 44
29 43
30 43
31 43
28 43
28 44
28 45
28 46
28 47
28 48
28 49
27 49
27 48
27 47
27 46
27 45
27 44
27 43
26 43
26 44
26 45
26 46
26 47
26 48
26 49
25 47
25 46
25 45
25 44
25 43
25 48
25 49
24 48
24 49
0
Yes
33 4
33 5
32 4
32 5
32 6
0
Yes
18 0
18 1
18 2
19 2
19 1
19 0
20 0
20 1
20 2
20 3
19 3
18 3
20 4
19 4
18 4
20 5
19 5
18 5
17 1
17 0
17 2
17 3
17 4
17 5
17 6
16 6
16 5
0
Yes
9 16
8 16
8 15
9 15
10 15
10 16
0
Yes
38 10
38 11
38 12
38 13
39 13
39 12
39 11
39 10
40 10
40 11
40 12
40 13
41 13
41 12
41 11
41 10
41 9
40 9
39 9
38 9
38 8
39 8
40 8
41 8
41 7
40 7
39 7
38 7
38 6
39 6
40 6
41 6
41 5
37 6
37 7
37 8
37 9
37 10
37 11
37 12
37 13
36 7
36 8
36 9
36 10
36 11
36 12
36 13
35 13
35 12
35 11
35 10
35 9
35 8
36 14
37 14
38 14
39 14
40 14
41 14
39 15
40 15
41 15
42 5
42 6
42 7
42 8
42 9
0
Yes
47 0
47 1
47 2
48 2
48 1
48 0
49 0
49 1
49 2
0
Yes
16 6
16 5
17 5
17 6
18 6
18 5
19 5
19 6
20 6
20 5
20 4
19 4
18 4
17 4
16 4
16 3
17 3
18 3
19 3
20 3
16 2
17 2
18 2
19 2
20 2
19 7
20 7
18 7
17 7
0
Yes
42 14
42 15
42 13
42 12
43 12
43 13
43 14
43 15
43 16
42 16
42 17
43 17
43 18
42 18
42 19
43 19
43 20
42 20
42 21
43 21
43 22
42 22
44 22
44 21
44 20
44 19
44 18
44 17
44 16
44 15
44 14
44 13
44 12
45 12
45 13
45 14
45 15
45 16
45 17
45 18
45 19
45 20
45 21
45 22
46 22
46 21
46 20
46 19
46 18
46 17
46 16
46 15
46 14
46 13
46 12
47 12
47 13
47 14
47 15
47 16
47 17
47 18
47 19
47 20
47 21
47 22
48 22
48 21
48 20
48 19
48 18
48 17
48 16
48 15
48 14
48 13
48 12
49 12
49 13
49 14
49 15
49 16
49 17
49 18
49 19
49 20
49 21
49 22
42 11
43 11
44 11
45 11
46 11
47 11
48 11
49 11
0
Yes
44 43
44 44
44 45
44 46
44 47
44 48
44 49
45 49
45 48
45 47
45 46
45 45
45 44
45 43
46 43
46 44
46 45
46 46
46 47
46 48
46 49
47 49
47 48
47 47
47 46
47 45
47 44
47 43
48 43
48 44
48 45
48 46
48 47
48 48
48 49
49 49
49 48
49 47
49 46
49 45
49 44
49 43
49 42
48 42
47 42
46 42
45 42
44 42
44 41
45 41
46 41
47 41
48 41
49 41
49 40
48 40
47 40
46 40
45 40
44 40
44 39
45 39
46 39
47 39
48 39
49 39
49 38
48 38
47 38
46 38
45 38
44 38
44 37
45 37
46 37
47 37
48 37
49 37
43 37
43 38
43 39
43 40
43 41
43 42
43 43
43 44
43 45
43 46
43 47
43 48
43 49
42 49
42 48
42 47
42 46
42 45
42 44
42 43
42 42
42 41
42 40
42 39
42 38
42 37
41 37
41 38
41 39
41 40
41 41
41 42
41 43
41 44
41 45
41 46
41 47
41 48
41 49
40 49
40 48
40 47
40 46
40 45
40 44
40 43
40 42
40 41
40 40
40 39
40 38
40 37
39 37
39 38
39 39
39 40
39 41
39 42
39 43
39 44
39 45
39 46
39 47
39 48
39 49
38 49
38 48
38 47
38 46
0
Yes
29 2
29 3
30 3
30 2
31 2
31 3
31 1
30 1
29 1
32 1
28 1
28 2
28 3
32 0
31 0
30 0
29 0
28 0
0
Yes
49 36
48 36
47 36
46 36
45 36
44 36
44 35
45 35
46 35
47 35
48 35
49 35
49 34
48 34
47 34
46 34
45 34
44 34
44 33
45 33
46 33
47 33
48 33
49 33
49 32
48 32
47 32
46 32
45 32
44 32
44 31
45 31
46 31
47 31
48 31
49 31
49 30
48 30
47 30
46 30
45 30
44 30
43 36
43 35
43 34
43 33
43 32
43 31
43 30
0
Yes
49 7
49 8
49 9
49 10
48 10
48 9
48 8
48 7
47 10
47 9
47 8
47 7
46 10
46 9
46 8
46 7
45 10
45 9
45 8
45 7
44 10
44 9
44 8
44 7
43 10
43 9
43 8
43 7
43 6
44 6
45 6
46 6
47 6
48 6
49 6
43 5
44 5
45 5
46 5
47 5
48 5
49 5
44 4
45 4
46 4
47 4
48 4
49 4
45 3
46 3
0
Yes
10 11
10 12
9 12
9 11
8 12
8 11
8 10
9 10
10 10
10 9
9 9
8 9
10 8
9 8
8 8
0
Yes
18 17
18 18
18 19
18 20
17 20
17 19
17 18
17 17
16 19
16 20
16 18
16 17
19 19
19 18
19 17
19 16
18 16
17 16
16 16
19 15
18 15
17 15
16 15
15 15
15 16
15 17
15 18
0
Yes
36 14
37 14
38 14
39 14
40 14
41 14
41 13
40 13
39 13
38 13
37 13
36 13
35 13
35 12
36 12
37 12
38 12
39 12
40 12
41 12
41 11
40 11
39 11
38 11
37 11
36 11
35 11
35 10
36 10
37 10
38 10
39 10
40 10
41 10
42 10
42 9
41 9
40 9
39 9
38 9
37 9
36 9
35 9
35 8
36 8
37 8
38 8
39 8
40 8
41 8
42 8
36 7
37 7
38 7
39 7
40 7
41 7
42 7
37 6
38 6
39 6
40 6
41 6
42 6
0
Yes
49 29
48 29
47 29
46 29
45 29
44 29
43 29
43 28
44 28
45 28
46 28
47 28
48 28
49 28
49 27
48 27
47 27
46 27
45 27
44 27
43 27
43 26
44 26
45 26
46 26
47 26
48 26
49 26
49 25
48 25
47 25
46 25
45 25
44 25
43 25
42 25
42 26
42 27
42 28
42 29
42 30
41 30
41 29
41 28
41 27
41 26
41 25
40 29
40 28
40 27
40 26
40 25
39 26
39 25
38 25
37 25
37 24
38 24
39 24
40 24
41 24
42 24
43 24
44 24
45 24
46 24
47 24
48 24
49 24
49 23
48 23
47 23
46 23
45 23
44 23
43 23
42 23
0
Yes
25 3
25 4
25 5
25 6
26 6
26 5
26 4
26 3
27 3
27 4
27 5
27 6
27 2
26 2
25 2
27 1
26 1
25 1
27 0
26 0
25 0
24 6
24 5
24 4
24 3
24 2
24 1
24 0
23 6
23 5
23 4
23 3
23 2
23 1
23 0
22 0
22 1
22 2
0
Yes
39 23
40 23
38 23
37 23
37 22
38 22
39 22
40 22
36 22
36 21
37 21
38 21
39 21
40 21
40 20
39 20
38 20
37 20
36 20
41 23
41 22
41 21
41 20
0
Yes
33 46
32 46
32 47
33 47
32 48
33 48
32 49
33 49
32 45
33 45
34 45
34 46
34 47
34 48
34 49
35 49
35 48
35 47
35 46
35 45
36 45
36 46
36 47
36 48
36 49
37 49
37 48
37 47
37 46
37 45
38 45
38 44
37 44
36 44
35 44
34 44
33 44
0
Yes
14 34
14 35
14 36
14 37
14 38
14 39
13 39
13 38
13 37
13 36
13 35
13 34
12 38
12 37
12 36
12 35
12 34
11 38
11 37
11 36
11 35
11 34
10 38
10 37
10 36
10 35
10 34
9 36
9 35
9 34
14 40
14 41
15 41
15 40
15 39
15 38
15 37
15 36
15 35
15 34
15 42
16 42
16 41
16 40
16 39
16 38
16 37
16 36
16 35
16 34
17 34
17 35
17 36
17 37
17 38
17 39
17 40
17 41
17 42
18 34
18 35
18 36
18 37
18 38
18 39
18 40
18 41
18 42
8 34
8 35
8 36
8 37
7 37
7 36
7 35
7 34
7 33
8 33
9 33
10 33
11 33
12 33
13 33
14 33
15 33
16 33
17 33
17 32
16 32
15 32
0
Yes
49 1
49 2
48 2
48 1
47 1
47 2
47 0
48 0
49 0
0
Yes
39 0
39 1
38 1
38 0
0
Yes
33 5
32 5
32 6
33 4
32 4
31 4
31 5
31 6
30 6
30 5
30 4
29 4
29 5
29 6
0
Yes
41 15
41 16
40 15
40 16
39 15
39 16
38 16
38 17
39 17
40 17
41 17
0
No
0
Yes
24 29
23 29
23 30
24 30
23 31
24 31
25 29
25 30
25 31
26 29
26 30
26 31
27 29
27 30
27 31
28 30
28 31
28 32
27 32
26 32
25 32
24 32
0
No
0
No
0
Yes
30 39
30 40
30 41
31 41
31 40
31 39
32 39
32 40
32 41
33 41
33 40
33 39
34 39
34 40
34 41
35 41
35 40
35 39
36 39
36 40
36 41
36 38
35 38
34 38
33 38
32 38
31 38
30 38
30 37
31 37
32 37
33 37
34 37
35 37
36 37
36 36
35 36
34 36
33 36
32 36
31 36
30 36
30 35
31 35
32 35
33 35
34 35
35 35
36 35
36 34
35 34
34 34
33 34
32 34
31 34
30 34
33 33
32 33
31 33
30 33
31 32
30 32
30 31
30 30
29 30
29 31
29 32
29 33
29 34
29 35
29 36
29 37
29 38
29 39
29 40
29 41
28 33
28 34
28 35
28 36
28 37
28 38
28 39
28 40
28 41
28 42
29 42
30 42
31 42
32 42
33 42
34 42
35 42
36 42
32 43
33 43
34 43
35 43
36 43
37 43
37 42
37 41
37 40
37 39
37 38
37 37
37 36
37 35
38 43
38 42
38 41
38 40
38 39
38 38
38 37
38 36
0
No
0
No
0
Yes
21 36
21 37
21 38
22 38
22 37
22 36
23 36
23 37
23 38
24 38
24 37
24 36
25 36
25 37
25 38
26 38
26 37
26 36
27 36
27 37
27 38
27 35
26 35
25 35
24 35
23 35
22 35
21 35
27 34
26 34
25 34
24 34
23 34
22 34
21 34
27 33
26 33
25 33
24 33
23 33
22 33
21 33
23 32
22 32
21 32
20 32
20 33
20 34
20 35
20 36
20 37
20 38
19 32
19 33
19 34
19 35
19 36
19 37
19 38
19 39
20 39
21 39
22 39
23 39
24 39
25 39
26 39
27 39
27 40
26 40
25 40
24 40
23 40
22 40
21 40
20 40
19 40
19 41
20 41
21 41
22 41
23 41
24 41
25 41
26 41
27 41
27 42
26 42
25 42
24 42
23 42
22 42
21 42
20 42
0
Yes
46 19
46 20
46 21
46 22
47 22
47 21
47 20
47 19
48 22
48 21
48 20
48 19
49 22
49 21
49 20
49 19
45 22
45 21
45 20
45 19
44 22
44 21
44 20
44 19
43 22
43 21
43 20
43 19
42 22
42 21
42 20
42 19
42 18
43 18
44 18
45 18
46 18
47 18
48 18
49 18
49 17
48 17
47 17
46 17
45 17
44 17
43 17
42 17
42 16
43 16
44 16
45 16
46 16
47 16
48 16
49 16
49 15
48 15
47 15
46 15
45 15
44 15
43 15
42 15
42 14
43 14
44 14
45 14
46 14
47 14
48 14
49 14
42 13
43 13
44 13
45 13
46 13
47 13
48 13
49 13
42 12
43 12
44 12
45 12
46 12
47 12
48 12
49 12
42 11
43 11
44 11
45 11
46 11
47 11
48 11
49 11
41 15
41 16
41 17
41 18
41 19
40 19
40 18
40 17
40 16
40 15
39 15
39 16
0
No
0
No
0
No
0
Yes
4 45
4 46
4 47
4 48
4 49
3 49
3 48
3 47
3 46
3 45
2 45
2 46
2 47
2 48
2 49
1 49
1 48
1 47
1 46
1 45
0 45
0 46
0 47
0 48
0 49
4 44
3 44
2 44
1 44
0 44
4 43
3 43
2 43
1 43
0 43
3 42
2 42
1 42
0 42
3 41
2 41
1 41
0 41
0
No
0
Yes
11 49
11 48
10 48
10 49
9 48
9 49
8 49
8 48
8 47
8 46
7 46
7 47
7 48
7 49
8 45
7 45
6 45
6 46
6 47
6 48
6 49
5 45
5 46
5 47
5 48
5 49
4 49
4 48
4 47
4 46
4 45
0
Yes
2 48
3 48
3 49
2 49
3 47
2 47
3 46
2 46
3 45
2 45
2 44
3 44
3 43
2 43
3 42
2 42
3 41
2 41
1 41
1 42
1 43
1 44
1 45
1 46
1 47
1 48
1 49
0 41
0 42
0 43
0 44
0 45
0 46
0 47
0 48
0 49
0
Yes
1 30
1 31
1 32
2 32
2 31
2 30
3 32
3 31
3 30
4 32
4 31
4 30
5 32
5 31
5 30
6 32
6 31
6 30
7 32
7 31
7 30
0 32
0 31
0 30
0 29
1 29
2 29
3 29
4 29
5 29
6 29
7 29
7 28
6 28
5 28
4 28
3 28
2 28
1 28
0 28
0 27
1 27
2 27
3 27
4 27
5 27
6 27
7 27
7 26
6 26
5 26
4 26
3 26
2 26
1 26
0 26
4 25
3 25
2 25
1 25
0 25
4 24
3 24
2 24
1 24
0 24
0
Yes
29 4
29 5
29 6
30 6
30 5
30 4
31 6
31 5
31 4
32 6
32 5
32 4
33 4
33 5
31 3
30 3
29 3
31 2
30 2
29 2
28 6
28 5
28 4
28 3
28 2
27 6
27 5
27 4
27 3
27 2
26 6
26 5
26 4
26 3
26 2
26 1
27 1
28 1
29 1
30 1
31 1
32 1
32 0
31 0
30 0
29 0
28 0
27 0
26 0
25 6
25 5
25 4
25 3
25 2
25 1
25 0
24 6
24 5
24 4
24 3
24 2
24 1
24 0
23 6
23 5
23 4
23 3
23 2
23 1
23 0
22 0
22 1
22 2
22 3
22 4
0
Yes
44 22
45 22
46 22
47 22
48 22
49 22
43 22
42 22
42 21
43 21
44 21
45 21
46 21
47 21
48 21
49 21
42 20
43 20
44 20
45 20
46 20
47 20
48 20
49 20
49 19
48 19
47 19
46 19
45 19
44 19
43 19
42 19
41 19
41 18
42 18
43 18
44 18
45 18
46 18
47 18
48 18
49 18
49 17
48 17
47 17
46 17
45 17
44 17
43 17
42 17
41 17
41 16
42 16
43 16
44 16
45 16
46 16
47 16
48 16
49 16
41 15
42 15
43 15
44 15
45 15
46 15
47 15
48 15
49 15
42 14
43 14
44 14
45 14
46 14
47 14
48 14
49 14
42 13
43 13
44 13
45 13
46 13
47 13
48 13
49 13
42 12
43 12
44 12
45 12
46 12
47 12
48 12
49 12
42 11
43 11
44 11
45 11
46 11
47 11
48 11
49 11
40 15
40 16
40 17
40 18
40 19
39 15
39 16
39 17
39 18
39 19
38 16
38 17
38 18
38 19
0
No
0
Yes
13 10
13 9
12 9
12 10
11 10
11 11
12 11
13 11
13 12
12 12
11 12
14 12
14 11
14 10
14 9
14 8
10 12
10 11
10 10
10 9
10 8
9 8
9 9
9 10
9 11
9 12
8 12
8 11
8 10
8 9
8 8
7 9
7 8
14 7
15 11
15 10
15 9
15 8
15 7
16 7
16 8
16 9
16 10
17 10
17 9
17 8
18 8
18 9
7 7
8 7
8 6
7 6
0
No
0
No
0
Yes
20 9
21 9
22 9
20 8
21 8
22 8
22 7
21 7
0
No
0
No
0
Yes
49 3
48 3
47 3
46 3
45 3
45 4
46 4
47 4
48 4
49 4
44 4
44 5
45 5
46 5
47 5
48 5
49 5
43 5
43 6
44 6
45 6
46 6
47 6
48 6
49 6
43 7
44 7
45 7
46 7
47 7
48 7
49 7
43 8
44 8
45 8
46 8
47 8
48 8
49 8
43 9
44 9
45 9
46 9
47 9
48 9
49 9
43 10
44 10
45 10
46 10
47 10
48 10
49 10
49 11
48 11
47 11
46 11
45 11
44 11
43 11
43 12
44 12
45 12
46 12
47 12
48 12
49 12
49 13
48 13
47 13
0
No
0
No
0
Yes
49 22
48 22
47 22
46 22
45 22
44 22
43 22
43 21
44 21
45 21
46 21
47 21
48 21
49 21
49 20
48 20
47 20
46 20
45 20
44 20
43 20
43 19
44 19
45 19
46 19
47 19
48 19
49 19
49 18
48 18
47 18
46 18
45 18
44 18
43 18
43 17
44 17
45 17
46 17
47 17
48 17
49 17
49 16
48 16
47 16
46 16
45 16
44 16
43 16
43 15
44 15
45 15
46 15
47 15
48 15
49 15
42 22
42 21
42 20
42 19
42 18
42 17
42 16
42 15
0
Yes
0 23
1 23
2 23
2 22
1 22
0 22
0 21
1 21
2 21
2 20
1 20
0 20
2 19
1 19
0 19
1 18
0 18
0
Yes
21 25
21 26
22 26
22 25
22 24
23 24
23 25
23 26
24 26
24 25
24 24
25 24
25 25
25 26
26 26
26 25
26 24
27 24
27 25
27 26
28 26
28 25
28 24
29 25
29 24
30 24
31 24
31 23
30 23
29 23
28 23
27 23
26 23
25 23
24 23
23 23
22 23
21 23
21 22
22 22
23 22
24 22
25 22
26 22
27 22
28 22
29 22
30 22
31 22
32 22
33 22
33 21
32 21
31 21
30 21
29 21
28 21
27 21
26 21
25 21
24 21
23 21
22 21
21 21
24 20
25 20
26 20
27 20
28 20
29 20
30 20
31 20
21 20
22 20
22 19
21 19
33 23
29 19
28 19
27 19
26 19
25 19
26 18
27 18
28 27
27 27
26 27
25 27
24 27
23 27
22 27
22 28
23 28
24 28
25 28
26 28
23 29
24 29
25 29
26 29
0
Yes
2 49
3 49
3 48
2 48
1 48
1 49
0 49
0 48
3 47
2 47
1 47
0 47
3 46
2 46
1 46
0 46
3 45
2 45
1 45
0
No
0
Yes
42 31
42 32
42 33
41 33
41 32
41 31
40 31
40 32
0
Yes
18 16
19 16
19 15
18 15
17 15
17 16
16 15
16 16
15 15
15 16
14 16
14 17
15 17
16 17
17 17
18 17
19 17
20 17
14 18
15 18
16 18
17 18
18 18
19 18
20 18
20 19
19 19
18 19
17 19
16 19
18 20
17 20
16 20
16 21
15 21
15 20
13 17
13 16
13 15
13 14
12 16
12 15
12 14
21 18
14 20
0
No
0
No
0
No
0
No
0
No
0
Yes
7 19
6 19
7 20
6 20
7 21
6 21
6 22
0
No
0
Yes
48 6
48 7
48 8
48 9
48 10
48 11
48 12
48 13
48 14
49 14
49 13
49 12
49 11
49 10
49 9
49 8
49 7
49 6
47 14
47 13
47 12
47 11
47 10
47 9
47 8
47 7
47 6
46 14
46 13
46 12
46 11
46 10
46 9
46 8
46 7
46 6
45 14
45 13
45 12
45 11
45 10
45 9
45 8
45 7
45 6
44 14
44 13
44 12
44 11
44 10
44 9
44 8
44 7
44 6
43 6
43 7
43 8
43 9
43 10
43 11
43 12
43 13
43 14
43 5
44 5
45 5
46 5
47 5
48 5
49 5
42 14
42 13
42 12
42 11
0
Yes
17 10
16 10
16 9
17 9
18 9
18 8
17 8
16 8
16 7
17 7
18 7
19 7
16 6
17 6
18 6
19 6
15 7
15 8
15 9
15 10
15 11
14 7
14 8
14 9
14 10
14 11
14 12
13 12
13 11
13 10
13 9
12 9
12 10
12 11
12 12
12 13
11 13
11 12
11 11
11 10
11 14
11 15
20 6
20 7
20 8
20 9
11 16
10 14
10 15
10 16
9 16
9 15
8 15
8 16
21 9
21 8
21 7
21 6
22 9
22 8
22 7
22 6
22 5
21 5
20 5
19 5
18 5
17 5
16 5
16 4
17 4
18 4
19 4
20 4
21 4
21 3
20 3
19 3
18 3
17 3
16 3
16 2
17 2
18 2
19 2
20 2
21 2
21 1
20 1
19 1
18 1
17 1
17 0
18 0
19 0
20 0
21 0
0
No
0
Yes
49 23
48 23
47 23
46 23
45 23
44 23
43 23
42 23
42 24
43 24
44 24
45 24
46 24
47 24
48 24
49 24
49 25
48 25
47 25
46 25
45 25
44 25
43 25
42 25
42 26
43 26
44 26
45 26
46 26
47 26
48 26
49 26
49 27
48 27
47 27
46 27
45 27
44 27
43 27
42 27
42 28
43 28
44 28
45 28
46 28
47 28
48 28
49 28
49 29
48 29
47 29
46 29
45 29
44 29
43 29
42 29
41 24
41 25
41 26
41 27
41 28
41 29
40 29
40 28
40 27
40 26
40 25
40 24
39 26
39 25
39 24
0
No
0
No
0
Yes
15 15
16 15
17 15
18 15
19 15
19 16
18 16
17 16
16 16
15 16
14 16
14 17
15 17
16 17
17 17
18 17
19 17
20 17
14 18
15 18
16 18
17 18
18 18
19 18
20 18
20 19
19 19
18 19
17 19
16 19
18 20
17 20
0
No
0
No
0
Yes
13 0
14 0
14 1
13 1
13 2
14 2
0
No
0
Yes
36 38
36 39
36 40
36 41
37 41
37 40
37 39
37 38
38 38
38 39
38 40
38 41
38 37
37 37
36 37
36 36
37 36
38 36
39 36
37 35
38 35
39 35
36 35
36 34
38 34
39 34
35 34
35 35
35 36
35 37
35 38
35 39
35 40
35 41
34 34
34 35
34 36
34 37
34 38
34 39
34 40
34 41
33 41
33 40
33 39
33 38
33 37
33 36
33 35
33 34
33 33
32 33
32 34
32 35
32 36
32 37
32 38
32 39
32 40
32 41
31 41
31 40
31 39
31 38
31 37
31 36
31 35
31 34
31 33
30 33
30 34
30 35
30 36
30 37
30 38
30 39
30 40
30 41
29 41
29 40
29 39
29 38
29 37
29 36
29 35
29 34
29 33
28 33
28 34
28 35
28 36
28 37
28 38
28 39
28 40
28 41
28 42
29 42
30 42
31 42
32 42
33 42
34 42
35 42
36 42
37 42
38 42
38 43
37 43
36 43
35 43
34 43
33 43
32 43
31 32
30 32
29 32
28 32
27 32
26 32
25 32
24 32
30 31
29 31
28 31
27 31
26 31
25 31
24 31
23 31
23 30
24 30
25 30
26 30
27 30
28 30
29 30
30 30
40 34
40 35
0
Yes
9 11
9 12
9 10
9 9
9 8
10 8
10 9
10 10
10 11
10 12
8 12
8 11
8 10
8 9
8 8
0
Yes
38 8
38 9
38 10
38 11
38 12
38 13
38 14
37 14
37 13
37 12
37 11
37 10
37 9
37 8
36 14
36 13
36 12
36 11
36 10
36 9
36 8
35 8
35 9
35 10
35 11
35 12
35 13
39 14
39 13
39 12
39 11
39 10
39 9
39 8
39 15
39 16
38 16
38 17
39 17
39 18
38 18
37 18
40 18
40 17
40 16
40 15
40 14
40 13
40 12
40 11
40 10
40 9
40 8
41 11
41 12
41 13
41 14
41 15
41 16
41 17
41 18
41 10
41 9
41 8
42 10
42 9
42 8
36 7
37 7
38 7
39 7
40 7
41 7
42 7
37 6
38 6
39 6
40 6
41 6
42 6
42 5
41 5
41 19
40 19
39 19
38 19
37 19
38 5
42 15
42 16
42 17
1
11
48 19
48 20
48 21
48 22
49 22
49 21
49 20
49 19
47 22
47 21
47 20
47 19
46 22
46 21
46 20
46 19
45 22
45 21
45 20
45 19
45 18
46 18
47 18
48 18
49 18
49 17
48 17
47 17
46 17
45 17
45 16
46 16
47 16
48 16
49 16
49 15
48 15
47 15
46 15
45 15
44 15
44 16
44 17
44 18
44 19
44 20
44 21
44 22
43 15
43 16
43 17
43 18
43 19
Yes
0 27
0 28
0 29
0 30
0 31
0 32
1 32
1 31
1 30
1 29
1 28
1 27
2 27
2 28
2 29
2 30
2 31
2 32
3 32
3 31
3 30
3 29
3 28
3 27
4 27
4 28
4 29
4 30
4 31
4 32
5 32
5 31
5 30
5 29
5 28
5 27
5 26
4 26
3 26
2 26
1 26
0 26
4 25
3 25
2 25
1 25
0 25
0 24
1 24
2 24
3 24
4 24
6 26
6 27
6 28
6 29
6 30
6 31
6 32
7 26
7 27
7 28
7 29
7 30
7 31
7 32
8 32
8 31
8 30
8 29
8 28
8 27
9 27
9 28
9 29
9 30
9 31
9 32
10 32
10 31
10 30
10 29
10 28
11 28
11 29
11 30
11 31
11 32
12 32
12 31
13 31
13 32
6 33
5 33
4 33
3 33
2 33
1 33
0 33
6 34
5 34
4 34
3 34
2 34
1 34
0 34
6 35
5 35
4 35
3 35
2 35
1 35
0 35
6 36
5 36
4 36
3 36
2 36
1 36
0
Yes
41 30
42 30
43 30
44 30
45 30
46 30
47 30
48 30
49 30
49 31
48 31
47 31
46 31
45 31
44 31
43 31
42 31
41 31
40 31
40 32
41 32
42 32
43 32
44 32
45 32
46 32
47 32
48 32
49 32
41 33
42 33
43 33
44 33
45 33
46 33
47 33
48 33
49 33
41 34
42 34
43 34
44 34
45 34
46 34
47 34
48 34
49 34
41 35
42 35
43 35
44 35
45 35
46 35
47 35
48 35
49 35
49 36
48 36
47 36
46 36
45 36
44 36
43 36
42 36
41 36
40 36
40 37
41 37
42 37
43 37
44 37
45 37
46 37
47 37
48 37
49 37
49 38
48 38
47 38
46 38
45 38
44 38
43 38
42 38
0
No
0
No
0
Yes
49 47
49 48
49 49
48 49
48 48
48 47
48 46
49 46
49 45
48 45
48 44
49 44
49 43
48 43
48 42
49 42
49 41
48 41
48 40
49 40
49 39
48 39
47 39
47 40
47 41
47 42
47 43
47 44
47 45
47 46
47 47
47 48
47 49
46 39
46 40
46 41
46 42
46 43
46 44
46 45
46 46
46 47
46 48
46 49
45 39
45 40
45 41
45 42
45 43
45 44
45 45
45 46
45 47
45 48
45 49
44 39
44 40
44 41
44 42
44 43
44 44
44 45
44 46
44 47
44 48
44 49
43 39
43 40
43 41
43 42
43 43
43 44
43 45
43 46
43 47
43 48
43 49
42 39
42 40
42 41
42 42
42 43
42 44
42 45
42 46
42 47
42 48
42 49
41 49
41 48
41 47
41 46
41 45
41 44
0
Yes
6 37
6 38
5 37
5 38
5 39
5 40
4 37
4 38
4 39
4 40
3 37
3 38
3 39
3 40
5 41
4 41
3 41
3 42
2 37
2 38
2 39
2 40
2 41
2 42
1 37
1 38
1 39
1 40
1 41
1 42
0 37
0 38
0 39
0 40
0 41
0 42
0 43
1 43
0
No
0
Yes
37 10
37 11
37 12
37 13
37 14
36 14
36 13
36 12
36 11
36 10
35 13
35 12
35 11
35 10
35 9
36 9
37 9
35 8
36 8
37 8
36 7
37 7
37 6
38 6
38 7
38 8
38 9
38 10
38 11
38 12
38 13
38 14
39 6
39 7
39 8
39 9
39 10
39 11
39 12
39 13
39 14
40 6
40 7
40 8
40 9
40 10
40 11
40 12
40 13
40 14
41 14
41 13
41 12
41 11
41 10
41 9
41 8
41 7
41 6
41 5
42 5
42 6
42 7
42 8
42 9
42 10
39 15
40 15
41 15
42 15
42 16
41 16
40 16
39 16
38 16
38 17
39 17
40 17
41 17
42 17
42 18
41 18
40 18
39 18
38 18
37 18
37 19
38 19
39 19
40 19
41 19
42 19
37 16
34 10
0
No
0
No
1
87
1 48
1 49
2 49
2 48
3 48
3 49
4 49
4 48
4 47
3 47
2 47
1 47
1 46
2 46
3 46
4 46
4 45
3 45
2 45
1 45
0 45
0 46
0 47
0 48
0 49
0 44
1 44
2 44
3 44
4 44
4 43
3 43
Yes
16 5
16 6
16 4
17 4
17 5
17 6
17 7
16 7
16 8
17 8
18 8
18 7
18 6
18 5
18 4
18 9
17 9
16 9
17 10
16 10
19 7
19 6
19 5
19 4
20 4
20 5
20 6
20 7
20 8
20 9
21 9
21 8
21 7
21 6
21 5
21 4
22 5
22 6
22 7
22 8
22 9
21 3
20 3
19 3
18 3
17 3
16 3
16 2
17 2
18 2
19 2
20 2
21 2
21 1
20 1
19 1
18 1
17 1
17 0
18 0
19 0
20 0
21 0
15 7
15 8
15 9
15 10
15 11
14 7
14 8
14 9
14 10
14 11
14 12
13 12
13 11
13 10
13 9
12 9
12 10
12 11
12 12
11 10
11 11
11 12
11 13
12 13
12 14
11 14
10 14
13 14
13 15
12 15
11 15
10 15
10 16
11 16
12 16
13 16
13 17
14 16
14 17
14 18
15 18
15 17
15 16
16 16
16 15
17 15
17 16
18 15
18 16
19 15
19 16
15 15
16 17
16 18
17 17
17 18
18 17
18 18
19 17
19 18
20 17
20 18
20 19
19 19
18 19
17 19
16 19
18 20
17 20
16 20
21 18
15 4
0
No
0
No
0
Yes
9 49
9 48
10 48
10 49
11 48
11 49
0
No
0
No
0
No
0
Yes
45 35
45 36
45 37
45 38
46 38
46 37
46 36
46 35
44 38
44 37
44 36
44 35
43 38
43 37
43 36
43 35
42 38
42 37
42 36
42 35
41 35
41 36
41 37
41 38
40 36
40 37
40 38
39 37
39 38
39 39
40 39
41 39
41 40
40 40
39 40
39 41
40 41
41 41
41 42
40 42
39 42
41 43
40 43
39 43
40 44
39 44
40 45
39 45
40 46
39 46
41 34
42 34
43 34
44 34
45 34
46 34
41 33
42 33
43 33
44 33
45 33
46 33
46 32
45 32
44 32
43 32
42 32
41 32
40 32
40 31
41 31
42 31
43 31
44 31
45 31
46 31
41 30
42 30
43 30
44 30
45 30
46 30
47 30
47 31
47 32
47 33
47 34
47 35
47 36
47 37
47 38
48 38
48 37
48 36
48 35
48 34
48 33
48 32
48 31
48 30
49 30
49 31
49 32
49 33
49 34
49 35
49 36
49 37
49 38
40 47
39 47
40 48
39 48
40 49
39 49
38 44
38 45
38 46
38 47
38 48
38 49
37 44
37 45
37 46
37 47
37 48
37 49
36 49
0
No
0
No
0
Yes
35 8
35 9
35 10
35 11
35 12
35 13
36 13
36 12
36 11
36 10
36 9
36 8
36 7
36 14
37 14
37 13
37 12
37 11
37 10
37 9
37 8
37 7
37 6
38 6
38 7
38 8
38 9
38 10
38 11
38 12
38 13
38 14
39 6
39 7
39 8
39 9
39 10
39 11
39 12
39 13
39 14
40 6
40 7
40 8
40 9
40 10
40 11
40 12
40 13
40 14
41 14
41 13
41 12
41 11
41 10
41 9
41 8
41 7
41 6
42 10
42 9
42 8
42 7
0
No
0
Yes
6 47
6 48
7 48
7 47
8 47
8 48
8 49
7 49
6 49
0
No
0
Yes
18 3
18 4
18 5
18 6
18 7
19 7
19 6
19 5
19 4
19 3
20 3
20 4
20 5
20 6
20 7
21 4
21 3
21 5
21 6
21 7
22 5
22 6
22 7
21 2
20 2
19 2
18 2
21 1
20 1
19 1
18 1
17 1
17 2
17 3
17 4
17 5
17 6
17 7
16 2
16 3
16 4
16 5
16 6
16 7
17 0
18 0
19 0
20 0
21 0
22 8
21 8
20 8
20 9
21 9
22 9
18 8
17 8
16 8
18 9
17 9
0
No
1
119
32 47
32 48
32 49
31 49
31 48
31 47
31 46
32 46
32 45
31 45
32 44
31 44
31 43
30 43
30 44
30 45
30 46
30 47
30 48
30 49
29 43
29 44
29 45
29 46
29 47
29 48
29 49
28 43
28 44
28 45
28 46
28 47
28 48
28 49
27 43
27 44
27 45
27 46
27 47
27 48
27 49
26 43
26 44
26 45
26 46
26 47
26 48
26 49
25 47
25 46
25 45
25 44
25 43
25 48
25 49
33 44
33 45
33 46
33 47
33 48
Yes
20 3
21 3
21 4
20 4
21 2
20 2
21 1
20 1
21 0
20 0
19 0
19 1
19 2
19 3
19 4
19 5
20 5
21 5
22 5
22 6
21 6
20 6
19 6
19 7
20 7
21 7
22 7
22 8
21 8
20 8
20 9
21 9
22 9
18 7
18 6
18 5
18 4
18 3
18 2
18 1
18 0
17 1
17 2
17 3
17 4
17 5
17 6
17 7
17 0
16 0
16 2
16 3
16 4
16 5
16 6
16 7
15 4
15 7
14 7
14 8
15 8
16 8
17 8
18 8
18 9
17 9
16 9
15 9
14 9
17 10
16 10
15 10
14 10
15 11
14 11
14 12
13 12
13 11
13 10
13 9
12 9
12 10
12 11
12 12
11 10
11 11
11 12
11 13
12 13
12 14
11 14
10 14
13 14
13 15
12 15
11 15
10 15
10 16
11 16
12 16
13 16
13 17
11 17
11 18
11 19
12 19
14 16
14 17
14 18
15 18
15 17
15 16
15 15
16 15
17 15
18 15
19 15
16 16
16 17
16 18
17 16
17 17
17 18
18 16
19 16
18 17
18 18
19 17
19 18
20 17
20 18
21 18
20 19
19 19
18 19
17 19
16 19
18 20
17 20
16 20
16 21
15 21
0
No
0
No
0
Yes
42 28
42 29
41 29
41 28
41 27
42 27
40 29
40 28
40 27
0
No
0
Yes
0 43
1 43
1 42
0 42
0 41
1 41
1 40
0 40
0 39
1 39
1 38
0 38
0 37
1 37
2 43
2 42
2 41
2 40
2 39
2 38
2 37
3 42
3 41
3 40
3 39
3 38
3 37
0
No
0
No
0
Yes
28 27
28 26
27 27
27 26
27 25
28 25
28 24
27 24
27 23
28 23
26 23
26 24
26 25
26 26
26 27
26 28
26 29
25 29
25 28
25 27
25 26
25 25
25 24
25 23
24 29
24 28
24 27
24 26
24 25
24 24
24 23
23 29
23 28
23 27
23 26
23 25
23 24
23 23
22 28
22 27
22 26
22 25
22 24
22 23
22 22
23 22
24 22
25 22
26 22
27 22
28 22
23 21
24 21
25 21
26 21
27 21
28 21
22 21
0
No
0
Yes
44 25
44 26
44 27
43 27
43 26
43 25
42 26
42 25
43 28
44 28
43 29
44 29
44 30
43 30
42 30
42 31
43 31
44 31
44 32
43 32
42 32
42 33
43 33
44 33
44 34
43 34
42 34
42 35
43 35
44 35
44 36
43 36
42 36
42 37
43 37
44 37
44 38
43 38
42 38
45 38
45 37
45 36
45 35
45 34
45 33
45 32
45 31
45 30
45 29
45 28
45 27
45 26
45 25
46 38
46 37
46 36
46 35
46 34
46 33
46 32
46 31
46 30
46 29
46 28
46 27
46 26
46 25
47 38
47 37
47 36
47 35
47 34
47 33
47 32
47 31
47 30
47 29
47 28
47 27
47 26
47 25
48 38
48 37
48 36
48 35
48 34
48 33
48 32
48 31
48 30
48 29
48 28
48 27
48 26
48 25
49 38
49 37
49 36
49 35
49 34
49 33
49 32
49 31
49 30
49 29
49 28
49 27
49 26
49 25
49 24
48 24
47 24
46 24
45 24
44 24
43 24
42 24
42 23
43 23
44 23
45 23
46 23
47 23
48 23
49 23
41 30
41 31
41 32
41 33
41 34
41 35
0
No
0
Yes
39 39
39 40
39 38
39 37
40 37
40 38
40 39
40 40
40 36
41 36
41 37
41 38
41 39
41 40
0
Yes
13 2
14 2
14 1
13 1
13 0
14 0
1
115
29 21
29 22
29 23
29 24
30 24
30 23
30 22
30 21
31 24
31 23
31 22
31 21
31 20
30 20
29 20
29 19
28 19
28 20
27 20
27 19
27 18
32 21
32 22
33 22
33 21
34 22
34 21
35 22
35 21
35 20
34 20
34 19
35 19
35 18
34 18
36 19
26 18
26 19
26 20
25 20
25 19
37 19
37 18
38 19
38 18
38 17
38 16
39 19
39 18
39 17
39 16
39 15
40 19
40 18
40 17
40 16
40 15
41 19
41 18
41 17
41 16
41 15
33 18
Yes
23 6
23 5
24 5
24 6
24 7
25 6
25 5
26 5
26 6
26 7
27 6
27 5
28 6
28 5
29 5
29 6
29 7
30 6
30 5
31 6
31 5
32 6
32 5
32 7
33 7
33 8
33 5
33 4
32 4
31 4
30 4
29 4
28 4
27 4
26 4
25 4
24 4
23 4
22 4
22 3
23 3
24 3
25 3
26 3
27 3
28 3
29 3
30 3
31 3
34 5
34 8
35 8
35 9
31 2
30 2
29 2
28 2
27 2
26 2
25 2
24 2
23 2
22 2
22 1
23 1
24 1
25 1
26 1
27 1
28 1
29 1
30 1
31 1
32 1
22 0
23 0
24 0
25 0
26 0
27 0
28 0
29 0
30 0
31 0
32 0
33 0
35 10
34 10
35 11
35 12
35 13
36 13
36 12
36 11
36 10
36 9
36 8
36 7
36 14
37 14
37 13
37 12
37 11
37 10
37 9
37 8
37 7
37 6
38 14
38 13
38 12
38 11
38 10
38 9
38 8
38 7
38 6
38 5
39 6
39 7
39 8
39 9
39 10
39 11
39 12
39 13
39 14
40 14
40 13
40 12
40 11
40 10
40 9
40 8
40 7
40 6
41 14
41 13
41 12
41 11
41 10
41 9
41 8
41 7
41 6
41 5
0
Yes
38 0
39 0
39 1
38 1
1
129
3 36
3 37
3 38
4 38
4 37
4 36
5 36
5 37
5 38
6 38
6 37
6 36
6 35
5 35
4 35
3 35
6 34
5 34
4 34
3 34
2 34
2 35
2 36
2 37
2 38
1 38
1 37
1 36
1 35
1 34
0 34
0 35
0 36
0 37
0 38
6 33
5 33
4 33
3 33
2 33
1 33
0 33
5 39
4 39
3 39
2 39
1 39
0 39
5 40
4 40
3 40
2 40
1 40
0 40
5 41
4 41
3 41
2 41
Yes
20 17
20 18
21 18
20 19
21 19
22 19
22 20
21 20
19 19
19 18
19 17
19 16
19 15
18 15
18 16
18 17
18 18
18 19
18 20
17 20
17 19
17 18
17 17
17 16
17 15
16 15
16 16
16 17
16 18
16 19
16 20
15 20
15 15
15 16
15 17
15 18
14 18
14 17
14 16
13 17
13 16
13 15
13 14
12 16
12 15
12 14
12 13
12 12
13 12
14 12
15 21
16 21
11 13
11 14
11 15
11 16
11 12
10 14
10 15
10 16
9 16
9 15
8 15
8 16
10 12
9 12
8 12
8 11
9 11
10 11
11 11
12 11
13 11
14 11
15 11
11 10
12 10
13 10
14 10
15 10
10 10
9 10
8 10
12 9
13 9
14 9
15 9
14 8
15 8
14 7
15 7
10 9
9 9
8 9
7 9
10 8
9 8
8 8
7 8
7 7
8 7
8 6
7 6
16 10
16 9
16 8
16 7
17 10
17 9
17 8
17 7
18 9
18 8
18 7
19 7
16 6
17 6
18 6
19 6
16 5
17 5
18 5
19 5
14 20
1
119
3 27
3 28
3 29
3 30
3 31
3 32
4 32
4 31
4 30
4 29
4 28
4 27
5 32
5 31
5 30
5 29
5 28
5 27
5 26
4 26
3 26
4 25
3 25
2 32
2 31
2 30
2 29
2 28
2 27
2 26
2 25
1 32
1 31
1 30
1 29
1 28
1 27
1 26
1 25
0 32
0 31
0 30
0 29
0 28
0 27
0 26
0 25
6 26
6 27
6 28
6 29
6 30
6 31
6 32
7 26
7 27
7 28
7 29
7 30
7 31
Yes
25 49
24 49
24 48
25 48
25 47
25 46
25 45
26 45
26 46
26 47
26 48
26 49
27 49
27 48
27 47
27 46
27 45
28 45
28 46
28 47
28 48
28 49
29 49
29 48
29 47
29 46
29 45
29 44
28 44
27 44
26 44
25 44
24 44
23 44
23 43
24 43
25 43
26 43
27 43
28 43
29 43
27 42
26 42
25 42
24 42
23 42
22 42
27 41
26 41
25 41
24 41
23 41
22 41
27 40
26 40
25 40
24 40
23 40
22 40
27 39
26 39
25 39
24 39
23 39
22 39
27 38
26 38
25 38
24 38
23 38
22 38
27 37
26 37
25 37
24 37
23 37
22 37
27 36
26 36
25 36
24 36
23 36
22 36
27 35
26 35
25 35
24 35
23 35
22 35
27 34
26 34
25 34
24 34
23 34
22 34
21 34
21 35
21 36
21 37
21 38
21 39
21 40
21 41
21 42
21 43
27 33
26 33
25 33
24 33
23 33
22 33
21 33
23 32
22 32
21 32
20 32
20 33
20 34
20 35
20 36
20 37
20 38
20 39
20 40
20 41
20 42
20 43
19 32
19 33
19 34
19 35
19 36
19 37
19 38
19 39
19 40
19 41
19 42
19 43
19 44
21 44
0
No
0
Yes
21 0
21 1
21 2
20 2
20 1
20 0
19 0
19 1
19 2
18 2
18 1
18 0
17 0
17 1
17 2
16 2
16 3
17 3
18 3
19 3
20 3
21 3
16 4
17 4
18 4
19 4
0
No
0
Yes
2 26
2 27
1 27
1 26
1 25
2 25
2 24
1 24
0 24
0 25
0 26
0 27
3 24
3 25
3 26
3 27
4 25
4 24
4 26
4 27
0
No
0
Yes
22 28
22 27
23 27
23 28
24 28
24 27
25 27
25 28
25 26
24 26
23 26
22 26
21 26
21 25
22 25
23 25
24 25
25 25
23 29
24 29
25 29
26 29
26 28
26 27
26 26
26 25
27 27
27 26
27 25
28 27
28 26
28 25
28 24
27 24
26 24
25 24
24 24
23 24
22 24
0
Yes
1 40
1 41
2 41
2 40
3 40
3 41
4 41
4 40
5 41
5 40
5 39
4 39
3 39
2 39
1 39
1 38
2 38
3 38
4 38
5 38
5 37
4 37
3 37
2 37
1 37
0 37
0 38
0 39
0 40
0 41
0 36
1 36
2 36
3 36
4 36
5 36
5 35
4 35
3 35
2 35
1 35
0 35
0
Yes
1 14
1 15
2 15
2 14
3 14
0
No
0
No
0
Yes
19 39
19 40
19 41
19 42
19 38
19 37
19 36
20 36
20 37
20 38
20 39
20 40
20 41
20 42
20 43
19 43
19 44
18 44
18 43
21 43
21 42
21 41
21 40
21 39
21 38
21 37
21 36
22 42
22 41
22 40
22 39
22 38
22 37
22 36
23 36
23 37
23 38
23 39
23 40
23 41
23 42
23 43
23 44
24 44
24 43
24 42
24 41
24 40
24 39
24 38
24 37
24 36
19 35
20 35
21 35
22 35
23 35
24 35
19 34
20 34
21 34
22 34
23 34
24 34
24 33
23 33
22 33
21 33
20 33
19 33
19 32
20 32
21 32
22 32
23 32
25 33
25 34
25 35
25 36
25 37
25 38
25 39
25 40
25 41
25 42
25 43
25 44
25 45
25 46
25 47
26 33
26 34
26 35
26 36
26 37
26 38
26 39
26 40
26 41
26 42
26 43
26 44
26 45
26 46
26 47
27 33
27 34
27 35
27 36
27 37
27 38
27 39
27 40
27 41
27 42
27 43
27 44
27 45
27 46
0
No
0
Yes
40 36
40 37
41 37
41 36
41 35
41 34
41 33
42 33
42 34
42 35
42 36
42 37
43 37
43 36
43 35
43 34
43 33
44 33
44 34
44 35
44 36
44 37
45 37
45 36
45 35
45 34
45 33
46 33
46 34
46 35
46 36
46 37
47 37
47 36
47 35
47 34
47 33
48 33
48 34
48 35
48 36
48 37
49 37
49 36
49 35
49 34
49 33
49 32
48 32
47 32
46 32
45 32
44 32
43 32
42 32
41 32
40 32
40 31
41 31
42 31
43 31
44 31
45 31
46 31
47 31
48 31
49 31
41 30
42 30
43 30
44 30
45 30
46 30
47 30
48 30
49 30
43 29
44 29
45 29
46 29
47 29
48 29
49 29
43 28
44 28
45 28
46 28
47 28
48 28
49 28
43 27
44 27
45 27
46 27
47 27
48 27
49 27
49 38
48 38
47 38
46 38
45 38
44 38
43 38
42 38
0
No
0
Yes
26 21
27 21
28 21
28 22
27 22
26 22
28 23
27 23
26 23
28 24
27 24
26 24
28 25
27 25
26 25
25 21
25 22
25 23
25 24
25 25
24 21
24 22
24 23
24 24
24 25
23 21
23 22
23 23
23 24
23 25
22 24
22 25
22 23
22 22
22 21
21 21
21 22
21 23
21 25
21 26
22 26
23 26
24 26
25 26
26 26
27 26
28 26
28 27
27 27
26 27
25 27
24 27
23 27
22 27
22 28
23 28
24 28
25 28
26 28
0
Yes
1 31
1 32
1 33
2 33
2 32
2 31
3 31
3 32
3 33
4 33
4 32
4 31
5 31
5 32
5 33
6 33
6 32
6 31
7 32
7 31
7 30
6 30
5 30
4 30
3 30
2 30
1 30
1 29
2 29
3 29
4 29
5 29
6 29
7 29
4 28
3 28
2 28
1 28
5 28
6 28
7 28
5 27
6 27
7 27
7 26
6 26
5 26
0 28
0 29
0 30
0 31
0 32
0 33
6 34
5 34
4 34
3 34
2 34
1 34
0 34
8 27
0
No
0
No
0
Yes
37 49
38 49
39 49
40 49
40 48
39 48
38 48
37 48
40 47
39 47
38 47
37 47
40 46
39 46
38 46
37 46
40 45
39 45
38 45
37 45
40 44
39 44
38 44
37 44
36 44
36 45
36 46
36 47
36 48
36 49
35 49
35 48
35 47
35 46
35 45
35 44
34 44
34 45
34 46
34 47
34 48
34 49
33 49
33 48
33 47
33 46
33 45
33 44
32 44
32 45
32 46
32 47
32 48
32 49
31 49
31 48
31 47
31 46
31 45
31 44
30 44
30 45
30 46
30 47
30 48
30 49
29 49
29 48
29 47
29 46
29 45
29 44
28 44
28 45
28 46
28 47
0
No
0
No
0
No
0
No
0
Yes
41 40
41 41
41 42
41 43
40 43
40 42
40 41
40 40
39 43
39 42
39 41
39 40
38 43
38 42
38 41
38 40
37 43
37 42
37 41
37 40
41 39
40 39
39 39
38 39
37 39
41 38
40 38
39 38
38 38
37 38
0
Yes
30 35
30 36
30 37
30 38
30 39
30 40
30 41
30 42
30 43
31 43
31 42
31 41
31 40
31 39
31 38
31 37
31 36
31 35
32 43
32 42
32 41
32 40
32 39
32 38
32 37
32 36
32 35
33 43
33 42
33 41
33 40
33 39
33 38
33 37
33 36
33 35
34 43
34 42
34 41
34 40
34 39
34 38
34 37
34 36
34 35
34 34
33 34
32 34
31 34
30 34
35 34
35 35
35 36
35 37
35 38
35 39
35 40
35 41
35 42
35 43
29 43
29 42
29 41
29 40
29 39
29 38
29 37
29 36
29 35
29 34
28 43
28 42
28 41
28 40
28 39
28 38
28 37
28 36
28 35
28 34
36 43
36 42
36 41
36 40
36 39
36 38
36 37
36 36
36 35
36 34
33 33
32 33
31 33
30 33
29 33
28 33
31 32
30 32
29 32
28 32
0
Yes
42 19
42 20
42 18
42 17
42 16
43 16
43 17
43 18
43 19
43 20
44 20
44 19
44 18
44 17
44 16
45 16
45 17
45 18
45 19
45 20
46 20
46 19
46 18
46 17
46 16
47 16
47 17
47 18
47 19
47 20
48 20
48 19
48 18
48 17
48 16
49 16
49 17
49 18
49 19
49 20
42 15
43 15
44 15
45 15
46 15
47 15
48 15
49 15
42 21
43 21
44 21
45 21
46 21
47 21
48 21
49 21
42 22
43 22
0
No
1
31
7 48
8 48
9 48
8 47
7 47
8 46
7 46
8 45
7 45
6 45
6 46
6 47
6 48
5 45
5 46
5 47
5 48
5 49
6 49
7 49
8 49
9 49
9 46
Yes
47 24
47 25
47 26
48 26
48 25
48 24
49 26
49 25
49 24
46 26
46 25
46 24
45 26
45 25
45 24
44 26
44 25
44 24
43 26
43 25
43 24
43 23
44 23
45 23
46 23
47 23
48 23
49 23
42 23
42 24
42 25
42 26
41 26
41 25
41 24
41 23
40 26
40 25
40 24
40 23
39 26
39 25
39 24
39 23
38 25
38 24
38 23
37 25
37 24
37 23
44 22
45 22
46 22
47 22
48 22
49 22
41 22
40 22
39 22
38 22
37 22
36 22
36 21
37 21
38 21
39 21
40 21
41 21
41 20
40 20
39 20
38 20
37 20
36 20
0
Yes
11 28
11 29
11 30
11 31
12 31
13 31
13 32
12 32
11 32
10 32
10 31
10 30
10 29
10 28
9 28
9 29
9 30
9 31
9 32
8 32
8 31
8 30
8 29
0
Yes
26 31
26 32
27 32
27 31
27 33
26 33
27 34
26 34
27 35
26 35
27 36
26 36
27 37
26 37
27 38
26 38
27 39
26 39
25 39
25 38
25 37
25 36
25 35
25 34
25 33
25 32
25 31
25 30
26 30
27 30
27 29
26 29
25 29
24 29
24 30
24 31
24 32
24 33
24 34
24 35
24 36
24 37
24 38
24 39
23 29
23 30
23 31
23 32
23 33
23 34
23 35
23 36
23 37
23 38
23 39
22 32
22 33
22 34
22 35
22 36
22 37
22 38
22 39
21 32
21 33
21 34
21 35
21 36
21 37
21 38
21 39
20 32
20 33
20 34
20 35
20 36
20 37
20 38
20 39
19 32
19 33
19 34
19 35
19 36
19 37
19 38
19 39
19 40
20 40
21 40
22 40
23 40
24 40
25 40
26 40
27 40
27 41
26 41
25 41
24 41
23 41
0
No
0
No
0
No
0
No
0
No
0
Yes
1 14
1 15
2 15
2 14
3 14
0
Yes
0 20
0 21
0 22
0 23
0 24
0 25
0 26
0 27
1 27
1 26
1 25
1 24
1 23
1 22
1 21
1 20
2 20
2 21
2 22
2 23
2 24
2 25
2 26
2 27
2 19
1 19
0 19
3 27
3 26
3 25
3 24
3 23
3 22
3 21
4 27
4 26
4 25
4 24
4 23
0
No
0
No
0
No
0
No
1
168
11 16
10 16
9 16
8 16
8 15
9 15
10 15
11 15
10 14
11 14
11 13
11 12
10 12
9 12
8 12
8 11
9 11
10 11
11 11
11 10
10 10
9 10
8 10
10 9
9 9
8 9
7 9
10 8
9 8
8 8
7 8
7 7
8 7
8 6
7 6
12 13
12 14
12 15
12 16
12 12
12 11
12 10
12 9
13 14
13 15
13 16
13 17
14 16
14 17
14 18
15 18
15 17
15 16
15 15
16 15
16 16
16 17
16 18
16 19
17 15
17 16
17 17
17 18
17 19
17 20
16 20
16 21
15 21
15 20
18 20
18 19
18 18
18 17
18 16
18 15
19 15
19 16
19 17
19 18
19 19
20 17
20 18
20 19
21 18
21 19
21 20
22 20
22 19
13 9
13 10
13 11
13 12
14 12
14 11
14 10
14 9
15 11
15 10
15 9
16 10
16 9
Yes
31 32
31 33
31 34
31 35
31 36
30 36
30 35
30 34
30 33
30 32
30 31
30 30
29 30
29 31
29 32
29 33
29 34
29 35
29 36
28 30
28 31
28 32
28 33
28 34
28 35
28 36
27 36
27 35
27 34
27 33
27 32
27 31
27 30
27 29
26 29
26 30
26 31
26 32
26 33
26 34
26 35
26 36
25 29
25 30
25 31
25 32
25 33
25 34
25 35
25 36
24 29
24 30
24 31
24 32
24 33
24 34
24 35
24 36
23 29
23 30
23 31
23 32
23 33
23 34
23 35
0
No
0
No
1
157
25 22
25 23
26 23
26 22
27 22
27 23
27 21
26 21
25 21
25 20
26 20
27 20
25 19
26 19
27 19
27 18
26 18
24 20
24 21
24 22
24 23
23 21
23 22
23 23
22 21
22 22
22 23
21 23
21 22
21 21
22 24
23 24
24 24
25 24
26 24
27 24
28 19
28 20
28 21
28 22
28 23
28 24
29 19
29 20
29 21
29 22
29 23
29 24
29 25
28 25
27 25
26 25
25 25
24 25
23 25
22 25
21 25
21 26
22 26
23 26
24 26
25 26
26 26
27 26
28 26
28 27
27 27
26 27
25 27
24 27
23 27
22 27
22 28
23 28
24 28
25 28
Yes
37 49
38 49
39 49
40 49
40 48
39 48
38 48
37 48
40 47
39 47
38 47
37 47
40 46
39 46
38 46
37 46
40 45
39 45
38 45
37 45
40 44
39 44
38 44
37 44
36 44
36 45
36 46
36 47
36 48
36 49
36 43
36 42
36 41
35 41
35 42
35 43
35 44
35 45
35 46
35 47
35 48
35 49
34 49
34 48
34 47
34 46
34 45
34 44
34 43
34 42
34 41
33 41
33 42
33 43
33 44
33 45
33 46
33 47
33 48
33 49
32 49
32 48
32 47
32 46
32 45
32 44
32 43
32 42
32 41
31 41
31 42
31 43
31 44
31 45
31 46
31 47
31 48
31 49
30 49
30 48
30 47
30 46
30 45
30 44
30 43
30 42
30 41
29 41
29 42
29 43
29 44
29 45
29 46
29 47
29 48
29 49
28 49
28 48
28 47
28 46
28 45
28 44
28 43
28 42
28 41
27 41
27 42
27 43
27 44
27 45
27 46
27 47
27 48
27 49
26 49
26 48
26 47
26 46
26 45
26 44
26 43
26 42
26 41
25 45
25 46
25 47
25 48
25 49
25 44
25 43
25 42
25 41
24 48
24 49
24 44
24 43
24 42
24 41
23 44
23 43
23 42
0
Yes
4 22
5 22
6 22
4 21
5 21
6 21
7 21
4 20
5 20
6 20
7 20
0
Yes
29 19
28 19
28 20
29 20
30 20
31 20
31 21
30 21
29 21
28 21
28 22
29 22
30 22
31 22
31 23
30 23
29 23
28 23
31 24
30 24
29 24
28 24
27 24
27 23
27 22
27 21
27 20
27 19
27 18
26 18
26 19
26 20
26 21
26 22
26 23
26 24
25 19
25 20
25 21
25 22
25 23
25 24
24 20
24 21
24 22
24 23
24 24
29 25
28 25
27 25
26 25
25 25
24 25
28 26
27 26
26 26
25 26
24 26
28 27
27 27
26 27
0
No
1
140
37 19
37 18
38 19
38 18
38 17
38 16
39 19
39 18
39 17
39 16
39 15
40 15
40 16
40 17
40 18
40 19
41 19
41 18
41 17
41 16
41 15
42 15
42 16
42 17
42 18
42 19
Yes
19 18
19 19
20 19
20 18
20 17
19 17
19 16
19 15
18 15
18 16
18 17
18 18
18 19
17 15
17 16
17 17
17 18
17 19
16 19
16 18
16 17
16 16
16 15
15 15
15 16
15 17
15 18
14 18
14 17
14 16
13 17
13 16
13 15
13 14
12 16
12 15
12 14
11 16
11 15
11 14
10 14
10 15
10 16
9 16
9 15
8 15
8 16
18 20
17 20
16 20
16 21
15 21
15 20
21 18
21 19
22 19
22 20
21 20
21 21
22 21
23 21
23 22
22 22
21 22
21 23
22 23
23 23
23 24
22 24
23 25
22 25
21 25
21 26
22 26
23 26
0
Yes
17 3
16 3
16 2
17 2
17 1
17 0
16 4
17 4
18 4
18 3
18 2
18 1
18 0
19 0
19 1
19 2
19 3
19 4
20 4
20 3
20 2
20 1
20 0
21 0
21 1
21 2
21 3
21 4
16 5
17 5
18 5
19 5
0
Yes
20 5
21 5
22 5
22 6
21 6
20 6
19 6
19 7
20 7
21 7
22 7
22 8
21 8
20 8
20 9
21 9
22 9
18 6
18 7
0
Yes
17 7
17 6
16 6
16 7
15 7
14 7
14 8
15 8
16 8
17 8
18 8
18 9
17 9
16 9
15 9
14 9
17 10
16 10
15 10
14 10
15 11
14 11
0
Yes
46 38
47 38
48 38
45 38
44 38
43 38
42 38
42 37
43 37
44 37
45 37
46 37
47 37
48 37
41 37
40 37
39 37
39 36
40 36
41 36
42 36
43 36
44 36
45 36
46 36
47 36
48 36
48 35
47 35
46 35
45 35
44 35
43 35
42 35
41 35
40 35
39 35
39 34
40 34
41 34
42 34
43 34
44 34
45 34
46 34
47 34
48 34
41 33
42 33
43 33
44 33
45 33
46 33
47 33
48 33
48 32
47 32
46 32
45 32
44 32
43 32
42 32
41 32
40 32
40 31
41 31
42 31
43 31
44 31
45 31
46 31
47 31
48 31
41 30
42 30
43 30
44 30
45 30
46 30
47 30
48 30
43 29
44 29
45 29
46 29
47 29
48 29
43 28
44 28
45 28
46 28
47 28
48 28
43 27
44 27
45 27
46 27
47 27
48 27
38 34
38 35
38 36
38 37
37 37
37 36
37 35
49 27
49 28
49 29
49 30
49 31
49 32
49 33
49 34
49 35
49 36
49 37
49 38
36 35
36 36
36 37
36 34
35 34
35 35
35 36
35 37
34 34
34 35
34 36
34 37
36 38
35 38
34 38
36 39
35 39
34 39
36 40
35 40
34 40
33 40
33 39
33 38
33 37
33 36
33 35
33 34
33 33
35 33
0
Yes
21 32
22 32
22 33
21 33
22 34
21 34
20 32
20 33
20 34
19 32
19 33
19 34
19 35
20 35
21 35
22 35
19 36
20 36
21 36
22 36
19 37
20 37
21 37
0
No
0
Yes
49 21
48 21
47 21
47 20
48 20
49 20
49 19
48 19
47 19
47 18
48 18
49 18
49 17
48 17
47 17
47 16
48 16
49 16
49 15
48 15
47 15
46 15
46 16
46 17
46 18
46 19
46 20
46 21
45 21
45 20
45 19
45 18
45 17
45 16
45 15
44 15
44 16
44 17
44 18
44 19
0
No
0
Yes
31 1
31 2
31 3
31 4
31 5
31 6
30 6
30 5
30 4
30 3
30 2
30 1
29 6
29 5
29 4
29 3
29 2
29 1
28 6
28 5
28 4
28 3
28 2
28 1
27 6
27 5
27 4
27 3
27 2
27 1
27 0
28 0
29 0
30 0
31 0
32 1
32 0
26 6
26 5
26 4
26 3
26 2
26 1
26 0
0
Yes
7 9
7 8
7 7
7 6
8 6
8 7
8 8
8 9
8 10
8 11
8 12
9 12
9 11
9 10
9 9
9 8
10 8
10 9
10 10
10 11
10 12
11 10
11 11
11 12
11 13
12 13
12 12
12 11
12 10
12 9
13 9
13 10
13 11
13 12
14 12
14 11
14 10
0
No
0
Yes
31 37
32 37
32 38
31 38
32 39
31 39
32 40
31 40
30 40
30 39
30 38
30 37
29 37
29 38
29 39
29 40
28 40
28 39
28 38
28 37
27 37
27 38
27 39
27 40
26 40
26 39
26 38
26 37
25 37
25 38
25 39
25 40
0
No
0
Yes
2 25
2 26
2 27
3 27
3 26
3 25
4 27
4 26
4 25
4 24
3 24
2 24
1 27
1 26
1 25
1 24
0 27
0 26
0 25
0 24
0 23
1 23
2 23
3 23
4 23
4 22
3 22
2 22
1 22
0 22
3 21
4 21
2 21
1 21
0 21
0
Yes
38 0
38 1
39 1
39 0
0
No
0
No
0
No
0
No
0
Yes
24 4
25 4
25 5
24 5
25 6
24 6
23 6
23 5
23 4
25 3
24 3
23 3
25 2
24 2
23 2
25 1
24 1
23 1
25 0
24 0
23 0
22 0
22 1
22 2
22 3
22 4
22 5
22 6
22 7
22 8
22 9
21 9
21 8
21 7
21 6
21 5
21 4
21 3
21 2
21 1
21 0
20 9
20 8
20 7
20 6
20 5
20 4
20 3
20 2
20 1
20 0
19 7
19 6
19 5
19 4
19 3
19 2
19 1
19 0
18 0
18 1
18 2
18 3
18 4
18 5
18 6
18 7
18 8
18 9
17 1
17 0
17 2
17 3
17 4
17 5
17 6
17 7
17 8
17 9
16 0
16 2
16 3
16 4
16 5
16 6
16 7
16 8
0
Yes
42 16
43 16
43 15
42 15
43 17
42 17
41 17
41 16
41 15
41 14
41 13
41 12
41 11
41 10
42 10
42 9
41 9
42 8
41 8
40 8
40 9
40 10
40 11
40 12
40 13
40 14
40 15
40 16
40 17
39 15
39 16
39 17
39 14
39 13
39 12
39 11
39 10
39 9
39 8
38 16
38 17
38 14
38 13
38 12
38 11
38 10
38 9
38 8
37 14
37 13
37 12
37 11
37 10
37 9
37 8
36 14
36 13
36 12
36 11
36 10
36 9
36 8
36 7
37 7
38 7
39 7
40 7
41 7
42 7
37 6
38 6
39 6
40 6
41 6
42 6
42 5
41 5
35 13
35 12
35 11
35 10
35 9
35 8
34 10
42 4
0
No
1
194
24 39
24 38
24 37
23 37
23 38
23 39
23 36
22 37
22 38
22 39
21 38
21 39
20 38
20 39
19 38
19 39
24 40
23 40
22 40
21 40
20 40
19 40
23 41
22 41
21 41
20 41
19 41
22 42
21 42
20 42
19 42
20 43
21 43
19 43
21 44
19 44
18 44
18 43
17 43
18 45
Yes
45 19
45 20
46 20
46 19
47 19
47 20
48 20
48 19
49 19
49 20
49 18
48 18
47 18
46 18
45 18
45 17
46 17
47 17
48 17
49 17
44 17
44 18
44 19
44 20
43 18
43 19
43 20
42 20
42 19
42 18
41 18
41 19
40 19
40 18
39 18
39 19
44 16
45 16
46 16
47 16
48 16
49 16
44 15
45 15
46 15
47 15
48 15
49 15
38 19
38 18
37 18
37 19
36 19
42 21
43 21
44 21
45 21
46 21
47 21
48 21
49 21
0
No
0
No
0
Yes
48 4
49 4
47 4
47 3
48 3
49 3
49 2
48 2
47 2
47 1
48 1
49 1
47 0
48 0
49 0
46 2
46 3
0
No
0
Yes
11 30
11 29
11 28
10 28
10 29
10 30
9 28
9 29
9 30
8 28
8 29
8 30
0
Yes
0 20
1 20
2 20
2 19
1 19
0 19
1 18
0 18
2 21
1 21
0 21
0 22
1 22
2 22
2 23
1 23
0 23
0
Yes
27 2
26 2
26 3
27 3
26 1
27 1
26 0
27 0
28 0
28 1
28 2
28 3
29 3
29 2
29 1
29 0
30 0
30 1
30 2
30 3
31 3
31 2
31 1
31 0
32 1
32 0
0
No
0
No
0
Yes
17 16
17 15
18 15
18 16
19 15
19 16
16 15
16 16
15 15
15 16
15 17
16 17
17 17
18 17
19 17
20 17
15 18
16 18
17 18
18 18
19 18
20 18
21 18
20 19
19 19
18 19
17 19
16 19
21 19
18 20
17 20
16 20
16 21
15 21
15 20
21 20
21 21
21 22
21 23
22 19
22 20
22 21
22 22
22 23
23 21
23 22
23 23
14 18
14 17
14 16
13 17
13 16
13 15
13 14
12 16
12 15
12 14
12 13
11 13
11 14
11 15
11 16
10 14
10 15
10 16
9 16
9 15
8 15
8 16
23 24
22 24
0
No
0
Yes
4 44
4 45
4 46
4 47
4 48
4 49
3 49
3 48
3 47
3 46
3 45
3 44
2 44
2 45
2 46
2 47
2 48
2 49
1 49
1 48
1 47
1 46
1 45
1 44
0 44
0 45
0 46
0 47
0 48
0 49
0
Yes
39 41
39 42
39 43
40 43
40 42
40 41
38 43
38 42
38 41
37 43
37 42
37 41
41 41
41 42
41 43
41 44
41 45
41 46
41 47
41 48
42 48
42 47
42 46
42 45
42 44
42 43
42 42
42 41
43 41
43 42
43 43
43 44
43 45
43 46
43 47
43 48
44 48
44 47
44 46
44 45
44 44
44 43
44 42
44 41
45 41
45 42
45 43
45 44
45 45
45 46
45 47
45 48
46 48
46 47
46 46
46 45
46 44
46 43
46 42
46 41
47 41
47 42
47 43
47 44
47 45
47 46
47 47
47 48
48 48
48 47
48 46
48 45
48 44
48 43
48 42
48 41
49 41
49 42
49 43
49 44
49 45
49 46
49 47
49 48
41 49
42 49
43 49
44 49
45 49
46 49
47 49
48 49
49 49
37 40
38 40
39 40
40 40
41 40
42 40
43 40
44 40
45 40
46 40
47 40
48 40
49 40
49 39
48 39
47 39
46 39
45 39
44 39
43 39
42 39
41 39
40 39
0
Yes
24 21
24 20
24 22
24 23
24 24
24 25
23 25
22 25
21 25
21 26
22 26
23 26
24 26
22 27
23 27
24 27
22 28
23 28
24 28
25 28
25 27
25 26
25 25
25 24
25 23
25 22
25 21
25 20
25 19
26 28
26 27
26 26
26 25
26 24
26 23
26 22
26 21
26 20
26 19
26 18
27 18
27 19
27 20
27 21
27 22
27 23
27 24
27 25
27 26
27 27
28 27
28 26
28 25
28 24
28 23
28 22
28 21
28 20
28 19
29 19
29 20
29 21
29 22
29 23
29 24
29 25
30 24
30 23
30 22
30 21
30 20
31 20
31 21
31 22
31 23
31 24
32 22
32 21
0
No
0
Yes
40 27
40 28
40 29
41 29
41 28
41 27
42 27
42 28
42 29
0
No
0
No
0
Yes
24 44
23 44
23 43
24 43
23 42
24 42
24 41
25 41
25 42
25 43
25 44
25 45
25 46
25 47
26 41
26 42
26 43
26 44
26 45
26 46
26 47
27 41
27 42
27 43
27 44
27 45
27 46
27 47
28 41
28 42
28 43
28 44
28 45
28 46
28 47
29 41
29 42
29 43
29 44
29 45
29 46
29 47
30 41
30 42
30 43
30 44
30 45
30 46
30 47
30 48
29 48
28 48
27 48
26 48
25 48
24 48
24 49
25 49
26 49
27 49
28 49
29 49
30 49
31 41
31 42
31 43
31 44
31 45
31 46
31 47
31 48
31 49
32 41
32 42
32 43
32 44
32 45
32 46
32 47
32 48
32 49
33 41
33 42
33 43
33 44
33 45
33 46
33 47
33 48
33 49
34 41
34 42
34 43
34 44
34 45
34 46
34 47
34 48
34 49
35 41
35 42
35 43
35 44
35 45
35 46
35 47
35 48
35 49
36 41
36 42
36 43
36 44
36 45
36 46
36 47
0
No
0
No
0
No
0
No
0
Yes
48 34
48 35
48 36
48 37
48 38
49 38
49 37
49 36
49 35
49 34
47 38
47 37
47 36
47 35
47 34
46 38
46 37
46 36
46 35
46 34
45 38
45 37
45 36
45 35
45 34
44 38
44 37
44 36
44 35
44 34
43 38
43 37
43 36
43 35
43 34
43 33
44 33
45 33
46 33
47 33
48 33
49 33
49 32
48 32
47 32
46 32
45 32
44 32
43 32
43 31
44 31
45 31
46 31
47 31
48 31
49 31
49 30
48 30
47 30
46 30
45 30
44 30
43 30
43 29
44 29
45 29
46 29
47 29
48 29
49 29
43 28
44 28
45 28
46 28
47 28
48 28
49 28
42 30
42 31
42 32
42 33
42 34
42 35
42 36
42 37
42 38
41 30
41 31
41 32
41 33
41 34
41 35
41 36
41 37
0
No
0
No
0
Yes
0 27
1 27
1 26
0 26
0 25
1 25
1 24
0 24
2 24
2 25
2 26
2 27
0
No
1
199
8 10
9 10
10 10
10 9
9 9
8 9
7 9
10 8
9 8
8 8
7 8
7 7
8 7
8 6
7 6
11 10
8 11
9 11
10 11
11 11
8 12
9 12
10 12
11 12
12 12
12 11
12 10
12 9
13 9
13 10
13 11
13 12
Yes
36 38
36 39
36 40
35 40
35 39
35 38
34 40
34 39
34 38
37 39
37 38
38 39
38 38
39 39
39 38
40 38
40 37
39 37
38 37
37 37
36 37
35 37
34 37
40 36
39 36
38 36
37 36
36 36
35 36
34 36
37 35
38 35
39 35
40 35
36 35
35 35
34 35
36 34
35 34
34 34
40 34
39 34
38 34
33 40
33 39
33 38
33 37
33 36
33 35
33 34
33 33
32 33
32 34
32 35
32 36
32 37
32 38
32 39
32 40
31 40
31 39
31 38
31 37
30 37
30 38
30 39
30 40
29 40
29 39
1
222
32 5
32 6
32 7
33 7
33 8
31 6
31 5
30 6
30 5
33 5
29 5
29 6
29 7
28 6
28 5
27 6
27 5
34 5
34 8
33 4
32 4
31 4
30 4
29 4
28 4
27 4
26 4
26 5
26 6
26 7
Yes
2 48
2 49
3 49
3 48
4 48
4 49
5 49
5 48
6 48
6 49
6 47
5 47
4 47
3 47
2 47
2 46
3 46
4 46
5 46
6 46
6 45
5 45
4 45
3 45
2 45
1 45
1 46
1 47
1 48
1 49
0 49
0 48
0 47
0 46
0 45
4 44
3 44
2 44
1 44
0 44
4 43
3 43
2 43
1 43
0 43
3 42
2 42
1 42
0 42
0
Yes
45 45
45 46
45 47
45 48
45 49
46 49
46 48
46 47
46 46
46 45
47 45
47 46
47 47
47 48
47 49
48 49
48 48
48 47
48 46
48 45
49 45
49 46
49 47
49 48
49 49
49 44
48 44
47 44
46 44
45 44
45 43
46 43
47 43
48 43
49 43
49 42
48 42
47 42
46 42
45 42
44 42
44 43
44 44
44 45
44 46
44 47
44 48
44 49
43 49
43 48
43 47
43 46
43 45
43 44
43 43
43 42
42 42
42 43
42 44
42 45
42 46
42 47
42 48
42 49
41 49
41 48
41 47
41 46
41 45
41 44
41 43
0
Yes
48 40
48 41
49 41
49 40
49 39
48 39
47 39
47 40
47 41
46 41
46 40
46 39
45 39
45 40
45 41
44 41
44 40
44 39
43 39
43 40
43 41
42 41
42 40
42 39
41 39
41 40
41 41
41 42
40 39
40 40
40 41
40 42
40 43
40 44
40 45
40 46
40 47
40 48
40 49
39 40
39 41
39 42
39 43
39 44
39 45
39 46
39 47
39 48
39 49
38 40
38 41
38 42
38 43
38 44
38 45
38 46
38 47
38 48
38 49
37 40
37 41
37 42
37 43
37 44
37 45
37 46
37 47
37 48
0
No
0
Yes
8 8
9 8
10 8
10 9
9 9
8 9
8 10
9 10
10 10
8 11
9 11
10 11
8 12
9 12
10 12
0
Yes
48 35
48 36
48 37
48 38
49 38
49 37
49 36
49 35
47 38
47 37
47 36
47 35
46 38
46 37
46 36
46 35
45 38
45 37
45 36
45 35
44 38
44 37
44 36
44 35
43 38
43 37
43 36
43 35
42 38
42 37
42 36
42 35
41 38
41 37
41 36
41 35
41 34
42 34
43 34
44 34
45 34
46 34
47 34
48 34
49 34
41 33
42 33
43 33
44 33
45 33
46 33
47 33
48 33
49 33
49 32
48 32
47 32
46 32
45 32
44 32
43 32
42 32
41 32
40 32
40 31
41 31
42 31
43 31
44 31
45 31
46 31
47 31
48 31
49 31
41 30
42 30
0
No
0
Yes
11 31
11 32
10 32
10 31
9 32
9 31
8 32
8 31
8 30
9 30
10 30
11 30
11 29
10 29
9 29
8 29
8 28
9 28
10 28
11 28
0
No
0
No
0
No
0
No
0
No
0
No
0
Yes
13 10
13 9
12 9
12 10
11 10
11 11
12 11
13 11
11 12
12 12
13 12
14 12
14 11
14 10
14 9
0
Yes
6 19
6 20
5 20
4 20
7 19
7 20
7 21
6 21
5 21
4 21
0
No
0
No
0
Yes
46 28
46 27
47 27
47 28
48 27
48 28
49 27
49 28
45 27
45 28
44 27
44 28
43 27
43 28
43 29
44 29
45 29
46 29
47 29
48 29
49 29
43 30
44 30
45 30
46 30
47 30
48 30
49 30
42 29
42 28
42 27
0
No
0
Yes
42 48
41 48
41 49
42 49
41 47
42 47
41 46
42 46
41 45
42 45
43 45
43 46
43 47
43 48
43 49
44 49
44 48
44 47
44 46
44 45
45 45
45 46
45 47
45 48
45 49
46 49
46 48
46 47
46 46
46 45
47 45
47 46
47 47
47 48
47 49
48 49
48 48
48 47
48 46
48 45
49 45
49 46
49 47
49 48
49 49
41 44
42 44
43 44
44 44
45 44
46 44
47 44
48 44
49 44
41 43
42 43
43 43
44 43
45 43
46 43
47 43
48 43
49 43
42 42
43 42
44 42
45 42
46 42
47 42
0
Yes
27 30
27 29
26 29
26 30
28 30
29 30
30 30
30 31
29 31
28 31
27 31
26 31
26 32
27 32
28 32
29 32
30 32
31 32
31 33
30 33
29 33
28 33
27 33
26 33
31 34
30 34
29 34
28 34
27 34
26 34
31 35
30 35
29 35
28 35
27 35
26 35
31 36
30 36
29 36
28 36
27 36
26 36
25 29
25 30
25 31
25 32
25 33
25 34
25 35
25 36
24 29
24 30
24 31
24 32
24 33
24 34
24 35
24 36
23 29
23 30
23 31
23 32
23 33
23 34
23 35
23 36
0
No
0
Yes
20 34
20 35
20 36
21 36
21 35
21 34
21 33
20 33
20 32
21 32
22 32
22 33
22 34
22 35
22 36
19 32
19 33
19 34
19 35
0
Yes
26 39
26 40
27 40
27 39
28 40
28 39
25 40
25 39
24 40
24 39
24 38
25 38
26 38
27 38
28 38
29 38
23 38
23 39
23 40
23 41
22 41
22 40
22 39
22 38
22 42
29 37
28 37
27 37
26 37
25 37
24 37
23 37
22 37
21 37
21 38
21 39
21 40
21 41
21 42
21 43
21 44
20 43
20 42
20 41
20 40
20 39
20 38
20 37
19 37
19 38
19 39
19 40
19 41
19 42
19 43
18 43
19 44
18 44
0
No
1
255
11 48
10 48
9 48
8 48
7 48
7 49
8 49
9 49
10 49
11 49
Yes
4 21
4 20
5 20
5 21
3 21
3 22
4 22
5 22
5 23
4 23
3 23
6 22
6 21
6 20
7 21
7 20
4 24
3 24
4 25
3 25
2 25
2 24
2 23
2 22
2 21
2 20
1 20
1 21
1 22
1 23
1 24
1 25
0 25
0 24
0 23
0 22
0 21
0 20
4 26
3 26
2 26
1 26
0 26
4 27
3 27
2 27
1 27
0 27
0
No
0
Yes
3 38
4 38
5 38
6 38
6 37
5 37
4 37
3 37
6 36
5 36
4 36
3 36
6 35
5 35
4 35
3 35
2 35
2 36
2 37
2 38
1 35
1 36
1 37
1 38
0 35
0 36
0 37
0 38
0
No
0
No
0
No
0
No
0
No
0
Yes
0 27
1 27
2 27
3 27
4 27
4 26
3 26
2 26
1 26
0 26
4 25
3 25
2 25
1 25
0 25
4 24
3 24
2 24
1 24
0 24
0 23
1 23
2 23
0
No
0
Yes
1 20
2 20
2 19
1 19
1 18
1 17
0 17
0 18
0 19
0 20
0 21
1 21
2 21
3 21
3 22
2 22
1 22
0 22
0 23
1 23
2 23
3 23
3 24
2 24
1 24
0 24
4 24
4 23
4 22
4 21
4 20
5 20
6 20
6 19
5 21
5 22
5 23
6 21
6 22
7 21
7 20
7 19
4 25
3 25
2 25
1 25
0 25
4 26
3 26
2 26
1 26
0 26
0
Yes
30 45
30 46
30 47
30 48
30 49
31 49
31 48
31 47
31 46
31 45
32 45
32 46
32 47
32 48
32 49
33 49
33 48
33 47
33 46
33 45
34 45
34 46
34 47
34 48
34 49
35 49
35 48
35 47
35 46
35 45
36 45
36 46
36 47
36 48
36 49
36 44
35 44
34 44
33 44
32 44
31 44
30 44
36 43
35 43
34 43
33 43
32 43
31 43
30 43
36 42
35 42
34 42
33 42
32 42
31 42
30 42
29 42
29 43
29 44
29 45
29 46
29 47
29 48
29 49
28 49
28 48
28 47
28 46
28 45
28 44
28 43
28 42
27 42
27 43
27 44
27 45
27 46
27 47
27 48
27 49
26 49
26 48
26 47
26 46
26 45
26 44
26 43
0
No
0
No
0
Yes
7 6
8 6
8 7
7 7
7 8
8 8
7 9
8 9
8 10
8 11
8 12
9 12
9 11
9 10
9 9
9 8
10 8
10 9
10 10
10 11
10 12
11 12
11 11
11 10
12 12
12 11
12 10
12 9
13 9
13 10
13 11
13 12
0
No
0
No
0
Yes
18 42
18 41
18 40
18 39
18 38
18 37
18 36
18 35
18 34
17 42
17 41
17 40
17 39
17 38
17 37
17 36
17 35
17 34
17 33
17 32
16 32
16 33
16 34
16 35
16 36
16 37
16 38
16 39
16 40
16 41
16 42
15 42
15 41
15 40
15 39
15 38
15 37
15 36
15 35
15 34
15 33
15 32
14 41
14 40
14 39
14 38
14 37
14 36
14 35
14 34
14 33
13 39
13 38
13 37
13 36
13 35
13 34
13 33
13 32
13 31
12 31
12 32
12 33
12 34
12 35
12 36
12 37
12 38
11 38
11 37
11 36
11 35
11 34
11 33
10 38
10 37
10 36
10 35
10 34
10 33
9 33
9 34
9 35
9 36
8 33
8 34
8 35
8 36
8 37
7 33
7 34
7 35
7 36
7 37
6 35
6 36
6 37
6 38
5 35
5 36
5 37
5 38
15 31
19 36
17 31
0
Yes
3 25
4 25
4 26
3 26
4 27
3 27
2 27
2 26
2 25
1 27
1 26
1 25
0 27
0 26
0 25
4 24
3 24
2 24
1 24
0 24
0 23
1 23
2 23
0
Yes
0 17
1 17
1 18
0 18
0 19
1 19
0 20
0
Yes
7 20
7 19
6 19
6 20
7 21
6 21
6 22
0
No
0
No
0
Yes
13 0
13 1
13 2
14 2
14 1
14 0
0
No
0
Yes
7 33
7 34
7 35
7 36
7 37
8 37
8 36
8 35
8 34
8 33
8 32
8 31
8 30
8 29
8 28
9 28
9 29
9 30
9 31
9 32
9 33
9 34
9 35
9 36
10 28
10 29
10 30
10 31
10 32
10 33
10 34
10 35
10 36
11 28
11 29
11 30
11 31
11 32
11 33
11 34
11 35
11 36
12 31
12 32
12 33
12 34
12 35
12 36
13 31
13 32
13 33
13 34
13 35
13 36
14 33
14 34
14 35
14 36
10 37
11 37
12 37
13 37
14 37
15 37
15 36
15 35
15 34
15 33
15 32
16 32
16 33
16 34
16 35
16 36
16 37
17 32
17 33
17 34
17 35
17 36
17 37
18 37
18 36
18 35
18 34
10 38
11 38
12 38
13 38
14 38
15 38
16 38
17 38
18 38
13 39
14 39
15 39
16 39
17 39
18 39
18 40
17 40
16 40
15 40
14 40
14 41
15 41
16 41
17 41
18 41
18 42
17 42
16 42
15 42
19 36
19 35
19 34
19 33
19 32
20 32
20 33
20 34
20 35
20 36
21 36
21 35
21 34
0
No
0
No
0
No
0
Yes
24 48
24 49
25 49
25 48
25 47
0
Yes
48 38
49 38
47 38
46 38
45 38
44 38
43 38
42 38
42 37
43 37
44 37
45 37
46 37
47 37
48 37
49 37
49 36
48 36
47 36
46 36
45 36
44 36
43 36
42 36
42 35
43 35
44 35
45 35
46 35
47 35
48 35
49 35
49 34
48 34
47 34
46 34
45 34
44 34
43 34
42 34
42 33
43 33
44 33
45 33
46 33
47 33
48 33
49 33
49 32
48 32
47 32
46 32
45 32
44 32
43 32
42 32
43 31
44 31
45 31
46 31
47 31
48 31
49 31
42 31
42 30
41 30
41 31
41 32
41 33
41 34
41 35
41 36
41 37
41 38
40 32
40 31
40 38
0
Yes
49 0
48 0
47 0
47 1
48 1
49 1
49 2
48 2
47 2
46 2
46 3
47 3
48 3
49 3
49 4
48 4
47 4
0
Yes
0 41
1 41
1 40
0 40
0 39
1 39
1 38
0 38
0 37
1 37
1 36
0 36
2 41
2 40
2 39
2 38
2 37
2 36
3 41
3 40
3 39
3 38
3 37
0
Yes
2 24
2 25
2 26
2 27
3 27
3 26
3 25
3 24
4 27
4 26
4 25
4 24
1 27
1 26
1 25
1 24
0 27
0 26
0 25
0 24
0 23
1 23
2 23
3 23
4 23
4 22
3 22
2 22
1 22
0 22
5 23
0
Yes
20 8
20 9
21 9
21 8
22 9
22 8
22 7
21 7
20 7
19 7
19 6
20 6
21 6
22 6
23 6
24 6
25 6
25 5
24 5
23 5
22 5
21 5
20 5
19 5
19 4
20 4
21 4
22 4
23 4
24 4
25 4
18 4
18 5
18 6
18 7
18 8
18 9
17 9
17 8
17 7
17 6
17 5
17 4
17 10
16 10
16 9
16 8
16 7
16 6
16 5
16 4
16 3
17 3
18 3
19 3
20 3
21 3
22 3
23 3
24 3
25 3
16 2
17 2
18 2
19 2
20 2
21 2
22 2
23 2
24 2
25 2
25 1
24 1
23 1
22 1
21 1
20 1
19 1
18 1
17 1
17 0
18 0
19 0
20 0
21 0
22 0
23 0
24 0
25 0
15 7
15 8
15 9
15 10
15 11
14 11
14 10
14 9
14 8
14 7
26 4
26 5
26 6
27 6
27 5
27 4
28 4
28 5
28 6
29 6
29 5
29 4
30 4
30 5
30 6
31 6
31 5
0
No
0
Yes
30 30
30 31
29 30
29 31
28 30
28 31
28 32
29 32
30 32
27 32
27 31
27 30
27 29
26 29
26 30
26 31
26 32
25 29
25 30
25 31
25 32
24 29
24 30
24 31
24 32
24 33
25 33
26 33
27 33
28 33
29 33
30 33
30 34
29 34
28 34
27 34
26 34
25 34
24 34
0
No
0
Yes
32 40
32 41
33 41
33 40
34 41
34 40
31 41
31 40
30 41
30 40
30 39
31 39
32 39
33 39
34 39
34 38
33 38
32 38
31 38
30 38
30 37
31 37
32 37
33 37
34 37
34 36
33 36
32 36
31 36
30 36
30 35
31 35
32 35
33 35
34 35
34 34
33 34
32 34
31 34
31 33
32 33
33 33
35 34
35 35
35 36
35 37
35 38
35 39
35 40
35 41
36 41
36 40
36 39
36 38
36 37
36 36
36 35
36 34
37 35
37 36
37 37
37 38
37 39
0
Yes
3 15
2 15
1 15
1 14
2 14
0
Yes
22 40
22 41
22 42
23 42
23 41
23 40
23 43
23 44
24 44
24 43
24 42
24 41
24 40
25 44
25 43
25 42
25 41
25 40
26 42
26 41
26 40
27 41
27 40
28 41
28 40
29 41
29 40
29 39
28 39
27 39
26 39
25 39
24 39
23 39
22 39
29 38
28 38
27 38
26 38
25 38
24 38
23 38
22 38
29 37
28 37
27 37
26 37
25 37
24 37
23 37
22 37
22 36
23 36
24 36
25 36
26 36
27 36
28 36
29 36
29 35
28 35
27 35
26 35
25 35
24 35
23 35
22 35
21 37
21 38
21 39
21 40
21 41
21 42
21 43
20 43
20 42
20 41
20 40
20 39
20 38
20 37
19 37
19 38
19 39
19 40
19 41
19 42
19 43
0
Yes
0 19
0 20
0 21
0 22
0 23
0 24
0 25
1 25
1 24
1 23
1 22
1 21
1 20
1 19
2 19
2 20
2 21
2 22
2 23
2 24
2 25
3 21
3 22
3 23
3 24
3 25
4 25
4 24
4 23
4 22
4 21
4 20
5 23
5 22
5 21
5 20
6 22
6 21
6 20
6 19
7 19
7 20
7 21
1 18
0 18
1 17
0 17
4 26
3 26
2 26
1 26
0 26
5 26
6 26
7 26
7 27
6 27
5 27
4 27
3 27
2 27
1 27
0 27
7 28
6 28
5 28
4 28
3 28
2 28
1 28
0 28
7 29
6 29
5 29
4 29
3 29
2 29
1 29
0 29
7 30
6 30
5 30
4 30
3 30
2 30
1 30
0 30
7 31
6 31
5 31
4 31
3 31
2 31
1 31
0 31
7 32
6 32
5 32
4 32
3 32
2 32
1 32
0 32
6 33
5 33
4 33
3 33
2 33
1 33
0 33
6 34
5 34
4 34
0
Yes
48 18
48 19
48 20
48 21
49 21
49 20
49 19
49 18
47 21
47 20
47 19
47 18
46 21
46 20
46 19
46 18
46 17
47 17
48 17
49 17
49 16
48 16
47 16
46 16
46 15
47 15
48 15
49 15
45 15
45 16
45 17
45 18
45 19
45 20
45 21
44 21
44 20
44 19
44 18
44 17
44 16
44 15
43 15
0
Yes
4 35
5 35
6 35
6 36
5 36
4 36
4 37
5 37
6 37
6 38
5 38
4 38
4 39
5 39
0
Yes
43 36
43 37
44 37
44 36
45 36
45 37
46 37
46 36
47 36
47 37
48 37
48 36
49 36
49 37
49 35
48 35
47 35
46 35
45 35
44 35
43 35
43 34
44 34
45 34
46 34
47 34
48 34
49 34
49 33
48 33
47 33
46 33
45 33
44 33
43 33
43 32
44 32
45 32
46 32
47 32
48 32
49 32
49 31
48 31
47 31
46 31
45 31
44 31
43 31
49 38
48 38
47 38
46 38
45 38
44 38
43 38
43 30
44 30
45 30
46 30
47 30
48 30
49 30
49 29
48 29
47 29
46 29
0
Yes
35 12
35 13
35 11
35 10
35 9
35 8
38 5
36 8
36 9
36 10
36 11
36 12
36 13
36 14
36 7
37 14
37 13
37 12
37 11
37 10
37 9
37 8
37 7
38 14
38 13
38 12
38 11
38 10
38 9
38 8
38 7
39 7
39 8
39 9
39 10
39 11
39 12
39 13
39 14
39 15
39 16
38 16
38 17
39 17
40 17
40 16
40 15
40 14
40 13
40 12
40 11
40 10
40 9
40 8
40 7
41 11
41 12
41 13
41 14
41 15
41 16
41 17
41 10
41 9
41 8
41 7
42 10
42 9
42 8
42 7
42 15
42 16
42 17
43 16
43 17
37 6
38 6
39 6
40 6
41 6
42 6
42 5
41 5
34 10
0
No
0
No
0
Yes
12 11
12 12
13 12
13 11
13 10
12 10
11 10
11 11
11 12
10 12
10 11
10 10
9 12
9 11
9 10
8 12
8 11
8 10
12 9
13 9
10 9
9 9
8 9
7 9
10 8
9 8
8 8
7 8
7 7
8 7
8 6
7 6
0
Yes
41 28
40 28
42 28
43 28
40 29
41 29
42 29
43 29
40 27
41 27
42 27
43 27
0
Yes
11 49
11 48
10 48
10 49
9 48
9 49
12 49
0
Yes
40 35
40 36
40 37
39 37
39 36
39 35
38 35
38 36
38 37
38 34
39 34
40 34
38 38
0
Yes
35 19
35 18
35 20
34 18
34 19
34 20
33 18
0
No
0
Yes
45 32
46 32
47 32
48 32
49 32
49 31
48 31
47 31
46 31
45 31
45 30
46 30
47 30
48 30
49 30
49 29
48 29
47 29
46 29
45 29
44 29
44 30
44 31
44 32
43 30
43 31
43 32
44 28
45 28
46 28
47 28
48 28
49 28
44 27
45 27
46 27
47 27
48 27
49 27
43 33
44 33
45 33
46 33
47 33
48 33
49 33
49 34
48 34
47 34
46 34
45 34
44 34
0
Yes
49 49
49 48
49 47
49 46
49 45
49 44
48 44
48 45
48 46
48 47
48 48
48 49
47 49
47 48
47 47
47 46
47 45
47 44
46 44
46 45
46 46
46 47
46 48
46 49
46 43
47 43
48 43
49 43
0
Yes
38 0
39 0
39 1
38 1
0
Yes
42 30
41 30
42 31
41 31
40 31
40 32
41 32
42 32
0
Yes
49 35
48 35
48 36
49 36
49 37
48 37
47 35
47 36
47 37
0
Yes
27 42
27 43
27 44
27 45
27 46
27 47
26 47
26 46
26 45
26 44
26 43
26 42
26 48
27 48
26 49
27 49
28 49
28 48
28 47
28 46
28 45
28 44
28 43
28 42
29 42
29 43
29 44
29 45
29 46
29 47
29 48
29 49
30 42
30 43
30 44
30 45
30 46
30 47
30 48
30 49
31 42
31 43
31 44
31 45
31 46
31 47
31 48
31 49
32 42
32 43
32 44
32 45
32 46
32 47
32 48
32 49
33 42
33 43
33 44
33 45
33 46
33 47
33 48
33 49
34 42
34 43
34 44
34 45
34 46
34 47
34 48
34 49
35 42
35 43
35 44
35 45
35 46
35 47
35 48
35 49
36 42
36 43
36 44
36 45
36 46
36 47
36 48
36 49
0
No
0
No
0
Yes
24 40
24 41
25 41
25 40
26 41
26 40
27 41
27 40
28 41
28 40
28 39
27 39
26 39
25 39
24 39
24 38
25 38
26 38
27 38
28 38
28 37
27 37
26 37
25 37
24 37
24 36
25 36
26 36
27 36
28 36
28 35
27 35
26 35
25 35
24 35
29 35
29 36
29 37
29 38
29 39
29 40
29 41
23 35
23 36
23 37
23 38
23 39
23 40
23 41
22 36
22 35
22 37
22 38
22 39
0
No
1
317
21 40
22 40
21 39
21 38
21 37
20 37
20 38
20 39
20 40
19 37
19 38
19 39
19 40
Yes
34 41
35 41
36 41
36 40
35 40
34 40
33 41
33 40
32 41
32 40
31 41
31 40
30 41
30 40
30 39
31 39
32 39
33 39
34 39
35 39
36 39
37 39
38 39
39 39
30 38
31 38
32 38
33 38
34 38
35 38
36 38
37 38
38 38
39 38
40 38
41 38
42 38
43 38
44 38
45 38
46 38
47 38
48 38
49 38
30 37
31 37
32 37
33 37
34 37
35 37
36 37
37 37
38 37
39 37
40 37
41 37
42 37
43 37
44 37
45 37
46 37
47 37
48 37
49 37
30 36
31 36
32 36
33 36
34 36
35 36
36 36
37 36
38 36
39 36
40 36
41 36
42 36
43 36
44 36
45 36
46 36
47 36
48 36
49 36
30 35
31 35
32 35
33 35
34 35
35 35
36 35
37 35
38 35
39 35
40 35
41 35
42 35
43 35
44 35
45 35
46 35
47 35
48 35
49 35
43 34
42 34
41 34
40 34
39 34
38 34
36 34
35 34
34 34
33 34
32 34
31 34
31 33
32 33
33 33
41 33
42 33
42 32
41 32
33 32
35 33
1
315
41 48
41 49
41 47
42 47
42 48
42 49
43 49
43 48
43 47
44 47
44 48
44 49
Yes
34 36
34 37
35 37
35 36
36 36
36 37
37 37
37 36
37 35
36 35
35 35
34 35
36 34
35 34
34 34
33 34
33 35
33 36
33 37
33 33
32 33
32 34
32 35
32 36
32 37
31 33
31 34
31 35
31 36
31 37
38 35
38 36
38 37
38 34
39 34
39 35
39 36
39 37
40 34
40 35
40 36
40 37
30 35
30 36
30 37
30 38
31 38
32 38
33 38
34 38
35 38
36 38
37 38
38 38
39 38
40 38
39 39
38 39
37 39
36 39
35 39
34 39
33 39
32 39
31 39
30 39
30 40
31 40
32 40
33 40
34 40
35 40
36 40
36 41
35 41
34 41
33 41
32 41
31 41
30 41
41 38
41 37
41 36
41 35
41 34
41 33
42 33
42 34
42 35
42 36
42 37
42 38
43 34
43 35
43 36
43 37
43 38
44 38
44 37
44 36
44 35
45 35
45 36
45 37
45 38
46 38
46 37
46 36
46 35
47 35
47 36
47 37
47 38
48 38
48 37
48 36
48 35
49 35
49 36
49 37
49 38
42 32
41 32
40 32
40 31
41 31
42 31
42 30
41 30
41 29
40 29
40 28
40 27
41 28
41 27
42 29
0
Yes
1 14
1 15
2 15
2 14
3 14
3 15
0
No
0
No
0
No
0
Yes
49 27
48 27
47 27
46 27
45 27
44 27
43 27
43 28
44 28
45 28
46 28
47 28
48 28
49 28
43 29
44 29
45 29
46 29
47 29
48 29
49 29
43 30
44 30
45 30
46 30
47 30
48 30
49 30
43 31
44 31
45 31
46 31
47 31
48 31
49 31
43 32
44 32
45 32
46 32
47 32
48 32
49 32
43 33
44 33
45 33
46 33
47 33
48 33
49 33
0
No
0
No
0
Yes
45 22
46 22
47 22
48 22
49 22
44 22
44 23
45 23
46 23
47 23
48 23
49 23
49 24
48 24
47 24
46 24
45 24
44 24
43 24
43 23
43 22
43 21
43 20
43 19
43 18
42 18
42 19
42 20
42 21
42 22
42 23
42 24
41 18
41 19
41 20
41 21
41 22
41 23
41 24
40 18
40 19
40 20
40 21
40 22
40 23
40 24
39 18
39 19
39 20
39 21
39 22
39 23
39 24
38 18
38 19
38 20
38 21
38 22
38 23
38 24
37 18
37 19
37 20
37 21
37 22
37 23
37 24
37 25
38 25
39 25
40 25
41 25
42 25
43 25
44 25
45 25
46 25
47 25
48 25
49 25
39 26
40 26
41 26
42 26
43 26
44 26
45 26
46 26
47 26
48 26
0
No
0
No
0
Yes
13 36
13 37
13 38
13 39
12 38
12 37
12 36
11 38
11 37
11 36
10 38
10 37
10 36
9 36
9 35
10 35
11 35
12 35
13 35
14 35
14 36
14 37
14 38
14 39
14 40
14 41
14 34
13 34
12 34
11 34
10 34
9 34
8 34
8 35
8 36
8 37
7 37
7 36
7 35
7 34
6 35
6 36
6 37
6 38
5 35
5 36
5 37
5 38
5 39
5 40
5 41
4 41
4 40
4 39
4 38
4 37
4 36
4 35
3 41
3 40
3 39
3 38
3 37
3 36
3 35
3 34
2 34
2 35
2 36
2 37
2 38
2 39
2 40
2 41
1 41
1 40
1 39
1 38
1 37
1 36
1 35
1 34
0 34
0 35
0 36
0 37
0 38
0 39
0 40
0 41
7 33
8 33
9 33
10 33
11 33
12 33
13 33
14 33
13 32
12 32
11 32
10 32
9 32
8 32
13 31
12 31
11 31
10 31
9 31
8 31
8 30
9 30
10 30
11 30
11 29
10 29
9 29
8 29
11 28
10 28
9 28
8 28
8 27
9 27
15 33
15 34
15 35
15 36
15 37
15 38
15 39
15 40
15 41
15 42
0
No
0
No
0
No
0
Yes
47 1
47 2
46 2
46 3
47 3
48 3
48 2
48 1
49 1
49 2
49 3
47 0
48 0
49 0
49 4
48 4
47 4
46 4
46 5
47 5
48 5
49 5
0
No
0
Yes
48 14
49 14
47 14
46 14
45 14
44 14
43 14
42 14
42 13
43 13
44 13
45 13
46 13
47 13
48 13
49 13
42 12
43 12
44 12
45 12
46 12
47 12
48 12
49 12
42 11
43 11
44 11
45 11
46 11
47 11
48 11
49 11
43 10
44 10
45 10
46 10
47 10
48 10
49 10
43 9
44 9
45 9
46 9
47 9
48 9
49 9
43 8
44 8
45 8
46 8
47 8
48 8
49 8
43 7
44 7
45 7
46 7
0
Yes
16 42
16 41
16 40
16 39
16 38
17 38
17 39
17 40
17 41
17 42
17 43
16 37
17 37
16 36
17 36
16 35
17 35
16 34
17 34
18 34
18 35
18 36
18 37
18 38
18 39
18 40
18 41
18 42
18 43
18 44
19 44
19 43
19 42
19 41
19 40
19 39
19 38
19 37
19 36
19 35
19 34
19 33
19 32
20 32
20 33
20 34
20 35
20 36
20 37
20 38
20 39
20 40
20 41
20 42
20 43
21 43
21 42
21 41
21 40
21 39
21 38
21 37
21 36
21 35
21 34
21 33
21 32
22 32
22 33
22 34
22 35
22 36
22 37
22 38
22 39
22 40
22 41
22 42
0
Yes
47 48
47 49
48 49
48 48
49 48
49 49
49 47
48 47
47 47
47 46
48 46
49 46
49 45
48 45
47 45
46 45
46 46
46 47
46 48
46 49
45 49
45 48
45 47
45 46
45 45
44 46
44 45
44 44
45 44
46 44
47 44
48 44
49 44
49 43
48 43
47 43
46 43
45 43
44 43
44 42
45 42
46 42
47 42
48 42
49 42
0
Yes
0 11
1 11
1 10
0 10
0
No
0
Yes
1 41
2 41
3 41
4 41
5 41
5 40
4 40
3 40
2 40
1 40
5 39
4 39
3 39
2 39
1 39
0 41
0 40
0 39
0 38
1 38
2 38
3 38
4 38
5 38
6 38
6 37
5 37
4 37
3 37
2 37
1 37
0 37
7 37
8 37
8 36
7 36
6 36
5 36
4 36
3 36
2 36
1 36
0 36
4 35
5 35
6 35
7 35
8 35
3 35
2 35
1 35
0 35
3 34
2 34
1 34
0 34
7 34
8 34
9 36
9 35
9 34
10 34
10 35
10 36
10 37
10 38
11 38
11 37
11 36
11 35
11 34
7 33
8 33
9 33
10 33
11 33
8 32
9 32
10 32
11 32
8 31
9 31
10 31
11 31
12 31
12 32
12 33
12 34
12 35
12 36
12 37
12 38
13 31
13 32
13 33
13 34
13 35
13 36
13 37
13 38
13 39
14 33
14 34
14 35
14 36
14 37
14 38
14 39
14 40
14 41
15 41
15 40
15 39
15 38
15 37
15 36
15 35
15 34
15 33
0
No
0
Yes
25 43
25 44
24 44
24 43
25 42
24 42
23 44
23 43
23 42
0
Yes
0 19
1 19
2 19
1 18
0 18
1 17
0 17
0
Yes
23 24
22 24
23 23
22 23
23 22
22 22
23 21
22 21
21 23
21 22
21 21
0
Yes
19 15
19 16
18 15
18 16
17 15
17 16
16 15
16 16
15 15
15 16
15 17
16 17
17 17
18 17
19 17
0
Yes
11 28
10 28
9 28
9 27
8 27
8 28
11 29
10 29
9 29
8 29
11 30
10 30
9 30
8 30
7 30
7 29
7 28
7 27
7 26
6 26
6 27
6 28
6 29
6 30
5 26
5 27
5 28
5 29
5 30
7 31
6 31
5 31
7 32
6 32
5 32
6 33
5 33
6 34
5 34
4 34
4 33
4 32
4 31
4 30
4 29
4 28
4 27
4 26
4 25
4 24
3 33
3 32
3 31
3 30
3 29
3 28
3 27
3 26
3 25
3 24
2 33
2 32
2 31
2 30
2 29
2 28
2 27
2 26
2 25
2 24
1 33
1 32
1 31
1 30
1 29
1 28
1 27
1 26
1 25
1 24
0 33
0 32
0 31
0 30
0 29
0 28
0 27
0 26
0 25
0 24
0 23
1 23
0
Yes
3 14
2 14
3 15
2 15
0
Yes
24 38
23 38
23 39
24 39
23 40
24 40
23 41
24 41
25 41
25 40
25 39
25 38
26 41
26 40
26 39
26 38
27 41
27 40
27 39
27 38
28 41
28 40
28 39
28 38
29 41
29 40
29 39
29 38
23 37
24 37
25 37
26 37
27 37
28 37
29 37
23 36
24 36
25 36
26 36
27 36
28 36
29 36
23 35
24 35
25 35
26 35
27 35
28 35
29 35
23 34
24 34
25 34
26 34
27 34
28 34
29 34
23 33
24 33
25 33
26 33
27 33
0
Yes
45 5
45 4
44 4
44 5
43 5
43 6
44 6
45 6
46 6
47 6
48 6
49 6
43 7
44 7
45 7
46 7
47 7
48 7
49 7
43 8
44 8
45 8
46 8
47 8
48 8
49 8
43 9
44 9
45 9
46 9
47 9
48 9
49 9
43 10
44 10
45 10
46 10
47 10
48 10
49 10
49 11
48 11
47 11
46 11
45 11
44 11
43 11
42 11
42 12
43 12
44 12
45 12
46 12
47 12
48 12
49 12
42 13
43 13
44 13
45 13
46 13
47 13
48 13
49 13
42 14
43 14
44 14
45 14
46 14
47 14
48 14
49 14
43 15
44 15
45 15
46 15
47 15
48 15
49 15
44 16
45 16
46 16
47 16
48 16
49 16
44 17
45 17
46 17
47 17
48 17
49 17
44 18
45 18
46 18
47 18
48 18
49 18
44 19
45 19
46 19
47 19
48 19
49 19
44 20
45 20
46 20
47 20
48 20
49 20
44 21
45 21
46 21
47 21
48 21
49 21
0
Yes
33 38
34 38
35 38
36 38
37 38
37 37
36 37
35 37
34 37
33 37
33 36
34 36
35 36
36 36
37 36
37 35
36 35
35 35
34 35
33 35
36 34
35 34
34 34
33 34
33 33
32 33
32 34
32 35
32 36
32 37
32 38
31 38
31 37
31 36
31 35
31 34
31 33
30 34
30 35
30 36
30 37
30 38
30 33
31 32
30 32
30 39
31 39
32 39
33 39
34 39
35 39
36 39
37 39
36 40
35 40
34 40
33 40
32 40
31 40
30 40
30 41
31 41
32 41
33 41
34 41
35 41
36 41
0
No
0
No
0
Yes
19 44
18 44
18 43
19 43
17 43
20 43
21 43
21 42
20 42
19 42
18 42
17 42
16 42
22 42
22 41
21 41
20 41
19 41
18 41
17 41
16 41
16 40
17 40
18 40
19 40
20 40
21 40
22 40
22 39
21 39
20 39
19 39
18 39
17 39
16 39
16 38
17 38
18 38
19 38
20 38
21 38
22 38
22 37
21 37
20 37
19 37
18 37
17 37
16 37
16 36
17 36
18 36
19 36
20 36
21 36
22 36
0
Yes
40 36
40 37
40 38
41 38
41 37
41 36
42 38
42 37
42 36
42 35
41 35
40 35
39 35
39 36
39 37
39 38
39 39
38 39
38 38
38 37
38 36
38 35
38 34
39 34
40 34
41 34
42 34
43 34
43 35
43 36
43 37
43 38
44 38
44 37
44 36
44 35
44 34
0
Yes
13 0
13 1
13 2
14 2
14 1
14 0
0
No
0
Yes
48 34
48 35
48 36
48 37
48 38
49 38
49 37
49 36
49 35
49 34
47 38
47 37
47 36
47 35
47 34
46 38
46 37
46 36
46 35
46 34
46 33
47 33
48 33
49 33
45 38
45 37
45 36
45 35
45 34
45 33
44 33
0
Yes
49 28
49 29
49 30
49 31
49 32
48 32
48 31
48 30
48 29
48 28
47 32
47 31
47 30
47 29
47 28
46 32
46 31
46 30
46 29
46 28
45 32
45 31
45 30
45 29
45 28
44 32
44 31
44 30
44 29
44 28
44 27
45 27
46 27
47 27
48 27
49 27
49 26
48 26
47 26
46 26
45 26
44 26
44 25
45 25
46 25
47 25
48 25
49 25
49 24
48 24
47 24
46 24
45 24
44 24
44 23
45 23
46 23
47 23
48 23
49 23
49 22
48 22
47 22
46 22
45 22
44 22
43 22
43 23
43 24
43 25
43 26
43 27
43 28
43 29
43 30
43 31
43 32
43 33
42 33
42 32
42 31
42 30
42 29
42 28
42 27
42 26
42 25
42 24
42 23
42 22
41 33
41 32
41 31
41 30
41 29
41 28
41 27
41 26
41 25
41 24
0
Yes
31 2
31 3
31 4
31 5
31 6
30 6
30 5
30 4
30 3
30 2
29 6
29 5
29 4
29 3
29 2
28 6
28 5
28 4
28 3
28 2
27 6
27 5
27 4
27 3
27 2
26 6
26 5
26 4
26 3
26 2
26 1
27 1
28 1
29 1
30 1
31 1
31 0
30 0
29 0
28 0
27 0
26 0
25 6
25 5
25 4
25 3
25 2
25 1
25 0
24 6
24 5
24 4
24 3
24 2
24 1
24 0
23 6
23 5
23 4
23 3
23 2
23 1
23 0
22 0
22 1
22 2
0
Yes
49 0
48 0
47 0
47 1
48 1
49 1
49 2
48 2
47 2
47 3
48 3
49 3
0
No
1
372
27 35
27 36
27 37
27 38
27 39
27 40
27 41
28 41
28 40
28 39
28 38
28 37
28 36
28 35
29 41
29 40
29 39
29 38
29 37
29 36
29 35
29 34
28 34
27 34
29 33
28 33
27 33
26 41
26 40
26 39
26 38
26 37
26 36
26 35
26 34
26 33
25 41
25 40
25 39
25 38
25 37
25 36
25 35
25 34
25 33
24 41
24 40
24 39
24 38
24 37
24 36
24 35
24 34
24 33
23 41
23 40
23 39
23 38
23 37
23 36
23 35
23 34
23 33
22 35
22 34
22 33
Yes
10 14
10 15
9 15
11 15
11 14
11 13
12 13
12 14
12 15
13 14
13 15
12 12
11 12
10 12
9 12
13 12
14 12
14 11
13 11
12 11
11 11
10 11
9 11
15 11
11 10
12 10
13 10
14 10
15 10
10 10
9 10
12 9
13 9
14 9
15 9
14 8
15 8
14 7
15 7
10 9
9 9
10 8
9 8
16 10
16 9
16 8
16 7
17 10
17 9
17 8
17 7
18 9
18 8
18 7
19 7
16 6
17 6
18 6
19 6
16 5
17 5
18 5
19 5
20 5
20 6
20 7
20 8
20 9
8 12
8 11
8 10
8 9
8 8
7 9
7 8
8 15
8 16
9 16
10 16
11 16
12 16
13 16
13 17
14 16
14 17
14 18
15 18
16 18
16 19
17 18
17 19
17 20
16 20
16 21
15 21
15 20
18 20
18 19
18 18
19 18
19 19
20 19
20 18
21 18
21 19
22 19
22 20
21 20
21 21
22 21
23 21
23 22
22 22
21 22
21 23
22 23
23 23
23 24
22 24
7 7
8 7
8 6
7 6
21 9
21 8
21 7
21 6
21 5
22 9
22 8
22 7
22 6
0
Yes
0 34
1 34
2 34
3 34
3 35
2 35
1 35
0 35
0 36
1 36
2 36
3 36
3 37
2 37
1 37
0 37
0 38
1 38
2 38
3 38
3 39
2 39
1 39
0 39
0 40
1 40
2 40
3 40
3 41
2 41
1 41
0 41
4 41
4 40
4 39
4 38
4 37
4 36
4 35
5 41
5 40
0
Yes
28 0
28 1
28 2
28 3
28 4
28 5
28 6
27 6
27 5
27 4
27 3
27 2
27 1
27 0
26 6
26 5
26 4
26 3
26 2
26 1
26 0
25 6
25 5
25 4
25 3
25 2
25 1
25 0
24 6
24 5
24 4
24 3
24 2
24 1
24 0
23 6
23 5
23 4
23 3
23 2
23 1
23 0
22 5
22 4
22 3
22 2
22 1
22 0
21 4
21 3
21 2
21 1
21 0
20 4
20 3
20 2
20 1
20 0
0
Yes
39 26
40 26
40 25
39 25
38 25
37 25
37 24
38 24
39 24
40 24
37 23
38 23
39 23
40 23
41 23
41 22
40 22
39 22
38 22
37 22
37 21
38 21
39 21
40 21
41 21
41 20
40 20
39 20
38 20
37 20
37 19
38 19
39 19
40 19
41 19
37 18
38 18
39 18
40 18
41 18
0
Yes
0 22
0 23
0 24
0 25
1 25
1 24
1 23
1 22
2 22
2 23
2 24
2 25
3 25
3 24
3 23
3 22
3 21
2 21
1 21
0 21
4 24
4 25
4 23
4 22
4 21
4 26
3 26
2 26
1 26
0 26
0 27
1 27
2 27
3 27
4 27
0
Yes
30 20
31 20
29 20
29 19
28 19
28 20
28 21
29 21
30 21
31 21
32 21
32 22
31 22
30 22
29 22
28 22
31 23
30 23
29 23
28 23
31 24
30 24
29 24
28 24
29 25
28 25
28 26
28 27
27 27
27 26
27 25
27 24
27 23
27 22
27 21
27 20
27 19
27 18
26 18
26 19
26 20
26 21
26 22
26 23
26 24
26 25
26 26
26 27
25 19
25 20
25 21
25 22
25 23
25 24
25 25
25 26
25 27
24 20
24 21
24 22
24 23
24 24
24 25
24 26
0
Yes
9 35
9 36
8 36
8 35
8 37
7 37
7 36
7 35
7 34
8 34
9 34
9 33
8 33
7 33
7 32
8 32
9 32
9 31
8 31
7 31
7 30
8 30
9 30
9 29
8 29
7 29
7 28
8 28
9 28
6 28
6 29
6 30
6 31
6 32
6 33
6 34
6 35
6 36
6 37
6 38
5 38
5 37
5 36
5 35
5 34
5 33
5 32
5 31
5 30
5 29
5 28
4 28
4 29
4 30
4 31
4 32
4 33
4 34
4 35
4 36
4 37
4 38
3 28
3 29
3 30
3 31
3 32
3 33
3 34
3 35
3 36
3 37
3 38
2 28
2 29
2 30
2 31
2 32
2 33
2 34
2 35
2 36
2 37
2 38
1 28
1 29
1 30
1 31
1 32
1 33
1 34
1 35
1 36
1 37
1 38
0 28
0 29
0 30
0 31
0 32
0 33
0 34
0 35
0 36
0 37
0 38
5 39
4 39
3 39
2 39
1 39
0 39
5 40
4 40
3 40
2 40
1 40
0 40
5 41
4 41
3 41
2 41
1 41
0 41
9 27
8 27
7 27
6 27
5 27
5 26
6 26
7 26
10 28
10 29
10 30
10 31
10 32
10 33
10 34
10 35
10 36
11 28
11 29
11 30
11 31
11 32
11 33
0
Yes
32 6
31 6
30 6
29 6
29 5
30 5
31 5
32 5
33 5
33 4
32 4
31 4
30 4
29 4
29 3
30 3
31 3
0
Yes
46 47
47 47
48 47
49 47
49 46
48 46
47 46
46 46
46 45
47 45
48 45
49 45
49 44
48 44
47 44
46 44
46 43
47 43
48 43
49 43
49 42
48 42
47 42
46 42
45 42
45 43
45 44
45 45
45 46
45 47
44 42
44 43
44 44
44 45
44 46
44 47
43 42
43 43
43 44
43 45
43 46
43 47
43 48
44 48
45 48
46 48
47 48
48 48
49 48
49 49
48 49
47 49
46 49
45 49
44 49
43 49
0
Yes
40 22
40 23
40 24
40 25
40 26
39 26
39 25
39 24
39 23
39 22
38 25
38 24
38 23
38 22
38 21
39 21
40 21
37 25
37 24
37 23
37 22
0
Yes
11 36
11 35
11 34
12 34
12 35
12 36
12 37
11 37
11 38
12 38
13 38
13 37
13 36
13 35
13 34
13 39
14 39
14 38
14 37
14 36
14 35
14 34
15 34
15 35
15 36
15 37
15 38
15 39
16 39
16 38
16 37
16 36
16 35
16 34
0
Yes
0 17
1 17
1 18
0 18
0 19
1 19
0 20
0
Yes
47 33
47 34
47 35
47 36
48 33
48 34
48 35
48 36
49 33
49 34
49 35
49 36
46 33
46 34
46 35
46 36
0
No
0
No
0
Yes
29 41
30 41
31 41
32 41
33 41
34 41
35 41
28 41
27 41
26 41
26 40
27 40
28 40
29 40
30 40
31 40
32 40
33 40
34 40
35 40
35 39
34 39
33 39
32 39
31 39
30 39
29 39
28 39
27 39
26 39
26 38
27 38
28 38
29 38
30 38
31 38
32 38
33 38
34 38
35 38
35 37
34 37
33 37
32 37
31 37
30 37
29 37
28 37
27 37
26 37
26 36
27 36
28 36
29 36
30 36
31 36
32 36
33 36
34 36
35 36
35 35
34 35
33 35
32 35
31 35
30 35
29 35
28 35
27 35
26 35
34 34
35 34
33 34
32 34
31 34
30 34
29 34
28 34
27 34
26 34
33 33
32 33
31 33
30 33
29 33
28 33
27 33
26 33
31 32
30 32
29 32
28 32
27 32
26 32
36 34
36 35
36 36
36 37
36 38
36 39
36 40
36 41
37 39
37 38
37 37
37 36
37 35
0
No
0
Yes
15 42
16 42
17 42
17 43
18 43
18 42
18 44
19 44
19 43
19 42
20 43
20 42
21 43
21 42
22 42
22 41
21 41
20 41
19 41
18 41
17 41
16 41
15 41
14 41
14 40
15 40
16 40
17 40
18 40
19 40
20 40
21 40
22 40
17 39
18 39
19 39
20 39
21 39
22 39
17 38
18 38
19 38
20 38
21 38
22 38
23 41
23 40
23 39
23 38
24 41
24 40
24 39
24 38
25 41
25 40
25 39
25 38
25 37
24 37
23 37
22 37
21 37
20 37
19 37
18 37
17 37
17 36
18 36
19 36
20 36
21 36
22 36
23 36
24 36
25 36
25 35
24 35
23 35
22 35
21 35
20 35
19 35
18 35
17 35
17 34
18 34
19 34
20 34
21 34
22 34
23 34
24 34
25 34
25 33
24 33
23 33
22 33
21 33
20 33
19 33
19 32
20 32
21 32
22 32
23 32
24 32
25 32
23 31
24 31
25 31
26 31
27 31
28 31
29 31
30 31
30 30
29 30
28 30
27 30
26 30
25 30
24 30
23 30
27 29
26 29
25 29
24 29
23 29
0
No
0
Yes
44 24
44 25
44 26
44 27
44 28
44 29
44 30
44 31
45 31
45 30
45 29
45 28
45 27
45 26
45 25
45 24
46 24
46 25
46 26
46 27
46 28
46 29
46 30
46 31
47 31
47 30
47 29
47 28
47 27
47 26
47 25
47 24
48 24
48 25
48 26
48 27
48 28
48 29
48 30
48 31
49 31
49 30
49 29
49 28
49 27
49 26
49 25
49 24
49 23
48 23
47 23
46 23
45 23
44 23
44 22
45 22
46 22
47 22
48 22
49 22
43 22
43 23
43 24
43 25
43 26
43 27
43 28
43 29
43 30
43 31
42 31
42 30
42 29
42 28
42 27
42 26
42 25
42 24
42 23
42 22
41 22
41 23
41 24
41 25
41 26
41 27
41 28
41 29
41 30
41 31
49 32
48 32
0
No
0
No
0
No
0
No
0
No
0
Yes
30 49
31 49
31 48
30 48
30 47
31 47
31 46
30 46
29 46
29 47
29 48
29 49
28 49
28 48
28 47
28 46
27 46
27 47
27 48
27 49
26 49
26 48
26 47
26 46
25 46
25 47
25 48
25 49
24 48
24 49
25 45
26 45
27 45
28 45
29 45
30 45
31 45
26 44
27 44
28 44
29 44
30 44
31 44
0
Yes
43 49
44 49
45 49
46 49
47 49
48 49
49 49
49 48
48 48
47 48
46 48
45 48
44 48
43 48
43 47
44 47
45 47
46 47
47 47
48 47
49 47
49 46
48 46
47 46
46 46
45 46
44 46
43 46
43 45
44 45
45 45
46 45
47 45
48 45
49 45
49 44
48 44
47 44
46 44
45 44
44 44
43 44
43 43
44 43
45 43
46 43
47 43
48 43
49 43
42 43
42 44
42 45
42 46
42 47
42 48
42 49
41 49
41 48
41 47
41 46
41 45
41 44
41 43
40 43
40 44
40 45
40 46
40 47
40 48
40 49
40 42
41 42
42 42
43 42
44 42
45 42
46 42
47 42
48 42
49 42
49 41
48 41
47 41
46 41
45 41
44 41
0
Yes
39 46
39 47
39 48
39 49
39 45
38 45
38 46
38 47
38 48
38 49
37 49
37 48
37 47
37 46
37 45
36 45
36 46
36 47
36 48
36 49
35 49
35 48
35 47
35 46
35 45
34 45
34 46
34 47
34 48
34 49
33 49
33 48
33 47
33 46
33 45
32 45
32 46
32 47
32 48
32 49
32 44
33 44
34 44
35 44
36 44
37 44
38 44
39 44
39 43
38 43
37 43
36 43
35 43
34 43
33 43
32 43
32 42
33 42
34 42
35 42
36 42
37 42
38 42
39 42
37 41
38 41
39 41
37 40
38 40
0
Yes
38 37
38 38
38 39
39 39
39 38
39 37
39 40
40 40
40 39
40 38
40 37
40 41
41 41
41 40
41 39
41 38
41 37
42 41
42 40
42 39
42 38
42 37
38 36
39 36
40 36
41 36
42 36
38 35
39 35
40 35
41 35
42 35
38 34
39 34
40 34
41 34
0
No
0
Yes
45 39
45 40
46 40
46 39
47 40
47 39
48 40
48 39
49 40
49 39
44 40
44 39
43 40
43 39
43 38
44 38
45 38
46 38
47 38
48 38
49 38
49 37
48 37
47 37
46 37
45 37
0
No
0
No
0
No
1
384
49 4
49 5
48 5
48 4
47 5
47 4
47 3
48 3
49 3
49 2
48 2
47 2
47 1
48 1
49 1
47 0
48 0
49 0
46 2
46 3
46 4
Yes
42 21
43 21
43 20
42 20
43 19
42 19
41 21
41 20
41 19
40 19
40 20
40 21
40 22
40 23
40 24
40 25
39 25
39 24
39 23
39 22
39 21
39 20
39 19
38 25
38 24
38 23
38 22
38 21
38 20
38 19
37 25
37 24
37 23
37 22
37 21
37 20
37 19
37 18
38 18
39 18
40 18
41 18
42 18
43 18
39 26
0
No
0
No
0
Yes
14 0
14 1
14 2
13 2
13 1
0
Yes
40 11
41 11
41 12
40 12
41 13
40 13
41 14
40 14
39 14
39 13
39 12
39 11
38 14
38 13
38 12
38 11
37 14
37 13
37 12
37 11
36 14
36 13
36 12
36 11
35 13
35 12
35 11
35 10
36 10
37 10
38 10
39 10
40 10
41 10
35 9
36 9
37 9
38 9
39 9
40 9
41 9
35 8
36 8
37 8
38 8
39 8
40 8
41 8
36 7
37 7
38 7
39 7
1
355
15 15
15 16
15 17
16 17
16 16
16 15
17 15
17 16
17 17
Yes
20 32
19 32
19 33
20 33
21 32
21 33
22 32
22 33
22 34
21 34
20 34
19 34
18 34
17 34
17 35
18 35
19 35
20 35
21 35
22 35
17 36
18 36
19 36
20 36
21 36
22 36
17 37
18 37
19 37
20 37
21 37
22 37
17 38
18 38
19 38
20 38
21 38
22 38
17 39
18 39
19 39
20 39
21 39
22 39
17 33
17 32
16 32
16 33
15 32
15 33
22 40
21 40
20 40
19 40
18 40
17 40
16 40
15 40
15 41
16 41
17 41
18 41
19 41
20 41
21 41
22 41
15 42
16 42
17 42
18 42
19 42
20 42
21 42
22 42
21 43
20 43
19 43
18 43
17 43
18 44
19 44
23 42
23 41
23 40
23 39
23 38
23 37
23 36
23 35
23 34
23 33
23 32
23 31
23 30
23 43
23 44
14 41
14 40
14 33
13 33
12 33
12 32
13 32
13 31
12 31
24 44
24 43
24 42
24 41
24 40
24 39
24 38
24 37
24 36
24 35
24 34
24 33
24 32
24 31
24 30
25 44
25 43
25 42
25 41
25 40
25 39
25 38
25 37
25 36
25 35
25 34
25 33
25 32
25 31
25 30
0
No
0
Yes
41 20
42 20
43 20
43 19
42 19
41 19
43 18
42 18
41 18
43 17
42 17
41 17
43 16
42 16
41 16
40 16
40 17
40 18
40 19
40 20
39 20
39 19
39 18
39 17
39 16
38 16
38 17
38 18
38 19
38 20
37 18
37 19
37 20
39 15
40 15
41 15
42 15
43 21
42 21
41 21
40 21
39 21
38 21
0
No
0
No
0
Yes
19 0
19 1
19 2
18 2
18 1
18 0
17 0
17 1
17 2
0
No
0
Yes
30 2
31 2
31 3
30 3
29 3
29 2
29 1
30 1
31 1
32 1
32 0
31 0
30 0
29 0
29 4
30 4
31 4
32 4
29 5
30 5
31 5
32 5
32 6
31 6
30 6
0
No
0
Yes
7 6
8 6
8 7
7 7
7 8
8 8
7 9
8 9
8 10
9 8
9 9
9 10
10 8
10 9
10 10
11 10
12 10
12 9
13 9
13 10
8 11
9 11
10 11
11 11
12 11
13 11
8 12
9 12
10 12
11 12
12 12
13 12
14 12
14 11
14 10
14 9
15 11
15 10
1
423
42 15
42 16
43 16
43 17
42 17
43 18
42 18
43 19
42 19
43 20
42 20
43 21
42 21
41 21
41 20
41 19
41 18
41 17
41 16
41 15
40 15
40 16
40 17
40 18
40 19
40 20
40 21
39 15
39 16
39 17
39 18
39 19
39 20
39 21
38 16
38 17
38 18
38 19
Yes
14 7
14 8
15 7
15 8
15 9
14 9
13 9
12 9
12 10
13 10
14 10
15 10
15 11
14 11
13 11
12 11
14 12
13 12
12 12
12 13
11 13
11 12
11 11
11 10
10 12
10 11
10 10
10 9
10 8
9 8
9 9
9 10
9 11
9 12
8 12
8 11
8 10
8 9
8 8
7 9
7 8
7 7
8 7
16 10
16 9
16 8
16 7
17 10
17 9
17 8
17 7
18 9
18 8
18 7
11 14
12 14
13 14
10 14
13 15
12 15
11 15
10 15
10 16
11 16
12 16
13 16
13 17
14 16
14 17
14 18
15 18
16 18
17 18
9 16
9 15
8 15
8 16
18 18
18 17
18 16
18 15
19 15
19 16
19 17
19 18
20 17
20 18
21 18
8 6
7 6
20 19
19 19
18 19
17 19
16 19
21 19
22 19
18 20
17 20
16 20
16 21
15 21
15 20
22 20
21 20
21 21
22 21
23 21
23 22
22 22
21 22
21 23
22 23
23 23
23 24
22 24
23 25
22 25
21 25
21 26
22 26
23 26
22 27
23 27
24 27
22 28
23 28
24 28
23 29
24 29
25 29
25 28
14 20
0
Yes
49 40
48 40
47 40
46 40
45 40
44 40
43 40
43 39
44 39
45 39
46 39
47 39
48 39
49 39
43 38
44 38
45 38
46 38
47 38
48 38
49 38
49 37
48 37
47 37
46 37
45 37
0
No
0
Yes
46 8
46 9
46 10
46 11
46 12
46 13
46 14
46 15
46 16
46 17
46 18
47 18
47 17
47 16
47 15
47 14
47 13
47 12
47 11
47 10
47 9
47 8
48 8
48 9
48 10
48 11
48 12
48 13
48 14
48 15
48 16
48 17
48 18
49 18
49 17
49 16
49 15
49 14
49 13
49 12
49 11
49 10
49 9
49 8
49 7
48 7
47 7
46 7
46 6
47 6
48 6
49 6
49 5
48 5
47 5
46 5
46 4
47 4
48 4
49 4
49 3
48 3
47 3
46 3
45 3
45 4
45 5
45 6
45 7
45 8
45 9
45 10
45 11
45 12
45 13
45 14
45 15
45 16
45 17
45 18
44 4
44 5
44 6
44 7
44 8
44 9
44 10
44 11
44 12
44 13
44 14
44 15
44 16
44 17
44 18
43 15
43 14
43 13
43 12
43 11
43 10
43 9
43 8
43 7
43 6
43 5
42 14
42 13
42 12
42 11
42 10
42 9
42 8
42 7
42 6
42 5
41 5
41 6
41 7
40 7
40 6
46 2
47 2
48 2
49 2
47 1
48 1
49 1
47 0
48 0
49 0
44 19
45 19
46 19
47 19
0
Yes
13 32
13 31
12 31
12 32
12 33
13 33
14 33
14 34
13 34
12 34
11 34
11 35
12 35
13 35
14 35
11 36
12 36
13 36
14 36
15 36
15 35
15 34
15 33
15 32
16 32
16 33
16 34
16 35
16 36
17 32
17 33
17 34
17 35
17 36
18 34
18 35
18 36
18 37
17 37
16 37
15 37
14 37
13 37
12 37
11 37
10 37
10 38
11 38
12 38
13 38
14 38
15 38
16 38
17 38
18 38
13 39
14 39
15 39
16 39
17 39
18 39
14 40
15 40
16 40
17 40
18 40
14 41
15 41
16 41
17 41
18 41
15 42
16 42
17 42
18 42
17 43
18 43
18 44
19 44
19 43
19 42
19 41
19 40
19 39
19 38
19 37
19 36
19 35
19 34
19 33
19 32
20 32
20 33
20 34
20 35
20 36
20 37
20 38
20 39
20 40
20 41
20 42
20 43
21 43
21 42
21 41
21 40
0
Yes
8 15
9 15
10 15
10 14
11 14
11 15
11 13
12 13
12 14
12 15
13 14
13 15
12 12
11 12
10 12
9 12
8 12
8 11
9 11
10 11
11 11
12 11
11 10
12 10
10 10
9 10
8 10
12 9
13 9
13 10
13 11
13 12
10 9
9 9
8 9
7 9
10 8
9 8
8 8
7 8
7 7
8 7
8 6
7 6
14 12
14 11
14 10
14 9
15 11
15 10
15 9
8 16
9 16
10 16
11 16
12 16
13 16
13 17
14 16
14 17
14 18
15 18
15 17
15 16
15 15
16 15
16 16
16 17
16 18
16 19
17 15
17 16
17 17
17 18
17 19
17 20
16 20
16 21
15 21
15 20
18 20
18 19
18 18
18 17
18 16
18 15
19 15
19 16
0
Yes
25 30
25 31
25 32
25 33
25 34
24 34
24 33
24 32
24 31
24 30
23 30
23 31
23 32
23 33
23 34
22 32
22 33
22 34
21 32
21 33
21 34
23 29
24 29
25 29
25 28
24 28
23 28
22 28
24 27
23 27
22 27
23 26
22 26
21 26
21 25
22 25
23 25
23 24
22 24
23 23
22 23
21 23
21 22
22 22
23 22
23 21
22 21
21 21
26 28
26 29
26 30
26 31
27 29
27 30
27 31
28 31
28 30
29 30
29 31
30 31
30 30
21 20
22 20
22 19
21 19
21 18
20 19
20 18
20 17
19 17
19 18
19 19
21 35
22 35
23 35
24 35
25 35
25 36
24 36
23 36
22 36
21 36
21 37
22 37
0
No
0
Yes
11 48
10 48
9 48
11 49
10 49
9 49
1
430
9 15
8 15
8 16
9 16
10 16
10 15
10 14
11 16
11 15
11 14
11 13
11 12
10 12
9 12
8 12
8 11
9 11
10 11
11 11
11 10
10 10
9 10
8 10
10 9
9 9
8 9
7 9
10 8
9 8
8 8
7 8
7 7
8 7
8 6
7 6
12 13
12 14
12 15
12 16
12 12
12 11
12 10
12 9
13 14
13 15
13 16
13 17
14 16
14 17
14 18
15 18
15 17
15 16
15 15
16 15
16 16
16 17
16 18
16 19
17 15
17 16
17 17
17 18
17 19
17 20
16 20
16 21
15 21
15 20
18 20
18 19
18 18
18 17
18 16
18 15
19 15
19 16
13 9
13 10
13 11
13 12
14 12
14 11
14 10
Yes
16 35
16 36
16 37
16 38
16 39
16 40
16 41
16 42
15 42
15 41
15 40
15 39
15 38
15 37
15 36
15 35
14 41
14 40
14 39
14 38
14 37
14 36
14 35
13 39
13 38
13 37
13 36
13 35
12 38
12 37
12 36
12 35
12 34
13 34
14 34
15 34
16 34
11 34
11 35
11 36
11 37
11 38
10 38
10 37
14 33
15 33
16 33
13 33
12 33
15 32
16 32
17 32
17 33
17 34
17 35
17 36
17 37
17 38
17 39
17 40
17 41
17 42
0
Yes
18 16
19 16
19 15
18 15
17 15
17 16
16 15
16 16
15 15
15 16
14 16
14 17
15 17
16 17
17 17
18 17
19 17
20 17
14 18
15 18
16 18
17 18
18 18
19 18
20 18
20 19
19 19
18 19
17 19
16 19
18 20
17 20
16 20
0
Yes
18 40
18 41
18 42
18 43
18 39
18 38
18 37
18 36
18 35
18 34
19 34
19 35
19 36
19 37
19 38
19 39
19 40
19 41
19 42
19 43
20 43
20 42
20 41
20 40
20 39
20 38
20 37
20 36
20 35
20 34
21 43
21 42
21 41
21 40
21 39
21 38
21 37
21 36
21 35
21 34
22 42
22 41
22 40
22 39
22 38
22 37
22 36
22 35
22 34
19 33
20 33
21 33
22 33
23 33
23 34
23 35
23 36
23 37
23 38
23 39
23 40
23 41
23 42
23 43
23 44
19 32
20 32
21 32
22 32
23 32
19 44
18 44
23 31
23 30
23 29
24 44
24 43
24 42
24 41
24 40
24 39
24 38
24 37
24 36
24 35
24 34
24 33
24 32
24 31
24 30
24 29
25 44
25 43
25 42
25 41
25 40
25 39
25 38
25 37
25 36
25 35
25 34
25 33
25 32
25 31
25 30
25 29
25 28
24 28
23 28
22 28
24 27
23 27
22 27
26 28
26 29
26 30
26 31
27 29
0
Yes
46 47
46 48
46 49
47 49
47 48
47 47
48 47
48 48
48 49
49 49
49 48
49 47
49 46
48 46
47 46
46 46
46 45
47 45
48 45
49 45
49 44
48 44
47 44
46 44
45 44
45 45
45 46
45 47
45 48
45 49
44 49
44 48
44 47
44 46
44 45
44 44
43 44
43 45
43 46
43 47
43 48
43 49
43 43
44 43
45 43
46 43
47 43
48 43
49 43
49 42
48 42
47 42
46 42
0
No
1
425
4 48
4 49
5 49
5 48
6 48
6 49
7 49
7 48
8 48
8 49
9 48
9 49
8 47
7 47
6 47
5 47
4 47
8 46
7 46
6 46
5 46
4 46
8 45
7 45
6 45
5 45
Yes
10 14
10 15
9 15
11 15
11 14
11 13
12 13
12 14
12 15
13 14
13 15
12 12
11 12
10 12
9 12
13 12
14 12
14 11
13 11
12 11
11 11
10 11
9 11
15 11
11 10
12 10
13 10
14 10
15 10
10 10
9 10
12 9
13 9
14 9
15 9
10 9
9 9
16 10
16 9
17 10
17 9
18 9
10 8
9 8
8 12
8 11
8 10
8 9
8 8
7 9
7 8
13 16
12 16
11 16
10 16
9 16
8 16
8 15
7 7
8 7
8 6
7 6
18 8
17 8
16 8
15 8
14 8
7 15
0
No
0
Yes
1 46
1 47
1 48
2 48
2 47
2 46
3 46
3 47
3 48
0 48
0 47
0 46
3 49
2 49
1 49
0 49
0 45
1 45
2 45
3 45
4 45
0
Yes
17 0
17 1
17 2
16 2
16 3
17 3
16 4
17 4
16 5
17 5
16 6
17 6
16 7
17 7
18 7
18 6
18 5
18 4
18 3
18 2
18 1
18 0
19 0
19 1
19 2
19 3
19 4
19 5
19 6
19 7
0
Yes
0 42
1 42
2 42
3 42
3 43
2 43
1 43
0 43
4 43
4 44
3 44
2 44
1 44
0 44
0 45
1 45
2 45
3 45
4 45
5 45
6 45
7 45
7 46
6 46
5 46
4 46
3 46
2 46
1 46
0 46
0 47
1 47
2 47
3 47
4 47
5 47
6 47
7 47
7 48
6 48
5 48
4 48
3 48
2 48
1 48
0 48
0 49
1 49
2 49
3 49
4 49
5 49
6 49
7 49
8 45
8 46
8 47
0
Yes
35 13
35 12
35 11
35 10
36 10
36 11
36 12
36 13
36 14
37 14
37 13
37 12
37 11
37 10
38 14
38 13
38 12
38 11
38 10
39 14
39 13
39 12
39 11
39 10
40 14
40 13
40 12
40 11
40 10
41 14
41 13
41 12
41 11
41 10
41 9
40 9
39 9
38 9
37 9
36 9
35 9
0
Yes
13 0
14 0
14 1
13 1
13 2
14 2
0
Yes
40 45
40 46
40 47
40 48
40 49
41 49
41 48
41 47
41 46
41 45
42 45
42 46
42 47
42 48
42 49
42 44
41 44
40 44
39 44
39 45
39 46
39 47
39 48
39 49
38 49
38 48
38 47
38 46
38 45
38 44
37 44
37 45
37 46
37 47
37 48
37 49
36 49
36 48
36 47
36 46
36 45
36 44
35 44
35 45
35 46
35 47
35 48
35 49
34 49
34 48
34 47
34 46
34 45
34 44
0
No
0
Yes
0 26
1 26
2 26
3 26
4 26
4 25
3 25
2 25
1 25
0 25
4 27
3 27
2 27
1 27
0 27
4 24
3 24
2 24
0
No
0
Yes
1 17
1 18
0 17
0 18
0 19
1 19
2 19
2 20
1 20
0 20
0 21
1 21
2 21
3 21
3 22
2 22
1 22
0 22
2 23
3 23
1 23
0 23
0
No
0
Yes
21 21
21 22
21 23
21 20
22 20
22 21
22 22
22 23
22 24
22 25
21 25
21 26
22 26
22 19
21 19
23 26
23 25
23 24
23 23
23 22
23 21
24 26
24 25
24 24
24 23
24 22
24 21
24 20
25 20
25 21
25 22
25 23
25 24
25 25
25 26
25 27
25 19
26 27
26 26
26 25
26 24
26 23
26 22
26 21
26 20
26 19
26 18
27 18
27 19
27 20
27 21
27 22
27 23
27 24
27 25
27 26
27 27
28 27
28 26
28 25
28 24
28 23
28 22
28 21
28 20
28 19
29 19
29 20
29 21
29 22
29 23
29 24
29 25
30 24
30 23
30 22
30 21
30 20
31 20
31 21
31 22
31 23
31 24
32 22
32 21
21 18
0
Yes
6 19
7 19
7 20
6 20
7 21
6 21
6 22
0
Yes
2 15
3 15
3 14
2 14
1 14
0
Yes
13 1
13 2
13 0
14 2
14 1
14 0
0
Yes
4 43
4 44
3 44
3 43
3 42
2 42
2 43
2 44
1 42
1 43
1 44
0 42
0 43
0 44
0 45
1 45
2 45
3 45
4 45
5 45
6 45
7 45
8 45
8 46
7 46
6 46
5 46
4 46
3 46
2 46
1 46
0 46
8 47
7 47
6 47
5 47
4 47
3 47
2 47
1 47
0 47
0 48
1 48
2 48
3 48
4 48
5 48
6 48
7 48
8 48
9 48
10 48
11 48
11 49
10 49
9 49
8 49
7 49
6 49
5 49
4 49
3 49
2 49
1 49
0 49
0
Yes
42 49
43 49
44 49
45 49
46 49
47 49
48 49
49 49
49 48
48 48
47 48
46 48
45 48
44 48
43 48
42 48
42 47
43 47
44 47
45 47
46 47
47 47
48 47
49 47
49 46
48 46
47 46
46 46
45 46
44 46
43 46
42 46
42 45
43 45
44 45
45 45
46 45
47 45
48 45
49 45
49 44
48 44
47 44
46 44
45 44
44 44
43 44
42 44
42 43
43 43
44 43
45 43
46 43
47 43
48 43
49 43
42 42
43 42
44 42
45 42
46 42
47 42
0
Yes
32 42
33 42
34 42
35 42
36 42
36 43
35 43
34 43
33 43
32 43
32 44
33 44
34 44
35 44
36 44
32 45
33 45
34 45
35 45
36 45
32 46
33 46
34 46
35 46
36 46
32 47
33 47
34 47
35 47
36 47
32 48
33 48
34 48
35 48
36 48
32 49
33 49
34 49
35 49
36 49
37 49
37 48
37 47
37 46
37 45
37 44
0
Yes
49 47
49 48
49 49
48 49
48 48
48 47
47 47
47 48
47 49
46 49
46 48
46 47
45 47
45 48
45 49
0
Yes
47 31
47 32
48 32
48 31
49 32
49 31
46 32
46 31
46 30
47 30
48 30
49 30
49 29
48 29
47 29
46 29
46 28
47 28
48 28
49 28
49 27
48 27
47 27
46 27
46 26
47 26
48 26
49 26
49 25
48 25
47 25
0
Yes
47 37
48 37
48 38
47 38
47 39
48 39
48 40
47 40
49 37
49 38
49 39
49 40
46 37
46 38
46 39
46 40
45 40
45 39
45 38
45 37
0
Yes
44 47
44 48
44 49
43 49
43 48
43 47
43 46
44 46
45 46
46 46
47 46
48 46
49 46
49 45
48 45
47 45
46 45
45 45
44 45
43 45
43 44
44 44
45 44
46 44
47 44
48 44
49 44
49 43
48 43
47 43
46 43
45 43
44 43
43 43
43 42
44 42
45 42
46 42
47 42
48 42
49 42
42 42
42 43
42 44
42 45
42 46
42 47
42 48
42 49
41 42
41 43
41 44
41 45
41 46
41 47
41 48
41 49
40 42
40 43
40 44
40 45
40 46
40 47
40 48
40 49
39 49
39 48
39 47
39 46
39 45
39 44
39 43
39 42
38 44
38 45
38 46
38 47
38 48
38 49
38 43
38 42
37 43
37 42
39 41
38 41
37 41
37 40
38 40
49 41
48 41
47 41
46 41
45 41
44 41
0
Yes
18 34
18 35
18 36
18 37
18 38
18 39
19 39
19 38
19 37
19 36
19 35
19 34
19 33
19 32
20 32
20 33
20 34
20 35
20 36
20 37
20 38
20 39
21 32
21 33
21 34
21 35
21 36
21 37
21 38
21 39
22 32
22 33
22 34
22 35
22 36
22 37
22 38
22 39
23 39
23 38
23 37
23 36
23 35
23 34
23 33
23 32
24 32
24 33
24 34
24 35
24 36
24 37
24 38
24 39
18 40
19 40
20 40
21 40
22 40
0
Yes
28 46
28 47
28 48
29 48
29 47
29 46
30 46
30 47
30 48
27 48
27 47
27 46
26 46
26 47
26 48
25 47
25 46
25 48
25 49
26 49
27 49
28 49
29 49
30 49
0
No
0
Yes
7 6
8 6
8 7
7 7
7 8
8 8
7 9
8 9
8 10
9 8
9 9
9 10
10 8
10 9
10 10
11 10
8 11
9 11
10 11
11 11
8 12
9 12
10 12
11 12
11 13
12 13
12 12
12 11
12 10
12 9
13 9
13 10
13 11
13 12
14 12
14 11
14 10
14 9
15 11
15 10
15 9
16 10
16 9
17 10
17 9
18 9
18 8
17 8
16 8
15 8
14 8
14 7
15 7
0
No
0
Yes
22 6
22 7
22 8
22 9
21 9
21 8
21 7
21 6
21 5
20 9
20 8
20 7
20 6
20 5
19 7
19 6
19 5
0
Yes
37 14
36 14
38 14
39 14
40 14
41 14
41 13
40 13
39 13
38 13
37 13
36 13
41 12
40 12
39 12
38 12
37 12
36 12
41 11
40 11
39 11
38 11
37 11
36 11
41 10
40 10
39 10
38 10
37 10
36 10
41 9
40 9
39 9
38 9
37 9
0
Yes
8 7
8 6
8 8
9 8
10 8
7 6
7 7
7 8
7 9
8 9
9 9
10 9
8 10
9 10
10 10
11 10
8 11
9 11
10 11
11 11
8 12
9 12
10 12
11 12
11 13
12 13
12 12
12 11
12 10
12 9
13 9
13 10
13 11
13 12
14 12
14 11
14 10
14 9
14 8
14 7
15 11
15 10
15 9
15 8
15 7
16 10
16 9
16 8
16 7
17 10
17 9
17 8
17 7
18 9
18 8
0
Yes
0 38
0 39
0 40
0 41
1 41
1 40
1 39
1 38
2 41
2 40
2 39
2 38
3 41
3 40
3 39
3 38
4 41
4 40
4 39
4 38
5 41
5 40
5 39
5 38
6 38
6 37
5 37
4 37
3 37
2 37
1 37
0 37
0 36
1 36
2 36
3 36
4 36
5 36
6 36
6 35
5 35
4 35
3 35
2 35
1 35
0 35
0 34
1 34
2 34
3 34
4 34
5 34
6 34
6 33
5 33
4 33
3 33
2 33
1 33
0 33
0 32
1 32
2 32
3 32
4 32
5 32
6 32
6 31
5 31
4 31
3 31
2 31
0
Yes
39 38
38 38
38 39
39 39
39 40
38 37
39 37
38 36
39 36
38 35
39 35
38 34
39 34
40 34
40 35
40 36
40 37
40 38
40 39
40 40
40 41
41 41
41 40
41 39
41 38
41 37
41 36
41 35
41 34
42 41
42 40
42 39
42 38
42 37
42 36
42 35
42 34
43 41
43 40
43 39
43 38
43 37
43 36
43 35
0
Yes
39 7
39 8
39 6
38 6
38 7
38 8
37 6
37 7
37 8
0
Yes
18 2
19 2
19 3
18 3
19 4
18 4
19 1
18 1
17 1
17 2
17 3
17 4
16 2
16 3
16 4
17 0
18 0
19 0
16 5
17 5
18 5
19 5
0
Yes
4 30
5 30
6 30
3 30
2 30
1 30
1 31
0 31
0 30
7 30
7 31
7 32
7 33
7 34
7 35
7 36
7 37
8 37
8 36
8 35
8 34
8 33
8 32
8 31
8 30
9 36
9 35
9 34
9 33
9 32
9 31
9 30
10 30
10 31
10 32
10 33
10 34
10 35
10 36
10 37
10 38
11 38
11 37
11 36
11 35
11 34
11 33
11 32
11 31
11 30
11 29
10 29
9 29
8 29
7 29
6 29
5 29
4 29
3 29
2 29
1 29
0 29
11 28
10 28
9 28
8 28
7 28
6 28
5 28
4 28
3 28
2 28
1 28
0 28
9 27
8 27
7 27
6 27
5 27
5 26
6 26
7 26
12 31
12 32
12 33
12 34
12 35
12 36
12 37
12 38
13 31
13 32
13 33
13 34
13 35
0
No
0
No
0
No
0
Yes
17 43
18 43
18 44
19 44
19 43
20 43
20 42
19 42
18 42
17 42
16 42
15 42
15 41
16 41
17 41
18 41
19 41
20 41
14 41
14 40
15 40
16 40
17 40
18 40
19 40
20 40
20 39
19 39
18 39
17 39
16 39
15 39
14 39
14 38
15 38
16 38
17 38
18 38
19 38
20 38
20 37
19 37
18 37
17 37
16 37
15 37
14 37
14 36
15 36
16 36
17 36
18 36
19 36
20 36
13 36
13 37
13 38
13 39
21 43
21 42
21 41
21 40
21 39
21 38
21 37
21 36
22 42
22 41
22 40
22 39
22 38
22 37
22 36
14 35
15 35
16 35
17 35
18 35
19 35
20 35
21 35
22 35
18 34
19 34
20 34
21 34
22 34
17 34
16 34
15 34
14 34
14 33
15 33
16 33
17 33
17 32
16 32
15 32
0
Yes
28 30
29 30
30 30
30 31
29 31
28 31
0
Yes
12 38
11 38
10 38
10 37
11 37
12 37
12 36
11 36
10 36
1
468
10 35
11 35
12 35
13 35
13 34
12 34
11 34
10 34
13 33
12 33
11 33
10 33
13 32
12 32
11 32
10 32
13 31
12 31
11 31
10 31
9 31
9 32
9 33
9 34
9 35
8 35
8 34
8 33
8 32
8 31
7 31
7 32
7 33
7 34
7 35
Yes
10 12
11 12
11 13
12 13
12 12
13 12
14 12
14 11
13 11
12 11
11 11
10 11
15 11
11 10
12 10
13 10
14 10
15 10
10 10
12 9
13 9
14 9
15 9
14 8
15 8
10 9
10 8
16 10
16 9
16 8
17 10
17 9
17 8
18 9
18 8
12 14
11 14
10 14
13 14
13 15
12 15
11 15
10 15
13 16
12 16
11 16
10 16
14 7
15 7
16 7
17 7
18 7
16 6
17 6
18 6
19 6
19 7
9 16
9 15
8 15
8 16
9 8
9 9
9 10
9 11
9 12
8 12
8 11
8 10
8 9
8 8
7 9
7 8
7 7
8 7
8 6
7 6
20 7
13 17
7 15
20 6
0
Yes
41 22
41 23
41 24
41 25
41 26
41 27
40 27
40 26
40 25
40 24
40 23
40 22
39 26
39 25
39 24
39 23
39 22
38 25
38 24
38 23
38 22
37 25
37 24
37 23
37 22
36 22
40 28
41 28
40 29
41 29
42 29
42 28
42 27
42 26
42 25
42 24
42 23
42 22
43 22
43 23
43 24
43 25
43 26
43 27
43 28
43 29
44 29
44 28
44 27
44 26
44 25
44 24
44 23
44 22
45 26
45 27
45 28
45 29
45 25
45 24
45 23
45 22
46 25
46 24
46 23
46 22
47 24
47 23
47 22
48 24
48 23
48 22
49 24
49 23
49 22
49 21
48 21
47 21
46 21
45 21
44 21
43 21
42 21
41 21
40 21
39 21
38 21
37 21
36 21
44 20
45 20
46 20
47 20
48 20
49 20
43 20
42 20
41 20
40 20
39 20
38 20
37 20
36 20
48 19
49 19
36 19
37 19
38 19
39 19
40 19
41 19
42 19
43 19
0
Yes
25 49
26 49
27 49
28 49
29 49
30 49
31 49
31 48
30 48
29 48
28 48
27 48
26 48
25 48
25 47
26 47
27 47
28 47
29 47
30 47
31 47
31 46
30 46
29 46
28 46
27 46
26 46
25 46
25 45
26 45
27 45
28 45
29 45
30 45
31 45
24 48
24 49
31 44
30 44
29 44
28 44
27 44
26 44
25 44
24 44
23 44
23 43
24 43
25 43
0
Yes
19 15
19 16
18 15
18 16
17 15
17 16
17 17
18 17
19 17
20 17
20 18
19 18
18 18
17 18
20 19
19 19
18 19
17 19
0
Yes
38 34
39 34
40 34
40 35
39 35
38 35
37 35
37 36
38 36
39 36
40 36
40 37
39 37
38 37
37 37
37 38
38 38
39 38
40 38
38 39
37 39
39 39
40 39
39 40
40 40
41 40
41 39
41 38
41 37
41 36
41 35
41 34
41 33
42 33
42 34
42 35
42 36
42 37
42 38
42 39
42 40
43 40
43 39
43 38
43 37
43 36
43 35
43 34
43 33
44 40
44 39
44 38
44 37
44 36
44 35
44 34
44 33
44 32
43 32
42 32
41 32
40 32
40 31
41 31
42 31
43 31
44 31
41 30
42 30
43 30
44 30
36 39
36 38
36 37
36 36
36 35
36 34
36 40
36 41
45 30
45 31
45 32
45 33
45 34
45 35
45 36
43 41
42 41
41 41
40 41
35 41
35 40
35 39
35 38
35 37
35 36
35 35
35 34
34 34
34 35
34 36
34 37
0
Yes
6 21
6 22
7 21
7 20
6 20
6 19
7 19
0
Yes
28 0
28 1
28 2
28 3
28 4
28 5
27 5
27 4
27 3
27 2
27 1
27 0
26 0
26 1
26 2
26 3
26 4
26 5
25 5
25 4
25 3
25 2
25 1
25 0
24 0
24 1
24 2
24 3
24 4
24 5
28 6
27 6
26 6
25 6
24 6
23 6
23 5
23 4
23 3
23 2
23 1
23 0
22 0
22 1
22 2
22 3
22 4
22 5
22 6
0
Yes
0 28
0 29
0 30
0 31
1 31
1 30
1 29
1 28
2 28
2 29
2 30
3 30
3 29
3 28
4 28
4 29
4 30
0
Yes
39 13
40 13
41 13
41 12
40 12
39 12
41 11
40 11
39 11
41 10
40 10
39 10
38 10
38 11
38 12
38 13
37 13
37 12
37 11
37 10
36 10
36 11
36 12
36 13
35 13
35 12
35 11
35 10
36 14
37 14
38 14
39 14
40 14
41 14
35 9
36 9
37 9
38 9
39 9
0
Yes
36 8
36 7
37 8
37 7
37 6
38 6
38 7
38 8
39 6
39 7
39 8
0
Yes
33 33
33 34
33 35
33 36
33 37
32 33
32 34
32 35
32 36
32 37
31 37
31 36
31 35
31 34
31 33
31 32
30 32
30 33
30 34
30 35
30 36
30 37
30 31
29 31
29 32
29 33
29 34
29 35
29 36
29 37
28 37
28 36
28 35
28 34
28 33
28 32
28 31
27 31
27 32
27 33
27 34
27 35
27 36
27 37
26 37
26 36
26 35
26 34
26 33
26 32
26 31
25 31
25 32
25 33
25 34
25 35
25 36
25 37
24 37
24 36
24 35
24 34
24 33
24 32
24 31
23 31
23 32
23 33
23 34
23 35
23 36
23 37
22 33
22 32
30 30
29 30
28 30
27 30
26 30
25 30
24 30
23 30
27 29
26 29
25 29
24 29
23 29
26 28
25 28
24 28
23 28
22 28
22 27
23 27
24 27
21 32
21 33
0
No
0
No
0
Yes
0 41
1 41
2 41
3 41
3 40
2 40
1 40
0 40
0 39
1 39
2 39
3 39
3 38
2 38
1 38
0 38
4 41
4 40
4 39
4 38
5 41
5 40
5 39
5 38
0
Yes
12 38
12 37
12 36
11 38
11 37
11 36
10 38
10 37
10 36
9 36
9 35
10 35
11 35
12 35
13 35
13 34
12 34
11 34
10 34
9 34
13 33
12 33
11 33
10 33
9 33
13 32
12 32
11 32
10 32
9 32
13 31
12 31
11 31
10 31
9 31
11 30
10 30
9 30
11 29
10 29
9 29
11 28
10 28
9 28
9 27
8 27
8 28
8 29
8 30
8 31
8 32
8 33
8 34
8 35
8 36
8 37
7 37
7 36
7 35
7 34
7 33
7 32
7 31
7 30
7 29
7 28
7 27
7 26
6 26
6 27
6 28
6 29
6 30
6 31
6 32
6 33
6 34
6 35
6 36
6 37
5 26
5 27
5 28
5 29
5 30
5 31
5 32
5 33
5 34
5 35
0
No
0
No
0
Yes
4 20
5 20
5 21
4 21
4 22
5 22
5 23
4 23
0
Yes
10 35
10 36
10 37
10 38
11 38
11 37
11 36
11 35
12 38
12 37
12 36
12 35
13 35
13 34
12 34
11 34
10 34
13 33
12 33
11 33
10 33
13 32
12 32
11 32
10 32
9 36
9 35
9 34
9 33
9 32
8 32
8 33
8 34
8 35
8 36
8 37
13 31
12 31
11 31
10 31
9 31
8 31
11 30
10 30
9 30
8 30
11 29
10 29
9 29
8 29
11 28
10 28
9 28
8 28
9 27
8 27
7 37
7 36
7 35
7 34
7 33
7 32
7 31
7 30
7 29
7 28
7 27
7 26
6 26
6 27
6 28
6 29
6 30
6 31
6 32
6 33
6 34
6 35
6 36
6 37
5 26
5 27
5 28
5 29
5 30
5 31
5 32
5 33
5 34
5 35
5 36
5 37
4 37
4 36
4 35
4 34
4 33
0
Yes
0 10
1 10
1 11
0 11
0
Yes
2 32
2 31
3 31
3 32
3 33
2 33
3 34
2 34
1 32
1 33
1 34
0 32
0 33
0 34
0
No
0
No
0
No
0
Yes
37 12
37 13
37 14
36 14
36 13
36 12
35 13
35 12
38 14
38 13
38 12
39 12
39 13
39 14
39 15
39 16
38 16
38 17
39 17
38 18
39 18
40 18
40 17
40 16
40 15
40 14
40 13
40 12
41 12
41 13
41 14
41 15
41 16
41 17
41 18
41 11
40 11
39 11
38 11
37 11
36 11
35 11
35 10
36 10
37 10
38 10
39 10
40 10
41 10
41 9
40 9
39 9
38 9
37 9
36 9
35 9
35 8
36 8
37 8
38 8
39 8
40 8
41 8
36 7
37 7
38 7
39 7
39 6
38 6
37 6
0
Yes
19 2
20 2
21 2
18 2
21 3
20 3
19 3
18 3
21 4
20 4
19 4
18 4
18 5
19 5
20 5
21 5
0
No
0
No
0
Yes
2 31
2 32
2 33
3 33
3 32
3 31
4 32
4 31
4 30
3 30
2 30
4 29
3 29
2 29
4 28
3 28
2 28
1 28
1 29
1 30
1 31
1 32
1 33
0 28
0 29
0 30
0 31
0 32
0 33
3 34
2 34
0
Yes
42 13
42 14
42 15
42 16
42 17
42 18
43 18
43 17
43 16
43 15
43 14
43 13
42 12
43 12
42 11
43 11
42 10
43 10
42 9
43 9
42 8
43 8
44 8
44 9
44 10
44 11
44 12
44 13
44 14
44 15
44 16
44 17
44 18
45 18
45 17
45 16
45 15
45 14
45 13
45 12
45 11
45 10
45 9
45 8
46 8
46 9
46 10
46 11
46 12
46 13
46 14
46 15
46 16
46 17
46 18
47 18
47 17
47 16
47 15
47 14
47 13
47 12
47 11
47 10
47 9
47 8
48 18
48 17
48 16
48 15
48 14
48 13
48 12
48 11
48 10
48 9
48 8
49 18
49 17
49 16
49 15
49 14
49 13
49 12
49 11
49 10
49 9
49 8
49 7
48 7
47 7
46 7
45 7
44 7
43 7
42 7
41 7
40 7
40 6
41 6
42 6
43 6
44 6
45 6
46 6
47 6
48 6
49 6
41 5
42 5
43 5
44 5
45 5
46 5
47 5
48 5
49 5
44 4
45 4
46 4
47 4
48 4
49 4
0
Yes
31 42
31 43
30 43
30 42
29 43
29 42
28 43
28 42
28 41
29 41
30 41
31 41
32 41
33 41
34 41
34 40
33 40
32 40
31 40
30 40
29 40
28 40
34 39
33 39
32 39
31 39
30 39
29 39
28 39
34 38
33 38
32 38
31 38
30 38
29 38
28 38
33 37
32 37
31 37
30 37
29 37
28 37
33 36
32 36
31 36
30 36
29 36
28 36
33 35
32 35
31 35
30 35
29 35
28 35
33 34
32 34
31 34
30 34
29 34
28 34
33 33
32 33
31 33
30 33
29 33
28 33
31 32
30 32
29 32
0
No
0
Yes
24 35
23 35
23 36
24 36
23 37
24 37
23 38
24 38
23 34
24 34
25 34
25 35
25 36
25 37
25 38
26 38
26 37
26 36
26 35
26 34
27 34
27 35
27 36
27 37
27 38
27 33
26 33
25 33
24 33
23 33
23 32
24 32
25 32
26 32
27 32
28 32
23 31
24 31
25 31
26 31
27 31
28 31
29 31
29 30
28 30
27 30
26 30
25 30
24 30
23 30
27 29
26 29
25 29
24 29
23 29
26 28
25 28
24 28
23 28
22 28
22 27
23 27
24 27
0
Yes
47 48
47 47
48 47
48 48
48 49
47 49
49 47
49 48
49 49
0
Yes
31 22
31 23
31 24
30 24
30 23
30 22
32 22
33 22
34 22
33 21
32 21
31 21
30 21
34 21
31 20
30 20
34 20
34 19
34 18
29 20
29 21
29 22
29 23
29 24
29 25
29 19
28 19
28 20
28 21
28 22
28 23
28 24
28 25
28 26
28 27
35 18
35 19
35 20
35 21
35 22
27 27
27 26
27 25
27 24
27 23
27 22
27 21
27 20
27 19
27 18
26 18
26 19
26 20
26 21
26 22
26 23
26 24
26 25
26 26
26 27
25 27
25 26
25 25
25 24
25 23
25 22
25 21
25 20
25 19
24 20
24 21
24 22
24 23
24 24
24 25
24 26
23 26
23 25
23 24
23 23
23 22
23 21
22 24
22 25
22 26
22 23
22 22
22 21
21 23
21 22
21 21
21 26
21 25
21 20
22 20
22 19
21 19
0
Yes
20 17
20 18
19 18
19 17
18 17
18 18
17 18
17 17
16 17
16 18
15 18
15 17
14 18
14 17
14 16
15 16
16 16
17 16
18 16
19 16
19 15
18 15
17 15
16 15
15 15
0
No
0
Yes
44 15
44 16
44 17
44 18
44 19
45 19
45 18
45 17
45 16
45 15
46 19
46 18
46 17
46 16
46 15
47 19
47 18
47 17
47 16
47 15
48 18
48 17
48 16
48 15
43 18
43 17
43 16
43 15
42 18
42 17
42 16
42 15
42 14
43 14
44 14
45 14
46 14
47 14
48 14
42 13
43 13
44 13
45 13
46 13
47 13
48 13
42 12
43 12
44 12
45 12
46 12
47 12
48 12
42 11
43 11
44 11
45 11
46 11
47 11
48 11
42 10
43 10
44 10
45 10
46 10
47 10
48 10
42 9
43 9
44 9
45 9
46 9
47 9
48 9
42 8
43 8
44 8
45 8
46 8
47 8
48 8
49 18
49 17
49 16
49 15
49 14
49 13
49 12
49 11
49 10
49 9
49 8
49 7
48 7
47 7
46 7
45 7
44 7
43 7
42 7
41 7
40 7
40 6
41 6
42 6
43 6
44 6
45 6
46 6
47 6
48 6
49 6
41 5
42 5
43 5
44 5
45 5
46 5
47 5
48 5
49 5
44 4
45 4
46 4
47 4
48 4
49 4
0
No
0
Yes
17 19
17 20
18 20
18 19
19 19
20 19
20 18
19 18
18 18
17 18
20 17
19 17
18 17
17 17
19 16
18 16
17 16
19 15
18 15
17 15
16 15
16 16
16 17
16 18
16 19
16 20
0
Yes
15 42
16 42
17 42
18 42
19 42
19 41
18 41
17 41
16 41
15 41
15 40
16 40
17 40
18 40
19 40
19 39
18 39
17 39
16 39
15 39
15 38
16 38
17 38
18 38
19 38
19 37
18 37
17 37
16 37
15 37
15 36
16 36
17 36
18 36
19 36
19 35
18 35
17 35
16 35
15 35
18 34
19 34
17 34
16 34
15 34
14 41
14 40
14 39
14 38
14 37
14 36
14 35
14 34
13 36
13 37
13 38
13 39
20 34
20 35
20 36
20 37
20 38
20 39
20 40
20 41
20 42
0
No
0
Yes
49 36
49 37
49 38
49 39
49 40
48 40
48 39
48 38
48 37
48 36
47 40
47 39
47 38
47 37
47 36
46 36
46 37
46 38
46 39
46 40
45 40
45 39
45 38
45 37
46 35
47 35
48 35
49 35
46 34
47 34
48 34
49 34
46 33
47 33
48 33
49 33
46 32
47 32
48 32
49 32
46 31
47 31
48 31
49 31
46 30
47 30
48 30
49 30
46 29
47 29
48 29
49 29
46 28
47 28
48 28
49 28
46 27
47 27
48 27
0
No
0
No
0
Yes
6 19
6 20
6 21
6 22
7 21
7 20
7 19
0
No
0
Yes
0 20
0 21
0 22
0 23
1 23
1 22
1 21
1 20
2 20
2 21
2 22
2 23
2 19
1 19
0 19
0
No
0
Yes
0 36
0 37
1 37
1 36
2 37
2 36
3 37
3 36
3 35
2 35
1 35
0 35
3 34
2 34
1 34
0 34
3 33
2 33
1 33
0 33
0 32
1 32
2 32
0
Yes
0 28
1 28
2 28
3 28
4 28
4 29
3 29
2 29
1 29
0 29
4 30
3 30
2 30
1 30
0 30
0 31
1 31
2 31
0
No
0
No
0
Yes
7 27
7 26
6 26
6 27
5 26
5 27
5 28
6 28
7 28
5 29
6 29
7 29
5 30
6 30
7 30
8 27
8 28
8 29
8 30
8 31
7 31
6 31
5 31
4 31
3 31
3 32
4 32
5 32
6 32
7 32
8 32
2 32
1 32
1 33
2 33
3 33
4 33
5 33
6 33
7 33
8 33
8 34
7 34
6 34
5 34
4 34
3 34
2 34
1 34
1 35
2 35
3 35
4 35
5 35
6 35
7 35
8 35
9 27
9 28
9 29
9 30
9 31
9 32
9 33
9 34
9 35
9 36
8 36
7 36
6 36
5 36
4 36
3 36
2 36
1 36
8 37
7 37
6 37
5 37
4 37
3 37
2 37
1 37
0 37
0 36
0 35
0 34
0 33
0 32
10 28
10 29
10 30
10 31
10 32
10 33
10 34
10 35
10 36
11 28
11 29
11 30
11 31
11 32
11 33
11 34
11 35
11 36
12 36
12 35
12 34
12 33
12 32
12 31
13 31
13 32
0
Yes
14 0
14 1
14 2
13 2
13 1
0
Yes
29 0
29 1
29 2
30 2
30 1
30 0
31 2
31 1
31 0
0
Yes
44 49
45 49
46 49
47 49
48 49
49 49
49 48
48 48
47 48
46 48
45 48
44 48
44 47
45 47
46 47
47 47
48 47
49 47
49 46
48 46
47 46
46 46
45 46
44 46
44 45
45 45
46 45
47 45
48 45
49 45
49 44
48 44
47 44
46 44
45 44
44 44
44 43
45 43
46 43
47 43
48 43
49 43
49 42
48 42
47 42
46 42
45 42
44 42
45 41
46 41
47 41
48 41
49 41
44 41
43 41
43 42
43 43
43 44
43 45
43 46
43 47
43 48
43 49
42 49
42 48
42 47
42 46
42 45
42 44
42 43
42 42
42 41
41 41
41 42
41 43
41 44
41 45
41 46
41 47
41 48
41 49
40 49
40 48
40 47
40 46
40 45
40 44
40 43
40 42
40 41
39 41
39 42
39 43
39 44
39 45
39 46
39 47
39 48
39 49
38 49
38 48
38 47
38 46
38 45
38 44
38 43
38 42
38 41
37 41
37 42
37 43
37 44
37 45
37 46
37 47
37 48
37 49
36 49
36 48
36 47
36 46
36 45
0
Yes
43 35
43 36
44 36
44 35
45 36
45 35
45 34
44 34
43 34
45 33
44 33
43 33
45 32
44 32
43 32
45 31
44 31
43 31
45 30
44 30
43 30
42 30
42 31
42 32
42 33
42 34
42 35
42 36
41 30
41 31
41 32
41 33
41 34
41 35
41 36
40 32
40 31
0
Yes
38 14
37 14
36 14
36 13
37 13
38 13
35 13
35 12
36 12
37 12
38 12
35 11
36 11
37 11
38 11
35 10
36 10
37 10
38 10
35 9
36 9
37 9
38 9
35 8
36 8
37 8
38 8
36 7
37 7
38 7
37 6
38 6
39 6
39 7
39 8
39 9
39 10
39 11
39 12
39 13
39 14
0
Yes
49 3
48 3
47 3
47 2
48 2
49 2
47 1
48 1
49 1
47 0
48 0
49 0
0
No
0
Yes
26 18
27 18
27 19
26 19
25 19
28 19
29 19
29 20
28 20
27 20
26 20
25 20
24 20
30 20
31 20
31 21
30 21
29 21
28 21
27 21
26 21
25 21
24 21
32 21
32 22
31 22
30 22
29 22
28 22
27 22
26 22
25 22
24 22
31 23
30 23
29 23
28 23
27 23
26 23
25 23
24 23
31 24
30 24
29 24
28 24
27 24
26 24
25 24
24 24
29 25
28 25
27 25
26 25
25 25
24 25
24 26
25 26
26 26
27 26
28 26
0
Yes
29 43
30 43
31 43
28 43
27 43
27 42
28 42
29 42
30 42
31 42
32 42
32 43
32 41
31 41
30 41
29 41
28 41
27 41
27 40
28 40
29 40
30 40
31 40
32 40
27 39
28 39
29 39
30 39
31 39
32 39
26 43
26 42
26 41
26 40
26 39
25 39
25 40
25 41
25 42
24 42
24 41
24 40
24 39
23 39
23 40
23 41
23 42
0
Yes
10 37
10 38
11 38
11 37
12 37
12 38
0
Yes
32 49
32 48
32 47
32 46
32 45
33 45
33 46
33 47
33 48
33 49
34 49
34 48
34 47
34 46
34 45
35 45
35 46
35 47
35 48
35 49
32 44
0
Yes
31 34
31 35
31 36
32 36
32 35
32 34
32 33
31 33
31 32
30 32
30 33
30 34
30 35
30 36
29 32
29 33
29 34
29 35
29 36
28 33
28 34
28 35
28 36
33 33
33 34
33 35
33 36
34 34
34 35
34 36
35 34
35 35
35 36
36 34
36 35
36 36
37 35
37 36
28 37
29 37
30 37
31 37
32 37
33 37
34 37
35 37
36 37
37 37
28 38
29 38
30 38
31 38
32 38
33 38
34 38
35 38
36 38
37 38
33 39
34 39
35 39
36 39
37 39
37 40
36 40
0
No
0
Yes
49 31
49 32
49 33
49 34
49 35
49 36
48 36
48 35
48 34
48 33
48 32
48 31
48 30
49 30
49 29
48 29
48 28
49 28
49 27
48 27
47 27
47 28
47 29
47 30
47 31
47 32
47 33
47 34
47 35
47 36
46 36
46 35
46 34
46 33
46 32
46 31
46 30
46 29
46 28
46 27
46 26
47 26
48 26
49 26
47 25
48 25
49 25
46 37
47 37
48 37
49 37
0
No
0
Yes
41 37
42 37
43 37
44 37
45 37
45 38
44 38
43 38
42 38
41 38
41 39
42 39
43 39
44 39
45 39
45 40
44 40
43 40
42 40
41 40
40 40
40 39
40 38
40 37
39 40
39 39
39 38
39 37
38 40
38 39
38 38
0
Yes
44 31
45 31
45 30
44 30
43 30
43 31
42 30
42 31
41 30
41 31
40 31
40 32
41 32
42 32
43 32
44 32
45 32
45 33
44 33
43 33
42 33
41 33
45 34
44 34
43 34
42 34
41 34
0
Yes
46 26
46 27
46 28
46 29
46 30
46 31
47 31
47 30
47 29
47 28
47 27
47 26
47 25
48 25
48 26
48 27
48 28
48 29
48 30
48 31
49 25
49 26
49 27
49 28
49 29
49 30
49 31
0
Yes
3 21
3 22
3 23
4 23
4 22
4 21
4 20
5 23
5 22
5 21
5 20
6 22
6 21
6 20
0
Yes
42 8
42 9
42 10
42 11
42 12
42 13
42 14
42 15
42 16
42 17
42 18
43 18
43 17
43 16
43 15
43 14
43 13
43 12
43 11
43 10
43 9
43 8
41 18
41 17
41 16
41 15
41 14
41 13
41 12
41 11
41 10
41 9
41 8
40 8
40 9
40 10
40 11
40 12
40 13
40 14
40 15
40 16
40 17
40 18
40 7
41 7
42 7
43 7
40 6
41 6
42 6
43 6
44 6
44 7
44 8
44 9
44 10
44 11
44 12
44 13
44 14
44 15
44 16
44 17
44 18
44 19
45 19
45 18
45 17
45 16
45 15
45 14
45 13
45 12
45 11
45 10
45 9
45 8
45 7
45 6
46 19
46 18
46 17
46 16
46 15
46 14
46 13
46 12
46 11
46 10
46 9
46 8
46 7
46 6
47 19
47 18
47 17
47 16
47 15
47 14
47 13
47 12
47 11
47 10
47 9
47 8
47 7
47 6
48 18
48 17
48 16
48 15
48 14
48 13
48 12
48 11
48 10
48 9
48 8
48 7
48 6
49 18
49 17
49 16
49 15
49 14
49 13
49 12
49 11
49 10
49 9
49 8
49 7
49 6
41 5
42 5
43 5
44 5
45 5
0
No
0
Yes
21 1
21 2
21 3
21 4
21 5
21 6
21 7
22 7
22 6
22 5
22 4
22 3
22 2
22 1
23 6
23 5
23 4
23 3
23 2
23 1
24 6
24 5
24 4
24 3
24 2
24 1
25 6
25 5
25 4
25 3
25 2
25 1
26 6
26 5
26 4
26 3
26 2
26 1
27 6
27 5
27 4
27 3
27 2
27 1
28 1
28 2
28 3
28 4
28 5
28 6
29 6
29 5
29 4
29 3
28 0
27 0
26 0
25 0
24 0
23 0
22 0
21 0
22 8
21 8
20 8
20 9
21 9
22 9
20 5
20 4
20 3
20 2
20 1
20 0
19 5
19 4
19 3
19 2
19 1
19 0
18 5
18 4
18 3
18 2
18 1
18 0
17 0
17 1
17 2
17 3
17 4
17 5
16 5
16 4
16 3
16 2
30 3
30 4
30 5
30 6
31 3
31 4
31 5
31 6
32 6
32 5
0
Yes
1 43
1 42
2 42
2 43
3 42
3 43
4 43
4 44
3 44
2 44
1 44
0 42
0 43
0 44
0 45
1 45
2 45
3 45
4 45
5 45
5 46
4 46
3 46
2 46
1 46
0 46
0 47
1 47
2 47
3 47
4 47
5 47
5 48
4 48
3 48
2 48
1 48
0 48
0 49
1 49
2 49
3 49
4 49
0
No
0
Yes
27 32
28 32
27 33
27 34
27 35
27 36
26 36
26 35
26 34
26 33
26 32
26 31
27 31
28 31
29 31
29 30
28 30
27 30
26 30
27 29
26 29
26 28
26 27
25 27
25 28
25 29
25 30
25 31
25 32
25 33
25 34
25 35
25 36
24 27
24 28
24 29
24 30
24 31
24 32
24 33
24 34
24 35
24 36
23 31
23 30
23 29
23 28
23 27
23 32
23 33
23 34
23 35
23 36
22 28
22 27
22 32
22 33
22 34
22 35
22 36
21 36
21 35
21 34
21 33
21 32
20 32
20 33
19 33
19 32
30 30
30 31
21 37
22 37
23 37
24 37
25 37
26 37
27 37
27 38
26 38
25 38
24 38
23 38
22 38
21 38
21 39
22 39
22 40
21 40
21 41
22 41
19 31
0
No
0
No
0
Yes
37 22
37 23
37 24
38 24
38 23
38 22
39 22
39 23
39 24
40 24
40 23
40 22
41 22
41 23
41 24
42 24
42 23
42 22
43 22
43 23
43 24
43 21
42 21
41 21
40 21
39 21
38 21
37 21
37 20
38 20
39 20
40 20
41 20
42 20
43 20
43 19
42 19
41 19
40 19
39 19
38 19
37 19
37 25
38 25
39 25
40 25
41 25
42 25
43 25
0
Yes
48 40
47 40
46 40
46 39
47 39
48 39
46 38
47 38
48 38
46 37
47 37
48 37
48 36
47 36
46 36
45 36
45 35
46 35
47 35
48 35
46 34
47 34
48 34
46 33
47 33
48 33
44 35
44 36
46 32
47 32
48 32
49 32
49 33
49 34
49 35
49 36
49 37
49 38
49 39
49 40
43 36
43 35
42 35
42 36
0
No
0
Yes
45 20
44 20
44 21
45 21
44 22
45 22
44 23
45 23
44 24
45 24
46 20
46 21
46 22
46 23
46 24
47 20
47 21
47 22
47 23
47 24
48 24
48 23
48 22
48 21
48 20
48 19
49 19
49 20
49 21
49 22
49 23
49 24
44 25
45 25
46 25
47 25
48 25
49 25
49 26
48 26
47 26
46 26
45 26
0
Yes
2 35
2 36
2 37
3 37
3 36
3 35
4 37
4 36
4 35
1 37
1 36
1 35
0 37
0 36
0 35
0 34
1 34
2 34
3 34
4 34
4 33
3 33
2 33
1 33
0 33
0 32
1 32
2 32
3 32
0
Yes
40 13
40 14
40 12
40 11
40 10
40 9
40 8
40 7
41 7
41 8
41 9
41 10
41 11
41 12
41 13
41 14
41 15
40 15
39 15
42 15
42 14
42 13
42 12
42 11
42 10
42 9
42 8
42 7
43 7
43 8
43 9
43 10
43 11
43 12
43 13
43 14
43 15
44 15
44 14
44 13
44 12
44 11
44 10
44 9
44 8
44 7
45 7
45 8
45 9
45 10
45 11
45 12
45 13
45 14
45 15
46 15
46 14
46 13
46 12
46 11
46 10
46 9
46 8
46 7
47 7
47 8
47 9
47 10
47 11
47 12
47 13
47 14
47 15
48 15
48 14
48 13
48 12
48 11
48 10
48 9
48 8
48 7
49 7
49 8
49 9
49 10
49 11
49 12
49 13
49 14
49 15
40 6
41 6
42 6
43 6
44 6
45 6
46 6
47 6
48 6
49 6
41 5
42 5
43 5
44 5
45 5
46 5
47 5
48 5
49 5
44 4
45 4
46 4
47 4
48 4
49 4
45 3
46 3
47 3
48 3
49 3
46 2
47 2
48 2
49 2
47 1
48 1
49 1
47 0
48 0
49 0
49 16
0
Yes
6 33
5 33
5 34
6 34
5 35
6 35
5 36
6 36
5 37
6 37
7 37
7 36
7 35
7 34
7 33
7 32
6 32
5 32
4 32
4 31
5 31
6 31
7 31
5 30
6 30
7 30
8 37
8 36
8 35
8 34
8 33
8 32
8 31
8 30
9 36
9 35
9 34
9 33
9 32
9 31
9 30
5 29
6 29
7 29
8 29
9 29
5 28
6 28
7 28
8 28
9 28
9 27
8 27
7 27
6 27
5 27
5 26
6 26
7 26
10 28
10 29
10 30
10 31
10 32
10 33
10 34
10 35
10 36
11 28
11 29
11 30
11 31
11 32
11 33
11 34
11 35
11 36
12 36
12 35
12 34
12 33
12 32
12 31
13 31
13 32
13 33
13 34
13 35
0
Yes
48 29
48 30
48 31
49 31
49 30
49 29
47 31
47 30
47 29
46 31
46 30
46 29
46 28
47 28
48 28
49 28
49 27
48 27
47 27
46 27
45 27
45 28
45 29
45 30
45 31
45 32
44 32
44 31
44 30
44 29
44 28
44 27
44 26
43 26
43 27
43 28
43 29
43 30
43 31
43 32
42 26
42 27
42 28
42 29
42 30
42 31
42 32
41 30
41 31
41 32
41 29
41 28
41 27
41 26
40 26
40 27
40 28
40 29
40 32
40 31
41 33
42 33
43 33
44 33
45 33
45 34
44 34
43 34
42 34
41 34
41 35
41 36
40 34
40 35
40 36
39 34
39 35
39 36
38 34
38 35
38 36
38 37
39 37
40 37
41 37
42 37
39 26
0
No
0
No
0
Yes
27 47
27 48
27 49
28 49
28 48
28 47
29 47
29 48
29 49
29 46
28 46
27 46
27 45
28 45
29 45
26 45
26 46
26 47
26 48
26 49
25 47
25 46
25 45
25 48
25 49
24 48
24 49
26 44
27 44
28 44
29 44
0
Yes
40 38
40 39
40 40
41 40
41 39
41 38
42 40
42 39
42 38
43 40
43 39
43 38
44 40
44 39
44 38
45 40
45 39
45 38
46 40
46 39
46 38
47 40
47 39
47 38
39 40
39 39
39 38
38 40
38 39
38 38
38 37
39 37
40 37
41 37
42 37
43 37
44 37
45 37
46 37
47 37
38 36
39 36
40 36
41 36
42 36
43 36
44 36
45 36
46 36
47 36
38 35
39 35
40 35
41 35
42 35
43 35
44 35
45 35
46 35
47 35
38 34
39 34
40 34
41 34
42 34
43 34
44 34
45 34
46 34
47 34
41 33
42 33
43 33
44 33
45 33
46 33
47 33
48 40
48 39
48 38
48 37
48 36
48 35
48 34
48 33
49 40
49 39
49 38
49 37
49 36
49 35
49 34
49 33
49 32
48 32
47 32
46 32
45 32
44 32
43 32
42 32
41 32
40 32
40 31
41 31
42 31
43 31
44 31
45 31
46 31
47 31
48 31
49 31
41 30
42 30
0
No
0
No
0
Yes
13 14
13 15
13 16
13 17
14 16
14 17
14 18
15 18
15 17
15 16
12 16
12 15
12 14
12 13
11 13
11 14
11 15
11 16
10 14
10 15
10 16
9 16
9 15
11 12
12 12
13 12
14 12
10 12
9 12
9 11
10 11
11 11
12 11
13 11
14 11
15 11
11 10
12 10
13 10
14 10
15 10
10 10
9 10
12 9
13 9
14 9
15 9
14 8
15 8
14 7
15 7
10 9
9 9
10 8
9 8
8 12
8 11
8 10
8 9
8 8
7 9
7 8
8 15
8 16
7 7
8 7
8 6
7 6
16 10
16 9
16 8
16 7
16 6
17 10
17 9
17 8
17 7
17 6
18 9
18 8
18 7
18 6
0
Yes
2 43
2 42
3 42
3 43
4 43
4 44
3 44
2 44
1 42
1 43
1 44
0 42
0 43
0 44
0 45
1 45
2 45
3 45
4 45
5 45
6 45
7 45
8 45
8 46
7 46
6 46
5 46
4 46
3 46
2 46
1 46
0 46
8 47
7 47
6 47
5 47
4 47
3 47
2 47
1 47
0 47
0 48
1 48
2 48
3 48
4 48
5 48
6 48
7 48
8 48
9 48
10 48
11 48
11 49
10 49
9 49
8 49
7 49
6 49
5 49
4 49
3 49
2 49
1 49
0 49
1
572
0 32
0 33
0 34
0 35
0 36
0 37
1 37
1 36
1 35
1 34
1 33
1 32
2 37
2 36
2 35
2 34
2 33
2 32
3 32
3 33
3 34
3 35
3 36
3 37
4 37
4 36
4 35
4 34
4 33
3 31
2 31
Yes
36 41
36 42
36 43
36 44
35 44
35 43
35 42
35 41
35 40
34 40
34 41
34 42
34 43
34 44
33 40
33 41
33 42
33 43
33 44
35 45
34 45
33 45
35 46
34 46
33 46
35 47
34 47
33 47
35 48
34 48
33 48
32 48
32 47
32 46
32 45
32 44
32 43
32 42
32 41
32 40
31 40
31 41
31 42
31 43
31 44
31 45
31 46
31 47
31 48
30 48
30 47
30 46
30 45
30 44
30 43
30 42
30 41
30 40
29 40
29 41
29 42
29 43
29 44
29 45
29 46
29 47
29 48
28 48
28 47
28 46
28 45
28 44
28 43
28 42
28 41
28 40
27 40
27 41
27 42
27 43
27 44
27 45
27 46
27 47
27 48
35 49
34 49
33 49
32 49
31 49
30 49
29 49
28 49
27 49
0
No
0
No
0
No
0
Yes
17 33
17 32
16 32
16 33
15 32
15 33
14 33
14 34
15 34
16 34
17 34
18 34
14 35
15 35
16 35
17 35
18 35
18 36
17 36
16 36
15 36
14 36
14 37
15 37
16 37
17 37
18 37
18 38
17 38
16 38
15 38
14 38
14 39
15 39
16 39
17 39
18 39
14 40
15 40
16 40
17 40
18 40
14 41
15 41
16 41
17 41
18 41
15 42
16 42
17 42
18 42
17 43
18 43
18 44
19 44
19 43
19 42
19 41
19 40
19 39
19 38
19 37
19 36
19 35
19 34
13 39
13 38
13 37
13 36
0
Yes
21 39
20 39
20 40
21 40
20 41
21 41
20 42
21 42
21 43
20 43
22 42
22 41
22 40
22 39
20 38
21 38
22 38
23 38
23 39
23 40
23 41
23 42
23 43
23 44
24 44
24 43
24 42
24 41
24 40
24 39
24 38
25 38
25 39
25 40
25 41
25 42
25 43
25 44
25 45
26 45
26 44
26 43
26 42
26 41
26 40
26 39
0
Yes
21 33
21 32
22 32
22 33
22 34
21 34
21 35
22 35
22 36
21 36
21 37
22 37
23 37
23 36
23 35
23 34
23 33
23 32
23 31
24 37
24 36
24 35
24 34
24 33
24 32
24 31
25 37
25 36
25 35
25 34
25 33
25 32
25 31
20 37
20 36
20 35
20 34
20 33
20 32
26 31
26 32
26 33
26 34
26 35
26 36
26 37
27 37
27 36
27 35
27 34
27 33
27 32
0
Yes
17 36
17 37
17 38
17 39
18 39
18 38
18 37
18 36
19 36
19 37
19 38
19 39
19 35
18 35
17 35
19 34
18 34
17 34
17 33
17 32
16 32
16 33
16 34
16 35
16 36
16 37
16 38
16 39
15 32
15 33
15 34
15 35
15 36
15 37
15 38
15 39
14 33
14 34
14 35
14 36
14 37
14 38
14 39
13 39
13 38
13 37
13 36
12 37
12 38
11 38
11 37
10 37
10 38
14 40
15 40
16 40
17 40
18 40
19 40
14 41
15 41
16 41
17 41
18 41
19 41
15 42
16 42
17 42
18 42
19 42
17 43
18 43
0
No
0
No
0
Yes
19 3
19 4
19 5
19 6
19 7
18 5
18 4
18 3
17 5
17 4
17 3
16 5
16 4
16 3
16 2
17 2
18 2
19 2
17 1
18 1
19 1
17 0
18 0
19 0
20 0
20 1
20 2
20 3
20 4
20 5
20 6
20 7
20 8
20 9
21 9
21 8
21 7
21 6
21 5
21 4
21 3
21 2
21 1
21 0
22 9
22 8
22 7
22 6
22 5
22 4
22 3
22 2
22 1
22 0
23 6
23 5
23 4
23 3
23 2
23 1
23 0
24 6
24 5
24 4
24 3
24 2
24 1
24 0
25 6
25 5
25 4
25 3
25 2
25 1
25 0
26 6
26 5
26 4
26 3
26 2
26 1
26 0
0
No
0
Yes
3 41
4 41
5 41
5 40
4 40
3 40
5 39
4 39
3 39
5 38
4 38
3 38
4 37
3 37
2 41
2 40
2 39
2 38
2 37
1 41
1 40
1 39
1 38
1 37
0 41
0 40
0 39
0 38
0 37
4 36
3 36
2 36
1 36
0 36
4 35
3 35
2 35
1 35
0 35
4 34
3 34
2 34
1 34
0 34
4 33
3 33
2 33
0
Yes
45 30
46 30
47 30
48 30
48 29
47 29
46 29
45 29
45 28
46 28
47 28
48 28
48 27
47 27
46 27
45 27
49 27
49 28
49 29
49 30
0
No
0
Yes
28 0
27 0
27 1
28 1
27 2
28 2
29 2
29 1
29 0
30 0
30 1
30 2
31 2
31 1
31 0
31 3
30 3
29 3
28 3
0
Yes
49 1
49 2
49 3
48 3
48 2
48 1
47 1
47 2
47 3
47 0
48 0
49 0
0
Yes
0 20
0 21
1 21
1 20
2 20
2 21
2 19
1 19
0 19
2 22
1 22
0 22
0
Yes
41 33
41 34
41 35
41 36
41 37
41 38
41 39
41 40
42 40
42 39
42 38
42 37
42 36
42 35
42 34
42 33
43 40
43 39
43 38
43 37
43 36
43 35
43 34
43 33
44 40
44 39
44 38
44 37
44 36
44 35
44 34
44 33
45 40
45 39
45 38
45 37
45 36
45 35
45 34
45 33
46 40
46 39
46 38
46 37
46 36
46 35
46 34
46 33
47 40
47 39
47 38
47 37
47 36
47 35
47 34
47 33
48 40
48 39
48 38
48 37
48 36
48 35
48 34
48 33
49 40
49 39
49 38
49 37
49 36
49 35
49 34
49 33
40 40
40 39
40 38
40 37
40 36
40 35
40 34
39 34
39 35
39 36
39 37
0
Yes
49 4
48 4
47 4
47 5
48 5
49 5
49 6
48 6
47 6
47 7
48 7
49 7
49 8
48 8
47 8
47 9
48 9
49 9
49 10
48 10
47 10
47 11
48 11
49 11
49 12
48 12
47 12
46 12
46 11
46 10
46 9
46 8
46 7
46 6
46 5
46 4
45 4
45 5
45 6
45 7
45 8
45 9
45 10
45 11
45 12
44 4
44 5
44 6
44 7
44 8
44 9
44 10
44 11
44 12
43 5
43 6
43 7
43 8
43 9
43 10
43 11
43 12
42 5
42 6
42 7
42 8
42 9
42 10
42 11
42 12
41 5
41 6
41 7
41 8
41 9
41 10
41 11
41 12
41 13
42 13
43 13
44 13
45 13
46 13
47 13
48 13
49 13
49 14
48 14
47 14
46 14
45 14
44 14
43 14
42 14
41 14
41 15
42 15
43 15
44 15
45 15
46 15
47 15
48 15
49 15
49 16
48 16
47 16
46 16
45 16
44 16
43 16
42 16
0
Yes
12 9
13 9
13 10
12 10
11 10
11 11
12 11
13 11
13 12
12 12
11 12
14 12
14 11
14 10
14 9
15 11
15 10
15 9
16 10
16 9
17 10
17 9
18 9
18 8
17 8
16 8
15 8
14 8
14 7
15 7
16 7
17 7
18 7
18 6
17 6
16 6
11 13
12 13
10 12
10 11
10 10
10 9
10 8
9 8
9 9
9 10
9 11
9 12
8 12
8 11
8 10
8 9
8 8
8 7
8 6
12 14
11 14
10 14
13 14
13 15
12 15
11 15
10 15
10 16
11 16
12 16
13 16
13 17
14 16
14 17
9 16
9 15
8 15
8 16
15 17
15 16
15 15
16 15
16 16
16 17
17 15
17 16
17 17
18 15
18 16
18 17
19 15
19 16
19 17
20 17
14 18
15 18
16 18
17 18
18 18
19 18
20 18
21 18
7 6
7 7
7 8
7 9
20 19
19 19
18 19
17 19
16 19
21 19
22 19
18 20
17 20
16 20
16 21
15 21
15 20
22 20
21 20
21 21
22 21
23 21
23 22
22 22
21 22
21 23
22 23
23 23
23 24
22 24
23 25
22 25
21 25
21 26
22 26
23 26
22 27
23 27
22 28
23 28
23 29
23 30
24 30
24 29
24 28
24 27
25 27
25 28
25 29
25 30
26 27
26 28
0
No
0
Yes
2 42
3 42
1 42
0 42
0 43
1 43
2 43
3 43
3 44
2 44
1 44
0 44
0 45
1 45
2 45
3 45
3 46
2 46
1 46
0 46
0
Yes
7 49
8 49
8 48
7 48
8 47
7 47
8 46
7 46
8 45
7 45
6 45
6 46
6 47
6 48
6 49
5 45
5 46
5 47
5 48
5 49
4 45
4 46
4 47
4 48
4 49
3 47
3 48
3 49
2 47
2 48
2 49
1 47
1 48
1 49
0 47
0 48
0 49
0
Yes
49 0
48 0
47 0
47 1
48 1
49 1
49 2
48 2
47 2
47 3
48 3
49 3
49 4
48 4
0
Yes
45 14
45 15
45 16
45 17
45 18
46 18
46 17
46 16
46 15
46 14
47 14
47 15
47 16
47 17
47 18
48 18
48 17
48 16
48 15
48 14
49 18
49 17
49 16
49 15
49 14
49 13
48 13
47 13
46 13
45 13
45 12
46 12
47 12
48 12
49 12
49 11
48 11
47 11
46 11
45 11
45 10
46 10
47 10
48 10
49 10
49 9
48 9
47 9
46 9
45 9
45 8
46 8
47 8
48 8
49 8
49 7
48 7
47 7
46 7
45 7
45 6
46 6
47 6
48 6
49 6
44 6
44 7
44 8
44 9
44 10
44 11
44 12
44 13
44 14
44 15
44 16
44 17
44 18
43 18
43 17
43 16
43 15
43 14
43 13
43 12
43 11
43 10
43 9
43 8
43 7
43 6
42 6
42 7
42 8
42 9
42 10
42 11
42 12
42 13
42 14
42 15
42 16
42 17
42 18
41 18
41 17
41 16
41 15
41 14
41 13
41 12
41 11
41 10
41 9
41 8
41 7
41 6
40 6
40 7
40 8
40 9
40 10
40 11
40 12
40 13
40 14
40 15
0
No
0
Yes
2 22
2 23
2 24
2 25
3 25
3 24
3 23
3 22
3 21
2 21
2 20
2 19
4 24
4 25
4 23
4 22
4 21
4 20
5 23
5 22
5 21
5 20
6 22
6 21
6 20
6 19
7 19
7 20
7 21
1 19
1 20
1 21
1 22
1 23
1 24
1 25
1 18
0 18
0 19
0 20
0 21
0 22
0 23
0 24
0 25
1 17
0 17
4 26
3 26
2 26
1 26
0 26
4 27
3 27
2 27
1 27
0 27
4 28
3 28
2 28
1 28
0 28
4 29
3 29
2 29
1 29
0 29
4 30
3 30
2 30
1 30
0 30
3 31
2 31
1 31
0 31
3 32
2 32
1 32
0 32
0 33
0
Yes
49 40
48 40
48 39
49 39
49 38
48 38
48 37
49 37
49 36
48 36
48 35
49 35
49 34
48 34
47 40
47 39
47 38
47 37
47 36
47 35
47 34
46 40
46 39
46 38
46 37
46 36
46 35
0
Yes
32 38
32 39
33 39
33 38
34 39
34 38
35 39
35 38
31 39
31 38
30 39
30 38
29 39
29 38
28 39
28 38
28 37
29 37
30 37
31 37
32 37
33 37
34 37
35 37
28 36
29 36
30 36
31 36
32 36
33 36
34 36
35 36
28 35
29 35
30 35
31 35
32 35
33 35
34 35
35 35
35 34
34 34
33 34
32 34
31 34
30 34
29 34
28 34
33 33
32 33
31 33
30 33
29 33
28 33
0
Yes
42 40
43 40
44 40
45 40
45 39
44 39
43 39
42 39
45 38
44 38
43 38
42 38
45 37
44 37
43 37
42 37
45 36
44 36
43 36
42 36
45 35
44 35
43 35
42 35
41 40
41 39
41 38
41 37
41 36
41 35
40 40
40 39
40 38
40 37
40 36
40 35
39 40
39 39
39 38
39 37
39 36
39 35
38 40
38 39
38 38
38 37
38 36
38 35
37 35
37 36
37 37
37 38
37 39
37 40
36 40
36 39
36 38
36 37
36 36
36 35
38 34
39 34
40 34
41 34
42 34
43 34
44 34
45 34
46 34
41 33
42 33
43 33
44 33
45 33
46 33
47 33
48 33
49 33
49 32
48 32
47 32
46 32
45 32
44 32
43 32
42 32
41 32
40 32
40 31
41 31
42 31
43 31
44 31
45 31
46 31
47 31
48 31
49 31
44 30
43 30
42 30
41 30
44 29
43 29
42 29
41 29
40 29
40 28
41 28
42 28
43 28
44 28
44 27
43 27
42 27
41 27
40 27
44 26
43 26
42 26
41 26
40 26
40 25
43 25
42 25
41 25
0
Yes
40 20
40 21
40 22
40 23
40 24
41 24
41 23
41 22
41 21
41 20
41 19
40 19
42 19
42 20
42 21
42 22
42 23
42 24
43 24
43 23
43 22
43 21
43 20
43 19
39 19
39 20
39 21
39 22
39 23
39 24
38 24
38 23
38 22
38 21
38 20
38 19
37 23
37 24
37 22
37 21
37 20
0
No
0
Yes
35 48
35 49
35 47
35 46
35 45
34 45
34 46
34 47
34 48
34 49
33 49
33 48
33 47
33 46
33 45
32 45
32 46
32 47
32 48
32 49
31 49
31 48
31 47
31 46
31 45
30 45
30 46
30 47
30 48
30 49
29 49
29 48
29 47
29 46
29 45
28 45
28 46
28 47
28 48
28 49
27 45
27 46
27 47
27 48
27 49
26 46
26 47
26 48
26 49
25 46
25 47
25 48
25 49
24 48
24 49
27 44
28 44
0
Yes
1 14
2 14
3 14
3 15
2 15
1 15
0
No
0
No
0
Yes
28 33
28 34
28 32
29 32
29 33
29 34
30 34
30 33
30 32
31 32
31 33
31 34
30 31
29 31
28 31
30 30
29 30
28 30
28 35
29 35
30 35
31 35
0
No
0
No
0
Yes
31 44
32 44
33 44
34 44
35 44
36 44
36 43
35 43
34 43
33 43
32 43
31 43
36 42
35 42
34 42
33 42
32 42
31 42
36 41
35 41
34 41
33 41
32 41
31 41
35 40
34 40
33 40
32 40
31 40
35 39
34 39
33 39
32 39
31 39
35 38
34 38
33 38
32 38
31 38
30 44
30 43
30 42
30 41
30 40
30 39
30 38
29 44
29 43
29 42
29 41
29 40
29 39
29 38
28 43
28 42
28 41
28 40
28 39
28 38
27 38
27 39
27 40
27 41
27 42
27 43
26 38
26 39
26 40
26 41
26 42
26 43
26 44
26 45
25 45
25 44
25 43
25 42
25 41
25 40
25 39
25 38
24 38
24 39
24 40
24 41
24 42
24 43
24 44
23 44
23 43
23 42
23 41
23 40
23 39
23 38
22 38
22 39
22 40
22 41
22 42
21 38
21 39
21 40
21 41
21 42
21 43
20 43
20 42
20 41
20 40
20 39
20 38
28 37
29 37
30 37
31 37
32 37
33 37
34 37
35 37
28 36
29 36
30 36
31 36
32 36
33 36
34 36
35 36
35 35
34 35
33 35
32 35
35 34
34 34
33 34
32 34
0
Yes
45 9
45 10
45 11
46 11
46 10
46 9
46 8
45 8
45 7
46 7
46 6
45 6
45 5
46 5
46 4
45 4
45 3
46 3
44 4
44 5
44 6
44 7
44 8
44 9
44 10
44 11
43 5
43 6
43 7
43 8
43 9
43 10
43 11
42 5
42 6
42 7
42 8
42 9
42 10
42 11
41 5
41 6
41 7
41 8
41 9
41 10
41 11
40 6
40 7
40 8
40 9
40 10
40 11
47 4
47 5
47 6
47 7
47 8
47 9
47 10
47 11
48 5
48 6
48 7
48 8
48 9
48 10
48 11
49 5
49 6
49 7
49 8
49 9
49 10
49 11
40 12
41 12
42 12
43 12
44 12
45 12
46 12
47 12
48 12
49 12
40 13
41 13
42 13
43 13
44 13
0
Yes
27 29
27 30
26 30
26 29
26 28
26 27
25 27
25 28
25 29
25 30
24 30
24 29
24 28
24 27
23 30
23 29
23 28
23 27
22 28
22 27
23 26
22 26
21 26
21 25
22 25
23 25
23 24
22 24
23 23
22 23
21 23
21 22
22 22
23 22
23 21
22 21
21 21
21 20
22 20
22 19
21 19
21 18
20 19
20 18
20 17
19 19
19 18
19 17
19 16
19 15
18 15
18 16
18 17
18 18
18 19
18 20
17 20
17 19
17 18
17 17
17 16
17 15
16 15
16 16
16 17
16 18
16 19
16 20
16 21
15 21
15 20
15 15
15 16
15 17
15 18
14 18
14 17
14 16
13 17
13 16
13 15
13 14
12 16
12 15
12 14
12 13
11 13
11 14
11 15
11 16
10 14
10 15
10 16
9 16
9 15
8 15
8 16
11 12
12 12
14 20
0
No
1
609
13 11
12 11
11 11
11 10
12 10
13 10
12 9
13 9
14 9
14 10
14 11
15 11
15 10
15 9
14 8
15 8
14 7
15 7
10 10
10 11
10 9
10 8
10 12
14 12
13 12
9 12
9 11
9 10
9 9
9 8
8 12
8 11
8 10
8 9
8 8
7 9
7 8
7 7
8 7
8 6
7 6
Yes
48 14
48 15
48 16
48 17
48 18
49 18
49 17
49 16
49 15
49 14
47 18
47 17
47 16
47 15
47 14
46 14
46 15
46 16
46 17
46 18
45 18
45 17
45 16
45 15
45 14
44 14
44 15
44 16
44 17
44 18
43 14
43 15
43 16
43 17
43 18
42 14
42 15
42 16
42 17
42 18
45 13
46 13
47 13
48 13
49 13
47 19
46 19
45 19
44 19
43 19
0
Yes
36 20
36 19
37 19
37 20
37 18
35 19
35 20
35 18
34 18
34 19
34 20
34 21
35 21
36 21
37 21
33 21
33 22
34 22
35 22
36 22
37 22
37 23
37 24
37 25
38 25
38 24
38 23
38 22
38 21
38 20
38 19
38 18
39 25
39 24
39 23
39 22
39 21
39 20
39 19
39 18
40 24
40 23
40 22
40 21
40 20
40 19
40 18
41 18
41 19
41 20
41 21
41 22
41 23
41 24
42 19
42 20
42 21
42 22
42 23
42 24
43 24
43 23
43 22
43 21
43 20
41 17
40 17
39 17
38 17
33 18
0
No
0
No
0
Yes
25 22
24 22
24 23
25 23
24 21
25 21
24 20
25 20
25 19
26 19
26 20
26 21
26 22
26 23
26 18
27 18
27 19
27 20
27 21
27 22
27 23
28 19
28 20
28 21
28 22
28 23
29 19
29 20
29 21
29 22
29 23
30 20
30 21
30 22
30 23
31 20
31 21
31 22
31 23
31 24
30 24
29 24
28 24
27 24
26 24
25 24
24 24
29 25
28 25
27 25
26 25
25 25
24 25
24 26
25 26
26 26
0
No
0
Yes
35 41
36 41
36 42
35 42
36 43
35 43
36 44
35 44
35 45
35 46
35 47
35 48
35 49
35 40
35 39
34 39
34 40
34 41
34 42
34 43
34 44
34 45
34 46
34 47
34 48
34 49
33 49
33 48
33 47
33 46
33 45
33 44
33 43
33 42
33 41
33 40
33 39
32 39
32 40
32 41
32 42
32 43
32 44
32 45
32 46
32 47
32 48
32 49
31 49
31 48
31 47
31 46
31 45
31 44
31 43
31 42
31 41
31 40
31 39
30 39
30 40
30 41
30 42
30 43
30 44
30 45
30 46
30 47
30 48
30 49
29 49
29 48
29 47
29 46
29 45
29 44
29 43
29 42
29 41
29 40
29 39
28 39
28 40
28 41
28 42
28 43
28 44
28 45
28 46
28 47
28 48
28 49
27 49
27 48
27 47
27 46
27 45
27 44
27 43
27 42
27 41
27 40
27 39
26 39
26 40
26 41
26 42
26 43
26 44
26 45
26 46
26 47
26 48
26 49
25 47
25 46
25 45
25 44
25 43
25 42
25 41
25 40
25 39
25 48
25 49
24 48
24 49
24 44
24 43
24 42
24 41
24 40
24 39
23 44
23 43
23 42
23 41
23 40
23 39
23 38
24 38
25 38
26 38
27 38
28 38
29 38
30 38
31 38
32 38
0
No
1
626
48 2
48 3
48 4
48 5
48 6
48 7
48 8
48 9
47 9
47 8
47 7
47 6
47 5
47 4
47 3
47 2
46 2
46 3
46 4
46 5
46 6
46 7
46 8
46 9
45 3
45 4
45 5
45 6
45 7
45 8
45 9
44 4
44 5
44 6
44 7
44 8
44 9
43 5
43 6
43 7
43 8
43 9
47 1
48 1
47 0
48 0
49 0
49 1
49 2
49 3
49 4
49 5
49 6
49 7
49 8
49 9
Yes
28 19
29 19
29 20
28 20
30 20
31 20
31 21
30 21
29 21
28 21
28 22
29 22
30 22
31 22
31 23
30 23
29 23
28 23
27 23
27 22
27 21
27 20
27 19
27 18
26 18
26 19
26 20
26 21
26 22
26 23
25 19
25 20
25 21
25 22
25 23
24 20
24 21
24 22
24 23
31 24
30 24
29 24
28 24
27 24
26 24
25 24
24 24
29 25
28 25
27 25
0
Yes
18 16
19 16
19 15
18 15
17 15
17 16
16 15
16 16
15 15
15 16
14 16
14 17
15 17
16 17
17 17
18 17
19 17
14 18
15 18
16 18
17 18
18 18
19 18
19 19
18 19
17 19
16 19
18 20
17 20
16 20
0
Yes
30 2
31 2
31 3
30 3
31 1
30 1
32 1
32 0
31 0
30 0
29 0
29 1
29 2
29 3
28 3
28 2
28 1
28 0
27 0
27 1
27 2
0
Yes
34 44
34 45
35 45
35 44
35 46
34 46
35 47
34 47
35 48
34 48
35 49
34 49
33 49
33 48
33 47
33 46
33 45
33 44
32 44
32 45
32 46
32 47
32 48
32 49
31 49
31 48
31 47
31 46
31 45
31 44
30 44
30 45
30 46
30 47
30 48
30 49
29 49
29 48
29 47
29 46
29 45
29 44
0
Yes
32 39
32 40
33 40
33 39
34 39
34 40
35 40
35 39
35 38
34 38
33 38
32 38
35 37
34 37
33 37
32 37
35 36
34 36
33 36
32 36
35 35
34 35
33 35
32 35
35 34
34 34
33 34
32 34
33 33
32 33
31 33
31 34
31 35
31 36
31 37
31 38
31 39
31 40
30 40
30 39
30 38
30 37
30 36
30 35
30 34
30 33
29 33
29 34
29 35
29 36
29 37
29 38
29 39
0
Yes
38 1
39 1
39 0
38 0
0
Yes
44 25
44 24
44 23
44 22
44 21
44 20
45 20
45 21
45 22
45 23
45 24
45 25
46 20
46 21
46 22
46 23
46 24
46 25
47 20
47 21
47 22
47 23
47 24
47 25
48 25
48 24
48 23
48 22
48 21
48 20
48 19
49 19
49 20
49 21
49 22
49 23
49 24
49 25
0
No
0
Yes
26 49
27 49
27 48
26 48
26 47
27 47
25 47
25 48
25 49
24 48
24 49
25 46
26 46
27 46
28 46
28 47
28 48
28 49
28 45
27 45
26 45
25 45
0
Yes
49 28
49 29
49 30
48 30
48 29
48 28
47 30
47 29
47 28
47 27
48 27
49 27
49 26
48 26
47 26
46 26
46 27
46 28
46 29
46 30
45 30
45 29
45 28
45 27
0
Yes
18 6
18 7
18 8
18 9
17 6
17 7
17 8
17 9
16 6
16 7
16 8
0
No
0
Yes
11 48
11 49
10 48
10 49
9 48
9 49
0
No
0
Yes
26 19
26 18
27 18
27 19
25 19
28 19
29 19
29 20
28 20
27 20
26 20
25 20
24 20
30 20
31 20
31 21
30 21
29 21
28 21
27 21
26 21
25 21
24 21
32 21
32 22
31 22
30 22
29 22
28 22
27 22
26 22
25 22
24 22
31 23
30 23
29 23
28 23
27 23
26 23
25 23
24 23
31 24
30 24
29 24
28 24
27 24
26 24
25 24
24 24
23 21
23 22
23 23
23 24
22 24
22 23
22 22
22 21
22 20
22 19
21 23
21 22
21 21
21 20
21 19
21 18
20 18
20 19
29 25
28 25
27 25
26 25
25 25
24 25
23 25
0
Yes
26 43
26 44
26 45
25 45
25 44
25 43
24 44
24 43
23 44
23 43
25 46
26 46
25 47
26 47
26 48
25 48
24 48
24 49
25 49
26 49
27 49
27 48
27 47
27 46
27 45
27 44
27 43
28 44
28 45
28 46
28 47
28 48
28 49
28 43
29 43
30 43
30 42
29 42
28 42
27 42
26 42
25 42
24 42
23 42
22 42
30 41
29 41
28 41
27 41
26 41
25 41
24 41
23 41
22 41
29 40
28 40
27 40
26 40
25 40
24 40
23 40
22 40
28 39
27 39
26 39
25 39
24 39
23 39
22 39
28 38
27 38
26 38
25 38
24 38
23 38
22 38
28 37
27 37
26 37
25 37
24 37
23 37
22 37
28 36
27 36
26 36
25 36
24 36
23 36
22 36
28 35
27 35
26 35
25 35
24 35
23 35
22 35
21 35
21 36
21 37
21 38
21 39
21 40
21 41
21 42
21 43
20 43
20 42
20 41
20 40
20 39
20 38
20 37
20 36
20 35
20 34
21 34
22 34
23 34
24 34
25 34
26 34
27 34
28 34
28 33
27 33
26 33
25 33
24 33
23 33
22 33
21 33
20 33
19 33
19 32
20 32
21 32
22 32
23 32
24 32
25 32
26 32
27 32
28 32
0
Yes
14 0
14 1
13 1
13 0
13 2
14 2
0
Yes
27 29
27 30
28 30
29 30
29 31
28 31
27 31
29 32
28 32
27 32
28 33
27 33
28 34
27 34
26 34
26 33
26 32
26 31
26 30
26 29
26 28
26 27
27 27
28 27
25 27
25 28
25 29
25 30
25 31
25 32
25 33
25 34
24 34
24 33
24 32
24 31
24 30
24 29
24 28
24 27
23 29
23 30
23 31
23 32
23 33
23 34
23 28
23 27
22 28
22 27
22 32
22 33
22 34
21 32
21 33
21 34
20 34
20 33
20 32
19 32
19 33
28 26
27 26
26 26
25 26
24 26
23 26
22 26
22 25
21 25
21 26
30 32
30 31
30 30
20 35
21 35
22 35
23 35
24 35
25 35
26 35
27 35
28 35
28 36
27 36
26 36
25 36
24 36
23 36
22 36
21 36
20 36
20 37
21 37
22 37
23 37
24 37
25 37
26 37
27 37
28 37
28 38
27 38
26 38
25 38
24 38
23 38
22 38
21 38
20 38
20 39
21 39
22 39
23 39
24 39
0
Yes
49 30
48 30
47 30
46 30
45 30
45 29
46 29
47 29
48 29
49 29
45 28
46 28
47 28
48 28
49 28
45 27
46 27
47 27
48 27
49 27
0
Yes
24 49
24 48
25 48
25 49
25 47
26 47
26 48
26 49
27 49
27 48
27 47
28 47
28 48
28 49
28 46
27 46
26 46
25 46
25 45
26 45
27 45
0
Yes
49 8
49 9
48 9
48 8
48 7
49 7
49 6
48 6
48 5
49 5
49 4
48 4
48 3
49 3
49 2
48 2
48 1
49 1
47 1
47 2
47 3
47 4
47 5
47 6
47 7
47 8
47 9
46 2
46 3
46 4
46 5
46 6
46 7
46 8
46 9
45 3
45 4
45 5
45 6
45 7
45 8
45 9
44 4
44 5
44 6
44 7
44 8
44 9
47 0
48 0
49 0
0
No
0
Yes
18 15
19 15
19 16
18 16
17 15
17 16
16 15
16 16
15 15
15 16
14 16
19 17
18 17
17 17
16 17
15 17
14 17
14 18
15 18
16 18
17 18
18 18
19 18
19 19
18 19
17 19
16 19
18 20
17 20
16 20
16 21
15 21
15 20
13 17
13 16
13 15
13 14
12 16
12 15
12 14
12 13
12 12
11 12
11 13
11 14
11 15
11 16
10 14
10 15
10 16
9 16
9 15
8 15
8 16
0
Yes
0 17
1 17
1 18
0 18
0 19
1 19
2 19
2 20
1 20
0 20
0
Yes
20 34
20 35
20 36
20 37
20 38
20 39
20 40
20 41
20 42
21 42
21 41
21 40
21 39
21 38
21 37
21 36
21 35
21 34
22 42
22 41
22 40
22 39
22 38
22 37
22 36
22 35
22 34
23 34
23 35
23 36
23 37
23 38
23 39
23 40
23 41
23 42
24 42
24 41
24 40
24 39
24 38
24 37
24 36
24 35
24 34
25 34
25 35
25 36
25 37
25 38
25 39
25 40
25 41
25 42
26 42
26 41
26 40
26 39
26 38
26 37
26 36
26 35
26 34
27 34
27 35
27 36
27 37
27 38
27 39
27 40
27 41
27 42
27 33
26 33
25 33
24 33
23 33
22 33
21 33
20 33
28 33
28 34
28 35
28 36
28 37
28 38
28 39
28 40
28 41
28 42
29 40
29 41
29 42
0
Yes
37 6
38 6
39 6
40 6
40 7
39 7
38 7
37 7
36 7
36 8
37 8
38 8
39 8
40 8
35 8
43 11
35 9
36 9
37 9
38 9
39 9
40 9
35 10
36 10
37 10
38 10
39 10
40 10
35 11
36 11
37 11
38 11
39 11
40 11
35 12
36 12
37 12
38 12
39 12
40 12
35 13
36 13
37 13
38 13
39 13
40 13
36 14
37 14
38 14
39 14
40 14
41 14
41 13
41 12
41 11
41 10
41 9
41 8
41 7
41 6
42 13
42 12
42 11
42 10
42 9
42 8
42 7
42 6
41 5
42 5
43 5
43 6
43 7
43 8
43 9
43 10
0
No
0
Yes
7 9
7 8
8 8
8 9
8 7
7 7
7 6
8 6
0
Yes
27 18
26 18
26 19
27 19
25 19
28 19
29 19
29 20
28 20
27 20
26 20
25 20
24 20
30 20
31 20
31 21
30 21
29 21
28 21
27 21
26 21
25 21
24 21
23 21
32 21
32 22
31 22
30 22
29 22
28 22
27 22
26 22
25 22
24 22
23 22
31 23
30 23
29 23
28 23
27 23
26 23
25 23
24 23
23 23
31 24
30 24
29 24
28 24
27 24
26 24
25 24
24 24
23 24
29 25
28 25
27 25
26 25
25 25
24 25
23 25
28 26
27 26
26 26
25 26
24 26
23 26
22 24
22 25
22 26
22 23
22 22
22 21
21 23
21 22
21 21
21 26
21 25
21 20
22 20
22 19
21 19
31 30
28 27
27 27
26 27
25 27
24 27
23 27
22 27
22 28
23 28
24 28
25 28
26 28
23 29
24 29
25 29
26 29
27 29
23 30
24 30
25 30
26 30
27 30
28 30
29 30
30 30
30 31
29 31
28 31
27 31
26 31
25 31
24 31
23 31
23 32
24 32
25 32
26 32
27 32
28 32
29 32
30 32
0
Yes
8 15
9 15
10 15
8 16
9 16
10 16
0
Yes
0 42
1 42
2 42
3 42
3 43
2 43
1 43
0 43
0 44
1 44
2 44
3 44
3 45
2 45
1 45
0 45
4 43
4 44
4 45
0
Yes
3 48
3 49
2 49
2 48
2 47
3 47
3 46
2 46
1 46
1 47
1 48
1 49
0 46
0 47
0 48
0 49
4 46
4 47
4 48
4 49
5 49
0
Yes
0 21
1 21
2 21
2 22
1 22
0 22
0 23
1 23
2 23
2 24
1 24
0 24
0 25
1 25
2 25
3 21
3 22
3 23
3 24
3 25
4 25
4 24
4 23
4 22
0
Yes
49 30
49 31
49 32
49 33
49 34
49 35
49 36
49 37
48 37
48 36
48 35
48 34
48 33
48 32
48 31
48 30
47 30
47 31
47 32
47 33
47 34
47 35
47 36
47 37
46 37
46 36
46 35
46 34
46 33
46 32
46 31
46 30
45 30
45 31
45 32
45 33
45 34
45 35
45 36
45 37
44 37
44 36
44 35
44 34
44 33
44 32
44 31
44 30
43 30
43 31
43 32
43 33
43 34
43 35
43 36
43 37
42 37
42 36
42 35
42 34
42 33
42 32
42 31
42 30
41 30
41 31
41 32
41 33
41 34
41 35
41 36
41 37
41 38
42 38
43 38
44 38
45 38
46 38
47 38
48 38
49 38
49 39
48 39
47 39
46 39
45 39
44 39
43 39
42 39
41 39
41 40
42 40
43 40
44 40
45 40
46 40
47 40
48 40
49 40
41 29
42 29
43 29
44 29
45 29
46 29
47 29
48 29
49 29
49 28
48 28
47 28
46 28
45 28
44 28
43 28
42 28
41 28
41 27
42 27
43 27
44 27
45 27
46 27
47 27
48 27
49 27
49 26
48 26
47 26
46 26
45 26
44 26
0
Yes
17 2
16 2
16 3
17 3
16 4
17 4
16 5
17 5
18 5
18 4
18 3
18 2
17 1
18 1
17 0
18 0
19 0
19 1
19 2
19 3
19 4
19 5
19 6
19 7
20 7
20 6
20 5
20 4
20 3
20 2
20 1
20 0
21 0
21 1
21 2
21 3
21 4
21 5
21 6
21 7
22 7
22 6
22 5
22 4
22 3
22 2
22 1
22 0
23 6
23 5
23 4
23 3
23 2
23 1
23 0
24 6
24 5
24 4
24 3
24 2
24 1
24 0
25 6
25 5
25 4
25 3
25 2
25 1
25 0
26 0
26 1
26 2
26 3
0
No
0
No
0
No
0
No
0
No
0
Yes
2 40
2 41
3 41
3 40
4 41
4 40
1 41
1 40
0 41
0 40
0 39
1 39
2 39
3 39
4 39
4 38
3 38
2 38
1 38
0 38
4 37
3 37
2 37
1 37
0 37
4 36
3 36
2 36
1 36
0 36
4 35
3 35
2 35
1 35
0 35
0
Yes
49 12
48 12
48 11
49 11
49 10
48 10
47 10
47 11
47 12
0
No
0
Yes
0 46
1 46
1 47
0 47
0 48
1 48
1 49
0 49
2 46
2 47
2 48
2 49
3 46
3 47
3 48
3 49
4 46
4 47
0
Yes
1 38
1 39
1 40
2 40
2 39
2 38
3 38
3 39
3 40
4 40
4 39
4 38
5 38
5 39
5 40
4 37
3 37
2 37
1 37
4 36
3 36
2 36
1 36
0 36
0 37
0 38
0 39
0 40
5 41
4 41
3 41
2 41
1 41
0 41
4 35
3 35
2 35
1 35
0 35
4 34
3 34
2 34
1 34
0 34
4 33
3 33
2 33
1 33
0 33
0
No
0
Yes
1 29
2 29
3 29
4 29
4 28
3 28
2 28
1 28
4 27
3 27
2 27
1 27
4 26
3 26
2 26
1 26
0 26
0 27
0 28
0 29
4 30
3 30
2 30
1 30
0 30
3 31
2 31
1 31
0 31
0
No
0
Yes
42 23
43 23
43 24
42 24
43 25
42 25
43 26
42 26
41 26
41 25
41 24
41 23
43 22
42 22
41 22
43 21
42 21
41 21
40 26
40 25
40 24
40 23
40 22
40 21
39 26
39 25
39 24
39 23
39 22
39 21
0
Yes
30 6
31 6
29 6
28 6
28 5
29 5
30 5
31 5
31 4
30 4
29 4
28 4
32 6
32 5
32 4
33 4
33 5
0
Yes
20 17
20 18
20 19
19 19
19 18
19 17
19 16
19 15
18 15
18 16
18 17
18 18
18 19
17 15
17 16
17 17
17 18
17 19
16 19
16 18
16 17
16 16
16 15
15 15
15 16
15 17
15 18
18 20
17 20
0
No
0
No
0
Yes
39 36
40 36
40 37
39 37
40 38
39 38
40 35
39 35
38 35
38 36
38 37
38 38
37 35
37 36
37 37
37 38
36 35
36 36
36 37
36 38
38 34
39 34
40 34
36 39
37 39
38 39
39 39
40 39
40 40
39 40
38 40
0
No
0
Yes
26 32
27 32
28 32
29 32
30 32
30 31
29 31
28 31
27 31
26 31
30 30
29 30
28 30
27 30
26 30
27 29
26 29
26 28
25 32
25 31
25 30
25 29
25 28
25 27
26 27
27 27
28 27
28 26
27 26
26 26
25 26
25 25
26 25
27 25
28 25
29 25
29 24
28 24
27 24
26 24
25 24
30 24
31 24
31 23
30 23
29 23
28 23
27 23
26 23
25 23
25 22
26 22
27 22
28 22
29 22
30 22
31 22
32 22
33 22
33 21
32 21
31 21
30 21
29 21
28 21
27 21
26 21
25 21
31 20
30 20
29 20
28 20
27 20
26 20
25 20
25 19
26 19
27 19
28 19
29 19
27 18
26 18
24 20
24 21
24 22
24 23
24 24
24 25
24 26
24 27
24 28
24 29
24 30
24 31
24 32
23 32
23 31
23 30
23 29
23 28
23 27
23 26
23 25
23 24
23 23
23 22
23 21
22 28
22 27
22 26
22 25
22 24
22 23
22 22
22 21
21 23
21 22
21 21
21 25
21 26
21 20
22 20
22 19
21 19
34 22
34 21
34 20
34 19
34 18
35 18
35 19
35 20
35 21
35 22
0
Yes
5 20
4 20
4 21
5 21
3 21
2 21
1 21
0 21
0 22
1 22
2 22
3 22
4 22
5 22
5 23
4 23
3 23
2 23
1 23
0 23
6 22
6 21
6 20
6 19
7 19
7 20
7 21
4 24
3 24
2 24
1 24
0 24
4 25
3 25
2 25
1 25
0
No
0
No
0
No
0
No
0
Yes
49 0
49 1
49 2
48 2
48 1
48 0
47 0
47 1
47 2
46 2
46 3
47 3
48 3
49 3
49 4
48 4
47 4
0
Yes
8 46
8 45
7 45
7 46
6 45
6 46
5 45
5 46
5 47
6 47
7 47
8 47
8 48
7 48
6 48
5 48
4 48
4 49
5 49
6 49
7 49
0
Yes
21 37
20 37
20 38
21 38
20 39
21 39
20 40
21 40
20 36
21 36
20 35
21 35
22 35
22 36
22 37
22 38
22 39
22 40
23 40
23 39
23 38
23 37
23 36
23 35
24 35
24 36
24 37
24 38
24 39
24 40
25 40
25 39
25 38
25 37
25 36
25 35
26 35
26 36
26 37
26 38
26 39
26 40
20 34
21 34
22 34
23 34
24 34
25 34
26 34
26 33
25 33
24 33
23 33
22 33
21 33
20 33
19 33
19 32
20 32
21 32
22 32
27 33
27 34
27 35
27 36
27 37
27 38
27 39
27 40
28 33
28 34
28 35
28 36
28 37
28 38
28 39
28 40
0
Yes
48 25
49 25
47 25
46 25
46 24
47 24
48 24
49 24
49 23
48 23
47 23
46 23
46 22
47 22
48 22
49 22
49 21
48 21
47 21
46 21
45 25
45 24
45 23
0
Yes
49 7
49 8
49 9
49 10
48 10
48 9
48 8
48 7
48 6
49 6
49 5
48 5
47 5
47 6
47 7
47 8
47 9
47 10
46 10
46 9
46 8
46 7
46 6
46 5
46 4
45 4
45 5
45 6
45 7
45 8
45 9
45 10
44 4
44 5
44 6
44 7
44 8
44 9
44 10
43 5
43 6
43 7
43 8
43 9
43 10
42 5
42 6
42 7
42 8
42 9
42 10
41 5
41 6
41 7
41 8
41 9
41 10
40 6
40 7
40 8
40 9
40 10
39 6
39 7
39 8
39 9
39 10
38 6
38 7
38 8
38 9
38 10
37 6
37 7
37 8
37 9
37 10
36 7
36 8
36 9
36 10
35 8
35 9
35 10
35 11
36 11
37 11
38 11
39 11
40 11
41 11
42 11
43 11
44 11
45 11
46 11
47 11
48 11
49 11
49 12
48 12
47 12
46 12
45 12
44 12
43 12
42 12
41 12
40 12
39 12
38 12
37 12
1
694
1 29
1 30
2 30
2 29
3 29
3 30
4 30
4 29
4 28
3 28
2 28
1 28
0 28
0 29
0 30
3 31
2 31
1 31
0 31
3 32
2 32
1 32
0 32
Yes
38 18
37 18
38 17
38 16
37 19
38 19
36 19
36 20
37 20
38 20
36 21
37 21
38 21
36 22
37 22
38 22
37 23
38 23
37 24
38 24
37 25
38 25
39 25
39 24
39 23
39 22
39 21
39 20
39 19
39 18
39 17
39 16
39 26
40 26
40 25
40 24
40 23
40 22
40 21
40 20
40 19
40 18
40 17
40 16
41 16
41 17
41 18
41 19
41 20
41 21
41 22
41 23
41 24
41 25
41 26
42 19
42 20
42 21
42 22
42 23
42 24
42 25
42 26
43 26
43 25
43 24
43 23
43 22
43 21
43 20
44 20
44 21
44 22
44 23
44 24
44 25
45 25
45 24
45 23
45 22
45 21
45 20
46 20
46 21
46 22
46 23
46 24
46 25
47 25
47 24
47 23
47 22
47 21
47 20
48 25
48 24
48 23
48 22
48 21
48 20
48 19
49 19
49 20
49 21
49 22
49 23
49 24
49 25
41 15
40 15
39 15
0
Yes
15 11
15 10
16 10
17 10
14 10
14 11
14 12
13 12
13 11
13 10
12 10
12 11
12 12
12 13
11 13
11 12
11 11
11 10
10 12
10 11
10 10
9 12
9 11
9 10
8 12
8 11
8 10
12 9
13 9
14 9
15 9
16 9
17 9
18 9
18 8
17 8
16 8
15 8
14 8
14 7
15 7
16 7
17 7
18 7
18 6
17 6
16 6
0
Yes
30 41
29 41
28 41
27 41
27 42
28 42
29 42
30 42
30 43
29 43
28 43
27 43
28 44
27 44
26 44
26 43
26 42
26 41
25 41
25 42
25 43
25 44
24 44
24 43
24 42
24 41
23 44
23 43
23 42
23 41
22 41
22 42
21 41
21 42
0
No
0
Yes
9 8
9 9
9 10
9 11
9 12
8 12
8 11
8 10
8 9
8 8
7 9
7 8
10 8
10 9
10 10
10 11
10 12
0
Yes
23 24
22 24
22 23
23 23
24 23
24 24
25 24
25 23
26 23
26 24
27 24
27 23
28 23
28 24
29 24
29 23
30 24
30 23
31 24
31 23
31 22
30 22
29 22
28 22
27 22
26 22
25 22
24 22
23 22
22 22
23 21
24 21
25 21
26 21
27 21
28 21
29 21
30 21
31 21
22 21
31 20
30 20
29 20
28 20
27 20
26 20
25 20
24 20
25 19
26 19
27 19
28 19
29 19
27 18
26 18
22 20
22 19
32 21
32 22
33 22
33 21
34 22
34 21
34 20
34 19
34 18
35 18
35 19
35 20
35 21
35 22
21 19
21 20
21 21
21 22
21 23
29 25
28 25
27 25
26 25
25 25
24 25
23 25
22 25
21 25
21 26
22 26
23 26
24 26
25 26
26 26
27 26
28 26
28 27
27 27
26 27
25 27
24 27
23 27
22 27
22 28
23 28
24 28
25 28
26 28
23 29
24 29
25 29
26 29
1
633
13 11
13 12
14 12
14 11
15 11
15 10
14 10
13 10
13 9
14 9
15 9
14 8
15 8
14 7
15 7
16 10
16 9
16 8
16 7
16 6
17 10
17 9
17 8
17 7
17 6
18 6
18 7
18 8
18 9
12 9
12 10
12 11
12 12
11 10
11 11
11 12
11 13
12 13
11 14
12 14
13 14
10 14
Yes
40 38
40 39
40 40
39 40
39 39
39 38
38 40
38 39
38 38
37 40
37 39
37 38
40 37
39 37
38 37
37 37
40 36
39 36
38 36
37 36
36 36
36 37
36 38
36 39
36 40
36 41
36 42
36 43
36 44
35 44
35 43
35 42
35 41
35 40
35 39
35 38
35 37
35 36
35 45
35 46
35 47
34 47
34 46
34 45
34 44
34 43
34 42
34 41
34 40
34 39
34 38
34 37
34 36
33 36
33 37
33 38
33 39
33 40
33 41
33 42
33 43
33 44
33 45
33 46
33 47
32 47
32 46
32 45
32 44
32 43
32 42
32 41
32 40
32 39
32 38
32 37
32 36
31 41
31 42
31 43
31 44
31 45
31 46
31 47
31 40
31 39
31 38
31 37
31 36
30 40
30 39
30 38
30 37
30 36
29 40
29 39
29 38
29 37
29 36
30 44
30 45
30 46
30 47
29 44
29 45
29 46
29 47
29 48
30 48
31 48
32 48
33 48
34 48
35 48
35 49
34 49
33 49
32 49
31 49
30 49
29 49
29 35
30 35
31 35
32 35
33 35
34 35
35 35
36 35
37 35
38 35
39 35
40 35
40 34
39 34
38 34
36 34
35 34
34 34
33 34
32 34
31 34
30 34
29 34
0
No
0
No
0
Yes
21 3
21 4
21 5
22 5
22 4
22 3
22 2
21 2
21 1
22 1
22 0
21 0
20 0
20 1
20 2
20 3
20 4
20 5
19 5
19 4
19 3
19 2
19 1
19 0
18 5
18 4
18 3
18 2
18 1
18 0
17 0
17 1
17 2
17 3
17 4
17 5
16 5
16 4
16 3
16 2
23 0
23 1
23 2
23 3
0
Yes
22 8
22 9
21 9
21 8
20 9
20 8
22 7
21 7
20 7
19 7
19 6
20 6
21 6
22 6
0
Yes
40 27
40 28
40 29
41 27
41 28
41 29
41 30
42 27
42 28
42 29
42 30
43 27
43 28
43 29
43 30
43 31
42 31
41 31
40 31
40 32
41 32
42 32
43 32
44 32
44 31
44 30
44 29
44 28
44 27
45 27
45 28
45 29
45 30
45 31
45 32
46 32
46 31
46 30
46 29
46 28
46 27
44 26
45 26
46 26
47 26
47 27
47 28
47 29
47 30
47 31
47 32
48 26
48 27
48 28
48 29
48 30
48 31
48 32
49 26
49 27
49 28
49 29
49 30
49 31
49 32
41 33
42 33
43 33
44 33
45 33
46 33
47 33
48 33
0
Yes
49 41
49 42
49 43
49 44
49 45
48 45
48 44
48 43
48 42
48 41
48 40
49 40
49 39
48 39
48 38
49 38
47 38
47 39
47 40
47 41
47 42
47 43
47 44
47 45
46 45
46 44
46 43
46 42
46 41
46 40
46 39
46 38
45 38
45 39
45 40
45 41
45 42
45 43
45 44
45 45
44 45
44 44
44 43
44 42
44 41
44 40
44 39
44 38
43 38
43 39
43 40
43 41
43 42
43 43
43 44
43 45
42 45
42 44
42 43
42 42
42 41
42 40
42 39
42 38
42 46
43 46
44 46
45 46
46 46
47 46
48 46
49 46
49 47
48 47
47 47
46 47
45 47
44 47
43 47
42 47
42 48
43 48
44 48
45 48
46 48
47 48
48 48
49 48
49 49
48 49
47 49
46 49
45 49
44 49
43 49
42 49
0
Yes
26 1
26 2
26 3
27 3
25 3
25 2
25 1
24 1
24 2
24 3
24 0
25 0
26 0
0
Yes
2 29
2 30
3 30
3 29
4 30
4 29
4 28
3 28
2 28
4 27
3 27
2 27
4 26
3 26
2 26
1 26
1 27
1 28
1 29
1 30
0 26
0 27
0 28
0 29
0 30
0
Yes
13 39
14 39
14 40
14 41
15 41
15 40
15 39
15 42
16 42
16 41
16 40
16 39
17 39
17 40
17 41
17 42
17 43
18 43
18 42
18 41
18 40
18 39
19 39
19 40
19 41
19 42
19 43
20 43
20 42
20 41
20 40
20 39
21 40
21 39
22 40
22 39
23 40
23 39
24 40
24 39
25 40
25 39
25 38
24 38
23 38
22 38
21 38
20 38
19 38
18 38
17 38
16 38
15 38
14 38
13 38
12 38
12 37
13 37
14 37
15 37
16 37
17 37
18 37
19 37
20 37
21 37
22 37
23 37
24 37
25 37
13 36
14 36
15 36
16 36
17 36
18 36
19 36
20 36
21 36
22 36
23 36
24 36
25 36
14 35
15 35
16 35
17 35
18 35
19 35
20 35
21 35
22 35
23 35
24 35
25 35
18 34
19 34
20 34
21 34
22 34
23 34
24 34
25 34
17 34
16 34
15 34
14 34
11 37
11 38
10 38
10 37
14 33
15 33
16 33
17 33
17 32
16 32
15 32
19 44
18 44
19 33
20 33
21 33
22 33
23 33
24 33
25 33
19 32
20 32
21 32
22 32
23 32
24 32
25 32
23 31
24 31
25 31
23 30
24 30
25 30
26 30
26 31
26 32
26 33
26 34
26 35
26 36
0
Yes
29 49
29 48
29 47
29 46
30 46
30 47
30 48
30 49
31 49
31 48
31 47
31 46
32 46
32 47
32 48
32 49
33 49
33 48
33 47
0
Yes
35 8
35 9
35 10
35 11
35 12
35 13
36 13
36 12
36 11
36 10
36 9
36 8
36 7
36 14
37 14
37 13
37 12
37 11
37 10
37 9
37 8
37 7
37 6
38 6
38 7
38 8
38 9
38 10
38 11
38 12
38 13
38 14
39 14
39 13
39 12
39 11
39 10
39 9
39 8
39 7
39 6
40 6
40 7
40 8
40 9
40 10
40 11
40 12
40 13
40 14
41 14
41 13
41 12
41 11
41 10
41 9
41 8
41 7
41 6
41 5
42 5
42 6
42 7
42 8
42 9
42 10
42 11
42 12
42 13
43 13
43 12
43 11
43 10
43 9
43 8
43 7
43 6
43 5
44 13
44 12
44 11
44 10
44 9
44 8
44 7
44 6
44 5
44 4
45 4
45 5
45 6
45 7
45 8
45 9
45 10
45 11
45 12
46 4
46 5
46 6
46 7
46 8
46 9
46 10
46 11
46 12
0
No
0
Yes
38 41
38 42
38 43
38 44
38 45
38 46
38 47
38 48
38 49
39 49
39 48
39 47
39 46
39 45
39 44
39 43
39 42
39 41
40 41
40 42
40 43
40 44
40 45
40 46
40 47
40 48
40 49
41 49
41 48
41 47
41 46
41 45
41 44
41 43
41 42
41 41
41 40
40 40
39 40
38 40
41 39
40 39
39 39
38 39
37 39
37 40
37 41
37 42
37 43
37 44
37 45
37 46
37 47
37 48
37 49
36 49
36 48
36 47
36 46
36 45
36 44
36 43
36 42
36 41
36 40
36 39
35 39
35 40
35 41
35 42
35 43
35 44
35 45
35 46
35 47
35 48
35 49
34 49
34 48
34 47
34 46
34 45
34 44
34 43
34 42
34 41
34 40
34 39
33 46
33 45
33 44
33 43
33 42
33 41
33 40
33 39
32 45
32 44
32 43
32 42
0
No
0
No
0
Yes
14 2
14 1
14 0
13 2
13 1
13 0
0
Yes
2 20
1 20
0 20
2 19
1 19
0 19
1 18
0 18
1 17
0 17
0
Yes
45 35
45 34
46 34
46 35
47 34
47 35
48 34
48 35
48 36
47 36
46 36
45 36
45 37
46 37
47 37
48 37
49 37
49 36
49 35
49 34
44 37
44 36
44 35
44 34
43 34
43 35
43 36
43 37
42 37
42 36
42 35
0
No
0
Yes
24 20
24 21
23 21
23 22
24 22
24 23
23 23
23 24
24 24
22 24
22 23
22 22
22 21
22 20
22 25
23 25
24 25
24 26
23 26
22 26
22 27
23 27
24 27
22 28
23 28
24 28
23 29
24 29
25 29
25 28
25 27
25 26
25 25
25 24
25 23
25 22
25 21
25 20
26 28
26 29
26 27
26 26
26 25
26 24
26 23
26 22
26 21
26 20
33 23
27 27
27 26
27 25
27 24
27 23
27 22
27 21
27 20
28 27
28 26
28 25
28 24
28 23
28 22
28 21
28 20
29 25
29 24
29 23
29 22
29 21
29 20
30 20
30 21
30 22
30 23
30 24
31 24
31 23
31 22
31 21
31 20
32 21
32 22
29 19
28 19
27 19
26 19
25 19
26 18
27 18
21 26
21 25
22 19
21 19
21 20
21 21
21 22
21 23
33 22
33 21
34 22
34 21
35 22
35 21
35 20
34 20
34 19
35 19
35 18
34 18
0
Yes
31 37
31 38
31 39
32 39
32 38
32 37
33 38
33 37
32 40
31 40
30 40
30 39
30 38
30 37
29 40
29 39
29 38
29 37
28 40
28 39
28 38
28 37
27 40
27 39
27 38
27 37
26 37
26 38
26 39
26 40
27 36
28 36
29 36
30 36
31 36
32 36
33 36
27 35
28 35
29 35
30 35
31 35
32 35
33 35
27 34
28 34
29 34
30 34
31 34
32 34
33 34
33 33
32 33
31 33
30 33
29 33
28 33
27 33
0
No
0
No
0
Yes
29 0
29 1
29 2
29 3
28 3
28 2
28 1
28 0
27 2
27 1
27 0
30 3
30 2
30 1
30 0
31 2
31 3
31 1
31 0
0
Yes
49 48
49 49
48 49
48 48
48 47
49 47
49 46
48 46
48 45
49 45
49 44
48 44
48 43
49 43
49 42
48 42
48 41
49 41
49 40
48 40
48 39
49 39
49 38
48 38
48 37
49 37
49 36
48 36
48 35
49 35
49 34
48 34
47 34
47 35
47 36
47 37
47 38
47 39
47 40
47 41
47 42
47 43
47 44
47 45
47 46
47 47
47 48
47 49
46 34
46 35
46 36
46 37
46 38
46 39
46 40
46 41
46 42
46 43
46 44
46 45
46 46
46 47
46 48
46 49
45 34
45 35
45 36
45 37
45 38
45 39
45 40
45 41
45 42
45 43
45 44
45 45
45 46
45 47
45 48
45 49
44 34
44 35
44 36
44 37
44 38
44 39
44 40
44 41
44 42
44 43
44 44
44 45
44 46
44 47
44 48
44 49
43 34
43 35
43 36
43 37
43 38
43 39
43 40
43 41
43 42
43 43
43 44
43 45
43 46
43 47
43 48
43 49
42 49
42 48
42 47
42 46
42 45
42 44
42 43
42 42
42 41
0
No
0
No
0
Yes
1 14
1 15
2 15
2 14
3 14
0
Yes
6 21
7 21
7 20
6 20
6 19
7 19
5 20
5 21
4 20
4 21
0
Yes
10 12
10 11
9 12
9 11
8 12
8 11
8 10
9 10
10 10
10 9
9 9
8 9
10 8
9 8
0
Yes
3 26
4 26
4 27
3 27
4 25
3 25
2 25
2 26
2 27
1 27
1 26
1 25
0 25
0 26
0 27
4 24
3 24
2 24
1 24
0 24
4 28
3 28
2 28
1 28
0 28
4 29
3 29
2 29
1 29
0 29
4 30
3 30
2 30
1 30
0 30
0
No
0
Yes
29 5
29 6
30 6
30 5
30 4
29 4
28 4
28 5
28 6
27 6
27 5
27 4
26 4
26 5
26 6
25 6
25 5
25 4
24 4
24 5
24 6
23 6
23 5
23 4
31 4
31 5
31 6
32 6
32 5
32 4
33 4
33 5
0
Yes
14 17
14 16
13 17
13 16
12 16
13 15
12 15
0
No
0
Yes
8 6
7 6
7 7
8 7
7 8
8 8
1
736
1 17
1 18
0 17
0 18
0 19
1 19
0 20
Yes
17 6
16 6
18 6
19 6
19 7
18 7
17 7
16 7
15 7
14 7
14 8
15 8
16 8
17 8
18 8
18 9
17 9
16 9
15 9
14 9
17 10
16 10
15 10
14 10
15 11
14 11
14 12
13 12
13 11
13 10
13 9
12 9
12 10
12 11
12 12
12 13
12 14
13 14
13 15
12 15
12 16
13 16
13 17
14 16
14 17
14 18
15 18
15 17
15 16
15 15
16 15
16 16
16 17
16 18
16 19
17 15
17 16
17 17
17 18
17 19
17 20
16 20
16 21
15 21
15 20
18 20
18 19
18 18
18 17
18 16
18 15
19 15
19 16
19 17
19 18
19 19
20 19
20 18
20 17
11 16
11 15
11 14
11 13
11 12
11 11
11 10
10 14
10 15
10 16
9 16
9 15
8 15
8 16
10 12
10 11
0
No
0
No
0
No
0
Yes
41 14
40 14
39 14
38 14
37 14
36 14
36 13
37 13
38 13
39 13
40 13
41 13
35 13
35 12
36 12
37 12
38 12
39 12
40 12
41 12
35 11
36 11
37 11
38 11
39 11
40 11
41 11
35 10
36 10
37 10
38 10
39 10
40 10
41 10
35 9
36 9
37 9
38 9
39 9
40 9
41 9
35 8
36 8
37 8
0
Yes
10 15
10 14
10 16
11 16
11 15
11 14
12 16
12 15
12 14
13 14
13 15
13 16
13 17
14 16
14 17
14 18
15 18
15 17
15 16
15 15
16 15
16 16
16 17
16 18
16 19
17 15
17 16
17 17
17 18
17 19
17 20
16 20
16 21
15 21
15 20
18 20
18 19
18 18
18 17
18 16
18 15
19 15
19 16
19 17
19 18
19 19
9 16
9 15
8 15
8 16
20 19
20 18
20 17
12 13
11 13
11 12
12 12
13 12
14 12
10 12
9 12
8 12
8 11
9 11
10 11
11 11
12 11
13 11
14 11
15 11
11 10
12 10
13 10
14 10
15 10
10 10
9 10
8 10
8 9
9 9
10 9
10 8
9 8
12 9
13 9
14 9
15 9
14 8
15 8
14 7
15 7
16 10
16 9
16 8
16 7
17 10
17 9
17 8
17 7
18 9
18 8
18 7
19 7
16 6
17 6
18 6
19 6
16 5
17 5
18 5
19 5
16 4
17 4
18 4
19 4
16 3
17 3
18 3
19 3
16 2
17 2
18 2
19 2
17 1
18 1
19 1
17 0
18 0
19 0
20 0
20 1
20 2
20 3
0
No
0
Yes
49 5
48 5
47 5
47 6
48 6
49 6
46 6
46 5
46 4
45 4
45 5
45 6
44 4
44 5
44 6
43 5
43 6
42 5
42 6
41 5
41 6
40 6
39 6
38 6
37 6
37 7
38 7
39 7
40 7
41 7
42 7
43 7
44 7
45 7
46 7
47 7
48 7
49 7
38 8
39 8
40 8
41 8
42 8
43 8
44 8
45 8
46 8
47 8
48 8
49 8
42 9
43 9
44 9
45 9
46 9
47 9
48 9
49 9
42 10
43 10
44 10
45 10
46 10
47 10
48 10
49 10
42 11
43 11
44 11
45 11
46 11
47 11
48 11
49 11
49 12
48 12
47 12
46 12
45 12
44 12
43 12
42 12
0
Yes
30 30
30 31
30 32
29 32
29 31
29 30
28 30
28 31
28 32
27 32
27 31
27 30
0
No
0
Yes
40 39
40 40
40 41
41 41
41 40
41 39
41 42
40 42
41 43
40 43
41 44
40 44
41 45
40 45
41 46
40 46
41 47
40 47
41 48
40 48
41 49
40 49
39 49
39 48
39 47
39 46
39 45
39 44
39 43
39 42
39 41
39 40
39 39
38 39
38 40
38 41
38 42
38 43
38 44
38 45
38 46
38 47
38 48
38 49
37 49
37 48
37 47
37 46
37 45
37 44
37 43
37 42
37 41
37 40
37 39
36 39
36 40
36 41
36 42
36 43
36 44
36 45
36 46
36 47
36 48
36 49
35 49
35 48
35 47
35 46
35 45
35 44
35 43
35 42
35 41
35 40
35 39
34 47
34 48
34 49
34 46
34 45
34 44
0
No
0
Yes
2 49
3 49
3 48
2 48
2 47
3 47
4 47
4 46
3 46
2 46
4 45
3 45
2 45
4 44
3 44
2 44
1 44
1 45
1 46
1 47
1 48
1 49
0 49
0 48
0 47
0 46
0 45
0
Yes
39 38
40 38
41 38
42 38
42 37
41 37
40 37
39 37
42 36
41 36
40 36
39 36
42 35
41 35
40 35
39 35
42 34
41 34
40 34
39 34
38 34
38 35
38 36
38 37
38 38
37 35
37 36
37 37
0
Yes
48 19
49 19
49 20
48 20
47 20
46 20
45 20
44 20
43 20
43 21
44 21
45 21
46 21
47 21
48 21
49 21
49 22
48 22
47 22
46 22
45 22
44 22
43 22
43 23
44 23
45 23
46 23
47 23
48 23
49 23
49 24
48 24
47 24
46 24
45 24
44 24
43 24
44 25
45 25
46 25
47 25
48 25
49 25
43 25
0
Yes
29 4
29 5
29 6
30 6
30 5
30 4
28 6
28 5
28 4
27 6
27 5
27 4
26 6
26 5
26 4
26 3
27 3
28 3
29 3
30 3
30 2
29 2
28 2
27 2
26 2
26 1
27 1
28 1
29 1
30 1
30 0
29 0
28 0
27 0
26 0
31 2
31 3
31 4
31 5
31 6
31 1
31 0
25 6
25 5
25 4
25 3
25 2
25 1
25 0
24 6
24 5
24 4
24 3
24 2
24 1
24 0
23 6
23 5
23 4
23 3
0
Yes
25 2
25 3
24 3
24 2
24 1
25 1
25 0
24 0
23 0
23 1
23 2
23 3
22 3
22 2
22 1
22 0
21 0
21 1
21 2
21 3
21 4
22 4
23 4
0
Yes
29 0
29 1
29 2
29 3
29 4
29 5
29 6
30 6
30 5
30 4
30 3
30 2
30 1
30 0
31 2
31 3
31 4
31 5
31 6
31 1
31 0
28 6
28 5
28 4
28 3
28 2
28 1
28 0
27 6
27 5
27 4
27 3
27 2
0
Yes
40 26
39 26
41 26
41 25
40 25
39 25
38 25
37 25
37 24
38 24
39 24
40 24
41 24
37 23
38 23
39 23
40 23
41 23
41 22
40 22
39 22
38 22
37 22
37 21
38 21
39 21
40 21
41 21
36 22
36 21
42 26
42 25
42 24
42 23
42 22
42 21
42 20
41 20
40 20
39 20
38 20
37 20
36 20
36 19
37 19
38 19
39 19
40 19
41 19
42 19
37 18
38 18
0
Yes
0 23
1 23
2 23
2 22
1 22
0 22
0 21
1 21
2 21
2 20
1 20
0 20
2 19
1 19
0 19
1 18
0 18
1 17
0 17
0
Yes
20 8
20 9
21 9
21 8
22 9
22 8
0
Yes
46 7
46 8
47 8
47 7
48 7
48 8
48 6
47 6
46 6
47 5
48 5
46 5
46 4
45 4
45 5
45 6
45 7
45 8
44 4
44 5
44 6
44 7
44 8
49 5
49 6
49 7
49 8
0
Yes
0 45
0 46
0 47
0 48
0 49
1 49
1 48
1 47
1 46
1 45
2 45
2 46
2 47
2 48
2 49
3 49
3 48
3 47
3 46
3 45
3 44
2 44
1 44
0 44
0 43
1 43
2 43
3 43
3 42
2 42
1 42
0 42
4 43
4 44
4 45
4 46
4 47
4 48
0
Yes
35 48
34 48
34 49
35 49
34 47
35 47
36 47
36 48
36 49
37 49
37 48
37 47
38 47
38 48
38 49
39 49
39 48
39 47
40 47
40 48
40 49
41 49
41 48
41 47
41 46
40 46
39 46
38 46
37 46
36 46
35 46
34 46
33 46
41 45
40 45
39 45
38 45
37 45
36 45
35 45
34 45
33 45
32 45
31 45
41 44
40 44
39 44
38 44
37 44
36 44
35 44
34 44
33 44
32 44
31 44
31 43
32 43
33 43
34 43
35 43
36 43
37 43
38 43
39 43
40 43
41 43
41 42
40 42
39 42
38 42
37 42
36 42
35 42
34 42
33 42
32 42
31 42
31 41
32 41
33 41
34 41
35 41
36 41
37 41
38 41
39 41
40 41
41 41
33 40
34 40
35 40
36 40
37 40
38 40
39 40
40 40
41 40
42 40
33 39
34 39
35 39
36 39
37 39
38 39
39 39
40 39
41 39
42 39
42 38
41 38
40 38
39 38
38 38
37 38
36 38
35 38
0
Yes
44 9
44 10
44 11
44 12
45 12
45 11
45 10
45 9
46 12
46 11
46 10
46 9
47 12
47 11
47 10
47 9
48 12
48 11
48 10
48 9
49 12
49 11
49 10
49 9
49 8
48 8
47 8
46 8
45 8
44 8
44 7
45 7
46 7
47 7
48 7
49 7
49 6
48 6
47 6
46 6
45 6
44 6
44 5
45 5
46 5
47 5
48 5
49 5
44 4
45 4
46 4
47 4
48 4
49 4
43 5
43 6
43 7
43 8
43 9
43 10
43 11
43 12
45 3
46 3
47 3
48 3
49 3
0
Yes
3 32
3 31
2 32
2 31
1 32
1 31
0 32
0 31
0 30
1 30
2 30
3 30
4 30
4 29
3 29
2 29
1 29
0 29
4 28
3 28
2 28
1 28
0 28
4 27
3 27
2 27
1 27
0 27
0
Yes
14 2
13 2
13 1
14 1
14 0
13 0
0
Yes
42 30
41 30
41 31
42 31
40 31
40 32
41 32
42 32
41 33
42 33
43 33
43 32
43 31
43 30
44 33
44 32
44 31
44 30
45 33
45 32
45 31
45 30
46 33
46 32
46 31
46 30
47 33
47 32
47 31
47 30
48 33
48 32
48 31
48 30
49 33
49 32
49 31
49 30
49 29
48 29
47 29
46 29
45 29
44 29
43 29
42 29
41 29
40 29
40 28
41 28
42 28
43 28
44 28
45 28
46 28
47 28
48 28
49 28
40 27
41 27
42 27
43 27
44 27
45 27
46 27
47 27
48 27
49 27
43 26
44 26
45 26
46 26
47 26
48 26
49 26
43 25
44 25
0
Yes
49 25
49 26
49 27
49 28
49 29
49 30
49 31
49 32
49 33
48 33
48 32
48 31
48 30
48 29
48 28
48 27
48 26
48 25
47 33
47 32
47 31
47 30
47 29
47 28
47 27
47 26
47 25
46 33
46 32
46 31
46 30
46 29
46 28
46 27
46 26
46 25
45 33
45 32
45 31
45 30
45 29
45 28
45 27
45 26
45 25
44 33
44 32
44 31
44 30
44 29
44 28
44 27
44 26
44 25
43 25
43 26
43 27
43 28
43 29
43 30
43 31
43 32
43 33
42 27
42 28
42 29
42 30
42 31
42 32
42 33
42 34
41 33
41 34
41 32
41 31
41 30
41 29
41 28
41 27
40 27
40 28
40 29
40 31
40 32
40 34
39 34
38 34
43 24
44 24
45 24
46 24
47 24
48 24
49 24
43 23
44 23
45 23
46 23
47 23
48 23
49 23
43 22
44 22
45 22
46 22
47 22
48 22
49 22
43 21
44 21
45 21
46 21
47 21
48 21
49 21
43 20
44 20
45 20
46 20
47 20
48 20
49 20
48 19
49 19
42 35
41 35
40 35
39 35
38 35
37 35
42 36
41 36
40 36
39 36
38 36
37 36
42 37
41 37
40 37
39 37
38 37
37 37
36 37
0
Yes
42 13
42 12
42 11
42 10
42 9
42 8
41 8
41 9
41 10
41 11
41 12
41 13
41 14
41 15
41 16
40 16
40 15
40 14
40 13
40 12
40 11
40 10
40 9
40 8
39 15
39 16
39 14
39 13
39 12
39 11
39 10
39 9
39 8
42 4
38 14
38 13
38 12
38 11
38 10
38 9
38 8
37 14
37 13
37 12
37 11
37 10
37 9
37 8
36 14
36 13
36 12
36 11
36 10
36 9
36 8
36 7
37 7
38 7
39 7
40 7
41 7
42 7
37 6
38 6
39 6
40 6
41 6
42 6
42 5
41 5
35 13
35 12
35 11
35 10
35 9
35 8
38 5
34 10
0
Yes
6 47
5 47
5 46
6 46
5 45
6 45
7 45
7 46
7 47
8 45
8 46
8 47
0
Yes
15 20
15 21
16 21
16 20
17 20
18 20
16 19
17 19
18 19
19 19
20 19
20 18
19 18
18 18
17 18
16 18
20 17
19 17
18 17
17 17
16 17
19 16
18 16
17 16
16 16
19 15
18 15
17 15
16 15
15 15
15 16
15 17
15 18
14 18
14 17
14 16
13 17
13 16
13 15
13 14
12 16
12 15
12 14
0
Yes
26 2
26 3
26 4
26 5
26 6
25 6
25 5
25 4
25 3
25 2
24 6
24 5
24 4
24 3
24 2
23 6
23 5
23 4
23 3
23 2
23 1
24 1
25 1
26 1
27 1
27 0
26 0
25 0
24 0
23 0
22 0
22 1
22 2
22 3
22 4
22 5
22 6
22 7
22 8
22 9
21 9
21 8
21 7
21 6
21 5
21 4
21 3
21 2
21 1
21 0
20 9
20 8
20 7
20 6
20 5
20 4
20 3
20 2
20 1
20 0
19 7
19 6
19 5
19 4
19 3
19 2
19 1
19 0
18 0
18 1
18 2
18 3
18 4
18 5
18 6
18 7
18 8
18 9
17 1
17 0
17 2
17 3
17 4
17 5
17 6
17 7
17 8
17 9
17 10
16 2
16 3
16 4
16 5
16 6
16 7
16 8
16 9
16 10
15 7
15 8
15 9
0
Yes
3 15
2 15
1 15
1 14
2 14
0
Yes
49 48
49 49
48 49
48 48
48 47
49 47
49 46
48 46
47 46
47 47
47 48
47 49
46 49
46 48
46 47
46 46
45 46
45 47
45 48
45 49
44 49
44 48
44 47
44 46
44 45
45 45
46 45
47 45
48 45
49 45
49 44
48 44
47 44
46 44
45 44
44 44
0
Yes
5 31
5 30
5 29
5 28
5 27
6 27
6 28
6 29
6 30
6 31
6 32
5 32
5 33
6 33
7 33
7 32
7 31
7 30
7 29
7 28
7 27
8 27
8 28
8 29
8 30
8 31
8 32
8 33
9 27
9 28
9 29
9 30
9 31
9 32
9 33
10 28
10 29
10 30
10 31
10 32
10 33
11 28
11 29
11 30
11 31
11 32
0
Yes
37 24
37 25
38 25
38 24
37 23
38 23
39 23
39 24
39 25
39 26
40 26
40 25
40 24
40 23
41 23
41 24
41 25
41 26
42 26
42 25
42 24
42 23
43 23
43 24
43 25
43 26
44 26
44 25
44 24
44 23
45 23
45 24
45 25
45 26
46 26
46 25
46 24
46 23
47 23
47 24
47 25
47 26
48 26
48 25
48 24
48 23
48 22
47 22
46 22
45 22
44 22
43 22
42 22
41 22
40 22
39 22
38 22
37 22
36 22
36 21
37 21
38 21
39 21
40 21
41 21
42 21
43 21
44 21
45 21
46 21
47 21
48 21
47 20
46 20
45 20
44 20
43 20
42 20
41 20
40 20
39 20
38 20
37 20
36 20
48 20
48 19
36 19
37 19
38 19
39 19
40 19
41 19
42 19
37 18
38 18
39 18
40 18
41 18
41 17
40 17
39 17
38 17
49 19
49 20
49 21
49 22
49 23
49 24
49 25
49 26
40 27
0
Yes
11 49
11 48
10 48
10 49
9 48
9 49
8 48
8 49
0
Yes
25 40
25 39
25 38
25 37
25 36
26 36
26 35
25 35
26 34
25 34
26 33
25 33
25 32
26 32
27 32
28 32
29 32
30 32
30 31
29 31
28 31
27 31
26 31
25 31
30 30
29 30
28 30
27 30
26 30
25 30
24 30
24 31
24 32
24 33
24 34
24 35
24 36
24 37
24 38
24 39
24 40
23 30
23 31
23 32
23 33
23 34
23 35
23 36
23 37
23 38
23 39
23 40
22 40
22 39
22 38
22 37
22 36
22 35
22 34
22 33
22 32
21 32
21 33
21 34
21 35
21 36
21 37
21 38
21 39
21 40
20 32
20 33
20 34
20 35
20 36
20 37
20 38
20 39
20 40
19 32
19 33
19 34
19 35
19 36
19 37
19 38
19 39
19 40
18 34
18 35
18 36
0
Yes
44 35
45 35
46 35
47 35
48 35
49 35
49 34
48 34
47 34
46 34
45 34
44 34
44 33
45 33
46 33
47 33
48 33
49 33
49 32
48 32
47 32
46 32
45 32
44 32
44 31
45 31
46 31
47 31
48 31
49 31
49 30
48 30
47 30
46 30
45 30
44 30
44 29
45 29
46 29
47 29
48 29
49 29
49 28
48 28
47 28
46 28
45 28
44 28
44 27
45 27
46 27
47 27
48 27
49 27
43 27
43 28
43 29
43 30
43 31
43 32
43 33
43 34
43 35
42 27
42 28
42 29
0
Yes
19 43
19 44
18 44
18 43
20 43
20 42
19 42
18 42
20 41
19 41
18 41
0
No
0
No
0
Yes
3 26
4 26
4 25
3 25
4 24
3 24
2 26
2 25
2 24
1 26
1 25
1 24
0 26
0 25
0 24
0 23
1 23
2 23
3 23
4 23
5 23
5 22
4 22
3 22
2 22
1 22
0 22
3 21
2 21
1 21
0 21
2 20
1 20
0 20
0
No
0
Yes
8 16
8 15
9 15
9 16
10 16
10 15
7 15
0
Yes
49 1
49 2
48 2
48 1
48 0
49 0
47 0
0
No
0
Yes
5 37
6 37
7 37
8 37
5 36
6 36
7 36
8 36
5 35
6 35
7 35
8 35
5 34
6 34
7 34
8 34
0
Yes
6 21
7 21
5 21
5 20
6 20
7 20
7 19
6 19
0
Yes
39 46
39 47
39 48
40 48
40 47
40 46
41 46
41 47
41 48
42 48
42 47
42 46
43 46
43 47
43 48
38 48
38 47
38 46
37 46
37 47
37 48
43 49
42 49
41 49
40 49
39 49
38 49
37 49
43 45
42 45
41 45
40 45
39 45
38 45
0
No
0
No
0
Yes
15 37
15 38
15 39
15 40
14 40
14 39
14 38
14 37
13 39
13 38
13 37
16 40
16 39
16 38
16 37
17 37
17 38
17 39
17 40
18 37
18 38
18 39
18 40
14 41
15 41
16 41
17 41
18 41
15 42
16 42
17 42
18 42
0
No
0
Yes
32 40
32 41
32 42
33 42
33 41
33 40
34 40
34 41
34 42
35 42
35 41
35 40
35 39
34 39
33 39
32 39
32 38
33 38
34 38
35 38
35 37
34 37
33 37
32 37
32 36
33 36
34 36
35 36
35 35
34 35
33 35
32 35
34 34
35 34
33 34
32 34
33 33
32 33
31 33
31 34
31 35
31 36
31 37
31 38
31 39
31 40
31 41
31 42
30 33
30 34
30 35
30 36
30 37
30 38
30 39
30 40
30 41
30 42
29 33
29 34
29 35
29 36
29 37
29 38
29 39
29 40
29 41
29 42
28 33
28 34
28 35
28 36
28 37
28 38
28 39
28 40
28 41
28 42
27 33
27 34
27 35
27 36
27 37
27 38
27 39
27 40
27 41
27 42
26 37
26 38
26 39
26 40
26 41
26 42
25 41
25 42
24 41
24 42
23 41
23 42
36 34
36 35
36 36
36 37
36 38
36 39
36 40
36 41
36 42
37 35
37 36
37 37
37 38
37 39
37 40
37 41
37 42
23 43
24 43
25 43
26 43
27 43
28 43
29 43
30 43
31 43
32 43
33 43
34 43
35 43
36 43
37 43
23 44
24 44
25 44
26 44
27 44
28 44
29 44
30 44
31 44
0
Yes
9 49
9 48
10 48
10 49
11 48
11 49
8 48
8 49
8 47
8 46
8 45
7 45
7 46
7 47
7 48
7 49
6 45
6 46
6 47
6 48
6 49
5 45
5 46
5 47
5 48
5 49
0
Yes
30 4
31 4
32 4
33 4
31 3
30 3
31 2
30 2
29 2
29 3
29 4
28 4
28 3
28 2
27 2
27 3
27 4
33 5
32 5
31 5
30 5
29 5
28 5
27 5
27 6
28 6
29 6
30 6
31 6
32 6
0
Yes
2 19
2 20
1 20
1 19
1 18
1 17
0 17
0 18
0 19
0 20
0
Yes
5 23
5 22
4 22
4 23
4 21
3 21
3 22
3 23
4 24
3 24
4 25
3 25
2 21
2 22
2 23
2 24
2 25
1 21
1 22
1 23
1 24
1 25
0 21
0 22
0 23
0 24
0 25
0 26
1 26
2 26
3 26
4 26
0
Yes
3 32
4 32
2 32
1 32
0 32
0 31
1 31
2 31
3 31
4 31
5 31
5 32
5 33
6 33
6 32
6 31
6 30
5 30
4 30
3 30
2 30
1 30
0 30
0 29
1 29
2 29
3 29
4 29
5 29
6 29
6 28
5 28
4 28
3 28
2 28
1 28
0 28
0 27
1 27
2 27
3 27
4 27
5 27
6 27
5 26
6 26
7 26
7 27
7 28
7 29
7 30
7 31
7 32
7 33
8 33
8 32
8 31
8 30
8 29
8 28
8 27
9 27
9 28
9 29
9 30
9 31
9 32
9 33
9 34
9 35
9 36
10 28
10 29
10 30
10 31
10 32
10 33
10 34
10 35
10 36
11 28
11 29
11 30
11 31
11 32
11 33
11 34
11 35
11 36
12 31
12 32
12 33
12 34
12 35
0
Yes
17 32
16 32
15 32
17 33
16 33
15 33
17 34
16 34
15 34
17 35
16 35
15 35
17 36
16 36
15 36
0
Yes
17 0
17 1
17 2
16 2
16 3
17 3
16 4
17 4
16 5
17 5
18 5
18 4
18 3
18 2
18 1
18 0
19 0
19 1
19 2
19 3
19 4
19 5
20 5
20 4
20 3
20 2
20 1
20 0
21 0
21 1
21 2
21 3
21 4
21 5
22 5
22 4
22 3
22 2
22 1
22 0
23 0
23 1
23 2
23 3
23 4
23 5
24 5
24 4
24 3
24 2
24 1
24 0
25 0
25 1
25 2
25 3
25 4
25 5
26 5
26 4
26 3
26 2
26 1
26 0
26 6
25 6
24 6
23 6
22 6
21 6
20 6
19 6
18 6
0
Yes
41 33
42 33
42 34
41 34
40 34
39 34
38 34
42 35
41 35
40 35
39 35
38 35
42 32
41 32
40 32
40 31
41 31
42 31
42 30
41 30
41 29
40 29
38 36
39 36
40 36
41 36
42 36
43 36
44 36
45 36
46 36
47 36
48 36
49 36
49 37
48 37
47 37
46 37
45 37
44 37
43 37
42 37
41 37
40 37
39 37
38 37
38 38
39 38
40 38
41 38
42 38
43 38
44 38
45 38
46 38
47 38
48 38
49 38
49 39
48 39
47 39
46 39
45 39
44 39
43 39
42 39
41 39
40 39
39 39
38 39
38 40
39 40
40 40
41 40
42 40
43 40
44 40
45 40
46 40
47 40
48 40
49 40
49 41
48 41
47 41
46 41
45 41
44 41
43 41
42 41
41 41
40 41
39 41
38 41
40 28
41 28
37 35
37 36
37 37
37 38
37 39
37 40
37 41
37 42
38 42
39 42
40 42
41 42
42 42
43 42
44 42
45 42
46 42
47 42
48 42
49 42
49 43
48 43
47 43
46 43
45 43
44 43
43 43
42 43
41 43
40 43
39 43
38 43
37 43
43 44
42 44
41 44
40 44
39 44
38 44
37 44
37 45
36 45
36 44
36 43
36 42
36 41
36 40
36 39
36 38
36 37
0
Yes
24 24
24 25
24 26
24 27
24 28
25 28
25 27
25 26
25 25
25 24
26 28
26 27
26 26
26 25
26 24
27 27
27 26
27 25
27 24
28 27
28 26
28 25
28 24
29 25
29 24
30 24
30 23
29 23
28 23
27 23
26 23
25 23
24 23
24 22
25 22
26 22
27 22
28 22
29 22
30 22
30 21
29 21
28 21
27 21
26 21
25 21
24 21
24 20
25 20
26 20
27 20
28 20
29 20
30 20
29 19
28 19
27 19
26 19
25 19
26 18
27 18
23 21
23 22
23 23
23 24
23 25
23 26
23 27
23 28
22 28
22 27
22 26
22 25
22 24
22 23
22 22
22 21
21 23
21 22
21 21
21 25
21 26
21 20
22 20
22 19
21 19
31 20
31 21
31 22
31 23
31 24
32 22
32 21
33 21
33 22
34 22
34 21
35 22
35 21
35 20
34 20
34 19
35 19
35 18
34 18
23 29
24 29
25 29
26 29
27 29
23 30
24 30
25 30
26 30
27 30
28 30
29 30
30 30
30 31
29 31
28 31
27 31
26 31
25 31
24 31
23 31
23 32
24 32
25 32
26 32
27 32
28 32
29 32
30 32
33 18
22 32
21 32
20 32
19 32
19 33
20 33
21 33
22 33
23 33
24 33
25 33
26 33
27 33
28 33
0
Yes
0 21
1 21
2 21
3 21
3 22
2 22
1 22
0 22
0 23
1 23
2 23
3 23
3 24
2 24
1 24
0 24
0
Yes
14 7
14 8
15 7
15 8
15 9
14 9
16 9
16 8
16 7
17 7
17 8
17 9
18 9
18 8
18 7
17 10
16 10
15 10
0
Yes
22 22
21 22
21 21
22 21
23 21
23 22
22 20
21 20
21 19
22 19
21 23
22 23
23 23
0
Yes
19 32
19 33
20 32
20 33
21 32
21 33
22 32
22 33
22 34
21 34
20 34
19 34
19 35
20 35
21 35
22 35
22 36
21 36
20 36
19 36
19 37
20 37
21 37
22 37
19 38
20 38
21 38
22 38
19 39
20 39
21 39
22 39
19 40
20 40
21 40
22 40
19 41
20 41
21 41
22 41
22 42
21 42
20 42
19 42
23 42
23 41
23 40
23 39
23 38
23 37
23 36
23 35
23 34
23 33
23 32
23 31
24 31
24 32
24 33
24 34
24 35
24 36
24 37
24 38
24 39
24 40
24 41
24 42
25 42
25 41
25 40
25 39
25 38
25 37
25 36
25 35
25 34
25 33
25 32
25 31
26 31
26 32
26 33
26 34
26 35
26 36
26 37
26 38
26 39
26 40
26 41
26 42
27 42
27 41
27 40
27 39
27 38
27 37
27 36
27 35
27 34
27 33
27 32
27 31
28 31
28 32
28 33
28 34
28 35
28 36
28 37
28 38
28 39
28 40
28 41
28 42
29 42
29 41
29 40
29 39
29 38
29 37
29 36
29 35
29 34
29 33
29 32
29 31
30 31
30 32
30 33
30 34
30 35
30 36
30 37
30 38
30 39
30 40
30 41
30 42
31 32
31 33
31 34
31 35
31 36
31 37
31 38
31 39
31 40
0
No
0
Yes
26 21
26 22
26 23
26 24
26 25
27 25
27 24
27 23
27 22
27 21
28 21
28 22
28 23
28 24
28 25
29 25
29 24
29 23
29 22
29 21
30 24
30 23
30 22
30 21
31 24
31 23
31 22
31 21
31 20
30 20
29 20
28 20
27 20
26 20
29 19
28 19
27 19
26 19
25 19
25 20
25 21
25 22
25 23
25 24
25 25
24 20
24 21
24 22
24 23
24 24
24 25
23 24
23 25
22 24
22 25
21 25
21 26
22 26
23 26
24 26
25 26
26 26
27 26
28 26
28 27
27 27
26 27
25 27
24 27
23 27
22 27
22 28
23 28
24 28
25 28
26 28
26 18
27 18
23 29
24 29
25 29
26 29
27 29
27 30
26 30
25 30
24 30
23 30
32 21
32 22
33 22
33 21
34 22
34 21
35 22
35 21
35 20
34 20
0
Yes
31 49
32 49
33 49
34 49
35 49
35 48
34 48
33 48
32 48
31 48
31 47
32 47
33 47
34 47
35 47
35 46
34 46
33 46
32 46
31 46
35 45
34 45
33 45
32 45
31 45
30 45
30 46
30 47
30 48
30 49
29 49
29 48
29 47
29 46
0
Yes
14 12
14 11
13 12
13 11
12 11
12 12
11 12
11 11
10 12
10 11
9 12
9 11
8 12
8 11
12 13
11 13
14 10
13 10
12 10
11 10
10 10
9 10
8 10
12 9
13 9
0
No
0
Yes
20 34
20 35
20 36
20 37
20 38
20 39
20 40
21 40
21 39
21 38
21 37
21 36
21 35
21 34
21 33
20 33
20 32
21 32
19 32
19 33
19 34
19 35
19 36
19 37
19 38
19 39
19 40
18 34
18 35
18 36
18 37
18 38
18 39
18 40
17 40
17 39
17 38
17 37
17 36
17 35
17 34
17 33
17 32
16 32
16 33
16 34
16 35
16 36
16 37
16 38
16 39
16 40
15 32
15 33
15 34
15 35
15 36
15 37
15 38
15 39
15 40
14 40
14 39
14 38
14 37
14 36
14 35
14 34
14 33
13 33
13 34
13 35
13 36
13 37
13 38
13 39
12 36
12 37
12 38
11 38
11 37
10 37
10 38
14 41
15 41
16 41
17 41
18 41
19 41
20 41
21 41
15 42
16 42
17 42
18 42
19 42
20 42
21 42
21 43
20 43
19 43
18 43
17 43
18 44
19 44
22 42
22 41
22 40
22 39
22 38
22 37
22 36
22 35
22 34
22 33
22 32
23 32
23 33
23 34
23 35
23 36
23 37
23 38
23 39
23 40
23 41
23 42
23 31
24 31
24 32
24 33
0
Yes
19 32
19 33
19 34
18 34
18 35
19 35
19 36
18 36
18 37
19 37
19 38
18 38
18 39
19 39
19 40
18 40
18 41
19 41
19 42
18 42
17 42
17 41
17 40
17 39
17 38
17 37
17 36
17 35
17 34
17 33
17 32
16 32
16 33
16 34
16 35
16 36
16 37
16 38
16 39
16 40
16 41
16 42
15 42
15 41
15 40
15 39
15 38
15 37
15 36
15 35
15 34
15 33
15 32
14 41
14 40
14 39
14 38
14 37
14 36
14 35
14 34
14 33
13 33
13 34
13 35
13 36
13 37
13 38
13 39
12 36
12 37
12 38
17 43
18 43
19 43
19 44
18 44
20 43
20 42
20 41
20 40
20 39
20 38
20 37
20 36
20 35
20 34
20 33
20 32
21 43
21 42
21 41
21 40
21 39
21 38
21 37
21 36
21 35
21 34
21 33
21 32
0
No
0
Yes
37 14
36 14
38 14
39 14
40 14
41 14
41 13
40 13
39 13
38 13
37 13
36 13
35 13
35 12
36 12
37 12
38 12
39 12
40 12
41 12
35 11
36 11
37 11
38 11
39 11
40 11
41 11
35 10
36 10
37 10
38 10
39 10
40 10
41 10
35 9
36 9
37 9
38 9
39 9
40 9
41 9
35 8
36 8
37 8
38 8
39 8
40 8
41 8
36 7
37 7
38 7
39 7
40 7
41 7
37 6
38 6
39 6
40 6
41 6
0
No
0
Yes
24 36
24 37
24 38
24 39
24 40
24 41
24 42
25 42
25 41
25 40
25 39
25 38
25 37
25 36
26 36
26 37
26 38
26 39
26 40
26 41
26 42
27 42
27 41
27 40
27 39
27 38
27 37
27 36
28 36
28 37
28 38
28 39
28 40
28 41
28 42
28 35
27 35
26 35
25 35
24 35
23 35
23 36
23 37
23 38
23 39
23 40
23 41
23 42
22 42
22 41
22 40
22 39
22 38
22 37
22 36
22 35
23 43
24 43
25 43
26 43
27 43
28 43
23 44
24 44
25 44
26 44
27 44
0
No
0
No
0
Yes
35 36
36 36
36 35
35 35
36 34
35 34
34 34
34 35
34 36
35 37
34 37
35 38
34 38
35 39
34 39
35 40
34 40
33 40
33 39
33 38
33 37
33 36
33 35
33 34
33 33
32 33
32 34
32 35
32 36
32 37
32 38
32 39
32 40
31 40
31 39
31 38
31 37
31 36
31 35
31 34
31 33
30 33
30 34
30 35
30 36
30 37
30 38
30 39
30 40
29 40
29 39
29 38
29 37
29 36
29 35
29 34
29 33
29 41
30 41
31 41
32 41
33 41
34 41
35 41
35 42
34 42
33 42
32 42
31 42
30 42
29 42
0
No
0
Yes
5 48
5 47
6 47
6 48
7 48
7 47
8 47
8 48
8 46
7 46
6 46
5 46
5 45
6 45
7 45
8 45
1
821
47 14
47 13
48 13
48 14
49 13
49 14
46 13
46 14
45 13
45 14
44 13
44 14
43 13
43 14
42 14
42 13
42 12
42 11
42 10
42 15
43 15
44 15
45 15
46 15
47 15
48 15
49 15
49 16
48 16
47 16
46 16
45 16
44 16
43 16
42 16
42 17
43 17
44 17
45 17
46 17
47 17
48 17
49 17
42 18
43 18
44 18
45 18
46 18
47 18
48 18
49 18
47 19
46 19
45 19
44 19
43 19
42 9
42 8
42 7
42 6
42 5
42 4
41 5
41 16
41 15
40 15
40 16
39 15
39 16
38 16
37 16
Yes
26 45
25 45
25 46
26 46
25 47
26 47
27 45
27 46
27 47
28 47
28 46
28 45
28 44
29 44
29 45
29 46
29 47
29 43
29 42
29 41
29 40
29 39
29 38
29 37
29 36
29 35
30 35
30 36
30 37
30 38
30 39
30 40
30 41
30 42
30 43
30 44
30 45
30 46
30 47
30 48
29 48
28 48
27 48
26 48
25 48
24 48
24 49
25 49
26 49
27 49
28 49
29 49
30 49
31 49
31 48
31 47
31 46
31 45
31 44
31 43
31 42
31 41
31 40
31 39
31 38
31 37
31 36
31 35
32 35
32 36
32 37
32 38
32 39
32 40
32 41
32 42
32 43
32 44
32 45
32 46
32 47
32 48
32 49
33 49
33 48
33 47
33 46
33 45
33 44
33 43
33 42
33 41
33 40
33 39
33 38
33 37
33 36
33 35
34 35
34 36
34 37
34 38
34 39
34 40
34 41
34 42
34 43
34 44
34 45
34 46
34 47
34 48
34 49
35 45
35 44
35 43
35 42
35 41
35 40
35 39
35 38
35 37
35 36
35 35
35 46
35 47
35 48
35 49
36 46
36 47
36 48
36 49
36 36
36 35
36 34
35 34
34 34
33 34
32 34
31 34
30 34
29 34
0
Yes
4 20
4 21
4 22
5 20
5 21
5 22
6 22
6 21
6 20
7 21
7 20
0
No
0
Yes
45 12
46 12
47 12
48 12
49 12
44 12
43 12
43 11
44 11
45 11
46 11
47 11
48 11
49 11
43 10
44 10
45 10
46 10
47 10
48 10
49 10
43 9
44 9
45 9
46 9
47 9
48 9
49 9
43 8
44 8
45 8
46 8
47 8
48 8
49 8
43 7
44 7
45 7
46 7
47 7
48 7
49 7
43 6
44 6
45 6
0
No
0
No
0
Yes
49 0
49 1
48 1
48 0
47 0
47 1
47 2
48 2
49 2
46 2
46 3
47 3
48 3
49 3
49 4
48 4
47 4
0
Yes
43 44
42 44
41 44
41 43
42 43
43 43
44 43
45 43
46 43
47 43
48 43
48 42
47 42
46 42
45 42
44 42
43 42
42 42
41 42
41 41
42 41
43 41
44 41
45 41
46 41
47 41
48 41
48 40
47 40
46 40
45 40
44 40
43 40
42 40
41 40
41 39
42 39
43 39
44 39
45 39
46 39
47 39
48 39
48 38
47 38
46 38
45 38
44 38
43 38
42 38
41 38
41 37
42 37
43 37
44 37
45 37
46 37
47 37
48 37
48 36
47 36
46 36
45 36
44 36
43 36
42 36
41 36
49 36
49 37
49 38
49 39
49 40
49 41
49 42
49 43
40 44
40 43
40 42
40 41
40 40
40 39
40 38
40 37
40 36
39 44
39 43
39 42
39 41
39 40
39 39
39 38
39 37
39 36
38 44
38 43
38 42
38 41
38 40
38 39
38 38
38 37
38 36
37 36
37 37
37 38
37 39
37 40
37 41
37 42
37 43
37 44
0
Yes
1 15
1 14
2 14
2 15
3 15
0
Yes
1 28
1 29
1 30
2 30
2 29
2 28
3 28
3 29
3 30
4 30
4 29
4 28
5 28
5 29
5 30
6 30
6 29
6 28
7 28
7 29
7 30
7 27
6 27
5 27
4 27
3 27
2 27
1 27
7 26
6 26
5 26
4 26
3 26
2 26
1 26
4 25
3 25
2 25
1 25
0 25
0 26
0 27
0 28
0 29
0 30
0 31
1 31
2 31
3 31
4 31
5 31
6 31
7 31
4 32
3 32
2 32
1 32
0 32
0
Yes
0 40
0 41
0 42
0 43
1 43
1 42
1 41
1 40
2 40
2 41
2 42
2 43
3 42
3 43
3 41
3 40
4 43
4 41
4 40
5 41
5 40
5 39
4 39
3 39
2 39
1 39
0 39
0 38
1 38
2 38
3 38
4 38
5 38
6 38
4 44
3 44
2 44
1 44
0 44
4 45
3 45
2 45
1 45
0 45
4 46
3 46
2 46
1 46
0 46
4 47
3 47
2 47
1 47
0 47
4 48
3 48
2 48
1 48
0 48
0 49
1 49
2 49
3 49
4 49
0
Yes
13 31
13 32
12 31
12 32
12 33
12 34
12 35
11 35
11 34
11 33
11 32
11 31
11 30
11 29
11 28
10 28
10 29
10 30
10 31
10 32
10 33
10 34
10 35
11 36
10 36
10 37
11 37
11 38
10 38
9 36
9 35
9 34
9 33
9 32
9 31
9 30
9 29
9 28
9 27
8 27
8 28
8 29
8 30
8 31
8 32
8 33
8 34
8 35
8 36
8 37
7 37
7 36
7 35
7 34
7 33
7 32
6 32
6 33
6 34
6 35
6 36
6 37
5 32
5 33
5 34
5 35
5 36
5 37
4 37
4 36
4 35
4 34
4 33
3 33
3 34
3 35
0
No
0
Yes
49 21
49 22
49 23
49 24
49 25
48 25
48 24
48 23
48 22
48 21
47 21
47 22
47 23
47 24
47 25
46 25
46 24
46 23
46 22
46 21
45 21
45 22
45 23
45 24
45 25
0
Yes
9 15
9 16
10 16
10 15
10 14
11 14
11 15
11 16
12 16
12 15
12 14
13 14
13 15
13 16
0
Yes
8 32
8 33
9 33
9 32
10 32
10 33
11 33
11 32
12 33
12 32
13 32
13 31
12 31
11 31
10 31
9 31
8 31
11 30
10 30
9 30
8 30
11 29
10 29
9 29
8 29
11 28
10 28
9 28
8 28
9 27
8 27
7 27
7 28
7 29
7 30
7 31
7 32
7 33
7 26
6 26
6 27
6 28
6 29
6 30
6 31
6 32
6 33
5 26
5 27
5 28
5 29
5 30
5 31
5 32
5 33
4 33
4 32
4 31
4 30
4 29
4 28
4 27
4 26
3 26
3 27
3 28
3 29
3 30
3 31
3 32
3 33
2 33
2 32
2 31
2 30
2 29
2 28
2 27
2 26
1 26
1 27
1 28
1 29
1 30
1 31
1 32
1 33
1 25
2 25
3 25
4 25
0 25
0 26
0 27
0 28
0 29
0 30
0 31
0 32
1
821
40 45
41 45
42 45
43 45
39 45
38 45
37 45
37 46
38 46
39 46
40 46
41 46
42 46
43 46
37 47
38 47
39 47
40 47
41 47
42 47
43 47
37 48
38 48
39 48
40 48
41 48
42 48
43 48
37 49
38 49
39 49
40 49
41 49
42 49
43 49
44 49
44 48
44 47
44 46
44 45
44 44
45 44
45 45
45 46
45 47
45 48
45 49
46 44
46 45
46 46
46 47
46 48
46 49
47 44
47 45
47 46
47 47
47 48
47 49
48 44
48 45
48 46
48 47
48 48
48 49
49 44
49 45
49 46
49 47
49 48
49 49
Yes
39 20
39 21
39 22
39 23
39 24
39 25
38 25
38 24
38 23
38 22
38 21
38 20
37 25
37 24
37 23
37 22
37 21
37 20
36 22
36 21
36 20
36 19
37 19
38 19
39 19
37 18
38 18
39 18
38 17
39 17
38 16
39 16
40 16
40 17
40 18
40 19
40 20
40 21
40 22
40 23
40 24
40 25
41 25
41 24
41 23
41 22
41 21
41 20
41 19
41 18
41 17
41 16
42 16
42 17
42 18
42 19
42 20
42 21
42 22
42 23
42 24
42 25
43 25
43 24
43 23
43 22
43 21
43 20
43 19
43 18
43 17
43 16
44 21
44 22
44 23
44 24
44 25
44 20
44 19
44 18
44 17
44 16
45 20
45 19
45 18
45 17
45 16
46 20
46 19
46 18
46 17
46 16
47 20
47 19
47 18
47 17
47 16
48 20
48 19
48 18
48 17
48 16
49 20
49 19
49 18
49 17
49 16
44 26
43 26
42 26
41 26
40 26
39 26
39 15
40 15
41 15
42 15
43 15
44 15
45 15
46 15
47 15
48 15
49 15
42 14
43 14
44 14
45 14
46 14
47 14
48 14
0
No
0
Yes
49 10
49 11
49 12
49 13
48 13
48 12
48 11
48 10
47 13
47 12
47 11
47 10
46 13
46 12
46 11
46 10
45 13
45 12
45 11
45 10
44 13
44 12
44 11
44 10
43 13
43 12
43 11
43 10
43 9
44 9
45 9
46 9
47 9
48 9
49 9
49 8
48 8
47 8
46 8
45 8
44 8
43 8
42 13
42 12
42 11
42 10
42 9
42 8
42 7
43 7
44 7
45 7
46 7
47 7
48 7
49 7
42 6
43 6
44 6
45 6
46 6
47 6
48 6
0
Yes
39 0
38 0
38 1
39 1
0
Yes
48 45
48 44
49 44
49 45
47 44
47 45
46 44
46 45
45 44
45 45
44 44
44 45
43 45
42 45
41 45
40 45
39 45
39 46
40 46
41 46
42 46
43 46
44 46
45 46
46 46
47 46
48 46
49 46
49 47
48 47
47 47
46 47
45 47
44 47
43 47
42 47
41 47
40 47
39 47
39 48
40 48
41 48
42 48
43 48
44 48
45 48
46 48
47 48
48 48
49 48
49 49
48 49
47 49
46 49
45 49
44 49
43 49
42 49
41 49
40 49
39 49
38 45
38 46
38 47
38 48
38 49
37 49
37 48
37 47
37 46
37 45
36 45
0
Yes
37 38
36 38
36 37
37 37
36 39
37 39
36 40
37 40
36 41
37 41
36 42
37 42
36 43
37 43
36 44
37 44
38 44
38 43
38 42
38 41
38 40
38 39
38 38
38 37
39 44
39 43
39 42
39 41
39 40
39 39
39 38
39 37
40 44
40 43
40 42
40 41
40 40
40 39
40 38
40 37
41 44
41 43
41 42
41 41
41 40
41 39
41 38
41 37
42 44
42 43
42 42
42 41
42 40
42 39
42 38
42 37
43 44
43 43
43 42
43 41
43 40
43 39
43 38
0
No
0
No
0
Yes
47 4
47 5
48 5
48 4
49 5
49 4
46 5
46 4
45 5
45 4
45 3
46 3
47 3
48 3
49 3
46 2
47 2
48 2
49 2
47 1
48 1
49 1
47 0
48 0
49 0
0
No
0
Yes
20 37
20 38
20 39
20 40
20 41
21 41
21 40
21 39
21 38
21 37
22 37
22 38
22 39
22 40
22 41
22 36
21 36
20 36
20 35
21 35
22 35
22 34
21 34
20 34
20 33
21 33
22 33
22 32
21 32
20 32
19 32
19 33
19 34
19 35
19 36
19 37
19 38
19 39
19 40
19 41
18 34
18 35
18 36
18 37
18 38
18 39
18 40
18 41
17 41
17 40
17 39
17 38
17 37
17 36
17 35
17 34
17 33
17 32
16 32
16 33
16 34
16 35
16 36
16 37
16 38
16 39
16 40
16 41
15 32
15 33
15 34
15 35
15 36
15 37
15 38
15 39
15 40
15 41
14 41
14 40
14 39
14 38
14 37
14 36
14 35
14 34
14 33
13 33
13 34
13 35
13 36
13 37
13 38
13 39
15 42
16 42
17 42
18 42
19 42
20 42
21 42
22 42
21 43
20 43
19 43
18 43
17 43
18 44
19 44
0
Yes
11 38
12 38
12 37
11 37
12 36
11 36
12 35
11 35
12 34
11 34
10 38
10 37
10 36
10 35
10 34
9 34
9 35
9 36
8 34
8 35
8 36
0
Yes
7 21
7 20
6 20
6 21
5 20
5 21
4 20
4 21
6 22
5 22
4 22
4 23
5 23
0
Yes
7 7
7 6
7 8
7 9
8 6
8 7
8 8
0
No
0
No
0
No
0
Yes
46 42
47 42
48 42
49 42
49 41
48 41
47 41
46 41
46 40
47 40
48 40
49 40
49 39
48 39
47 39
46 39
46 38
47 38
48 38
49 38
45 38
45 39
45 40
45 41
45 42
44 42
44 41
44 40
44 39
44 38
44 43
45 43
46 43
47 43
48 43
49 43
44 37
45 37
46 37
47 37
48 37
49 37
49 36
48 36
47 36
46 36
45 36
0
No
0
Yes
15 18
14 18
16 18
16 19
16 20
16 21
15 21
15 20
17 20
17 19
17 18
18 20
18 19
18 18
19 19
19 18
20 19
20 18
21 18
21 19
22 19
20 17
19 17
18 17
17 17
16 17
15 17
14 17
14 16
15 16
16 16
17 16
18 16
19 16
19 15
18 15
17 15
16 15
15 15
22 20
21 20
21 21
22 21
23 21
23 22
22 22
21 22
21 23
22 23
23 23
0
Yes
21 8
21 9
21 7
22 7
22 8
22 9
20 9
20 8
20 7
19 7
0
Yes
29 0
29 1
29 2
29 3
29 4
29 5
29 6
30 6
30 5
30 4
30 3
30 2
30 1
30 0
31 2
31 3
31 4
31 5
31 6
31 1
31 0
28 6
28 5
28 4
28 3
28 2
28 1
28 0
27 6
27 5
27 4
27 3
27 2
27 1
27 0
32 1
32 0
32 6
32 5
0
Yes
49 15
49 16
49 17
49 18
49 19
49 20
48 20
48 19
48 18
48 17
48 16
48 15
47 20
47 19
47 18
47 17
47 16
47 15
46 20
46 19
46 18
46 17
46 16
46 15
46 14
47 14
48 14
49 14
45 14
45 15
45 16
45 17
45 18
45 19
45 20
44 14
44 15
44 16
44 17
44 18
44 19
44 20
44 21
0
Yes
2 28
2 29
2 30
2 31
2 32
3 32
3 31
3 30
3 29
3 28
4 28
4 29
4 30
4 31
4 32
5 32
5 31
5 30
5 29
5 28
6 28
6 29
6 30
6 31
6 32
7 32
7 31
7 30
7 29
7 28
7 27
6 27
5 27
4 27
3 27
2 27
7 26
6 26
5 26
4 26
3 26
2 26
4 25
3 25
2 25
1 25
1 26
1 27
1 28
1 29
1 30
1 31
1 32
0 25
0 26
0 27
0 28
0 29
0 30
0 31
0 32
8 27
8 28
8 29
0
No
0
Yes
5 49
5 48
5 47
6 47
6 48
6 49
5 46
6 46
5 45
6 45
7 45
7 46
7 47
7 48
7 49
8 45
8 46
8 47
8 48
8 49
9 49
1
844
25 44
26 44
24 44
23 44
23 43
24 43
25 43
26 43
23 42
24 42
25 42
26 42
23 41
24 41
25 41
26 41
23 40
24 40
25 40
26 40
23 39
24 39
25 39
26 39
27 44
27 43
27 42
27 41
27 40
27 39
28 43
28 42
28 41
28 40
28 39
28 38
27 38
26 38
25 38
24 38
23 38
23 37
24 37
25 37
26 37
27 37
28 37
28 36
27 36
26 36
25 36
24 36
23 36
23 35
24 35
25 35
26 35
27 35
28 35
28 34
27 34
26 34
25 34
24 34
23 34
23 33
24 33
25 33
26 33
27 33
28 33
23 45
Yes
47 48
47 49
48 49
48 48
49 48
49 49
49 47
48 47
47 47
47 46
48 46
49 46
49 45
48 45
47 45
47 44
48 44
49 44
46 44
46 45
46 46
46 47
46 48
46 49
45 44
45 45
45 46
45 47
45 48
45 49
44 44
44 45
44 46
44 47
44 48
44 49
43 49
43 48
43 47
43 46
43 45
43 44
43 43
43 42
42 42
42 43
42 44
42 45
42 46
42 47
42 48
42 49
41 49
41 48
41 47
41 46
41 45
41 44
41 43
41 42
40 42
40 43
40 44
40 45
40 46
40 47
40 48
40 49
39 49
39 48
39 47
39 46
39 45
39 44
39 43
39 42
38 42
38 43
38 44
38 45
38 46
38 47
38 48
38 49
37 49
37 48
37 47
37 46
37 45
37 44
37 43
37 42
36 45
36 44
36 43
36 42
36 41
37 41
38 41
39 41
40 41
41 41
42 41
43 41
43 40
42 40
0
Yes
44 26
44 25
44 24
44 23
44 22
43 26
43 25
43 24
43 23
43 22
43 21
43 20
43 19
42 26
42 25
42 24
42 23
42 22
42 21
42 20
42 19
41 19
41 20
41 21
41 22
41 23
41 24
41 25
41 26
40 26
40 25
40 24
40 23
40 22
40 21
40 20
40 19
39 26
39 25
39 24
39 23
39 22
39 21
39 20
39 19
38 25
38 24
38 23
38 22
38 21
38 20
38 19
37 25
37 24
37 23
37 22
37 21
37 20
37 19
36 22
36 21
36 20
36 19
37 18
38 18
39 18
40 18
41 18
0
No
0
Yes
34 49
35 49
36 49
36 48
35 48
34 48
36 47
35 47
34 47
36 46
35 46
34 46
35 45
34 45
35 44
34 44
35 43
34 43
33 43
33 44
33 45
33 46
33 47
33 48
33 49
32 49
32 48
32 47
32 46
32 45
32 44
32 43
31 43
31 44
31 45
31 46
31 47
31 48
31 49
30 49
30 48
30 47
30 46
30 45
30 44
30 43
29 43
29 44
29 45
29 46
29 47
29 48
29 49
28 44
28 45
28 46
28 47
28 48
28 49
27 45
27 46
27 47
27 48
27 49
26 45
26 46
26 47
26 48
26 49
25 45
25 46
25 47
25 48
25 49
24 48
24 49
29 42
30 42
31 42
32 42
33 42
0
Yes
0 34
0 33
1 33
1 34
2 33
2 34
3 33
3 34
4 33
4 34
4 35
3 35
2 35
1 35
0 35
0 36
1 36
2 36
3 36
4 36
4 37
3 37
2 37
1 37
0 37
5 37
5 36
5 35
5 34
5 33
6 33
6 34
6 35
6 36
6 37
7 37
7 36
0
Yes
33 37
33 38
34 38
34 37
35 37
35 38
36 38
36 37
36 36
35 36
34 36
33 36
33 35
34 35
35 35
36 35
36 34
35 34
34 34
33 34
32 34
32 35
32 36
32 37
32 38
31 38
31 37
31 36
31 35
31 34
30 34
30 35
30 36
30 37
30 38
29 38
29 37
29 36
29 35
29 34
33 33
32 33
31 33
30 33
29 33
29 39
30 39
31 39
32 39
33 39
34 39
35 39
36 39
36 40
35 40
34 40
33 40
32 40
31 40
30 40
29 40
29 41
30 41
31 41
32 41
33 41
0
Yes
1 10
1 11
0 11
0 10
0
No
0
Yes
30 41
29 41
29 40
30 40
29 39
30 39
29 38
30 38
31 41
31 40
31 39
31 38
32 41
32 40
32 39
32 38
33 41
33 40
33 39
33 38
0
No
0
Yes
1 15
1 14
2 14
2 15
3 15
3 14
0
Yes
40 29
41 29
41 30
42 30
42 31
41 31
40 31
40 32
41 32
42 32
42 33
41 33
42 34
41 34
40 34
39 34
38 34
42 35
41 35
40 35
39 35
38 35
37 35
41 28
40 28
40 27
41 27
37 36
38 36
39 36
40 36
41 36
42 36
43 36
44 36
44 37
43 37
42 37
41 37
40 37
39 37
38 37
37 37
36 37
36 36
36 35
36 34
35 34
35 35
35 36
35 37
34 34
34 35
34 36
34 37
34 38
35 38
36 38
37 38
38 38
39 38
40 38
41 38
42 38
43 38
44 38
43 39
42 39
41 39
40 39
39 39
38 39
37 39
36 39
35 39
34 39
44 39
41 40
40 40
39 40
38 40
37 40
36 40
35 40
34 40
34 41
35 41
35 42
34 42
44 40
44 41
44 42
44 43
45 43
45 42
45 41
45 40
45 39
45 38
45 37
45 36
46 36
46 37
46 38
46 39
46 40
46 41
46 42
46 43
47 43
47 42
47 41
47 40
47 39
47 38
47 37
47 36
48 36
48 37
48 38
48 39
48 40
48 41
48 42
48 43
49 43
49 42
49 41
49 40
49 39
49 38
49 37
49 36
33 37
33 36
33 35
0
No
0
No
0
Yes
23 40
23 41
23 42
23 43
23 39
23 38
23 37
23 36
23 35
23 34
23 33
23 32
23 31
24 31
24 32
24 33
24 34
24 35
24 36
24 37
24 38
24 39
24 40
24 41
24 42
24 43
25 31
25 32
25 33
25 34
25 35
25 36
25 37
25 38
25 39
25 40
25 41
25 42
25 43
26 31
26 32
26 33
26 34
26 35
26 36
26 37
26 38
26 39
26 40
26 41
26 42
26 43
27 31
27 32
27 33
27 34
27 35
27 36
27 37
27 38
27 39
27 40
27 41
27 42
27 43
27 44
26 44
25 44
24 44
23 44
28 43
28 42
28 41
28 40
28 39
28 38
28 37
28 36
28 35
28 34
28 33
28 32
28 31
28 30
29 30
29 31
29 32
29 33
29 34
29 35
29 36
29 37
30 30
30 31
30 32
30 33
30 34
30 35
30 36
30 37
31 32
31 33
31 34
31 35
31 36
0
Yes
48 26
49 26
47 26
47 25
48 25
49 25
49 24
48 24
47 24
46 26
46 25
46 24
45 26
45 25
45 24
0
Yes
32 33
33 33
32 34
33 34
34 34
35 34
32 35
33 35
34 35
35 35
32 36
33 36
34 36
35 36
32 37
33 37
34 37
35 37
36 34
36 35
36 36
0
Yes
45 22
45 23
45 21
46 21
46 22
46 23
47 23
47 22
47 21
48 21
48 22
48 23
49 23
49 22
49 21
0
Yes
42 43
42 44
42 45
43 45
43 44
43 43
44 43
44 44
44 45
45 45
45 44
45 43
46 43
46 44
46 45
47 45
47 44
47 43
48 43
48 44
48 45
49 45
49 44
49 43
49 42
48 42
47 42
46 42
45 42
44 42
43 42
42 42
42 41
43 41
44 41
45 41
46 41
47 41
48 41
49 41
49 40
48 40
47 40
46 40
45 40
44 40
43 40
42 40
42 39
43 39
44 39
45 39
46 39
47 39
48 39
49 39
49 38
48 38
47 38
46 38
45 38
44 38
43 38
42 38
42 37
43 37
44 37
45 37
46 37
47 37
48 37
49 37
49 36
48 36
47 36
46 36
45 36
44 36
43 36
42 36
49 46
48 46
47 46
46 46
45 46
44 46
43 46
42 46
42 47
43 47
44 47
45 47
46 47
47 47
48 47
49 47
0
No
0
Yes
13 0
13 1
14 1
14 0
14 2
13 2
0
Yes
49 22
49 21
48 21
48 22
47 21
47 22
46 21
46 22
45 21
45 22
44 22
44 23
45 23
46 23
47 23
48 23
49 23
49 24
48 24
47 24
46 24
45 24
44 24
43 24
43 23
43 22
43 21
43 20
43 19
43 18
43 17
42 17
42 18
42 19
42 20
42 21
42 22
42 23
42 24
41 24
41 23
41 22
41 21
41 20
41 19
41 18
41 17
40 17
40 18
40 19
40 20
40 21
40 22
40 23
40 24
39 24
39 23
39 22
39 21
39 20
39 19
39 18
39 17
38 17
38 18
38 19
38 20
38 21
38 22
38 23
38 24
37 18
37 19
37 20
37 21
37 22
37 23
37 24
36 22
36 21
36 20
36 19
37 25
38 25
39 25
40 25
41 25
42 25
43 25
44 25
45 25
46 25
47 25
48 25
49 25
39 26
40 26
41 26
42 26
43 26
44 26
45 26
46 26
47 26
48 26
49 26
38 16
0
Yes
49 2
49 3
49 4
49 5
49 6
49 7
48 7
48 6
48 5
48 4
48 3
48 2
48 1
49 1
47 1
47 2
47 3
47 4
47 5
47 6
47 7
46 2
46 3
46 4
46 5
46 6
46 7
45 3
45 4
45 5
45 6
45 7
44 4
44 5
44 6
44 7
43 5
43 6
43 7
42 5
42 6
42 7
47 0
48 0
49 0
42 8
43 8
44 8
45 8
46 8
47 8
48 8
49 8
42 9
43 9
44 9
45 9
46 9
47 9
48 9
49 9
42 10
43 10
44 10
45 10
46 10
47 10
48 10
49 10
42 11
43 11
44 11
45 11
46 11
47 11
48 11
49 11
42 12
43 12
44 12
45 12
46 12
47 12
48 12
49 12
49 13
48 13
47 13
46 13
45 13
44 13
43 13
0
No
0
Yes
36 42
36 43
36 44
36 45
35 42
34 42
34 41
35 41
36 41
34 40
35 40
36 40
34 39
35 39
36 39
34 38
35 38
36 38
36 37
37 37
37 38
37 39
37 40
37 41
37 42
37 43
37 44
37 45
37 36
37 35
38 35
38 36
38 37
38 38
38 39
38 40
38 41
38 42
38 43
38 44
38 45
39 45
39 44
39 43
39 42
39 41
39 40
39 39
39 38
39 37
39 36
39 35
40 35
40 36
40 37
40 38
40 39
40 40
40 41
40 42
40 43
40 44
40 45
38 34
39 34
40 34
41 45
41 44
41 43
41 42
41 41
41 40
41 39
41 38
41 37
41 36
0
Yes
5 22
4 22
4 21
5 21
4 20
5 20
4 23
5 23
6 22
6 21
6 20
0
No
0
Yes
28 5
28 6
27 6
27 5
27 4
28 4
27 3
28 3
27 2
28 2
29 6
29 5
29 4
29 3
29 2
30 6
30 5
30 4
30 3
30 2
31 2
31 3
31 4
31 5
31 6
0
No
0
No
0
No
0
Yes
16 19
17 19
18 19
19 19
19 18
18 18
17 18
16 18
15 18
14 18
14 17
15 17
16 17
17 17
18 17
19 17
19 16
18 16
17 16
16 16
15 16
14 16
15 15
16 15
17 15
18 15
19 15
20 17
20 18
0
No
0
No
0
Yes
9 15
9 16
10 16
10 15
10 14
11 14
11 15
11 16
12 16
12 15
12 14
13 14
13 15
13 16
0
No
0
No
0
No
0
Yes
14 16
14 17
14 18
15 18
15 17
15 16
15 15
16 15
16 16
16 17
16 18
17 15
17 16
17 17
17 18
18 15
18 16
18 17
18 18
19 15
19 16
19 17
19 18
0
No
0
Yes
48 27
49 27
47 27
46 27
45 27
44 27
43 27
43 28
44 28
45 28
46 28
47 28
48 28
49 28
49 29
48 29
47 29
46 29
45 29
44 29
43 29
43 30
44 30
45 30
46 30
47 30
48 30
49 30
49 31
48 31
47 31
46 31
45 31
44 31
43 31
43 32
44 32
45 32
46 32
47 32
48 32
49 32
49 33
48 33
47 33
0
No
0
Yes
39 26
40 26
41 26
42 26
43 26
44 26
45 26
46 26
47 26
48 26
49 26
49 25
48 25
47 25
46 25
45 25
44 25
43 25
42 25
41 25
40 25
39 25
38 25
37 25
37 24
38 24
39 24
40 24
41 24
42 24
43 24
44 24
45 24
46 24
47 24
48 24
49 24
37 23
38 23
39 23
40 23
41 23
42 23
43 23
44 23
45 23
46 23
47 23
48 23
49 23
49 22
48 22
47 22
46 22
45 22
44 22
43 22
42 22
41 22
40 22
39 22
38 22
37 22
37 21
38 21
39 21
40 21
41 21
42 21
43 21
44 21
45 21
46 21
47 21
48 21
49 21
49 20
48 20
47 20
46 20
45 20
44 20
43 20
42 20
41 20
40 20
39 20
38 20
37 20
37 19
38 19
39 19
40 19
41 19
42 19
43 19
44 19
45 19
46 19
47 19
48 19
49 19
37 18
38 18
39 18
40 18
41 18
42 18
43 18
44 18
45 18
46 18
47 18
48 18
49 18
38 17
39 17
40 17
41 17
42 17
43 17
44 17
45 17
46 17
47 17
48 17
0
Yes
36 39
36 40
36 41
36 42
36 43
36 44
37 44
37 43
37 42
37 41
37 40
37 39
38 39
38 40
38 41
38 42
38 43
38 44
39 44
39 43
39 42
39 41
39 40
39 39
40 39
40 40
40 41
40 42
40 43
40 44
41 44
41 43
41 42
41 41
41 40
41 39
41 38
40 38
39 38
38 38
37 38
36 38
36 37
37 37
38 37
39 37
40 37
41 37
41 36
40 36
39 36
38 36
37 36
37 35
38 35
39 35
40 35
41 35
38 34
39 34
40 34
0
No
0
Yes
10 38
11 38
12 38
12 37
11 37
10 37
12 36
11 36
10 36
12 35
11 35
10 35
0
No
0
No
0
No
0
Yes
23 23
23 22
23 21
22 23
22 22
22 21
22 20
22 19
21 23
21 22
21 21
21 20
21 19
0
Yes
31 42
32 42
30 42
29 42
29 43
30 43
31 43
32 43
32 44
31 44
30 44
29 44
28 44
28 45
29 45
30 45
31 45
32 45
27 45
26 45
26 46
27 46
28 46
29 46
30 46
31 46
32 46
32 47
31 47
30 47
29 47
28 47
27 47
26 47
26 48
27 48
28 48
29 48
30 48
31 48
32 48
32 49
31 49
30 49
29 49
28 49
27 49
26 49
25 45
25 46
25 47
25 48
25 49
24 48
24 49
33 42
33 43
33 44
33 45
33 46
33 47
33 48
33 49
34 49
34 48
34 47
34 46
34 45
34 44
0
No
1
916
47 31
47 32
47 33
47 34
47 35
48 35
48 34
48 33
48 32
48 31
49 35
49 34
49 33
49 32
49 31
46 35
46 34
46 33
46 32
46 31
45 35
45 34
45 33
45 32
45 31
44 35
44 34
44 33
44 32
44 31
43 35
43 34
43 33
43 32
43 31
43 30
44 30
45 30
46 30
47 30
48 30
49 30
49 29
48 29
47 29
46 29
45 29
44 29
43 29
43 28
44 28
45 28
46 28
47 28
48 28
49 28
42 35
42 34
42 33
42 32
42 31
42 30
42 29
42 28
41 34
41 33
41 32
41 31
41 30
Yes
28 47
28 48
28 49
29 49
29 48
29 47
30 47
30 48
30 49
30 46
29 46
28 46
28 45
29 45
30 45
28 44
29 44
30 44
29 43
30 43
29 42
30 42
27 45
27 46
27 47
27 48
27 49
26 45
26 46
26 47
26 48
26 49
25 45
25 46
25 47
25 48
25 49
24 48
24 49
31 42
31 43
31 44
31 45
31 46
31 47
31 48
31 49
32 42
32 43
32 44
32 45
32 46
32 47
32 48
32 49
33 42
33 43
33 44
33 45
33 46
33 47
33 48
33 49
34 49
34 48
34 47
34 46
34 45
34 44
34 43
34 42
35 42
35 43
35 44
35 45
35 46
35 47
35 48
35 49
36 45
36 46
36 47
36 48
36 49
37 45
37 46
37 47
37 48
37 49
38 49
1
874
2 37
3 37
1 37
0 37
0 36
1 36
2 36
3 36
3 35
2 35
1 35
0 35
0 34
1 34
2 34
3 34
3 33
2 33
1 33
0 33
Yes
26 24
26 25
26 26
26 27
26 28
27 27
27 26
27 25
27 24
28 27
28 26
28 25
28 24
29 25
29 24
30 24
30 23
29 23
28 23
27 23
26 23
26 22
27 22
28 22
29 22
30 22
30 21
29 21
28 21
27 21
26 21
30 20
29 20
28 20
27 20
26 20
29 19
28 19
27 19
26 19
26 18
27 18
25 19
25 20
25 21
25 22
25 23
25 24
25 25
25 26
25 27
25 28
24 20
24 21
24 22
24 23
24 24
24 25
24 26
24 27
24 28
23 24
23 25
23 26
23 27
23 28
22 28
22 27
22 26
22 25
22 24
21 25
21 26
31 20
31 21
31 22
31 23
31 24
32 22
32 21
33 21
33 22
34 22
34 21
34 20
34 19
34 18
35 18
35 19
35 20
35 21
35 22
36 22
36 21
36 20
36 19
33 18
0
Yes
27 49
28 49
29 49
30 49
31 49
32 49
33 49
34 49
34 48
33 48
32 48
31 48
30 48
29 48
28 48
27 48
27 47
28 47
29 47
30 47
31 47
32 47
33 47
34 47
34 46
33 46
32 46
31 46
30 46
29 46
28 46
27 46
27 45
28 45
29 45
30 45
31 45
32 45
33 45
34 45
34 44
33 44
32 44
31 44
30 44
29 44
28 44
27 44
27 43
28 43
29 43
30 43
31 43
32 43
33 43
34 43
34 42
33 42
32 42
31 42
30 42
29 42
28 42
27 42
26 42
26 43
26 44
26 45
26 46
26 47
26 48
26 49
25 47
25 46
25 45
25 44
25 43
25 42
25 48
25 49
24 48
24 49
24 44
24 43
24 42
23 44
23 43
23 42
23 41
24 41
25 41
26 41
27 41
28 41
29 41
30 41
31 41
32 41
33 41
34 41
35 41
35 42
35 43
35 44
35 45
35 46
35 47
35 48
35 49
36 45
36 46
36 47
36 48
36 49
0
No
0
Yes
24 34
23 34
23 35
24 35
23 33
24 33
23 32
24 32
23 31
24 31
23 30
24 30
23 29
24 29
25 29
25 30
25 31
25 32
25 33
25 34
25 35
26 29
26 30
26 31
26 32
26 33
26 34
26 35
27 29
27 30
27 31
27 32
27 33
27 34
27 35
28 30
28 31
28 32
28 33
28 34
28 35
29 30
29 31
29 32
29 33
29 34
29 35
30 30
30 31
30 32
30 33
30 34
0
Yes
23 38
23 39
23 37
23 36
24 36
24 37
24 38
24 39
25 36
25 37
25 38
25 39
26 36
26 37
26 38
26 39
27 36
27 37
27 38
27 39
28 36
28 37
28 38
28 39
29 36
29 37
29 38
29 39
30 39
30 38
30 37
30 36
30 35
31 35
31 36
31 37
31 38
31 39
32 39
32 38
32 37
32 36
32 35
33 35
33 36
33 37
33 38
33 39
23 40
24 40
25 40
26 40
27 40
28 40
29 40
30 40
31 40
32 40
33 40
0
No
0
No
0
No
0
Yes
18 9
17 9
17 10
16 10
16 9
15 10
15 9
14 9
14 8
15 8
16 8
17 8
18 8
18 7
17 7
16 7
15 7
14 7
0
Yes
49 15
49 16
48 16
48 15
47 16
47 15
46 16
46 15
45 16
45 15
44 16
44 15
43 16
43 15
42 16
42 15
42 14
43 14
44 14
45 14
46 14
47 14
48 14
49 14
42 13
43 13
44 13
45 13
46 13
47 13
48 13
49 13
42 12
43 12
44 12
45 12
46 12
47 12
48 12
49 12
42 11
43 11
44 11
45 11
46 11
47 11
48 11
49 11
42 10
43 10
44 10
45 10
46 10
47 10
48 10
49 10
42 9
43 9
44 9
45 9
46 9
47 9
48 9
49 9
42 8
43 8
44 8
45 8
46 8
47 8
48 8
49 8
42 7
43 7
44 7
45 7
46 7
47 7
48 7
49 7
42 6
43 6
44 6
45 6
46 6
47 6
48 6
49 6
42 5
43 5
44 5
45 5
46 5
47 5
48 5
49 5
44 4
45 4
46 4
47 4
48 4
49 4
45 3
46 3
47 3
0
Yes
36 35
36 34
35 34
35 35
34 34
34 35
33 35
33 34
33 33
32 33
32 34
32 35
31 35
31 34
31 33
31 32
30 32
30 33
30 34
30 35
30 31
30 30
29 30
29 31
29 32
29 33
29 34
29 35
28 30
28 31
28 32
28 33
28 34
28 35
27 35
27 34
27 33
27 32
27 31
27 30
27 29
26 29
26 30
26 31
26 32
26 33
26 34
26 35
25 29
25 30
25 31
25 32
25 33
25 34
25 35
24 29
24 30
24 31
24 32
24 33
24 34
24 35
23 29
23 30
23 31
23 32
23 33
23 34
23 35
36 36
35 36
34 36
33 36
32 36
31 36
30 36
29 36
28 36
27 36
26 36
25 36
24 36
23 36
23 37
24 37
25 37
26 37
27 37
28 37
29 37
30 37
31 37
32 37
33 37
34 37
35 37
35 38
34 38
33 38
32 38
31 38
30 38
29 38
28 38
27 38
26 38
25 38
24 38
23 38
23 39
24 39
25 39
26 39
27 39
28 39
29 39
30 39
31 39
32 39
33 39
34 39
35 39
35 40
34 40
33 40
32 40
31 40
30 40
29 40
28 40
27 40
26 40
25 40
24 40
23 40
23 41
24 41
0
Yes
3 49
4 49
2 49
1 49
0 49
4 48
3 48
2 48
1 48
0 48
4 47
3 47
2 47
1 47
0 47
4 46
3 46
0
Yes
13 0
13 1
13 2
14 2
14 1
14 0
0
Yes
1 44
1 45
1 46
2 46
2 45
2 44
0 46
0 45
0 44
0 43
1 43
2 43
0
Yes
27 2
27 3
27 4
27 5
27 6
28 6
28 5
28 4
28 3
28 2
29 6
29 5
29 4
29 3
29 2
30 6
30 5
30 4
30 3
30 2
27 1
28 1
29 1
30 1
27 0
28 0
29 0
30 0
31 2
31 3
31 4
31 5
31 6
0
Yes
30 48
30 49
31 49
31 48
32 48
32 49
33 49
33 48
34 48
34 49
35 49
35 48
36 48
36 49
36 47
35 47
34 47
33 47
32 47
31 47
30 47
30 46
31 46
32 46
33 46
34 46
35 46
36 46
36 45
35 45
34 45
33 45
32 45
31 45
30 45
35 44
34 44
33 44
32 44
31 44
30 44
35 43
34 43
33 43
32 43
31 43
30 43
35 42
34 42
33 42
32 42
31 42
30 42
35 41
34 41
33 41
32 41
31 41
30 41
29 41
29 42
29 43
29 44
29 45
29 46
29 47
29 48
29 49
28 49
28 48
28 47
28 46
28 45
28 44
28 43
28 42
28 41
27 41
27 42
27 43
27 44
27 45
27 46
27 47
27 48
27 49
26 49
26 48
26 47
26 46
26 45
26 44
26 43
26 42
26 41
25 45
25 46
25 47
25 48
25 49
25 44
25 43
25 42
0
Yes
4 41
5 41
5 40
4 40
5 39
4 39
4 38
5 38
3 38
3 39
3 40
3 41
2 41
2 40
2 39
2 38
1 38
1 39
1 40
1 41
0 41
0 40
0 39
0 38
0 42
1 42
2 42
3 42
0 37
1 37
2 37
3 37
0
Yes
48 0
47 0
47 1
48 1
48 2
47 2
46 2
46 3
47 3
48 3
45 3
45 4
46 4
47 4
48 4
49 4
49 3
49 2
49 1
49 0
49 5
48 5
47 5
46 5
45 5
45 6
46 6
47 6
48 6
49 6
49 7
48 7
47 7
46 7
0
Yes
33 35
33 36
33 37
33 38
33 39
33 40
32 40
32 39
32 38
32 37
32 36
32 35
31 40
31 39
31 38
31 37
31 36
31 35
30 40
30 39
30 38
30 37
30 36
30 35
29 40
29 39
29 38
29 37
29 36
29 35
28 40
28 39
28 38
28 37
28 36
28 35
27 40
27 39
27 38
27 37
27 36
27 35
26 40
26 39
26 38
26 37
26 36
26 35
26 34
27 34
28 34
29 34
30 34
31 34
32 34
33 34
33 33
32 33
31 33
30 33
29 33
28 33
27 33
26 33
25 33
25 34
25 35
25 36
25 37
25 38
25 39
0
Yes
46 43
46 44
46 45
46 46
46 47
46 48
46 49
47 49
47 48
47 47
47 46
47 45
47 44
47 43
48 43
48 44
48 45
48 46
48 47
48 48
48 49
49 49
49 48
49 47
49 46
49 45
49 44
49 43
49 42
48 42
47 42
46 42
45 42
45 43
45 44
45 45
45 46
45 47
45 48
45 49
44 49
44 48
44 47
44 46
44 45
44 44
44 43
44 42
43 42
43 43
43 44
43 45
43 46
43 47
43 48
43 49
42 44
42 43
42 42
42 45
42 46
42 47
42 48
42 49
42 41
43 41
44 41
45 41
46 41
47 41
48 41
49 41
42 40
43 40
44 40
45 40
46 40
47 40
48 40
49 40
42 39
43 39
44 39
45 39
0
Yes
29 6
30 6
28 6
27 6
27 5
28 5
29 5
30 5
27 4
28 4
29 4
30 4
27 3
28 3
29 3
30 3
27 2
28 2
29 2
30 2
27 1
28 1
29 1
30 1
27 0
28 0
29 0
30 0
0
Yes
40 32
40 31
41 31
41 32
41 33
41 34
41 30
42 30
42 31
42 32
42 33
42 34
43 34
43 33
43 32
43 31
43 30
44 30
44 31
44 32
44 33
44 34
45 34
45 33
45 32
45 31
45 30
46 30
46 31
46 32
46 33
46 34
47 34
47 33
47 32
47 31
47 30
48 30
48 31
48 32
48 33
48 34
49 34
49 33
49 32
49 31
49 30
49 29
48 29
47 29
46 29
45 29
44 29
43 29
42 29
41 29
40 29
40 28
41 28
42 28
43 28
44 28
45 28
46 28
47 28
48 28
49 28
40 27
41 27
42 27
43 27
44 27
45 27
46 27
47 27
48 27
49 27
42 35
43 35
44 35
45 35
46 35
47 35
48 35
49 35
42 36
43 36
44 36
45 36
46 36
47 36
48 36
0
Yes
28 44
28 45
28 46
28 47
28 48
28 49
29 49
29 48
29 47
29 46
29 45
29 44
30 44
30 45
30 46
30 47
30 48
30 49
31 49
31 48
31 47
31 46
31 45
31 44
32 44
32 45
32 46
32 47
32 48
32 49
33 49
33 48
33 47
33 46
33 45
33 44
34 44
34 45
34 46
34 47
34 48
34 49
35 44
35 45
35 46
35 47
35 48
35 49
35 43
34 43
33 43
32 43
31 43
30 43
29 43
28 43
27 43
27 44
27 45
27 46
27 47
27 48
27 49
26 49
26 48
26 47
26 46
26 45
26 44
26 43
25 45
25 46
25 47
25 48
25 49
25 44
25 43
24 48
24 49
24 44
24 43
36 45
36 46
36 47
36 48
36 49
37 45
37 46
37 47
37 48
37 49
0
Yes
8 15
8 16
9 16
9 15
10 16
10 15
10 14
11 14
11 15
11 16
12 16
12 15
12 14
0
Yes
46 9
46 10
46 11
46 12
46 13
46 14
46 15
46 16
47 16
47 15
47 14
47 13
47 12
47 11
47 10
47 9
48 16
48 15
48 14
48 13
48 12
48 11
48 10
48 9
49 16
49 15
49 14
49 13
49 12
49 11
49 10
49 9
45 16
45 15
45 14
45 13
45 12
45 11
45 10
45 9
44 16
44 15
44 14
44 13
44 12
44 11
44 10
44 9
43 16
43 15
43 14
43 13
43 12
43 11
43 10
43 9
42 9
42 10
42 11
42 12
42 13
42 14
42 15
42 16
42 8
43 8
44 8
45 8
46 8
47 8
48 8
49 8
42 7
43 7
44 7
45 7
46 7
47 7
48 7
49 7
42 6
43 6
44 6
45 6
46 6
47 6
48 6
49 6
42 5
43 5
44 5
45 5
46 5
47 5
48 5
0
Yes
7 36
7 37
8 37
8 36
6 37
6 36
5 37
5 36
4 37
4 36
4 35
5 35
6 35
7 35
8 35
8 34
7 34
6 34
5 34
4 34
4 33
5 33
6 33
7 33
8 33
9 36
9 35
9 34
9 33
3 33
3 34
3 35
3 36
2 36
2 35
2 34
2 33
0
Yes
37 18
37 19
37 20
37 21
37 22
37 23
37 24
37 25
38 25
38 24
38 23
38 22
38 21
38 20
38 19
38 18
38 17
38 16
39 16
39 17
39 18
39 19
39 20
39 21
39 22
39 23
39 24
39 25
40 25
40 24
40 23
40 22
40 21
40 20
40 19
40 18
40 17
40 16
41 16
41 17
41 18
41 19
41 20
41 21
41 22
41 23
41 24
41 25
42 17
42 18
42 19
42 20
42 21
42 22
42 23
42 24
42 25
43 17
43 18
43 19
43 20
43 21
43 22
43 23
43 24
43 25
44 17
44 18
44 19
44 20
44 21
44 22
44 23
44 24
44 25
45 17
45 18
45 19
45 20
45 21
45 22
45 23
45 24
45 25
46 17
46 18
46 19
46 20
46 21
46 22
46 23
46 24
46 25
47 17
47 18
47 19
47 20
47 21
47 22
47 23
47 24
47 25
48 17
48 18
48 19
48 20
48 21
48 22
48 23
48 24
48 25
49 17
49 18
49 19
49 20
49 21
49 22
49 23
49 24
49 25
0
Yes
29 30
30 30
30 31
29 31
28 30
28 31
28 32
29 32
30 32
30 33
29 33
28 33
28 34
29 34
30 34
27 34
27 33
27 32
27 31
27 30
27 29
26 29
26 30
26 31
26 32
26 33
26 34
25 29
25 30
25 31
25 32
25 33
25 34
24 29
24 30
24 31
24 32
24 33
24 34
23 29
23 30
23 31
23 32
23 33
23 34
23 35
24 35
25 35
26 35
27 35
28 35
29 35
30 35
30 36
29 36
28 36
27 36
26 36
25 36
24 36
23 36
23 37
24 37
25 37
26 37
27 37
28 37
29 37
30 37
30 38
29 38
28 38
27 38
26 38
0
Yes
15 34
15 35
15 36
15 37
16 37
16 36
16 35
16 34
17 34
17 35
17 36
17 37
18 34
18 35
18 36
18 37
17 33
16 33
15 33
15 32
16 32
17 32
14 33
14 34
14 35
14 36
14 37
13 37
13 36
13 35
13 34
13 33
13 32
13 31
12 31
12 32
12 33
12 34
11 34
11 33
11 32
11 31
10 34
10 33
10 32
10 31
9 32
9 31
8 32
8 31
8 30
9 30
10 30
11 30
11 29
10 29
9 29
9 28
10 28
11 28
13 38
14 38
15 38
16 38
17 38
18 38
13 39
14 39
15 39
16 39
17 39
18 39
14 40
15 40
16 40
17 40
18 40
14 41
15 41
16 41
17 41
18 41
15 42
16 42
17 42
18 42
17 43
18 43
18 44
19 44
19 43
19 42
19 41
19 40
19 39
19 38
19 37
19 36
19 35
19 34
19 33
19 32
20 32
20 33
20 34
20 35
20 36
20 37
20 38
20 39
20 40
20 41
20 42
20 43
21 43
21 42
21 41
21 40
21 39
21 38
21 37
21 36
21 35
21 34
21 33
21 32
22 32
22 33
22 34
22 35
22 36
22 37
22 38
0
Yes
30 40
30 39
31 39
31 40
31 38
32 38
32 39
32 40
32 41
31 41
30 41
30 42
31 42
32 42
33 42
33 41
33 40
33 39
33 38
34 42
34 41
34 40
34 39
34 38
35 42
35 41
35 40
35 39
35 38
35 37
34 37
33 37
32 37
31 37
0
Yes
18 36
18 37
18 38
18 39
18 40
18 41
19 41
19 40
19 39
19 38
19 37
19 36
20 36
20 37
20 38
20 39
20 40
20 41
21 41
21 40
21 39
21 38
21 37
21 36
21 35
20 35
19 35
18 35
18 34
19 34
20 34
21 34
19 33
20 33
21 33
19 32
20 32
21 32
17 34
17 35
17 36
17 37
17 38
17 39
17 40
17 41
17 33
17 32
16 32
16 33
16 34
16 35
16 36
16 37
16 38
16 39
16 40
16 41
15 32
15 33
15 34
15 35
15 36
15 37
15 38
15 39
15 40
15 41
14 41
14 40
14 39
14 38
14 37
14 36
14 35
14 34
14 33
13 39
13 38
13 37
13 36
13 35
13 34
13 33
15 42
16 42
17 42
18 42
19 42
20 42
21 42
21 43
20 43
19 43
18 43
17 43
18 44
19 44
22 32
22 33
22 34
22 35
22 36
0
No
0
No
0
Yes
31 1
31 2
31 3
31 4
31 5
30 5
30 4
30 3
30 2
30 1
30 0
31 0
29 0
29 1
29 2
29 3
29 4
29 5
28 5
28 4
28 3
28 2
28 1
28 0
27 0
27 1
27 2
27 3
27 4
27 5
0
No
0
No
1
944
12 13
11 13
11 12
12 12
13 12
14 12
14 11
13 11
12 11
11 11
14 10
13 10
12 10
11 10
12 9
13 9
10 12
10 11
10 10
10 9
10 8
9 8
9 9
9 10
9 11
9 12
8 12
8 11
8 10
8 9
8 8
7 9
7 8
7 7
8 7
8 6
7 6
Yes
2 38
2 39
2 40
2 41
3 41
3 40
3 39
3 38
4 41
4 40
4 39
4 38
4 37
3 37
2 37
2 36
3 36
4 36
4 35
3 35
2 35
2 34
3 34
4 34
4 33
3 33
2 33
1 33
1 34
1 35
1 36
1 37
1 38
1 39
1 40
1 41
0 33
0 34
0 35
0 36
0 37
0 38
0 39
0 40
0 41
5 41
5 40
5 39
5 38
5 37
5 36
5 35
5 34
5 33
0 42
0
No
0
Yes
10 34
10 35
11 35
11 34
12 34
12 35
12 33
11 33
10 33
10 32
11 32
12 32
9 32
9 33
9 34
9 35
8 32
8 33
8 34
8 35
8 31
9 31
10 31
11 31
12 31
8 30
9 30
10 30
11 30
0
No
0
Yes
47 10
47 11
47 12
47 13
47 14
48 14
48 13
48 12
48 11
48 10
49 10
49 11
49 12
49 13
49 14
46 14
46 13
46 12
46 11
46 10
45 10
45 11
45 12
45 13
45 14
44 14
44 13
44 12
44 11
44 10
43 10
43 11
43 12
43 13
43 14
42 14
42 13
42 12
42 11
42 10
42 9
43 9
44 9
45 9
46 9
47 9
48 9
49 9
42 8
43 8
44 8
45 8
46 8
47 8
48 8
49 8
42 7
43 7
44 7
45 7
46 7
47 7
48 7
49 7
42 6
43 6
44 6
0
Yes
10 38
11 38
10 37
11 37
11 36
10 36
9 36
12 36
12 37
12 38
0
Yes
26 47
25 47
25 46
26 46
25 45
26 45
27 45
27 46
27 47
27 48
26 48
25 48
24 48
24 49
25 49
26 49
27 49
28 49
28 48
28 47
28 46
28 45
29 45
29 46
29 47
29 48
29 49
30 49
30 48
30 47
30 46
30 45
31 45
31 46
31 47
31 48
31 49
32 49
32 48
32 47
32 46
32 45
33 45
33 46
33 47
33 48
33 49
34 49
34 48
34 47
34 46
0
Yes
49 39
48 39
47 39
46 39
46 38
47 38
48 38
49 38
49 37
48 37
47 37
46 37
46 36
47 36
48 36
49 36
49 35
48 35
47 35
0
Yes
49 4
49 5
48 5
48 4
48 3
49 3
49 2
48 2
48 1
49 1
47 1
47 2
47 3
47 4
47 5
47 0
48 0
49 0
0
Yes
27 2
27 3
27 1
27 0
27 4
27 5
27 6
28 6
28 5
28 4
28 3
28 2
28 1
28 0
29 6
29 5
29 4
29 3
29 2
29 1
29 0
30 6
30 5
30 4
30 3
30 2
30 1
30 0
31 2
31 3
31 4
31 5
31 6
31 1
31 0
32 1
0
Yes
11 29
11 28
10 28
10 29
9 29
0
Yes
37 47
37 48
37 49
38 49
38 48
38 47
39 47
39 48
39 49
40 49
40 48
40 47
41 47
41 48
41 49
41 46
40 46
39 46
38 46
37 46
41 45
40 45
39 45
38 45
37 45
36 45
36 46
36 47
36 48
36 49
35 49
35 48
35 47
35 46
35 45
34 45
41 44
40 44
39 44
38 44
37 44
36 44
35 44
34 44
41 43
40 43
39 43
38 43
37 43
36 43
0
Yes
47 32
47 33
47 34
48 34
48 33
48 32
49 34
49 33
49 32
49 31
48 31
47 31
47 30
48 30
49 30
49 29
48 29
47 29
47 28
48 28
49 28
49 27
48 27
47 27
47 26
48 26
49 26
49 25
48 25
47 25
47 24
48 24
49 24
49 23
48 23
47 23
46 23
46 24
46 25
46 26
46 27
46 28
46 29
46 30
46 31
46 32
46 33
46 34
45 34
45 33
45 32
45 31
45 30
45 29
45 28
45 27
45 26
45 25
45 24
45 23
44 23
44 24
44 25
44 26
44 27
44 28
44 29
44 30
44 31
44 32
44 33
44 34
43 34
43 33
43 32
43 31
43 30
43 29
43 28
43 27
43 26
43 25
43 24
43 23
42 23
42 24
42 25
42 26
42 27
42 28
42 29
42 30
42 31
42 32
42 33
42 34
41 33
41 34
41 32
41 31
41 30
41 29
41 28
41 27
41 26
41 25
41 24
41 23
0
Yes
1 18
1 17
0 17
0 18
0 19
1 19
2 19
2 20
1 20
0 20
0 21
1 21
2 21
2 22
1 22
0 22
0 23
1 23
2 23
2 24
1 24
0 24
0
Yes
27 49
28 49
28 48
27 48
27 47
28 47
26 47
26 48
26 49
25 47
25 48
25 49
24 48
24 49
25 46
26 46
27 46
28 46
25 45
26 45
27 45
28 45
29 45
29 46
29 47
29 48
29 49
30 49
30 48
30 47
30 46
0
Yes
13 39
13 38
13 37
13 36
13 35
13 34
13 33
14 33
14 34
14 35
14 36
14 37
14 38
14 39
14 40
14 41
15 41
15 40
15 39
15 38
15 37
15 36
15 35
15 34
15 33
15 32
16 32
16 33
16 34
16 35
16 36
16 37
16 38
16 39
16 40
16 41
17 32
17 33
17 34
17 35
17 36
17 37
17 38
17 39
17 40
17 41
18 34
18 35
18 36
18 37
18 38
18 39
18 40
18 41
19 41
19 40
19 39
19 38
19 37
19 36
19 35
19 34
19 33
19 32
20 32
20 33
20 34
20 35
20 36
20 37
20 38
20 39
20 40
20 41
21 32
21 33
21 34
21 35
21 36
21 37
21 38
21 39
21 40
21 41
22 32
22 33
22 34
22 35
22 36
22 37
22 38
22 39
22 40
22 41
15 42
16 42
17 42
18 42
19 42
20 42
21 42
22 42
21 43
20 43
19 43
18 43
17 43
18 44
19 44
23 38
23 39
23 40
23 41
23 42
23 43
23 44
0
Yes
49 38
49 39
48 39
48 38
47 39
47 38
46 39
46 38
45 38
44 38
43 38
42 38
42 37
43 37
44 37
45 37
46 37
47 37
48 37
49 37
49 36
48 36
47 36
46 36
45 36
44 36
43 36
42 36
42 35
43 35
44 35
45 35
46 35
47 35
48 35
49 35
41 35
41 36
41 37
41 38
41 39
40 39
40 38
40 37
40 36
40 35
40 34
39 34
39 35
39 36
39 37
39 38
39 39
38 34
38 35
38 36
38 37
38 38
38 39
37 35
37 36
37 37
37 38
37 39
41 40
40 40
39 40
38 40
37 40
41 41
40 41
39 41
38 41
37 41
41 42
40 42
39 42
38 42
37 42
36 42
36 41
36 40
36 39
36 38
36 37
36 36
36 35
36 34
35 34
35 35
35 36
35 37
35 38
35 39
35 40
35 41
35 42
35 43
34 43
34 42
34 41
34 40
34 39
34 38
34 37
34 36
34 35
34 34
33 34
33 35
33 36
33 37
33 38
33 39
33 40
33 41
33 42
33 43
33 33
32 33
32 34
32 35
32 36
32 37
32 38
32 39
32 40
32 41
32 42
32 43
31 33
31 34
31 35
31 36
31 37
31 38
31 39
31 40
31 41
31 42
31 43
30 39
30 40
30 41
30 42
30 43
29 39
1
959
27 43
27 44
27 45
27 46
27 47
27 48
27 49
28 49
28 48
28 47
28 46
28 45
28 44
28 43
29 43
29 44
29 45
29 46
29 47
29 48
29 49
30 44
30 45
30 46
30 47
30 48
30 49
31 44
31 45
31 46
31 47
31 48
31 49
26 49
26 48
26 47
26 46
26 45
26 44
26 43
25 45
25 46
25 47
25 48
25 49
25 44
25 43
24 44
24 43
24 48
24 49
32 44
32 45
32 46
32 47
32 48
32 49
33 44
33 45
33 46
33 47
33 48
33 49
34 46
34 47
34 48
34 49
Yes
49 22
48 22
47 22
46 22
45 22
44 22
43 22
42 22
41 22
41 21
42 21
43 21
44 21
45 21
46 21
47 21
48 21
49 21
49 20
48 20
47 20
46 20
45 20
44 20
43 20
42 20
41 20
41 19
42 19
43 19
44 19
45 19
46 19
47 19
48 19
49 19
49 18
48 18
47 18
46 18
45 18
44 18
43 18
42 18
41 18
41 17
42 17
43 17
44 17
45 17
46 17
47 17
48 17
49 17
40 17
40 18
40 19
40 20
40 21
40 22
40 23
40 24
40 25
39 25
39 24
39 23
39 22
39 21
39 20
39 19
39 18
39 17
38 17
38 18
38 19
38 20
38 21
38 22
38 23
38 24
38 25
37 25
37 24
37 23
37 22
37 21
37 20
37 19
37 18
38 16
39 16
40 16
41 16
42 16
43 16
44 16
45 16
46 16
47 16
48 16
49 16
39 15
40 15
41 15
42 15
43 15
44 15
45 15
46 15
47 15
48 15
49 15
39 26
40 26
42 14
43 14
44 14
45 14
46 14
47 14
48 14
49 14
42 13
43 13
44 13
45 13
46 13
47 13
48 13
49 13
0
Yes
43 12
42 12
42 11
43 11
42 10
43 10
42 9
43 9
42 8
43 8
42 7
43 7
44 12
44 11
44 10
44 9
44 8
44 7
45 12
45 11
45 10
45 9
45 8
45 7
46 12
46 11
46 10
46 9
46 8
46 7
47 12
47 11
47 10
47 9
47 8
47 7
48 12
48 11
48 10
48 9
48 8
48 7
49 12
49 11
49 10
49 9
49 8
49 7
49 6
48 6
47 6
46 6
45 6
0
No
0
No
0
No
0
Yes
0 45
0 46
1 46
1 45
2 46
2 45
2 44
1 44
0 44
0 43
1 43
0
Yes
0 49
1 49
2 49
3 49
4 49
4 48
3 48
2 48
1 48
0 48
4 47
3 47
2 47
1 47
0 47
4 46
3 46
2 46
0
Yes
22 9
22 8
22 7
21 7
21 8
21 9
20 9
20 8
0
Yes
26 6
26 5
26 4
26 3
26 2
26 1
26 0
25 6
25 5
25 4
25 3
25 2
25 1
25 0
24 6
24 5
24 4
24 3
24 2
24 1
24 0
23 6
23 5
23 4
23 3
23 2
23 1
23 0
22 6
22 5
22 4
22 3
22 2
22 1
22 0
21 6
21 5
21 4
21 3
21 2
21 1
21 0
20 0
20 1
20 2
20 3
20 4
20 5
20 6
0
Yes
18 4
18 5
18 6
17 6
17 5
17 4
17 3
18 3
18 2
17 2
16 2
16 3
16 4
16 5
16 6
19 6
19 5
19 4
19 3
0
Yes
22 22
23 22
23 21
22 21
21 21
21 22
21 23
22 23
23 23
0
Yes
31 0
31 1
31 2
31 3
31 4
30 4
30 3
30 2
30 1
30 0
29 0
29 1
29 2
29 3
29 4
28 4
28 3
28 2
28 1
28 0
27 0
27 1
27 2
27 3
27 4
32 1
32 0
27 5
28 5
29 5
30 5
31 5
0
Yes
6 37
7 37
8 37
6 36
7 36
8 36
9 36
6 35
7 35
8 35
9 35
6 34
7 34
8 34
9 34
6 33
7 33
8 33
9 33
10 33
10 34
10 35
10 36
10 37
10 38
11 38
11 37
11 36
11 35
11 34
11 33
12 38
12 37
12 36
12 35
12 34
12 33
12 32
11 32
10 32
9 32
8 32
7 32
6 32
13 32
13 31
12 31
11 31
10 31
9 31
8 31
7 31
6 31
11 30
10 30
9 30
8 30
7 30
6 30
5 32
5 31
5 30
4 32
4 31
4 30
3 32
3 31
3 30
2 32
2 31
2 30
1 32
1 31
1 30
0 32
0 31
0 30
11 29
10 29
9 29
8 29
7 29
6 29
5 29
4 29
3 29
2 29
1 29
0 29
11 28
10 28
9 28
8 28
7 28
6 28
5 28
4 28
3 28
2 28
1 28
0 28
9 27
8 27
7 27
6 27
5 27
4 27
3 27
2 27
1 27
0 27
7 26
6 26
5 26
4 26
3 26
2 26
1 26
0
Yes
49 34
48 34
47 34
46 34
45 34
44 34
44 33
45 33
46 33
47 33
48 33
49 33
49 32
48 32
47 32
46 32
45 32
44 32
44 31
45 31
46 31
47 31
48 31
49 31
49 30
48 30
47 30
46 30
45 30
44 30
44 29
45 29
46 29
47 29
48 29
49 29
49 28
48 28
47 28
46 28
45 28
44 28
44 27
45 27
46 27
47 27
48 27
49 27
43 34
43 33
43 32
43 31
43 30
43 29
43 28
43 27
42 34
42 33
42 32
42 31
42 30
42 29
42 28
42 27
41 34
41 33
41 32
41 31
41 30
1
985
13 9
12 9
12 10
13 10
14 10
14 11
13 11
12 11
14 12
13 12
12 12
12 13
11 13
11 12
11 11
11 10
11 14
12 14
13 14
13 15
12 15
11 15
11 16
12 16
13 16
13 17
14 16
14 17
14 18
15 18
15 17
15 16
15 15
16 15
16 16
16 17
16 18
16 19
10 14
10 15
10 16
9 16
9 15
8 15
8 16
17 15
17 16
17 17
17 18
17 19
17 20
16 20
16 21
15 21
15 20
18 20
18 19
18 18
18 17
18 16
18 15
19 15
19 16
19 17
19 18
19 19
20 17
20 18
20 19
Yes
44 34
45 34
46 34
47 34
48 34
49 34
43 34
43 33
44 33
45 33
46 33
47 33
48 33
49 33
49 32
48 32
47 32
46 32
45 32
44 32
43 32
43 31
44 31
45 31
46 31
47 31
48 31
49 31
49 30
48 30
47 30
46 30
45 30
44 30
43 30
43 29
44 29
45 29
46 29
47 29
48 29
49 29
49 28
48 28
47 28
46 28
45 28
44 28
43 28
43 27
44 27
45 27
46 27
47 27
48 27
49 27
49 26
48 26
47 26
46 26
45 26
44 26
43 26
43 25
44 25
45 25
46 25
47 25
48 25
49 25
49 24
48 24
47 24
46 24
45 24
44 24
43 24
43 23
44 23
45 23
46 23
47 23
48 23
49 23
42 34
42 33
42 32
42 31
42 30
42 29
42 28
42 27
42 26
42 25
42 24
42 23
41 34
41 33
41 32
41 31
41 30
41 29
41 28
41 27
41 26
0
Yes
26 41
26 40
26 39
25 39
25 40
25 41
25 38
24 38
24 39
24 40
24 41
24 42
25 42
26 42
27 42
27 41
27 40
27 39
0
Yes
43 47
42 47
42 48
43 48
42 49
43 49
42 46
43 46
42 45
43 45
42 44
43 44
42 43
43 43
44 43
44 44
44 45
44 46
44 47
44 48
44 49
45 49
45 48
45 47
45 46
45 45
45 44
45 43
46 43
46 44
46 45
46 46
46 47
46 48
46 49
47 49
47 48
47 47
47 46
47 45
47 44
47 43
48 43
48 44
48 45
48 46
48 47
48 48
48 49
49 49
49 48
49 47
49 46
49 45
49 44
49 43
49 42
48 42
47 42
46 42
45 42
44 42
43 42
42 42
41 42
40 42
40 41
41 41
42 41
43 41
44 41
45 41
46 41
47 41
48 41
49 41
49 40
48 40
47 40
46 40
45 40
44 40
43 40
42 40
41 40
40 40
40 39
41 39
42 39
43 39
44 39
45 39
46 39
47 39
48 39
49 39
49 38
48 38
47 38
46 38
45 38
44 38
43 38
42 38
41 38
40 38
40 37
41 37
42 37
43 37
44 37
45 37
46 37
47 37
48 37
49 37
49 36
48 36
47 36
46 36
45 36
44 36
43 36
42 36
41 36
40 36
41 35
42 35
43 35
44 35
45 35
46 35
47 35
48 35
49 35
40 35
40 34
39 34
39 35
39 36
39 37
39 38
39 39
39 40
39 41
39 42
38 34
0
Yes
8 12
8 11
8 10
9 12
9 11
9 10
10 12
10 11
10 10
10 9
9 9
0
Yes
3 15
3 14
2 14
2 15
1 15
0
Yes
2 33
3 33
4 33
5 33
5 34
4 34
3 34
2 34
5 35
4 35
3 35
2 35
5 36
4 36
3 36
2 36
1 33
1 34
1 35
1 36
0 33
0 34
0 35
0 36
5 37
4 37
3 37
2 37
1 37
0 37
5 38
4 38
3 38
2 38
1 38
0 38
5 39
4 39
3 39
2 39
0
Yes
0 25
1 25
2 25
3 25
4 25
4 24
3 24
2 24
1 24
0 24
0 23
1 23
2 23
3 23
4 23
4 22
3 22
2 22
1 22
0 22
3 21
4 21
2 21
1 21
0 21
4 20
2 20
1 20
0 20
2 19
1 19
0 19
1 18
0 18
1 17
0 17
0
Yes
20 0
20 1
20 2
20 3
20 4
20 5
20 6
20 7
19 7
19 6
19 5
19 4
19 3
19 2
19 1
19 0
18 6
18 5
18 4
18 3
18 2
18 1
18 0
17 0
17 1
17 2
17 3
17 4
17 5
17 6
16 6
16 5
16 4
16 3
16 2
20 8
20 9
21 9
21 8
21 7
21 6
21 5
21 4
21 3
21 2
21 1
21 0
22 9
22 8
22 7
22 6
22 5
22 4
22 3
22 2
22 1
22 0
23 6
23 5
23 4
23 3
23 2
23 1
23 0
24 6
24 5
24 4
24 3
24 2
24 1
24 0
25 6
25 5
25 4
25 3
25 2
25 1
25 0
26 6
26 5
26 4
26 3
26 2
26 1
26 0
27 6
27 5
27 4
27 3
27 2
27 1
27 0
28 6
28 5
28 4
28 3
28 2
28 1
28 0
29 6
29 5
29 4
29 3
29 2
29 1
29 0
30 6
30 5
30 4
30 3
30 2
30 1
30 0
31 2
31 3
31 4
31 5
31 6
31 1
31 0
32 1
32 0
32 6
32 5
32 4
33 4
33 5
16 0
33 0
34 5
0
Yes
1 44
1 45
1 46
1 47
1 48
1 49
2 49
2 48
2 47
2 46
2 45
2 44
3 44
3 45
3 46
3 47
3 48
3 49
4 44
4 45
4 46
4 47
4 48
4 49
4 43
3 43
2 43
1 43
5 45
5 46
5 47
5 48
5 49
0 43
0 44
0 45
0 46
0 47
0 48
0 49
0
Yes
27 18
26 18
26 19
27 19
25 19
28 19
29 19
29 20
28 20
27 20
26 20
25 20
30 20
30 21
29 21
28 21
27 21
26 21
25 21
25 22
26 22
27 22
28 22
29 22
30 22
31 20
31 21
31 22
24 20
24 21
24 22
23 21
23 22
31 23
30 23
29 23
28 23
27 23
26 23
25 23
24 23
23 23
31 24
30 24
29 24
28 24
27 24
26 24
25 24
24 24
23 24
29 25
28 25
27 25
26 25
25 25
24 25
23 25
28 26
27 26
26 26
25 26
24 26
23 26
28 27
27 27
26 27
25 27
24 27
23 27
22 27
22 26
22 25
22 24
0
Yes
0 28
0 29
0 30
0 31
0 32
0 33
0 34
0 35
1 35
1 34
1 33
1 32
1 31
1 30
1 29
1 28
2 28
2 29
2 30
2 31
2 32
2 33
2 34
2 35
3 35
3 34
3 33
3 32
3 31
3 30
3 29
3 28
4 28
4 29
4 30
4 31
4 32
4 33
4 34
4 35
5 35
5 34
5 33
5 32
5 31
5 30
5 29
5 28
6 28
6 29
6 30
6 31
6 32
6 33
6 34
6 35
7 35
7 34
7 33
7 32
7 31
7 30
7 29
7 28
8 28
8 29
8 30
8 31
8 32
8 33
8 34
8 35
8 27
7 27
6 27
5 27
4 27
3 27
2 27
1 27
0 27
7 26
6 26
5 26
4 26
3 26
2 26
1 26
0 26
9 27
9 28
9 29
9 30
9 31
9 32
9 33
9 34
9 35
10 28
10 29
10 30
10 31
10 32
10 33
10 34
10 35
11 28
11 29
11 30
11 31
11 32
11 33
11 34
11 35
12 35
12 34
12 33
12 32
12 31
0
Yes
10 8
10 9
10 10
10 11
10 12
9 12
9 11
9 10
9 9
9 8
8 12
8 11
8 10
8 9
0
Yes
7 19
6 19
7 20
6 20
5 20
7 21
6 21
0
Yes
1 41
2 41
3 41
4 41
5 41
5 40
4 40
3 40
2 40
1 40
5 39
4 39
3 39
2 39
1 39
1 38
2 38
3 38
4 38
5 38
5 37
4 37
3 37
2 37
1 37
1 36
2 36
3 36
4 36
5 36
0 36
0 37
0 38
0 39
0 40
0 41
6 38
6 37
6 36
3 42
2 42
1 42
0 42
7 36
7 37
8 37
8 36
9 36
10 36
