0
Yes
48 47
48 46
48 45
47 46
47 47
47 45
46 45
47 44
46 44
45 44
44 44
43 44
47 43
46 43
45 43
44 43
43 43
44 42
45 42
46 42
47 42
43 42
48 42
47 41
46 41
49 42
49 41
49 40
43 41
43 40
44 40
44 39
45 39
45 38
46 38
47 48
48 48
49 48
47 49
48 49
49 49
49 39
48 39
48 38
49 38
48 37
49 37
46 37
45 37
42 44
42 43
42 42
42 41
42 40
42 39
41 44
41 43
41 42
41 41
41 40
41 39
40 39
40 40
40 41
40 42
40 43
39 41
38 41
38 42
38 40
37 42
37 41
37 40
37 39
36 41
36 42
36 40
36 39
38 43
0
Yes
18 42
19 42
20 42
17 42
20 43
19 43
18 43
17 43
18 44
19 44
0
Yes
25 47
25 46
24 46
24 47
23 46
23 47
22 46
22 47
21 47
26 47
26 48
25 48
24 48
23 48
22 48
21 48
26 49
25 49
24 49
23 49
22 49
21 49
0
Yes
0 32
0 33
0 34
0 35
0 36
1 36
1 35
1 34
1 33
1 32
2 32
2 33
2 34
2 35
2 36
3 36
3 35
3 34
3 33
3 32
4 32
4 33
4 34
4 35
4 36
5 36
5 35
5 34
5 33
5 32
5 31
4 31
3 31
2 31
1 31
0 31
6 35
6 34
6 33
6 32
6 31
0
Yes
29 28
29 27
30 27
30 28
30 29
29 29
29 30
30 30
30 31
29 31
31 31
31 30
31 29
31 28
31 27
31 26
32 26
32 27
32 28
32 29
32 30
32 31
33 31
33 30
33 29
33 28
33 27
33 26
34 26
34 27
34 28
34 29
34 30
34 31
35 30
35 31
35 29
35 28
35 27
35 26
35 32
34 32
33 32
32 32
31 32
30 32
29 32
0
Yes
46 25
46 24
46 23
45 25
45 26
46 26
46 27
45 27
45 28
46 28
47 28
47 27
47 26
47 25
47 24
47 23
47 22
48 28
48 27
48 26
48 25
48 24
48 23
48 22
49 22
49 23
49 24
49 25
49 26
49 27
47 29
46 29
45 29
44 29
44 28
44 27
44 26
0
No
0
Yes
18 39
18 40
18 38
18 37
19 40
19 39
19 38
19 37
20 37
20 38
20 39
21 38
21 39
1
2
6 44
6 45
6 46
7 46
7 45
7 44
8 46
8 45
8 44
9 46
9 45
9 44
10 45
10 46
10 44
11 44
11 43
10 43
9 43
8 43
7 43
6 43
Yes
19 4
18 4
18 5
19 5
19 6
18 6
18 7
20 5
20 6
20 7
21 7
21 6
21 5
17 7
17 6
17 5
17 4
17 3
17 2
16 2
16 1
17 1
18 1
19 1
19 2
20 2
20 1
21 2
21 1
22 2
22 1
23 2
23 1
24 1
24 2
24 3
24 4
24 5
24 6
24 7
23 7
25 6
25 5
25 4
25 3
25 2
25 1
26 1
26 2
26 3
27 1
27 2
27 3
27 4
28 4
28 3
28 2
28 1
28 0
29 2
29 1
29 0
30 2
30 1
30 0
31 0
31 1
31 2
31 3
32 2
32 3
33 3
33 4
33 5
33 6
25 0
24 0
23 0
22 0
21 0
20 0
19 0
18 0
17 0
16 0
23 8
15 1
15 0
23 9
24 9
24 10
23 10
23 11
24 11
33 7
34 6
34 5
35 6
35 5
36 5
37 5
37 4
38 4
39 4
39 3
39 2
40 2
41 2
40 1
41 1
40 0
41 0
42 0
42 1
42 2
42 3
42 4
43 4
43 3
43 2
43 1
43 0
44 2
44 1
44 0
0
Yes
5 0
5 1
5 2
5 3
6 3
6 2
6 1
6 0
7 3
7 2
7 1
7 0
8 3
8 2
8 1
8 0
0
Yes
43 49
43 48
43 47
43 46
42 46
42 47
42 48
42 49
41 47
41 48
41 49
40 48
40 49
40 47
40 46
39 47
39 46
38 46
38 45
37 45
37 46
39 49
38 49
37 49
36 49
35 49
35 48
35 47
36 47
36 46
36 45
35 46
35 45
36 44
35 44
35 43
35 42
36 42
37 42
38 42
36 41
37 41
38 41
39 41
40 41
40 42
40 43
40 40
40 39
41 39
41 40
41 41
41 42
41 43
41 44
42 39
42 40
42 41
42 42
42 43
42 44
43 44
43 43
43 42
43 41
43 40
44 40
44 39
45 39
45 38
46 38
46 37
45 37
44 42
44 43
44 44
45 44
45 43
45 42
46 42
46 43
46 44
46 45
46 41
47 41
47 42
47 43
47 44
47 45
48 45
48 42
49 42
49 41
49 40
48 46
47 46
47 47
48 47
47 48
48 48
49 48
47 49
48 49
49 49
49 39
48 39
48 38
49 38
48 37
49 37
38 40
37 40
36 40
35 40
37 39
36 39
35 39
34 39
34 38
35 38
36 38
37 38
38 38
38 37
37 37
36 37
35 37
34 37
34 36
35 36
36 36
37 36
38 36
34 35
35 35
36 35
37 35
38 35
35 34
36 34
37 34
0
Yes
46 32
46 33
46 34
46 35
45 35
45 34
45 33
45 32
44 35
44 34
44 33
44 32
44 31
43 31
43 32
43 33
43 34
43 35
42 35
42 34
42 33
42 32
41 32
41 33
41 34
41 35
40 35
40 34
40 33
0
Yes
22 47
22 46
21 47
23 46
23 47
24 46
24 47
25 46
25 47
26 47
27 47
26 48
25 48
24 48
23 48
22 48
21 48
20 48
20 49
21 49
22 49
23 49
24 49
25 49
26 49
28 47
28 46
29 46
29 47
28 48
29 48
28 49
29 49
30 46
30 47
30 48
30 49
31 47
31 48
31 49
32 49
32 48
32 47
32 46
33 46
33 47
33 48
33 49
33 45
33 44
32 44
31 44
30 44
30 43
31 43
32 43
33 43
34 43
35 43
35 44
36 44
35 45
36 45
37 45
38 45
38 46
37 46
36 46
35 46
34 46
34 47
34 48
34 49
35 47
36 47
35 48
35 49
36 49
37 49
38 49
39 49
39 46
39 47
40 46
40 47
40 48
40 49
41 47
41 48
41 49
35 42
34 42
33 42
32 42
31 42
30 42
32 41
31 41
30 41
29 41
29 40
28 40
28 41
27 41
27 40
26 41
26 40
27 39
26 39
25 39
27 38
26 38
25 38
24 38
24 37
25 37
26 37
27 37
30 40
31 40
32 40
32 39
31 39
30 39
24 36
25 36
26 36
27 36
27 35
27 34
40 45
37 48
28 42
1
1
49 48
48 48
48 47
47 47
47 48
47 49
48 49
49 49
47 46
48 46
Yes
45 20
46 20
46 19
45 19
44 20
44 19
43 19
42 19
41 19
41 20
40 20
44 18
45 18
44 17
45 17
46 17
47 17
47 16
46 16
45 16
44 16
44 15
47 15
43 16
43 15
42 16
42 15
41 15
40 15
40 16
40 17
39 16
39 17
39 15
38 15
39 18
38 18
38 17
40 21
41 21
42 21
39 21
38 21
38 22
39 22
40 22
41 22
42 22
40 23
41 23
42 23
43 23
40 24
41 24
42 24
43 24
44 24
44 25
43 25
42 25
41 25
41 26
42 26
38 14
39 14
40 14
40 13
39 13
38 13
42 14
43 14
43 13
42 13
47 14
48 14
49 14
49 13
48 13
47 13
46 13
46 12
0
Yes
21 15
21 16
22 16
22 15
23 16
23 15
24 16
24 15
24 14
23 14
22 14
21 14
21 13
22 13
23 13
24 13
24 12
23 12
22 12
21 12
25 15
25 16
25 14
25 13
0
Yes
0 7
1 7
2 7
2 6
1 6
0 6
0 5
1 5
2 5
2 4
1 4
0 4
3 4
3 5
3 6
3 7
0
Yes
32 24
32 25
33 25
33 24
34 24
34 25
33 23
32 23
33 22
32 22
33 21
32 21
33 20
32 20
32 19
31 21
31 22
31 23
31 24
31 20
31 19
30 20
30 19
29 19
30 24
30 23
30 22
29 18
30 18
31 18
32 18
33 18
33 17
32 17
31 17
30 17
29 17
32 16
31 16
30 16
29 16
30 15
31 15
32 15
29 15
29 14
32 14
31 14
28 14
28 15
28 16
28 17
28 18
27 18
27 17
27 16
27 15
27 14
26 14
26 13
27 13
27 12
26 12
25 12
25 11
26 11
27 11
28 11
28 12
29 12
29 11
30 11
30 12
27 10
26 10
0
No
0
Yes
37 33
37 32
36 32
36 33
36 34
37 34
35 34
35 35
36 35
37 35
34 35
34 36
35 36
36 36
37 36
38 36
38 35
38 34
38 33
38 32
39 32
39 33
39 34
38 37
37 37
36 37
35 37
34 37
38 38
37 38
36 38
35 38
34 38
34 39
35 39
36 39
37 39
35 40
36 40
37 40
38 40
36 41
37 41
38 41
38 42
37 42
0
Yes
8 42
7 42
7 43
8 43
8 44
7 44
6 44
6 43
6 42
5 43
5 42
5 41
6 41
6 40
4 42
3 42
3 43
3 41
2 41
2 42
2 43
2 44
1 44
1 42
1 41
0 41
0 42
0 43
0 44
9 44
9 43
9 42
9 41
10 41
10 42
10 43
10 44
11 44
11 43
2 45
1 45
0 45
1 46
0 46
1 47
0 47
10 45
9 45
8 45
7 45
6 45
6 46
7 46
8 46
9 46
10 46
10 47
11 47
11 46
6 39
6 38
5 38
5 39
4 39
4 38
5 45
0
Yes
40 49
40 48
39 49
38 49
37 49
36 49
35 49
35 48
35 47
36 47
36 46
35 46
35 45
36 45
36 44
35 44
35 43
35 42
34 42
34 43
33 42
33 43
33 44
33 45
32 44
32 43
32 42
32 41
32 40
31 44
31 43
31 42
31 41
31 40
37 45
37 46
38 45
38 46
39 46
39 47
40 47
40 46
41 47
41 48
41 49
34 46
34 47
34 48
34 49
33 46
33 47
33 48
33 49
32 46
32 47
32 48
32 49
31 47
31 48
31 49
42 49
42 48
42 47
42 46
43 46
43 47
43 48
43 49
30 44
30 43
30 42
30 41
30 40
30 39
31 39
32 39
29 40
29 41
28 41
28 40
27 41
27 40
26 41
26 40
27 39
26 39
25 39
27 38
26 38
25 38
24 38
24 37
25 37
26 37
27 37
24 36
25 36
26 36
27 36
27 35
27 34
26 34
26 33
26 32
27 32
28 32
28 31
27 31
27 30
28 30
28 29
27 29
0
Yes
38 12
37 12
37 11
38 11
37 10
38 10
39 12
39 11
39 10
39 9
38 9
37 9
37 8
38 8
39 8
40 12
40 11
40 10
40 9
40 8
0
Yes
1 32
2 32
3 32
4 32
4 31
3 31
2 31
1 31
3 30
2 30
1 30
3 29
2 29
1 29
2 28
1 28
2 27
1 27
1 26
2 26
0 27
0 28
0 29
0 30
0 31
0 32
5 31
5 32
5 33
4 33
3 33
2 33
1 33
0 33
0 34
1 34
2 34
3 34
4 34
5 34
5 35
4 35
3 35
2 35
1 35
0 35
5 36
4 36
3 36
2 36
1 36
0 36
4 37
3 37
2 37
1 37
1 38
2 38
3 38
0
Yes
0 3
0 2
1 2
1 3
2 3
2 2
3 2
4 2
2 4
1 4
0 4
3 4
3 5
2 5
1 5
0 5
4 5
4 6
3 6
2 6
1 6
0 6
3 7
2 7
1 7
0 7
3 8
2 8
1 8
0 8
2 9
1 9
0 9
2 10
1 10
0 10
1 11
0 11
0 12
1 12
1 13
0
Yes
15 35
16 35
16 36
15 36
16 37
15 37
15 38
14 38
14 37
14 36
14 35
14 34
14 39
14 40
9 32
13 40
13 39
13 38
13 37
13 36
13 35
13 34
12 39
12 38
12 37
11 38
11 37
11 36
10 37
10 36
9 37
9 36
8 36
7 36
12 35
12 34
11 35
11 34
10 35
10 34
9 35
9 34
8 35
8 34
7 35
7 34
6 35
6 34
6 33
7 33
8 33
9 33
10 33
11 33
12 33
13 33
14 33
0
Yes
14 47
15 47
16 47
16 48
15 48
14 48
16 46
15 46
16 45
15 45
1
23
43 40
39 41
43 41
43 42
44 42
45 42
45 43
44 43
43 43
43 44
44 44
45 44
42 44
42 43
42 42
42 41
42 40
41 44
41 43
41 42
41 41
41 40
46 44
46 43
46 42
46 41
47 41
47 42
47 43
47 44
47 45
46 45
42 38
40 43
40 42
40 41
40 40
40 39
41 39
42 39
44 45
Yes
1 2
2 2
2 3
1 3
3 2
4 2
4 1
3 1
3 0
4 0
0 2
0 3
0 4
1 4
2 4
3 4
3 5
2 5
1 5
0 5
4 5
4 6
3 6
2 6
1 6
0 6
3 7
2 7
1 7
0 7
3 8
2 8
1 8
0 8
2 9
1 9
0 9
2 10
1 10
0 10
1 11
0 11
0 12
1 12
1 13
1 14
2 14
3 14
4 14
5 14
5 15
6 14
6 15
7 15
7 14
8 14
7 13
8 13
8 12
8 11
8 10
9 13
9 12
9 11
9 10
7 16
6 16
10 10
11 10
9 9
10 9
11 9
12 9
13 9
13 10
13 11
14 11
14 10
14 9
15 10
15 9
15 8
14 8
13 8
12 8
11 8
10 8
9 8
8 8
8 7
7 7
7 6
8 6
8 5
9 7
10 7
11 7
12 7
13 7
14 7
9 6
10 6
11 6
12 6
13 6
14 6
9 5
10 5
11 5
12 5
15 6
15 5
14 5
14 4
15 4
10 4
9 4
9 3
10 3
10 2
9 2
9 1
10 1
11 1
12 1
12 0
11 0
10 0
9 0
16 9
16 10
17 9
17 10
17 11
18 9
18 10
18 11
18 12
19 10
19 11
19 12
20 12
20 11
0
Yes
20 49
20 48
21 48
21 49
21 47
22 47
22 48
22 49
22 46
23 46
23 47
23 48
23 49
24 46
24 47
24 48
24 49
25 46
25 47
25 48
25 49
0
Yes
34 39
34 38
34 37
34 36
34 35
35 35
35 36
35 37
35 38
35 39
35 40
35 34
36 34
36 35
36 36
36 37
36 38
36 39
36 40
36 41
36 42
37 42
37 41
37 40
37 39
37 38
37 37
37 36
37 35
37 34
38 38
38 37
38 36
38 35
38 34
38 40
38 41
38 42
38 43
39 34
36 33
37 33
38 33
39 33
39 32
38 32
37 32
36 32
0
Yes
14 27
14 28
14 29
15 29
15 28
15 27
15 30
14 30
14 31
14 32
13 32
13 31
13 30
13 29
13 28
13 27
12 27
12 28
12 32
12 31
13 26
14 26
15 26
16 26
16 27
16 28
17 28
17 27
16 25
15 25
14 25
13 25
12 25
12 24
13 24
14 24
14 23
15 23
15 22
14 22
11 31
11 30
10 31
10 30
9 30
9 29
9 28
9 27
8 30
8 29
8 28
8 27
8 26
9 26
10 26
10 25
9 25
8 25
7 25
7 26
7 27
7 28
7 29
7 30
7 31
7 32
6 32
6 31
6 30
6 29
6 28
6 27
6 26
6 25
5 26
5 25
4 25
7 24
6 24
5 24
4 24
3 24
3 23
4 23
5 23
6 23
7 23
8 23
7 22
6 22
5 22
4 22
6 21
6 20
6 19
6 18
5 18
5 19
9 23
10 23
9 22
10 22
11 28
9 21
10 21
0
Yes
47 2
46 2
46 3
47 3
47 4
47 1
47 0
48 0
48 1
48 2
48 3
48 4
48 5
49 5
49 4
49 3
49 2
49 1
49 0
48 6
49 6
49 7
48 7
47 7
46 7
46 8
47 8
48 8
49 8
45 8
45 9
46 9
47 9
48 9
49 9
45 10
46 10
47 10
48 10
49 10
46 11
47 11
48 11
49 11
47 12
48 12
49 12
0
No
0
Yes
39 11
39 12
40 12
40 11
41 12
41 11
38 12
38 11
37 12
37 11
37 10
38 10
39 10
40 10
41 10
42 10
43 10
44 10
44 9
43 9
42 9
41 9
40 9
39 9
38 9
37 9
37 8
38 8
39 8
40 8
41 8
42 8
43 8
44 8
41 7
40 7
39 7
0
Yes
40 40
40 39
41 39
41 40
40 41
41 41
40 42
41 42
40 43
41 43
41 44
42 39
42 40
42 41
42 42
42 43
42 44
43 44
43 43
43 42
43 41
43 40
0
Yes
30 47
30 46
29 46
29 47
30 48
29 48
28 46
28 47
28 48
0
Yes
26 23
27 23
28 23
28 24
27 24
26 24
27 25
26 25
25 23
25 24
25 25
24 23
24 24
24 25
24 26
25 26
26 26
27 26
0
Yes
10 45
10 44
11 44
11 43
10 43
10 42
9 42
9 43
9 44
9 45
9 41
10 41
9 46
10 46
10 47
11 47
11 46
8 46
8 45
8 44
8 43
8 42
7 42
7 43
7 44
7 45
7 46
6 46
6 45
6 44
6 43
0
Yes
46 35
46 34
45 35
45 34
44 35
44 34
43 35
43 34
46 33
45 33
44 33
43 33
46 32
45 32
44 32
43 32
43 31
44 31
0
Yes
0 46
0 47
1 47
1 46
1 45
0 45
2 45
2 44
1 44
0 44
0
Yes
43 49
43 48
43 47
43 46
42 46
42 47
42 48
42 49
41 47
41 48
41 49
40 48
40 49
40 47
40 46
39 47
39 46
38 46
38 45
37 45
37 46
39 49
38 49
37 49
36 49
35 49
35 48
35 47
36 47
36 46
36 45
35 46
35 45
36 44
35 44
35 43
35 42
34 42
34 43
33 42
33 43
33 44
33 45
32 44
32 43
32 42
34 46
34 47
34 48
34 49
33 46
33 47
33 48
33 49
32 46
32 47
32 48
32 49
31 47
31 48
31 49
32 41
32 40
32 39
31 39
31 40
31 41
31 42
31 43
31 44
30 44
30 43
30 42
30 41
30 40
30 39
29 40
29 41
28 41
28 40
27 41
27 40
26 41
26 40
27 39
26 39
25 39
27 38
26 38
25 38
24 38
24 37
25 37
26 37
27 37
24 36
25 36
26 36
27 36
0
Yes
32 24
31 24
30 24
30 23
31 23
32 23
30 22
31 22
32 22
0
Yes
49 22
48 22
47 22
47 23
48 23
49 23
46 23
46 24
47 24
48 24
49 24
49 25
48 25
47 25
46 25
45 25
45 26
46 26
47 26
48 26
49 26
49 27
48 27
47 27
46 27
45 27
48 28
47 28
46 28
45 28
47 29
46 29
45 29
44 29
44 28
44 27
44 26
44 25
0
Yes
21 40
22 40
22 39
21 39
22 38
21 38
20 39
20 38
20 37
19 37
19 38
19 39
19 40
18 40
18 39
18 38
18 37
0
No
0
Yes
13 10
13 11
14 11
14 10
15 10
15 9
14 9
13 9
15 8
14 8
13 8
14 7
13 7
13 6
14 6
15 6
15 5
14 5
14 4
15 4
12 9
12 8
12 7
12 6
12 5
11 5
11 6
11 7
11 8
11 9
11 10
10 10
10 9
10 8
10 7
10 6
10 5
10 4
10 3
10 2
9 2
9 3
9 4
9 5
9 6
9 7
9 8
9 9
9 10
9 11
9 1
10 1
11 1
12 1
12 0
11 0
10 0
9 0
8 10
8 11
8 8
8 7
8 6
8 5
7 6
7 7
8 12
9 12
9 13
8 13
8 14
7 13
7 14
7 15
7 16
6 16
6 15
6 14
5 15
5 14
13 4
5 13
6 6
0
Yes
0 9
1 9
2 9
2 8
1 8
0 8
3 8
3 7
2 7
1 7
0 7
0 6
1 6
2 6
3 6
3 5
2 5
1 5
0 5
3 4
2 4
1 4
0 4
4 5
4 6
0
Yes
48 8
48 9
48 10
49 10
49 9
49 8
49 7
48 7
47 7
47 8
47 9
47 10
46 7
46 8
46 9
46 10
46 11
47 11
48 11
49 11
46 12
47 12
48 12
1
40
19 38
19 37
20 37
20 38
18 37
18 38
18 39
19 39
20 39
Yes
15 25
16 25
16 26
15 26
15 27
16 27
17 27
17 28
16 28
15 28
15 29
15 30
14 30
14 29
14 28
14 27
14 26
14 25
14 24
14 23
15 23
13 24
13 25
13 26
13 27
13 28
13 29
13 30
12 28
12 27
12 25
12 24
15 22
14 22
14 31
13 31
14 32
13 32
12 32
12 31
11 31
11 30
10 30
9 30
9 29
9 28
9 27
8 30
8 29
8 28
8 27
8 26
9 26
10 26
10 25
9 25
8 25
7 25
7 26
7 27
7 28
7 29
7 30
6 30
6 29
6 28
6 27
6 26
6 25
5 26
5 25
7 24
6 24
5 24
5 23
6 23
7 23
11 28
4 21
5 29
10 31
7 22
6 22
5 22
4 22
4 23
4 24
4 25
3 24
3 23
6 21
6 20
6 19
6 18
5 18
5 19
2 23
1 23
1 22
2 22
2 21
1 21
0
No
0
Yes
40 24
40 23
40 22
39 22
38 22
38 21
39 21
40 21
40 20
41 20
41 21
41 22
41 23
41 24
42 21
42 22
42 23
42 24
43 23
43 24
43 25
42 25
41 25
41 26
42 26
0
Yes
47 0
47 1
47 2
48 2
48 1
48 0
49 0
49 1
49 2
1
28
44 5
43 5
43 6
44 6
44 7
43 7
43 8
44 8
45 8
45 9
44 9
43 9
45 10
44 10
43 10
42 10
42 9
42 8
41 8
41 9
41 10
41 7
41 11
41 12
40 12
40 11
40 10
40 9
40 8
40 7
40 6
39 6
39 7
39 8
39 9
39 10
39 11
39 12
38 8
38 9
38 10
38 11
38 12
37 12
37 11
37 10
37 9
37 8
Yes
6 27
6 28
6 29
6 30
7 30
7 29
7 28
7 27
8 30
8 29
8 28
8 27
9 27
9 28
9 29
9 30
10 30
11 30
9 26
8 26
7 26
6 26
5 26
10 26
10 25
9 25
8 25
7 25
6 25
5 25
4 25
7 24
6 24
5 24
4 24
3 24
3 23
4 23
5 23
6 23
7 23
8 23
9 23
10 23
2 23
1 23
7 22
6 22
5 22
4 22
6 21
6 20
10 31
11 31
12 31
12 32
13 32
13 31
14 32
14 31
13 30
14 30
15 30
15 29
14 29
13 29
6 19
6 18
5 18
5 19
1 22
2 22
2 21
1 21
9 22
10 22
11 22
9 21
10 21
11 21
11 20
12 20
12 21
13 21
13 20
13 19
5 29
14 20
14 21
11 19
0
Yes
46 35
45 35
44 35
43 35
46 34
45 34
44 34
43 34
46 33
45 33
44 33
43 33
46 32
45 32
44 32
43 32
0
Yes
3 36
3 37
4 37
4 36
5 36
5 35
4 35
3 35
5 34
4 34
3 34
5 33
4 33
3 33
3 32
4 32
5 32
6 32
7 32
2 32
2 33
2 34
2 35
2 36
2 37
2 38
3 38
4 38
3 39
4 39
1 38
1 37
1 36
1 35
1 34
1 33
1 32
0 36
0 35
0 34
0 33
0 32
5 39
5 38
6 38
6 39
6 40
6 41
5 41
5 42
6 42
5 43
6 43
4 42
7 42
7 43
3 42
3 43
2 43
2 42
3 41
2 41
1 41
1 42
0 42
0 41
7 31
6 31
5 31
4 31
3 31
2 31
1 31
0 31
3 30
2 30
1 30
0 30
3 29
2 29
1 29
0 29
2 28
1 28
0 28
0 27
1 27
2 27
2 26
1 26
1
52
23 46
22 46
24 46
25 46
25 47
24 47
23 47
22 47
22 48
23 48
24 48
25 48
25 49
24 49
23 49
22 49
Yes
49 41
49 42
48 42
49 40
49 39
48 39
47 42
47 41
46 41
46 42
45 42
44 42
47 43
46 43
45 43
44 43
44 44
45 44
46 44
47 44
46 45
47 45
48 45
48 46
47 46
47 47
48 47
47 48
48 48
49 48
47 49
48 49
49 49
43 44
43 43
43 42
43 41
43 40
44 40
44 39
45 39
42 44
42 43
42 42
42 41
42 40
42 39
41 44
41 43
41 42
41 41
41 40
41 39
40 39
40 40
40 41
40 42
40 43
39 41
45 38
46 38
46 37
45 37
48 38
49 38
48 37
49 37
38 41
38 42
38 40
37 42
37 41
37 40
36 42
36 41
36 40
35 40
37 39
36 39
35 39
34 39
34 38
35 38
36 38
37 38
38 38
38 37
37 37
36 37
35 37
34 37
34 36
35 36
36 36
37 36
38 36
34 35
35 35
36 35
37 35
38 35
35 34
36 34
37 34
38 34
39 34
36 33
37 33
38 33
39 33
38 43
0
Yes
32 28
32 29
32 30
32 31
33 31
33 30
33 29
33 28
34 28
34 29
34 30
34 31
35 30
35 31
35 29
35 28
36 31
36 29
36 28
37 29
37 28
37 27
36 27
35 27
34 27
33 27
32 27
36 26
35 26
34 26
33 26
32 26
31 26
31 27
31 28
31 29
31 30
31 31
30 27
30 28
30 29
30 30
30 31
32 25
33 25
34 25
34 24
33 24
32 24
31 24
30 24
30 23
31 23
32 23
33 23
30 22
31 22
32 22
33 22
36 32
35 32
34 32
33 32
32 32
31 32
30 32
31 33
30 33
31 34
30 34
29 34
29 33
29 32
29 31
29 30
29 29
29 28
29 27
28 27
28 28
28 29
28 30
28 31
28 32
27 32
27 31
27 30
0
Yes
3 0
4 0
4 1
3 1
4 2
0
No
0
Yes
16 19
17 19
16 18
16 17
15 18
15 19
15 17
14 17
13 17
15 20
16 20
17 20
17 21
16 21
15 21
18 21
18 20
18 19
18 18
19 18
19 19
19 20
19 21
20 21
20 20
20 19
20 18
20 17
21 19
20 16
20 15
20 14
20 13
20 12
19 16
19 15
19 14
19 13
19 12
18 12
18 13
18 14
18 15
18 16
17 16
17 15
17 14
17 13
16 16
16 15
16 14
16 13
15 16
15 15
15 14
14 16
14 15
14 14
13 16
13 15
18 11
19 11
20 11
21 11
17 11
21 10
20 10
19 10
18 10
17 10
16 10
16 9
17 9
18 9
18 22
19 22
20 22
19 23
20 23
12 17
12 16
12 15
12 14
11 14
11 15
21 23
21 22
22 19
22 18
23 18
23 19
14 13
0
Yes
15 46
16 46
16 45
15 45
0
No
0
Yes
22 16
21 16
21 15
22 15
21 14
22 14
21 13
22 13
23 16
23 15
23 14
23 13
24 16
24 15
24 14
24 13
25 15
25 16
25 14
25 13
25 17
26 14
26 13
27 13
27 14
27 15
27 16
27 17
28 14
28 15
28 16
28 17
29 14
29 15
29 16
29 17
27 18
28 18
29 18
29 19
21 12
22 12
23 12
24 12
25 12
26 12
27 12
25 11
26 11
27 11
28 11
28 12
29 12
29 11
30 11
30 12
27 10
26 10
26 9
27 9
0
Yes
48 22
47 22
47 23
48 23
46 23
46 24
47 24
48 24
48 25
47 25
46 25
45 25
44 25
47 35
44 26
45 26
46 26
47 26
48 26
44 27
45 27
46 27
47 27
48 27
48 28
47 28
46 28
45 28
44 28
47 33
44 29
45 29
46 29
47 29
46 30
46 31
46 32
45 32
49 27
49 26
49 25
49 24
49 23
49 22
49 21
49 20
40 36
45 33
46 33
43 28
46 34
45 34
45 35
46 35
48 20
44 35
44 34
44 33
44 32
44 31
43 31
43 32
43 33
43 34
43 35
43 30
42 35
42 34
42 33
42 32
41 32
41 33
41 34
41 35
40 33
40 34
40 35
1
46
21 49
20 49
20 48
21 48
21 47
22 47
22 48
22 49
22 46
23 46
23 47
23 48
23 49
24 46
24 47
24 48
24 49
25 46
25 47
25 48
25 49
26 49
26 48
Yes
47 12
46 12
46 11
47 11
46 10
47 10
46 9
47 9
46 8
47 8
48 8
48 9
48 10
48 11
48 12
49 12
49 11
49 10
49 9
49 8
46 7
47 7
48 7
49 7
46 13
47 13
48 13
49 13
49 14
48 14
47 14
47 15
47 16
47 17
46 17
46 16
45 16
45 17
45 18
44 18
44 17
44 16
44 15
43 16
43 15
42 16
42 15
49 6
42 14
43 14
43 13
42 13
44 19
45 19
46 19
46 20
45 20
44 20
48 6
0
No
0
Yes
40 13
40 14
40 15
40 16
39 16
39 15
39 14
39 13
38 13
38 14
38 15
0
Yes
2 3
2 2
1 2
1 3
0 2
0 3
0 4
1 4
2 4
3 4
3 5
2 5
1 5
0 5
4 5
4 6
3 6
2 6
1 6
0 6
3 7
2 7
1 7
0 7
0
No
0
Yes
1 33
1 34
1 35
2 35
2 34
2 33
3 33
3 34
3 35
4 35
4 34
4 33
5 33
5 34
5 35
5 32
4 32
3 32
2 32
1 32
4 31
5 31
3 31
2 31
1 31
3 30
2 30
1 30
3 29
2 29
1 29
2 28
1 28
2 27
1 27
1 26
2 26
0 27
0 28
0 29
0 30
0 31
0 32
0 33
0 34
0 35
6 31
6 32
7 32
7 31
5 36
4 36
3 36
2 36
1 36
0 36
1 37
2 37
3 37
4 37
1 38
2 38
3 38
4 38
3 39
4 39
5 39
5 38
6 38
6 39
6 40
0
Yes
2 8
2 9
1 8
1 9
2 10
1 10
1 11
1 12
0 12
0 11
0 10
0 9
0 8
0
Yes
18 6
19 6
17 6
17 5
18 5
19 5
19 4
18 4
17 4
0
Yes
47 23
47 22
46 23
46 24
47 24
48 22
48 23
48 24
49 22
49 23
49 24
49 25
48 25
47 25
46 25
1
50
30 47
30 46
29 46
29 47
28 46
28 47
28 48
29 48
30 48
Yes
40 2
39 2
39 3
39 4
38 4
37 4
37 5
36 5
35 5
35 6
41 2
40 1
41 1
40 0
41 0
42 0
42 1
42 2
42 3
42 4
43 4
43 3
43 2
43 1
43 0
44 2
44 1
44 0
45 1
45 0
46 0
47 0
47 1
47 2
46 2
46 3
47 3
47 4
48 4
48 3
48 2
48 1
48 0
48 5
49 5
49 4
49 3
49 2
49 1
49 0
34 6
34 5
33 6
33 5
33 4
33 3
32 3
32 2
31 3
31 2
31 1
31 0
30 2
30 1
30 0
29 2
29 1
29 0
28 0
28 1
28 2
28 3
28 4
27 4
27 3
27 2
27 1
26 1
26 2
26 3
25 3
25 2
25 1
25 0
25 4
25 5
25 6
24 6
24 5
24 4
24 3
24 2
24 1
24 0
24 7
23 7
23 8
23 9
24 9
24 10
23 10
23 11
24 11
40 4
23 2
23 1
23 0
22 2
22 1
22 0
21 2
21 1
21 0
0
Yes
32 18
33 18
33 17
32 17
32 16
32 15
32 14
31 14
31 15
31 16
31 17
31 18
30 15
30 16
30 17
30 18
32 19
31 19
30 19
30 20
31 20
32 20
33 20
29 19
29 18
29 17
29 16
29 15
29 14
28 14
28 15
28 16
28 17
28 18
27 18
27 17
27 16
27 15
27 14
27 13
27 12
28 12
29 12
30 12
30 11
29 11
28 11
27 11
33 21
32 21
31 21
27 10
27 9
26 9
26 10
26 11
26 12
26 13
26 14
0
Yes
8 14
8 13
9 13
7 13
7 14
7 15
7 16
6 16
6 15
6 14
9 12
8 12
5 14
5 15
8 11
9 11
8 10
9 10
10 10
11 10
9 9
10 9
11 9
12 9
13 9
13 10
13 11
14 11
14 10
14 9
15 10
15 9
15 8
14 8
13 8
12 8
11 8
10 8
9 8
8 8
14 7
13 7
12 7
11 7
10 7
9 7
8 7
7 7
7 6
8 6
9 6
10 6
11 6
12 6
13 6
14 6
15 6
12 5
11 5
10 5
9 5
8 5
9 4
10 4
10 3
9 3
9 2
10 2
9 1
10 1
11 1
12 1
12 0
11 0
10 0
9 0
15 5
14 5
14 4
15 4
16 9
16 10
17 9
17 10
17 11
5 13
0
Yes
41 32
41 33
41 34
41 35
40 35
40 34
40 33
42 35
42 34
42 33
42 32
43 35
43 34
0
Yes
24 25
24 26
25 26
25 25
25 27
26 27
26 26
26 25
26 28
26 29
26 24
25 24
24 24
24 23
25 23
26 23
23 23
23 24
23 25
23 26
23 27
22 27
22 26
22 25
22 24
22 23
21 25
21 26
21 27
21 23
21 22
22 22
23 22
22 21
23 21
24 21
20 23
20 22
19 23
19 22
18 22
20 21
19 21
18 21
17 21
16 21
15 21
15 22
15 23
14 22
14 23
14 24
13 24
12 24
12 25
13 25
14 25
15 25
16 25
16 26
15 26
14 26
13 26
13 27
14 27
15 27
16 27
17 27
17 28
16 28
15 28
14 28
13 28
12 28
12 27
27 29
27 28
27 27
27 26
27 25
27 24
27 23
28 23
28 24
15 20
16 20
17 20
18 20
19 20
20 20
17 19
18 19
19 19
20 19
16 19
15 19
21 19
18 18
19 18
20 18
26 20
22 19
22 18
23 18
23 19
23 20
24 20
24 19
24 18
25 20
25 19
25 18
25 17
25 16
25 15
25 14
25 13
25 12
24 12
24 13
24 14
24 15
24 16
23 16
23 15
23 14
23 13
23 12
22 12
22 13
22 14
0
Yes
46 38
46 37
45 37
45 38
45 39
0
Yes
8 34
8 33
9 33
9 34
10 33
10 34
11 33
11 34
12 33
12 34
13 33
13 34
14 33
14 34
7 33
7 34
6 33
6 34
6 35
7 35
8 35
9 35
10 35
11 35
12 35
13 35
14 35
7 36
8 36
9 36
10 36
11 36
9 37
10 37
11 37
11 38
12 37
12 38
12 39
15 35
16 35
16 36
15 36
14 36
13 36
13 37
13 38
13 39
14 37
14 38
14 39
15 37
15 38
16 37
13 40
14 40
14 41
14 42
14 43
14 44
14 45
15 45
16 45
16 46
15 46
16 47
15 47
14 47
14 48
15 48
16 48
15 43
15 42
16 42
16 43
17 43
17 42
18 42
18 43
18 44
19 44
19 43
19 42
20 42
20 43
0
Yes
34 10
35 10
34 9
35 9
34 8
35 8
36 8
36 9
0
Yes
11 47
11 46
10 47
10 46
10 45
9 46
9 45
8 46
8 45
7 46
7 45
7 44
8 44
9 44
10 44
11 44
11 43
10 43
9 43
8 43
7 43
6 46
6 45
6 44
6 43
5 43
7 42
8 42
9 42
10 42
6 42
5 42
5 41
6 41
12 46
10 41
9 41
0
Yes
20 10
21 10
21 11
20 11
19 10
19 11
18 10
18 11
18 12
19 12
20 12
21 12
0
Yes
24 11
23 11
23 10
24 10
24 9
23 9
0
Yes
43 40
43 41
43 42
42 42
42 41
42 40
42 39
41 39
41 40
41 41
41 42
40 39
40 40
40 41
40 42
40 43
41 43
42 43
43 43
41 44
42 44
43 44
0
Yes
49 0
49 1
49 2
49 3
49 4
49 5
48 5
48 4
48 3
48 2
48 1
48 0
47 4
47 3
47 2
47 1
47 0
46 2
46 3
46 0
48 6
49 6
49 7
48 7
47 7
46 7
45 0
45 1
44 1
44 0
44 2
43 2
43 1
43 0
43 3
43 4
42 4
42 3
42 2
42 1
42 0
41 2
41 1
41 0
40 0
40 1
40 2
39 2
39 3
39 4
38 4
37 4
37 5
36 5
35 5
35 6
43 5
44 5
44 6
43 6
43 7
44 7
34 6
34 5
33 6
33 5
33 4
33 3
32 3
32 2
31 3
31 2
31 1
31 0
30 2
30 1
30 0
29 2
29 1
29 0
28 0
28 1
28 2
28 3
28 4
27 4
27 3
27 2
27 1
26 1
26 2
26 3
25 3
25 2
25 1
25 0
25 4
25 5
25 6
24 6
24 5
24 4
24 3
24 2
24 1
24 0
23 2
23 1
23 0
22 2
22 1
22 0
21 2
21 1
21 0
0
Yes
45 9
45 10
44 10
44 9
44 8
45 8
43 8
43 9
43 10
42 10
42 9
42 8
41 8
41 9
41 10
41 7
41 11
41 12
40 12
40 11
40 10
40 9
40 8
40 7
40 6
39 6
39 7
39 8
39 9
39 10
39 11
39 12
40 13
39 13
38 13
38 12
38 11
38 10
38 9
38 8
37 8
37 9
37 10
37 11
37 12
38 14
39 14
40 14
38 15
39 15
40 15
0
Yes
24 48
24 49
25 49
25 48
26 48
26 49
26 47
25 47
24 47
25 46
24 46
23 46
23 47
23 48
23 49
22 46
22 47
22 48
0
Yes
29 18
28 18
27 18
27 17
28 17
29 17
27 16
28 16
29 16
27 15
28 15
29 15
29 14
28 14
27 14
0
Yes
47 26
47 27
47 28
47 29
46 29
46 28
46 27
46 26
45 29
45 28
45 27
45 26
44 29
44 28
44 27
44 26
45 25
46 25
47 25
44 25
44 24
46 24
47 24
46 23
47 23
47 22
48 28
48 27
48 26
48 25
48 24
48 23
48 22
49 22
49 23
49 24
49 25
49 26
49 27
43 25
43 24
43 23
0
Yes
39 34
39 33
39 32
38 32
38 33
38 34
37 32
37 33
37 34
36 33
36 34
38 35
37 35
36 35
38 36
37 36
36 36
35 34
35 35
35 36
34 35
34 36
34 37
35 37
36 37
37 37
38 37
38 38
37 38
36 38
35 38
34 38
34 39
35 39
36 39
37 39
35 40
36 40
37 40
38 40
0
Yes
10 2
10 3
10 4
9 4
9 3
9 2
8 3
8 2
7 3
7 2
6 3
6 2
5 3
5 2
4 2
3 2
3 1
4 1
5 1
6 1
7 1
8 1
9 1
10 1
11 1
12 1
12 0
11 0
10 0
9 0
8 0
7 0
6 0
5 0
4 0
3 0
9 5
10 5
8 5
11 5
12 5
12 6
11 6
10 6
9 6
8 6
7 6
7 7
8 7
9 7
10 7
11 7
12 7
8 8
9 8
10 8
11 8
12 8
13 6
13 7
13 8
14 7
14 8
14 6
15 6
15 8
15 5
14 5
14 4
15 4
12 9
13 9
14 9
15 9
11 9
10 9
9 9
11 10
10 10
9 10
8 10
8 11
9 11
9 12
8 12
9 13
8 13
8 14
7 13
7 14
7 15
7 16
6 16
6 15
6 14
5 14
5 15
15 10
14 10
13 10
13 11
14 11
16 10
16 9
17 9
17 10
6 6
5 13
0
Yes
30 49
30 48
30 47
30 46
29 46
29 47
29 48
29 49
28 46
28 47
28 48
28 49
0
No
0
Yes
20 5
20 6
20 7
21 7
21 6
0
Yes
33 4
33 3
32 3
32 2
31 3
31 2
31 1
31 0
30 2
30 1
30 0
29 2
29 1
29 0
28 0
28 1
28 2
28 3
28 4
27 4
27 3
27 2
27 1
26 1
26 2
26 3
33 5
33 6
34 6
34 5
35 6
35 5
36 5
25 3
25 2
25 1
25 0
25 4
25 5
25 6
24 6
24 5
24 4
24 3
24 2
24 1
24 0
23 2
23 1
23 0
37 5
37 4
38 4
39 4
39 3
39 2
40 2
41 2
40 1
41 1
40 0
41 0
22 2
22 1
22 0
21 2
21 1
21 0
20 2
20 1
20 0
19 2
19 1
19 0
18 1
18 0
17 0
17 1
17 2
16 2
16 1
16 0
15 1
15 0
42 0
42 1
42 2
42 3
42 4
43 4
43 3
43 2
43 1
43 0
44 2
44 1
44 0
45 1
45 0
14 1
43 5
44 5
44 6
43 6
43 7
44 7
1
66
46 12
46 11
46 10
46 9
46 8
47 8
47 9
47 10
47 11
47 12
48 12
48 11
48 10
48 9
48 8
49 8
49 9
49 10
49 11
49 12
46 7
47 7
48 7
49 7
Yes
14 7
14 8
14 9
13 9
13 8
13 7
13 6
14 6
14 5
12 9
12 8
12 7
12 6
12 5
11 5
11 6
11 7
11 8
11 9
10 9
10 8
10 7
10 6
10 5
9 9
9 8
9 7
9 6
9 5
8 5
8 6
8 7
8 8
7 7
7 6
11 10
10 10
9 10
6 6
14 4
15 4
15 5
15 6
15 8
15 9
15 10
14 10
13 10
13 11
14 11
0
Yes
2 7
3 7
3 8
2 8
2 9
2 10
1 10
1 9
1 8
1 7
1 11
1 12
0 12
0 11
0 10
0 9
0 8
0 7
0 6
1 6
2 6
3 6
3 5
2 5
1 5
0 5
3 4
2 4
1 4
0 4
4 5
4 6
2 3
1 3
0 3
0
Yes
42 22
42 23
41 23
41 22
40 23
40 22
39 22
38 22
38 21
39 21
40 21
41 21
42 21
1
77
39 17
39 18
38 18
38 17
40 17
Yes
48 47
48 46
48 45
47 46
47 47
47 45
46 45
47 44
46 44
45 44
44 44
43 44
42 44
41 44
47 43
46 43
45 43
44 43
43 43
42 43
41 43
40 43
40 42
41 42
42 42
43 42
44 42
45 42
46 42
47 42
48 42
49 42
47 48
48 48
49 48
47 49
48 49
49 49
47 41
46 41
49 41
49 40
43 41
42 41
41 41
40 41
39 41
38 41
38 42
37 42
37 41
36 41
36 42
40 40
41 40
42 40
43 40
44 40
44 39
45 39
42 39
41 39
40 39
45 38
46 38
46 37
45 37
49 39
48 39
48 38
49 38
44 45
0
No
0
Yes
9 0
9 1
9 2
10 2
10 1
10 0
10 3
9 3
9 4
10 4
8 3
8 2
8 1
8 0
7 3
7 2
7 1
7 0
6 3
6 2
6 1
6 0
5 3
5 2
5 1
5 0
0
Yes
23 47
23 48
23 49
24 49
24 48
24 47
25 47
25 48
25 49
26 47
26 48
26 49
25 46
24 46
23 46
1
68
18 14
18 15
18 16
19 16
19 15
19 14
17 16
17 15
17 14
17 13
18 13
19 13
16 13
16 14
16 15
16 16
16 17
15 14
15 15
15 16
15 17
14 17
14 16
14 15
14 14
22 15
13 15
13 16
13 17
12 17
12 16
12 15
12 14
18 12
19 12
19 11
18 11
17 11
19 10
18 10
17 10
16 10
16 9
17 9
18 9
14 13
11 14
11 15
10 15
11 17
10 17
20 9
15 18
16 18
20 10
20 11
20 12
20 13
20 14
20 15
20 16
20 17
10 18
21 10
21 11
21 12
21 13
21 14
21 15
21 16
22 16
Yes
3 38
3 39
4 39
4 38
5 38
5 39
6 39
6 38
4 37
3 37
2 38
2 37
1 38
1 37
1 36
2 36
3 36
4 36
5 36
0 36
0 35
1 35
2 35
3 35
4 35
5 35
6 35
7 35
7 36
8 36
9 36
9 37
10 37
10 36
11 36
11 37
11 38
8 35
9 35
10 35
11 35
12 35
12 37
12 38
12 39
13 39
13 38
13 37
13 40
14 40
14 39
14 38
14 37
15 38
15 37
16 37
14 41
14 42
14 43
14 44
14 45
15 45
16 45
16 46
15 46
16 47
15 47
14 47
14 48
15 48
16 48
15 43
15 42
16 42
16 43
17 43
17 42
18 42
18 43
18 44
19 44
19 43
19 42
20 42
20 43
16 36
15 36
14 36
13 36
13 35
14 35
15 35
16 35
14 34
13 34
12 34
11 34
10 34
9 34
8 34
7 34
6 34
5 34
4 34
3 34
2 34
1 34
0 34
14 33
13 33
12 33
11 33
10 33
9 33
8 33
7 33
6 33
5 33
4 33
3 33
2 33
1 33
0 33
7 32
6 32
5 32
4 32
3 32
2 32
1 32
0 32
7 31
6 31
5 31
4 31
3 31
2 31
1 31
0 31
21 42
0
Yes
1 8
2 8
3 8
3 7
2 7
1 7
1 6
2 6
3 6
4 6
4 5
3 5
2 5
1 5
3 4
2 4
1 4
0 4
0 5
0 6
0 7
0 8
2 3
1 3
0 3
0 2
1 2
0
Yes
19 37
20 37
18 37
18 38
19 38
20 38
20 39
19 39
18 39
18 40
19 40
0
Yes
47 22
48 22
49 22
49 23
48 23
47 23
46 23
46 24
47 24
48 24
49 24
49 25
48 25
47 25
46 25
45 25
45 26
46 26
47 26
48 26
49 26
49 27
48 27
47 27
46 27
45 27
48 28
47 28
46 28
45 28
0
No
0
Yes
48 2
48 3
48 4
47 4
47 3
47 2
46 2
46 3
47 1
48 1
48 5
48 6
49 6
49 5
49 4
49 3
49 2
49 1
49 0
48 0
47 0
46 0
45 0
45 1
44 1
44 0
44 2
43 2
43 1
43 0
43 3
43 4
42 4
42 3
42 2
42 1
42 0
41 2
41 1
41 0
40 0
40 1
40 2
39 2
39 3
39 4
43 5
44 5
44 6
43 6
43 7
44 7
38 4
37 4
37 5
36 5
35 5
35 6
34 6
34 5
33 6
33 5
33 4
33 3
32 3
32 2
31 3
31 2
31 1
31 0
30 2
30 1
30 0
40 4
0
Yes
22 39
22 38
21 38
21 39
21 40
22 40
0
Yes
19 6
19 5
18 5
18 6
17 6
17 5
17 7
18 7
19 4
18 4
17 4
0
Yes
46 26
46 27
46 28
47 28
47 27
47 26
48 28
48 27
48 26
49 27
49 26
49 25
48 25
47 25
46 25
46 24
47 24
48 24
49 24
46 23
47 23
48 23
49 23
47 22
48 22
49 22
45 25
45 26
45 27
45 28
47 29
46 29
45 29
44 29
44 28
44 27
44 26
44 25
0
Yes
18 16
19 16
20 16
21 16
21 15
20 15
19 15
18 15
21 14
20 14
19 14
18 14
21 13
20 13
19 13
18 13
18 12
19 12
20 12
21 12
21 11
20 11
19 11
18 11
21 10
20 10
19 10
18 10
0
Yes
47 27
48 27
49 27
49 26
48 26
47 26
47 25
48 25
49 25
49 24
48 24
47 24
46 24
46 25
46 26
46 27
46 23
47 23
48 23
49 23
0
No
0
Yes
43 1
43 2
43 3
43 4
42 4
42 3
42 2
42 1
41 2
41 1
40 1
40 2
40 0
41 0
42 0
43 0
44 2
44 1
44 0
0
Yes
32 24
32 25
31 24
30 24
30 23
31 23
32 23
30 22
31 22
32 22
33 22
33 23
33 24
33 25
34 24
34 25
33 21
32 21
31 21
33 20
32 20
31 20
30 20
32 19
31 19
30 19
29 19
29 18
30 18
31 18
32 18
33 18
33 17
32 17
31 17
30 17
29 17
28 18
28 17
27 18
27 17
34 26
33 26
32 26
31 26
35 26
36 26
36 27
35 27
34 27
33 27
32 27
31 27
30 27
29 27
28 27
37 27
37 28
36 28
35 28
34 28
33 28
32 28
31 28
30 28
29 28
28 28
37 29
36 29
35 29
34 29
33 29
32 29
31 29
30 29
29 29
28 29
35 30
34 30
33 30
32 30
31 30
30 30
29 30
28 30
27 30
27 31
28 31
29 31
30 31
31 31
32 31
33 31
34 31
35 31
36 31
36 32
35 32
34 32
33 32
32 32
31 32
30 32
29 32
28 32
27 32
29 33
30 33
31 33
31 34
30 34
29 34
27 16
28 16
29 16
30 16
31 16
32 16
32 15
31 15
30 15
29 15
28 15
27 15
29 14
28 14
27 14
26 14
31 14
32 14
26 13
27 13
26 12
27 12
28 12
29 12
30 12
30 11
29 11
0
No
0
Yes
48 1
47 1
47 0
48 0
49 0
49 1
49 2
48 2
47 2
46 2
46 3
47 3
48 3
49 3
47 4
48 4
49 4
0
No
0
Yes
35 9
35 10
34 10
34 9
36 9
36 8
35 8
34 8
1
117
20 1
20 2
19 2
19 1
18 1
21 2
21 1
21 0
20 0
19 0
18 0
22 2
22 1
22 0
23 2
23 1
23 0
Yes
42 13
43 13
43 14
42 14
42 15
43 15
42 16
43 16
44 15
44 16
44 17
44 18
45 18
45 17
45 16
46 16
46 17
47 17
47 16
47 15
47 14
48 14
49 14
49 13
48 13
47 13
46 13
46 12
47 12
48 12
49 12
46 11
47 11
48 11
49 11
46 10
47 10
48 10
49 10
46 9
47 9
48 9
49 9
46 8
47 8
48 8
49 8
46 7
47 7
48 7
49 7
48 6
49 6
48 5
49 5
49 4
48 4
47 4
47 3
48 3
49 3
46 3
46 2
47 2
48 2
49 2
47 1
48 1
49 1
47 0
48 0
49 0
45 19
44 19
43 19
42 19
41 19
41 20
40 20
40 21
41 21
42 21
42 22
41 22
40 22
40 23
41 23
42 23
43 23
39 22
39 21
38 21
38 22
40 24
41 24
42 24
43 24
44 24
44 20
45 20
46 20
46 19
43 25
44 25
42 25
41 25
41 26
42 26
42 27
0
No
0
No
1
51
0 27
0 28
0 29
1 29
1 28
1 27
1 26
2 26
2 27
2 28
2 29
3 29
3 30
2 30
1 30
0 30
0 31
1 31
2 31
3 31
4 31
5 31
5 32
4 32
3 32
2 32
1 32
0 32
0 33
1 33
2 33
3 33
4 33
5 33
5 34
4 34
3 34
2 34
1 34
0 34
0 35
1 35
2 35
3 35
4 35
5 35
5 36
4 36
3 36
2 36
1 36
0 36
1 37
2 37
3 37
4 37
1 38
2 38
3 38
4 38
3 39
4 39
5 39
5 38
6 38
6 39
6 35
6 34
6 33
6 32
6 31
7 31
7 32
7 33
7 34
7 35
7 36
8 36
8 35
8 34
8 33
9 33
9 34
9 35
9 36
9 37
10 37
10 36
10 35
10 34
Yes
42 41
43 41
43 40
42 40
42 39
41 39
41 40
41 41
40 39
40 40
40 41
39 41
38 41
38 42
40 42
41 42
42 42
43 42
40 43
41 43
42 43
43 43
41 44
42 44
43 44
44 40
44 39
45 39
45 38
46 38
46 37
45 37
44 44
44 43
44 42
45 42
45 43
45 44
37 42
37 41
36 41
36 42
46 44
46 43
46 42
46 41
47 41
47 42
47 43
47 44
38 43
46 45
47 45
48 45
48 46
47 46
47 47
48 47
47 48
48 48
49 48
47 49
48 49
49 49
0
Yes
3 8
3 7
3 6
4 6
4 5
3 5
3 4
2 4
2 5
2 6
2 7
2 8
2 9
2 10
1 10
1 9
1 8
1 7
1 6
1 5
1 4
0 4
0 5
0 6
0 7
0 8
0 9
0 10
2 3
1 3
0 3
0 2
1 2
2 2
3 2
0
Yes
10 0
10 1
10 2
10 3
11 1
11 0
12 1
12 0
9 3
9 2
9 1
9 0
8 3
8 2
8 1
8 0
7 3
7 2
7 1
7 0
6 3
6 2
6 1
6 0
5 3
5 2
5 1
5 0
4 2
4 1
4 0
1
125
49 8
49 9
49 10
49 11
49 12
48 12
48 11
48 10
48 9
48 8
48 7
49 7
47 7
47 8
47 9
47 10
47 11
47 12
46 7
46 8
46 9
46 10
46 11
46 12
46 13
47 13
48 13
49 13
49 14
48 14
47 14
Yes
9 23
8 23
9 22
9 21
7 23
7 22
7 24
7 25
8 25
9 25
9 26
8 26
7 26
9 27
8 27
7 27
6 27
6 26
6 25
6 24
6 23
6 22
6 21
6 20
5 26
5 25
5 24
5 23
5 22
4 22
4 23
4 24
4 25
3 24
3 23
2 23
1 23
1 22
2 22
2 21
1 21
6 28
7 28
8 28
9 28
9 29
8 29
7 29
6 29
6 30
7 30
8 30
9 30
10 26
10 25
10 23
10 22
10 21
11 22
11 21
11 20
12 20
12 21
13 21
13 20
14 20
14 21
4 21
16 37
10 30
10 31
11 30
11 31
12 31
12 32
6 19
6 18
5 18
5 19
12 33
11 33
11 34
12 34
12 35
11 35
11 36
11 37
11 38
12 37
12 38
12 39
13 39
13 38
13 37
13 40
14 40
14 39
14 38
14 37
15 38
15 37
13 45
14 41
14 42
14 43
14 44
14 45
15 45
16 45
16 46
15 46
16 47
15 47
14 47
14 48
15 48
16 48
15 43
15 42
16 42
16 43
17 43
17 42
18 42
18 43
18 44
19 44
19 43
19 42
20 42
20 43
5 29
0
No
0
Yes
33 18
33 17
32 17
32 18
32 19
32 16
32 15
32 14
31 14
31 15
31 16
31 17
31 18
31 19
30 15
30 16
30 17
30 18
30 19
30 20
31 20
32 20
33 20
33 21
32 21
31 21
33 22
32 22
31 22
30 22
30 23
31 23
32 23
33 23
30 24
31 24
32 24
33 24
34 24
29 19
29 18
29 17
29 16
29 15
29 14
28 14
28 15
28 16
28 17
28 18
27 18
27 17
27 16
27 15
0
Yes
46 19
46 20
45 20
45 19
44 20
44 19
43 19
44 18
45 18
42 19
41 19
41 20
40 20
44 17
45 17
46 17
47 17
47 16
46 16
45 16
44 16
44 15
43 16
43 15
42 16
42 15
42 14
43 14
43 13
42 13
40 21
41 21
42 21
42 22
41 22
40 22
40 23
41 23
42 23
43 23
43 24
44 24
43 25
44 25
44 26
44 27
44 28
44 29
45 29
45 28
45 27
45 26
45 25
46 25
46 26
46 27
46 28
46 29
43 28
47 29
47 28
47 27
47 26
47 25
48 28
48 27
48 26
48 25
49 27
49 26
49 25
46 24
47 24
48 24
49 24
46 23
47 23
48 23
49 23
47 22
48 22
49 22
42 24
42 25
41 24
40 24
41 25
41 26
42 26
47 19
0
Yes
3 30
3 29
2 29
2 30
2 28
2 27
2 26
1 26
1 27
1 28
1 29
1 30
0 27
0 28
0 29
0 30
0 31
1 31
2 31
3 31
4 31
5 31
5 32
4 32
3 32
2 32
1 32
0 32
0 33
1 33
2 33
3 33
4 33
5 33
5 34
4 34
3 34
2 34
1 34
0 34
0 35
1 35
2 35
3 35
4 35
5 35
5 36
4 36
3 36
2 36
1 36
0 36
1 37
2 37
3 37
4 37
1 38
2 38
3 38
4 38
0
Yes
29 2
30 2
31 2
31 3
32 2
32 3
33 3
33 4
33 5
33 6
34 6
34 5
35 5
35 6
31 1
30 1
29 1
31 0
30 0
29 0
28 0
28 1
28 2
28 3
28 4
27 4
27 3
27 2
27 1
26 1
26 2
26 3
25 3
25 2
25 1
25 0
24 0
24 1
24 2
24 3
24 4
25 4
25 5
24 5
25 6
24 6
24 7
23 7
23 8
23 9
24 9
24 10
23 10
23 11
24 11
25 11
26 11
27 11
28 11
28 12
27 12
27 13
29 12
29 11
30 11
30 12
27 10
27 9
26 10
26 9
26 12
26 13
26 14
27 14
27 15
27 16
27 17
27 18
28 18
28 17
28 16
28 15
28 14
29 14
29 15
29 16
29 17
29 18
29 19
30 15
30 16
30 17
30 18
30 19
30 20
31 20
31 19
31 18
31 17
31 16
31 15
31 14
32 14
32 15
32 16
32 17
32 18
32 19
32 20
33 20
33 18
33 17
33 21
32 21
31 21
33 22
32 22
31 22
30 22
30 23
31 23
32 23
33 23
30 24
31 24
32 24
33 24
34 24
34 25
33 25
32 25
0
Yes
15 8
15 9
15 10
14 10
14 9
14 8
14 11
13 11
13 10
13 9
13 8
12 9
12 8
14 7
13 7
12 7
13 6
14 6
12 6
12 5
15 6
15 5
14 5
14 4
15 4
11 5
11 6
11 7
11 8
11 9
11 10
10 10
10 9
10 8
10 7
10 6
10 5
10 4
10 3
10 2
9 4
9 5
9 6
9 7
9 8
9 9
9 10
9 3
9 2
8 10
8 8
8 7
8 6
8 5
8 11
9 11
9 12
8 12
9 13
8 13
8 14
8 3
8 2
8 1
9 1
10 1
11 1
12 1
12 0
11 0
10 0
9 0
8 0
7 13
7 14
7 6
7 7
7 15
7 16
6 16
6 15
6 14
5 15
5 14
4 14
3 14
2 14
1 14
1 13
1 12
1 11
0 11
0 12
7 3
7 2
7 1
7 0
6 3
6 2
6 1
6 0
5 3
5 2
5 1
5 0
4 2
4 1
4 0
3 1
3 0
16 10
16 9
17 9
17 10
17 11
18 9
18 10
18 11
18 12
19 10
19 11
19 12
20 10
20 11
20 12
0
No
0
Yes
30 28
30 27
29 27
29 28
28 27
28 28
28 29
29 29
30 29
30 30
29 30
28 30
27 30
27 31
28 31
29 31
30 31
27 32
28 32
29 32
30 32
29 33
30 33
29 34
30 34
31 34
31 33
31 32
31 31
31 30
31 29
31 28
31 27
31 26
32 26
32 27
32 28
32 29
32 30
32 31
32 32
33 32
33 31
33 30
33 29
33 28
33 27
33 26
0
Yes
37 10
37 11
37 12
38 12
38 11
38 10
38 13
39 13
39 12
39 11
39 10
40 13
40 12
40 11
40 10
41 12
41 11
41 10
42 10
43 10
44 10
45 10
45 9
44 9
43 9
42 9
41 9
40 9
39 9
38 9
37 9
36 9
45 8
44 8
43 8
42 8
41 8
40 8
39 8
38 8
37 8
36 8
41 7
40 7
39 7
39 6
40 6
35 8
35 9
35 10
34 10
34 9
34 8
43 7
44 7
44 6
43 6
43 5
44 5
40 14
39 14
38 14
36 12
0
Yes
20 15
20 16
21 16
21 15
22 15
22 16
19 16
19 15
18 16
18 15
17 16
17 15
21 14
20 14
19 14
18 14
17 14
21 13
20 13
19 13
18 13
17 13
16 13
16 14
16 15
16 16
16 17
16 18
15 18
15 17
15 16
15 15
15 14
14 14
14 15
14 16
14 17
13 17
13 16
13 15
0
Yes
48 0
47 0
47 1
48 1
49 1
49 0
49 2
48 2
47 2
46 2
46 3
47 3
48 3
49 3
0
No
0
No
1
80
25 48
26 48
26 49
25 49
26 47
25 47
25 46
27 47
24 46
24 47
24 48
24 49
28 47
28 46
28 48
28 49
29 46
29 47
29 48
29 49
30 46
30 47
30 48
30 49
23 46
23 47
23 48
23 49
22 46
22 47
22 48
22 49
21 47
21 48
21 49
20 48
20 49
Yes
1 44
2 44
2 45
1 45
1 46
1 47
0 47
0 46
0 45
0 44
0 43
2 43
3 43
3 42
2 42
4 42
3 41
2 41
1 41
1 42
0 42
0 41
5 42
5 43
5 41
6 41
6 42
6 43
6 40
6 44
6 45
6 46
7 46
7 45
7 44
7 43
7 42
8 42
8 43
8 44
8 45
8 46
9 46
9 45
9 44
9 43
9 42
9 41
10 41
10 42
10 43
10 44
10 45
10 46
10 47
11 47
11 46
11 44
11 43
6 39
6 38
5 38
5 39
4 39
4 38
3 39
3 38
2 38
1 38
1 37
2 37
3 37
4 37
4 36
3 36
2 36
1 36
5 36
0 36
0 35
1 35
2 35
3 35
4 35
5 35
6 35
7 35
7 36
8 36
8 35
9 35
9 36
9 37
10 37
10 36
10 35
10 34
9 34
8 34
7 34
6 34
5 34
4 34
3 34
2 34
1 34
0 34
10 33
9 33
8 33
7 33
6 33
5 33
4 33
3 33
2 33
1 33
0
No
0
Yes
3 41
2 41
1 41
1 42
2 42
3 42
3 43
2 43
4 42
2 44
2 45
1 44
1 45
1 46
0 41
0 42
0 43
0 44
0 45
0 46
5 42
5 43
5 41
6 41
6 42
6 43
6 40
6 44
6 45
6 46
7 46
7 45
7 44
7 43
7 42
8 42
8 43
8 44
8 45
8 46
9 46
9 45
9 44
9 43
9 42
9 41
10 41
10 42
10 43
10 44
10 45
10 46
10 47
11 47
11 46
11 44
11 43
1 47
0 47
6 39
6 38
5 38
5 39
4 39
4 38
3 39
3 38
2 40
1
137
23 2
23 1
23 0
22 2
22 1
22 0
21 2
21 1
21 0
20 2
20 1
20 0
19 2
19 1
Yes
0 33
0 34
1 34
1 33
2 33
2 34
3 34
3 33
4 33
4 34
5 34
5 33
5 32
4 32
3 32
2 32
1 32
0 32
4 31
5 31
3 31
2 31
1 31
0 31
3 30
2 30
1 30
0 30
5 35
4 35
3 35
2 35
1 35
0 35
5 36
4 36
3 36
2 36
1 36
0 36
4 37
3 37
2 37
0
Yes
18 39
18 40
19 40
19 39
18 38
19 38
18 37
19 37
20 37
20 38
20 39
21 38
21 39
0
Yes
39 17
40 17
38 17
38 18
39 18
40 16
39 16
0
Yes
23 0
23 1
23 2
22 2
22 1
22 0
21 2
21 1
21 0
20 2
20 1
20 0
0
No
0
No
0
Yes
34 31
34 32
35 32
35 31
35 30
34 30
33 32
33 31
33 30
32 32
32 31
32 30
32 29
33 29
34 29
35 29
35 28
34 28
33 28
32 28
32 27
33 27
34 27
35 27
35 26
34 26
33 26
32 26
31 26
31 27
31 28
31 29
31 30
31 31
31 32
30 27
30 28
30 29
30 30
30 31
30 32
29 27
29 28
29 29
29 30
29 31
29 32
28 32
28 31
28 30
28 29
28 28
28 27
27 32
27 31
27 30
27 29
27 28
27 27
0
Yes
49 1
48 1
47 1
47 2
48 2
49 2
46 2
46 3
47 3
48 3
49 3
47 4
48 4
49 4
0
No
0
Yes
20 37
19 37
18 37
18 38
19 38
20 38
21 38
20 39
21 39
19 39
18 39
18 40
19 40
1
145
1 46
1 47
0 47
0 46
0 45
1 45
0 44
Yes
25 4
25 5
25 6
24 6
24 5
24 4
24 7
24 3
25 3
26 3
27 3
27 4
28 4
28 3
28 2
27 2
26 2
25 2
24 2
26 1
27 1
28 1
25 1
24 1
29 2
29 1
30 2
30 1
31 1
31 2
31 3
32 2
32 3
33 3
33 4
33 5
33 6
34 6
34 5
35 6
35 5
36 5
37 5
37 4
38 4
39 4
39 3
39 2
23 7
23 8
23 9
24 9
24 10
23 10
23 11
24 11
37 6
40 2
41 2
40 1
41 1
40 0
41 0
31 0
30 0
29 0
28 0
25 0
24 0
23 2
23 1
23 0
22 2
22 1
22 0
21 2
21 1
21 0
20 2
20 1
20 0
19 2
19 1
19 0
18 1
18 0
17 0
17 1
17 2
17 3
16 2
16 1
16 0
15 1
15 0
17 4
17 5
17 6
17 7
18 7
18 6
18 5
18 4
19 4
19 5
19 6
20 5
20 6
20 7
21 7
21 6
21 5
42 0
42 1
42 2
42 3
42 4
43 4
43 3
43 2
43 1
43 0
44 2
44 1
44 0
45 1
45 0
43 5
44 5
44 6
43 6
43 7
44 7
0
Yes
45 43
45 44
44 44
44 43
44 42
45 42
46 42
46 43
46 44
46 45
46 41
47 41
47 42
47 43
47 44
47 45
48 45
48 42
49 42
49 41
49 40
48 46
47 46
47 47
48 47
49 39
48 39
48 38
49 38
48 37
49 37
47 48
48 48
49 48
47 49
48 49
49 49
43 44
43 43
43 42
43 41
43 40
44 40
44 39
45 39
45 38
46 38
46 37
45 37
42 44
42 43
42 42
42 41
42 40
42 39
41 44
41 43
41 42
41 41
41 40
41 39
40 39
40 40
40 41
40 42
40 43
0
Yes
39 47
39 46
40 46
40 47
40 48
41 47
41 48
38 46
38 45
41 49
40 49
39 49
38 49
42 49
42 48
42 47
42 46
43 46
43 47
43 48
43 49
37 49
36 49
37 45
37 46
36 46
36 45
36 44
36 47
35 44
35 45
35 46
35 47
35 48
35 49
34 46
34 47
34 48
34 49
35 43
35 42
36 42
36 41
37 41
38 41
38 42
37 42
34 42
34 43
33 42
33 43
33 44
33 45
33 46
33 47
33 48
33 49
32 46
32 47
32 48
32 49
31 47
31 48
31 49
32 44
32 43
32 42
32 41
32 40
32 39
31 39
31 40
31 41
31 42
31 43
31 44
30 44
30 43
30 42
30 41
30 40
30 39
29 40
29 41
28 41
28 40
27 41
27 40
26 41
26 40
0
Yes
1 6
1 7
1 8
1 9
2 9
2 8
2 7
2 6
3 8
3 7
3 6
4 6
4 5
3 5
2 5
1 5
3 4
2 4
1 4
2 10
1 10
2 3
1 3
1 2
2 2
3 2
4 2
3 1
4 1
3 0
4 0
0 2
0 3
0 4
0 5
0 6
0 7
0 8
0 9
0 10
5 0
5 1
5 2
5 3
6 3
6 2
6 1
6 0
7 3
7 2
7 1
7 0
8 3
8 2
8 1
8 0
1 11
0 11
0 12
1 12
1 13
1 14
2 14
3 14
4 14
5 14
5 15
6 14
6 15
6 16
7 16
7 15
7 14
8 14
7 13
8 13
0
No
0
Yes
19 44
19 43
20 43
20 42
19 42
18 44
18 43
18 42
0
Yes
43 9
43 10
44 10
44 9
44 8
43 8
42 8
42 9
42 10
45 8
45 9
45 10
0
Yes
0 27
0 28
0 29
0 30
0 31
1 31
1 30
1 29
1 28
1 27
1 26
2 26
2 27
2 28
2 29
2 30
2 31
3 29
3 30
3 31
4 31
5 31
6 31
7 31
6 30
7 30
8 30
9 30
10 30
10 31
11 30
11 31
12 31
9 29
8 29
7 29
6 29
6 28
7 28
8 28
9 28
9 27
8 27
7 27
6 27
6 26
7 26
8 26
9 26
10 26
10 25
9 25
8 25
7 25
6 25
5 26
5 25
4 25
7 24
6 24
5 24
4 24
3 24
3 23
4 23
5 23
6 23
7 23
8 23
7 22
6 22
5 22
4 22
6 21
9 23
10 23
9 22
10 22
11 22
9 21
10 21
11 21
12 21
13 21
2 23
1 23
1 22
2 22
2 21
1 21
13 31
13 30
13 29
13 28
12 28
12 27
13 27
13 26
13 25
12 25
12 24
13 24
11 20
12 20
13 20
6 20
6 19
6 18
5 18
5 19
14 20
14 21
14 22
14 23
14 24
14 25
14 26
14 27
14 28
14 29
14 30
14 31
15 30
15 29
15 28
15 27
15 26
15 25
16 25
16 26
16 27
16 28
17 28
17 27
15 23
15 22
15 21
15 20
15 19
16 19
16 20
16 21
17 21
17 20
17 19
14 32
13 32
12 32
14 33
13 33
0
Yes
44 32
45 32
46 32
46 33
45 33
44 33
46 34
45 34
44 34
46 35
45 35
44 35
44 31
43 31
43 32
43 33
43 34
43 35
42 35
42 34
42 33
42 32
41 32
41 33
41 34
41 35
0
Yes
14 4
15 4
15 5
14 5
15 6
14 6
14 7
13 6
13 7
13 8
14 8
15 8
15 9
14 9
13 9
13 10
14 10
15 10
14 11
13 11
16 10
16 9
17 9
17 10
17 11
18 9
18 10
18 11
18 12
12 9
12 8
12 7
12 6
12 5
11 5
11 6
11 7
11 8
11 9
11 10
10 10
10 9
10 8
10 7
10 6
10 5
10 4
10 3
10 2
9 2
9 3
9 4
9 5
9 6
9 7
9 8
9 9
9 10
8 10
8 8
8 7
8 6
8 5
7 6
7 7
8 11
9 11
9 12
8 12
9 1
10 1
11 1
12 1
12 0
11 0
10 0
9 0
19 12
19 11
19 10
20 10
20 11
20 12
21 10
21 11
21 12
22 12
22 13
22 14
23 12
23 13
23 14
6 6
0
Yes
40 33
40 34
39 34
39 33
38 33
38 34
38 35
38 36
38 37
37 37
37 36
37 35
37 34
37 33
38 38
37 38
39 32
38 32
37 32
37 39
37 40
36 40
36 39
36 38
36 37
36 36
36 35
36 34
36 33
36 32
36 31
35 34
35 35
35 36
35 37
35 38
35 39
35 40
34 39
34 38
34 37
34 36
34 35
0
Yes
49 10
49 11
49 12
49 13
48 13
48 12
48 11
48 10
48 9
49 9
49 8
48 8
48 7
49 7
48 6
49 6
48 5
49 5
47 7
47 8
47 9
47 10
47 11
47 12
47 13
46 13
46 12
46 11
46 10
46 9
46 8
46 7
47 14
48 14
49 14
0
Yes
19 21
20 21
20 20
19 20
18 20
18 21
18 19
19 19
20 19
20 18
19 18
18 18
18 22
19 22
20 22
0
Yes
15 46
16 46
16 45
15 45
16 47
15 47
16 48
15 48
0
Yes
3 29
3 30
3 31
4 31
5 31
5 32
4 32
3 32
3 33
4 33
5 33
5 34
4 34
3 34
3 35
4 35
5 35
5 36
4 36
3 36
4 37
3 37
2 37
2 36
2 35
2 34
2 33
2 32
2 31
2 30
2 29
1 37
1 36
1 35
1 34
1 33
1 32
1 31
1 30
1 29
0 36
0 35
0 34
0 33
0 32
0 31
0 30
0 29
1 38
2 38
0
No
0
Yes
10 25
10 26
9 25
9 26
9 27
9 28
9 29
9 30
10 30
10 31
11 30
11 31
12 31
8 30
8 29
8 28
8 27
8 26
8 25
7 25
7 26
7 27
7 28
7 29
7 30
7 31
6 31
6 30
6 29
6 28
6 27
6 26
6 25
5 26
5 25
4 25
7 24
6 24
5 24
4 24
4 23
5 23
6 23
7 23
8 23
7 22
6 22
5 22
4 22
9 23
10 23
9 22
10 22
11 22
13 31
14 31
13 30
14 30
15 30
15 29
14 29
13 29
13 28
14 28
15 28
12 28
12 27
13 27
14 27
15 27
13 26
14 26
15 26
16 26
16 27
16 28
16 25
15 25
14 25
13 25
12 25
12 24
13 24
14 24
14 23
15 23
15 22
14 22
17 28
17 27
9 21
10 21
11 21
11 20
6 21
6 20
3 24
3 23
2 23
1 23
1 22
2 22
2 21
1 21
6 19
6 18
5 18
5 19
12 20
12 21
13 21
13 20
14 21
14 20
15 21
15 20
15 19
16 19
16 20
16 21
17 21
17 20
17 19
1
165
14 35
14 36
13 36
13 35
13 37
14 37
14 38
13 38
15 38
15 37
15 36
15 35
16 35
16 36
16 37
Yes
38 21
38 22
39 22
39 21
40 21
40 22
40 20
41 20
41 21
41 22
42 21
42 22
41 19
42 19
43 19
40 23
41 23
42 23
43 23
40 24
41 24
42 24
43 24
44 24
43 25
44 25
42 25
41 25
41 26
42 26
44 26
44 27
44 28
44 29
45 29
45 28
45 27
45 26
45 25
46 29
46 28
46 27
46 26
46 25
47 29
47 28
47 27
47 26
47 25
48 28
48 27
48 26
48 25
49 27
49 26
49 25
46 24
47 24
48 24
49 24
46 23
47 23
48 23
49 23
47 22
48 22
49 22
44 19
44 20
45 20
45 19
46 19
46 20
45 18
44 18
44 17
45 17
46 17
47 17
47 16
46 16
45 16
44 16
44 15
43 16
43 15
42 16
42 15
41 15
42 14
43 14
43 13
42 13
40 15
39 15
38 15
38 14
39 14
38 13
39 13
39 16
39 17
39 18
38 18
38 17
39 12
38 12
37 12
37 11
38 11
39 11
37 10
38 10
39 10
39 9
38 9
37 9
37 8
38 8
39 8
36 8
36 9
35 8
35 9
35 10
34 10
34 9
34 8
40 16
40 17
40 14
40 13
40 12
40 11
0
Yes
28 32
27 32
29 32
30 32
27 31
28 31
29 31
30 31
27 30
28 30
29 30
30 30
30 29
29 29
28 29
27 29
0
Yes
39 7
39 6
40 6
40 7
0
No
0
No
0
Yes
45 9
45 10
44 10
44 9
44 8
45 8
46 8
46 9
46 10
46 7
47 7
47 8
47 9
47 10
46 11
47 11
46 12
47 12
48 12
48 11
48 10
48 9
48 8
48 7
48 6
48 5
49 5
49 6
49 7
49 8
49 9
49 10
49 11
49 12
46 13
47 13
48 13
49 13
47 14
48 14
49 14
43 8
43 9
43 10
0
Yes
45 44
44 44
43 44
42 44
42 43
43 43
44 43
45 43
45 42
44 42
43 42
42 42
43 41
42 41
46 42
46 43
46 44
46 45
46 41
47 41
47 42
47 43
47 44
47 45
48 45
48 42
48 46
47 46
47 47
48 47
47 48
48 48
47 49
48 49
41 44
41 43
41 42
41 41
40 43
40 42
40 41
40 40
41 40
42 40
43 40
44 40
44 39
45 39
42 39
41 39
40 39
45 38
46 38
46 37
45 37
49 48
49 49
39 41
44 45
42 38
0
No
0
Yes
3 24
3 23
2 23
1 23
1 22
2 22
2 21
1 21
4 23
4 24
4 25
4 22
5 22
5 23
5 24
5 25
5 26
6 26
6 25
6 24
6 23
6 22
7 22
7 23
7 24
7 25
7 26
8 23
6 21
6 20
6 19
5 19
9 23
10 23
9 22
10 22
11 22
9 21
10 21
11 21
4 21
8 25
8 26
9 25
9 26
10 26
10 25
9 27
8 27
7 27
6 27
6 28
7 28
8 28
9 28
5 18
6 18
9 29
8 29
7 29
6 29
6 30
7 30
8 30
9 30
10 30
10 31
11 30
11 31
12 31
12 32
7 31
6 31
6 32
7 32
6 33
7 33
8 33
9 33
10 33
11 33
12 33
6 34
7 34
8 34
9 34
10 34
11 34
12 34
12 35
11 35
10 35
9 35
8 35
7 35
6 35
7 36
8 36
9 36
10 36
11 36
9 37
10 37
11 37
11 38
12 37
12 38
12 39
13 39
13 40
14 39
14 40
9 32
0
Yes
31 27
31 26
32 26
32 27
32 25
33 25
33 26
33 27
34 25
34 26
34 27
35 26
35 27
36 26
36 27
37 27
37 28
36 28
35 28
34 28
33 28
32 28
31 28
37 29
36 29
35 29
34 29
33 29
32 29
31 29
31 30
32 30
33 30
34 30
35 30
35 31
34 31
33 31
32 31
31 31
35 32
34 32
33 32
32 32
31 32
34 24
33 24
32 24
31 24
30 24
30 23
31 23
32 23
33 23
30 22
31 22
32 22
33 22
33 21
32 21
31 21
33 20
32 20
31 20
0
No
0
Yes
41 41
40 41
40 42
41 42
40 43
41 43
41 44
42 44
42 43
42 42
42 41
43 41
43 42
43 43
43 44
44 44
44 43
44 42
45 42
45 43
45 44
43 40
42 40
41 40
40 40
40 39
41 39
42 39
44 45
44 40
44 39
46 44
46 43
46 42
46 41
47 41
47 42
47 43
47 44
39 41
46 45
47 45
48 45
48 46
47 46
47 47
48 47
47 48
48 48
49 48
47 49
48 49
49 49
42 38
0
No
0
Yes
15 0
15 1
16 1
16 0
16 2
17 2
17 1
17 0
17 3
17 4
17 5
17 6
17 7
18 7
18 6
18 5
18 4
19 4
19 5
19 6
20 5
20 6
20 7
21 7
21 6
21 5
18 1
18 0
19 0
19 1
19 2
20 2
20 1
20 0
21 2
21 1
21 0
22 2
22 1
22 0
23 2
23 1
23 0
24 0
24 1
24 2
24 3
24 4
24 5
24 6
32 3
32 2
23 5
25 6
25 5
25 4
25 3
25 2
25 1
25 0
26 1
26 2
26 3
27 1
27 2
27 3
27 4
28 4
28 3
28 2
28 1
28 0
29 2
29 1
29 0
30 2
30 1
30 0
31 0
31 1
31 2
31 3
1
178
43 46
42 46
43 47
42 47
41 47
43 48
42 48
41 48
40 48
40 47
40 46
39 46
39 47
38 46
38 45
37 45
37 46
43 49
42 49
41 49
40 49
39 49
38 49
37 49
36 49
35 49
35 48
35 47
36 47
36 46
36 45
35 46
35 45
36 44
35 44
35 43
35 42
36 42
36 41
37 41
37 42
38 42
38 41
39 41
40 41
40 42
40 43
40 40
40 39
41 39
41 40
41 41
41 42
41 43
41 44
42 39
42 40
42 41
42 42
42 43
42 44
43 44
43 43
43 42
43 41
43 40
44 40
44 39
45 39
45 38
46 38
46 37
45 37
44 42
44 43
44 44
45 44
45 43
45 42
46 42
46 43
46 44
46 45
46 41
47 41
47 42
47 43
47 44
47 45
48 45
48 42
49 42
49 41
49 40
48 46
47 46
49 39
48 39
48 38
49 38
48 37
49 37
47 47
48 47
47 48
48 48
49 48
47 49
48 49
49 49
34 42
34 43
40 45
Yes
5 22
5 23
5 24
5 25
5 26
6 26
6 25
6 24
6 23
6 22
7 22
7 23
7 24
7 25
7 26
8 23
9 23
10 23
9 22
10 22
11 22
8 25
8 26
9 25
9 26
10 26
10 25
9 27
8 27
7 27
6 27
6 28
7 28
8 28
9 28
9 29
8 29
7 29
6 29
6 30
7 30
8 30
9 30
10 30
11 30
10 31
11 31
9 21
10 21
11 21
11 20
6 21
6 20
4 25
4 24
4 23
4 22
3 24
3 23
2 23
1 23
1 22
2 22
2 21
1 21
6 19
6 18
5 18
5 19
12 20
12 21
13 21
13 20
14 20
14 21
14 22
14 23
15 23
15 22
0
Yes
1 2
2 2
2 3
1 3
0 2
0 3
0 4
1 4
2 4
0
Yes
49 38
49 37
48 37
48 38
1
136
48 7
48 6
48 5
49 5
49 6
49 7
47 7
46 7
46 8
47 8
48 8
49 8
45 8
45 9
46 9
47 9
48 9
49 9
45 10
46 10
47 10
48 10
49 10
46 11
47 11
48 11
49 11
46 12
47 12
48 12
49 12
46 13
47 13
48 13
49 13
47 14
48 14
49 14
44 10
44 9
Yes
47 44
47 43
47 42
47 41
46 41
46 42
46 43
46 44
46 45
47 45
47 46
47 47
47 48
47 49
45 44
45 43
45 42
44 42
44 43
44 44
43 44
43 43
43 42
43 41
43 40
44 40
42 44
42 43
42 42
42 41
42 40
41 44
41 43
41 42
41 41
41 40
40 43
40 42
40 41
40 40
39 41
38 41
38 42
40 39
41 39
42 39
44 39
45 39
48 45
48 46
48 47
48 48
48 49
45 47
38 43
42 38
44 47
49 48
49 49
45 38
46 38
46 37
45 37
37 42
37 41
36 41
36 42
35 42
35 43
35 44
36 44
35 45
36 45
37 45
38 45
38 46
39 46
39 47
40 46
40 47
40 48
41 47
41 48
41 49
40 49
36 46
44 45
42 49
42 48
42 47
42 46
43 46
43 47
43 48
43 49
37 46
0
Yes
24 46
25 46
25 47
24 47
24 48
25 48
25 49
24 49
26 49
26 48
26 47
23 46
23 47
23 48
23 49
22 46
22 47
22 48
0
Yes
35 49
35 48
35 47
35 46
34 46
34 47
34 48
34 49
33 49
33 48
33 47
33 46
32 46
32 47
32 48
32 49
31 47
31 48
31 49
0
Yes
1 9
2 9
2 10
1 10
0 10
0 9
0 8
1 8
2 8
2 7
1 7
0 7
0 6
1 6
2 6
0
Yes
42 34
42 35
41 35
41 34
43 35
43 34
44 35
44 34
45 35
45 34
46 35
46 34
46 33
45 33
44 33
43 33
42 33
41 33
41 32
42 32
43 32
44 32
45 32
46 32
1
185
42 1
42 2
42 0
41 2
41 1
41 0
40 0
40 1
40 2
Yes
6 43
5 43
6 44
6 45
6 46
7 46
7 45
7 44
7 43
7 42
6 42
5 42
4 42
8 42
8 43
8 44
8 45
8 46
9 46
9 45
9 44
9 43
9 42
3 42
3 43
2 43
2 42
1 42
0 42
3 41
2 41
1 41
0 41
9 41
10 41
10 42
10 43
10 44
10 45
10 46
10 47
11 47
11 46
11 44
11 43
5 41
6 41
0 40
0
Yes
14 11
13 11
13 10
14 10
15 10
16 10
16 9
15 9
14 9
13 9
15 8
14 8
13 8
14 7
13 7
13 6
14 6
15 6
15 5
14 5
14 4
15 4
12 9
12 8
12 7
12 6
12 5
11 5
11 6
11 7
11 8
11 9
11 10
10 10
10 9
10 8
10 7
10 6
10 5
10 4
10 3
10 2
9 4
9 5
9 6
9 7
9 8
9 9
9 10
9 11
9 12
9 13
8 12
8 11
8 13
8 14
7 13
7 14
7 15
7 16
6 16
6 15
6 14
5 15
5 14
8 10
9 3
9 2
4 14
3 14
2 14
1 14
1 13
8 8
8 7
8 6
8 5
7 6
7 7
1 12
1 11
0 11
0 12
8 3
8 2
7 3
7 2
6 3
6 2
5 3
5 2
4 2
3 2
3 1
4 1
5 1
6 1
7 1
8 1
9 1
10 1
11 1
12 1
12 0
11 0
10 0
9 0
8 0
7 0
6 0
5 0
4 0
3 0
2 2
2 3
1 2
1 3
0 2
0 3
17 9
17 10
17 11
18 9
18 10
18 11
0
No
0
Yes
29 46
30 46
28 46
30 47
29 47
28 47
28 48
29 48
30 48
30 49
29 49
28 49
0
Yes
1 30
1 31
1 32
1 33
1 34
1 35
1 36
1 37
0 36
0 35
0 34
0 33
0 32
0 31
0 30
0 29
1 29
2 29
2 30
2 31
2 32
2 33
2 34
2 35
2 36
2 37
3 29
3 30
3 31
3 32
3 33
3 34
3 35
3 36
3 37
4 37
4 36
4 35
4 34
4 33
4 32
4 31
5 36
5 35
5 34
5 33
5 32
5 31
1 38
2 38
0
Yes
48 27
48 28
49 27
49 26
48 26
48 25
49 25
49 24
48 24
47 24
47 25
47 26
47 27
47 28
47 29
46 29
46 28
46 27
46 26
46 25
46 24
46 23
47 23
48 23
49 23
47 22
48 22
49 22
0
Yes
34 9
34 10
35 10
35 9
34 8
35 8
36 8
36 9
37 8
37 9
37 10
37 11
37 12
38 8
38 9
38 10
38 11
38 12
38 13
38 14
38 15
39 15
39 14
39 13
39 12
39 11
39 10
39 9
39 8
39 7
39 16
39 6
40 6
40 7
40 8
40 9
40 10
40 11
40 12
40 13
40 14
40 15
40 16
40 17
39 17
39 18
38 18
38 17
41 15
41 12
41 11
41 10
41 9
41 8
41 7
0
Yes
29 19
30 19
31 19
32 19
32 18
31 18
30 18
29 18
33 18
33 17
32 17
31 17
30 17
29 17
32 16
31 16
30 16
29 16
30 15
31 15
32 15
29 15
28 18
28 17
28 16
28 15
27 18
27 17
27 16
27 15
29 14
28 14
27 14
0
Yes
46 8
46 7
47 7
47 8
47 9
46 9
46 10
47 10
46 11
47 11
46 12
47 12
48 12
48 11
48 10
48 9
48 8
48 7
48 6
48 5
49 5
49 6
49 7
49 8
49 9
49 10
49 11
49 12
46 13
47 13
48 13
49 13
0
Yes
20 48
20 49
21 49
21 48
21 47
22 47
22 48
22 49
22 46
23 46
23 47
23 48
23 49
24 46
24 47
24 48
24 49
25 46
25 47
25 48
25 49
0
Yes
48 47
48 46
48 45
47 46
47 47
47 45
46 45
47 44
46 44
45 44
44 44
43 44
42 44
41 44
47 43
46 43
45 43
44 43
43 43
42 43
41 43
44 42
45 42
46 42
47 42
43 42
42 42
41 42
48 42
47 41
46 41
49 42
49 41
49 40
43 41
42 41
41 41
43 40
42 40
41 40
42 39
41 39
44 40
44 39
45 39
45 38
46 38
46 37
45 37
47 48
48 48
49 48
47 49
48 49
49 49
49 39
48 39
48 38
49 38
48 37
49 37
40 39
40 40
40 41
40 42
40 43
39 41
38 41
38 42
37 42
37 41
36 41
36 42
35 42
35 43
35 44
35 45
36 44
36 45
36 46
37 46
37 45
38 45
38 46
39 46
39 47
40 46
40 47
41 47
41 48
41 49
42 49
42 48
42 47
42 46
43 46
43 47
43 48
43 49
40 48
40 49
34 43
34 42
33 42
33 43
0
Yes
49 37
48 37
48 38
49 38
48 39
49 39
49 40
49 41
49 42
48 42
47 42
47 41
46 41
46 42
45 42
44 42
47 43
46 43
45 43
44 43
44 44
45 44
46 44
47 44
43 44
43 43
43 42
43 41
43 40
44 40
44 39
45 39
45 38
46 38
46 37
45 37
42 44
42 43
42 42
42 41
42 40
42 39
41 44
41 43
41 42
41 41
41 40
41 39
40 39
40 40
40 41
40 42
40 43
39 41
46 45
47 45
48 45
48 46
47 46
47 47
48 47
47 48
48 48
49 48
47 49
48 49
49 49
38 41
38 42
37 42
37 41
36 41
36 42
35 42
35 43
35 44
38 43
0
Yes
26 9
26 10
27 9
27 10
0
No
0
Yes
17 0
17 1
17 2
17 3
16 2
16 1
16 0
15 1
15 0
17 4
17 5
17 6
17 7
18 7
18 6
18 5
18 4
18 1
18 0
19 4
19 5
19 6
20 5
20 6
20 7
21 7
21 6
21 5
19 0
19 1
19 2
20 2
20 1
20 0
21 2
21 1
21 0
22 2
22 1
22 0
23 2
23 1
23 0
24 0
24 1
24 2
24 3
24 4
24 5
24 6
24 7
21 4
14 1
25 6
25 5
25 4
25 3
25 2
25 1
25 0
26 1
26 2
26 3
27 1
27 2
27 3
27 4
28 4
28 3
28 2
28 1
28 0
29 2
29 1
29 0
30 2
30 1
30 0
31 0
31 1
0
Yes
13 26
13 27
13 28
13 29
13 30
13 31
14 31
14 30
14 29
14 28
14 27
14 26
15 30
15 29
15 28
15 27
15 26
16 26
16 27
16 28
17 28
17 27
16 25
15 25
14 25
13 25
14 24
13 24
12 24
12 25
12 31
12 28
12 27
12 32
13 32
14 32
14 33
13 33
12 33
11 33
10 33
9 33
8 33
14 34
13 34
12 34
11 34
10 34
9 34
8 34
12 35
13 35
14 35
11 35
10 35
9 35
8 35
8 36
9 36
10 36
11 36
9 37
10 37
11 37
11 38
7 36
7 35
7 34
7 33
6 35
6 34
6 33
6 32
7 32
7 31
6 31
12 37
12 38
12 39
15 35
16 35
16 36
15 36
14 36
13 36
13 37
13 38
13 39
14 37
14 38
14 39
15 37
15 38
16 37
13 40
14 40
11 28
0
Yes
21 14
21 15
21 16
22 16
22 15
22 14
22 13
21 13
22 12
21 12
21 11
21 10
20 10
20 11
20 12
20 13
20 14
20 15
20 16
19 10
19 11
19 12
19 13
19 14
19 15
19 16
18 12
18 13
18 14
18 15
18 16
17 16
17 15
17 14
17 13
0
No
1
163
42 3
42 4
43 4
43 3
43 5
44 5
44 6
43 6
43 7
44 7
44 8
43 8
42 8
42 9
43 9
44 9
42 10
43 10
44 10
43 2
42 2
44 2
41 2
41 1
42 1
43 1
44 1
44 0
43 0
42 0
41 0
45 1
45 0
45 10
45 9
45 8
40 0
40 1
40 2
47 0
46 0
39 0
44 11
Yes
49 37
48 37
48 38
49 38
48 39
49 39
49 40
49 41
49 42
48 42
47 42
47 41
46 41
46 42
45 42
44 42
47 43
46 43
45 43
44 43
43 43
43 42
43 41
43 40
44 40
44 39
45 39
45 38
46 38
46 37
45 37
43 44
44 44
45 44
46 44
47 44
46 45
47 45
48 45
48 46
47 46
47 47
48 47
47 48
48 48
49 48
47 49
48 49
49 49
42 44
42 43
42 42
42 41
42 40
42 39
41 44
41 43
41 42
41 41
41 40
41 39
40 39
40 40
40 41
40 42
40 43
39 41
38 41
38 42
38 40
37 42
37 41
37 40
37 39
36 41
36 42
36 40
36 39
35 40
35 39
34 39
34 38
35 38
36 38
0
Yes
43 32
43 31
44 31
44 32
45 32
46 32
46 33
45 33
44 33
43 33
46 34
45 34
44 34
43 34
46 35
45 35
44 35
43 35
42 35
42 34
42 33
42 32
41 32
41 33
41 34
41 35
40 35
40 34
40 33
39 34
39 33
0
Yes
42 15
42 16
43 16
43 15
43 14
42 14
42 13
43 13
44 15
44 16
44 17
44 18
45 18
45 17
45 16
46 16
46 17
47 17
47 16
45 19
44 19
43 19
42 19
41 19
41 20
40 20
40 21
41 21
42 21
42 22
41 22
40 22
40 23
41 23
42 23
43 23
39 22
39 21
38 21
38 22
40 24
41 24
42 24
43 24
44 24
44 20
45 20
46 20
46 19
43 25
44 25
42 25
41 25
41 26
42 26
45 25
45 26
44 26
0
Yes
32 19
31 19
30 19
29 19
29 18
30 18
31 18
32 18
32 17
31 17
30 17
29 17
32 16
31 16
30 16
29 16
30 15
31 15
32 15
29 15
28 18
28 17
28 16
28 15
27 18
27 17
27 16
27 15
0
Yes
29 11
30 11
28 11
27 11
27 10
27 9
26 9
26 10
26 11
25 11
24 11
24 10
24 9
23 9
23 10
23 11
30 12
29 12
28 12
27 12
26 12
25 12
24 12
23 12
23 13
24 13
25 13
26 13
27 13
27 14
26 14
25 14
24 14
23 14
23 15
24 15
25 15
23 16
24 16
25 16
25 17
25 18
25 19
25 20
24 18
24 19
24 20
24 21
23 20
23 21
23 19
23 18
22 18
22 19
0
Yes
28 49
28 48
28 47
28 46
29 46
29 47
29 48
29 49
30 46
30 47
30 48
30 49
0
Yes
17 11
17 10
17 9
16 9
16 10
15 10
15 9
15 8
14 8
14 9
14 10
14 11
13 11
13 10
13 9
13 8
12 9
12 8
14 7
13 7
12 7
13 6
14 6
12 6
12 5
15 6
15 5
14 5
14 4
15 4
11 5
11 6
11 7
11 8
11 9
11 10
10 10
10 9
10 8
10 7
10 6
10 5
10 4
10 3
10 2
10 1
11 1
12 1
12 0
11 0
10 0
18 9
18 10
18 11
9 4
9 5
9 6
9 7
9 8
9 9
9 10
9 3
9 2
9 1
9 0
8 10
8 8
8 7
8 6
8 5
7 6
7 7
8 11
9 11
9 12
8 12
9 13
8 13
8 14
7 13
7 14
7 15
7 16
6 16
6 15
6 14
5 15
5 14
4 14
3 14
2 14
1 14
1 13
1 12
1 11
0 11
0 12
8 3
8 2
8 1
8 0
7 3
7 2
7 1
7 0
6 3
6 2
6 1
6 0
0
Yes
49 14
48 14
47 14
47 13
48 13
49 13
49 12
48 12
47 12
47 11
48 11
49 11
49 10
48 10
47 10
46 13
46 12
46 11
0
No
0
No
0
Yes
0 32
0 33
0 34
0 35
1 35
1 34
1 33
1 32
2 32
2 33
2 34
2 35
3 35
3 34
3 33
3 32
4 32
4 33
4 34
4 35
4 31
3 31
2 31
1 31
0 31
3 30
2 30
1 30
0 30
3 29
2 29
1 29
0 29
2 28
1 28
0 28
0 27
1 27
2 27
2 26
1 26
5 31
5 32
5 33
5 34
5 35
6 35
6 34
6 33
6 32
6 31
7 31
7 32
7 33
7 34
7 35
7 36
5 36
4 36
3 36
2 36
1 36
0 36
1 37
2 37
3 37
4 37
1 38
2 38
3 38
4 38
3 39
4 39
5 39
5 38
6 38
6 39
0
Yes
20 43
20 42
19 42
19 43
19 44
18 44
18 43
18 42
17 42
17 43
0
Yes
3 31
4 31
3 30
2 30
2 31
2 32
3 32
4 32
4 33
3 33
2 33
2 34
3 34
4 34
4 35
3 35
2 35
1 35
1 34
1 33
1 32
1 31
1 30
0 30
0 31
0 32
0 33
0 34
0 35
0
No
0
Yes
3 4
3 5
3 6
4 6
4 5
0
No
0
Yes
32 48
33 48
34 48
35 48
35 47
34 47
33 47
32 47
32 46
33 46
34 46
35 46
35 49
34 49
33 49
32 49
1
222
45 34
45 35
46 35
46 34
46 33
45 33
46 32
45 32
44 35
44 34
44 33
44 32
44 31
43 31
43 32
43 33
43 34
43 35
42 35
42 34
42 33
42 32
41 32
41 33
41 34
41 35
40 35
40 34
40 33
Yes
12 28
12 27
13 27
13 28
13 29
13 30
13 26
14 26
14 27
14 28
14 29
14 30
15 30
15 29
15 28
15 27
15 26
16 26
16 27
16 28
17 28
17 27
14 31
13 31
12 31
12 32
13 32
14 32
14 33
13 33
12 33
11 33
14 34
13 34
12 34
11 34
12 35
13 35
14 35
11 35
11 36
15 35
16 35
16 36
15 36
14 36
13 36
16 37
15 37
14 37
13 37
12 37
11 37
11 38
12 38
13 38
14 38
15 38
12 39
13 39
14 39
13 40
14 40
14 41
16 25
15 25
14 25
13 25
12 25
12 24
13 24
14 24
14 42
14 43
14 44
14 45
15 45
16 45
16 46
15 46
16 47
15 47
14 47
14 48
15 48
16 48
15 43
15 42
16 42
16 43
10 37
10 36
10 35
10 34
10 33
9 37
9 36
9 35
9 34
9 33
8 33
8 34
8 35
8 36
15 32
0
No
0
Yes
46 10
46 11
46 12
46 13
47 13
47 12
47 11
47 10
48 10
48 11
48 12
48 13
49 13
49 12
49 11
49 10
49 9
48 9
47 9
46 9
49 14
48 14
47 14
0
No
0
Yes
49 25
49 26
48 26
48 25
48 24
49 24
49 23
48 23
48 22
49 22
47 22
47 23
47 24
47 25
47 26
46 23
46 24
46 25
46 26
45 25
45 26
44 26
44 25
44 24
43 25
43 24
43 23
42 23
42 24
42 25
42 26
41 26
41 25
41 24
41 23
40 24
40 23
42 22
41 22
40 22
42 21
41 21
40 21
40 20
41 20
41 19
42 19
43 19
39 21
39 22
44 19
44 20
45 20
45 19
46 19
46 20
45 18
44 18
38 22
38 21
44 17
45 17
46 17
47 17
47 16
46 16
45 16
44 16
44 15
43 16
43 15
42 16
42 15
42 14
43 14
43 13
42 13
44 27
45 27
46 27
47 27
48 27
49 27
48 28
47 28
46 28
45 28
44 28
44 29
45 29
46 29
47 29
43 28
0
Yes
2 32
2 33
2 34
2 35
3 35
3 34
3 33
3 32
4 32
4 33
4 34
4 35
4 31
3 31
2 31
3 30
2 30
3 29
2 29
5 31
5 32
5 33
5 34
5 35
6 35
6 34
6 33
6 32
6 31
1 29
1 30
1 31
1 32
1 33
1 34
1 35
7 31
7 32
7 33
7 34
7 35
0 35
0 34
0 33
0 32
0 31
0 30
0 29
0
Yes
21 12
21 13
21 14
21 15
21 16
20 16
20 15
20 14
20 13
20 12
19 16
19 15
19 14
19 13
19 12
18 12
18 13
18 14
18 15
18 16
17 16
17 15
17 14
17 13
22 16
22 15
22 14
22 13
22 12
23 16
23 15
23 14
23 13
23 12
0
Yes
2 28
2 27
1 28
1 27
0 27
0 28
1 26
2 26
0
Yes
31 16
32 16
32 17
31 17
33 17
33 18
32 18
31 18
32 19
31 19
30 19
30 18
30 17
30 16
29 19
29 18
29 17
29 16
28 18
28 17
28 16
27 18
27 17
27 16
27 15
28 15
29 15
30 15
31 15
32 15
32 14
31 14
29 14
0
Yes
7 1
7 2
7 3
8 3
8 2
8 1
6 3
6 2
6 1
6 0
7 0
8 0
9 0
9 1
9 2
9 3
5 3
5 2
5 1
5 0
10 3
10 2
10 1
10 0
11 1
11 0
12 1
12 0
0
Yes
10 8
10 9
10 10
11 10
11 9
11 8
12 9
12 8
9 9
9 10
9 8
9 7
10 7
11 7
12 7
13 7
13 8
13 9
13 10
14 7
14 8
14 9
14 10
15 8
15 9
15 10
16 10
16 9
13 6
14 6
12 6
11 6
10 6
9 6
12 5
11 5
10 5
9 5
9 4
10 4
15 6
15 5
14 5
14 4
15 4
8 5
8 6
8 7
8 8
7 7
7 6
14 11
13 11
0
Yes
37 8
38 8
36 8
36 9
37 9
38 9
35 8
35 9
34 8
34 9
39 9
39 8
39 7
39 6
40 6
40 7
40 8
40 9
41 7
41 8
41 9
34 10
35 10
42 8
42 9
42 10
41 10
40 10
39 10
38 10
37 10
37 11
38 11
39 11
40 11
41 11
41 12
40 12
39 12
38 12
37 12
38 13
39 13
40 13
40 14
39 14
38 14
38 15
39 15
40 15
40 16
39 16
0
Yes
7 1
7 2
7 3
8 3
8 2
8 1
9 3
9 2
9 1
10 3
10 2
10 1
6 3
6 2
6 1
5 3
5 2
5 1
5 0
6 0
7 0
8 0
9 0
10 0
4 2
4 1
4 0
3 0
3 1
3 2
0
No
0
Yes
1 47
1 46
0 47
0 46
0 45
1 45
2 45
0
No
0
Yes
5 18
5 19
6 18
6 19
6 20
0
Yes
47 22
48 22
49 22
49 23
48 23
47 23
46 23
46 24
47 24
48 24
49 24
49 25
48 25
47 25
46 25
45 25
45 26
46 26
47 26
48 26
49 26
49 27
48 27
47 27
46 27
45 27
48 28
47 28
46 28
45 28
47 29
46 29
45 29
44 29
44 28
44 27
44 26
44 25
0
Yes
4 6
4 5
3 5
3 6
3 4
2 4
2 5
2 6
2 3
2 2
1 2
1 3
1 4
1 5
1 6
0 2
0 3
0 4
0 5
0 6
3 7
2 7
1 7
0 7
3 8
2 8
1 8
0 8
2 9
1 9
0 9
2 10
1 10
0 10
1 11
0 11
0
Yes
33 22
33 23
33 21
33 20
32 20
32 21
32 22
32 23
31 20
31 21
31 22
31 23
31 24
32 24
33 24
30 24
30 23
30 22
0
Yes
26 49
26 48
26 47
25 47
25 48
25 49
25 46
24 46
24 47
24 48
24 49
0
Yes
44 31
44 32
45 32
46 32
46 33
45 33
44 33
46 34
45 34
44 34
46 35
45 35
44 35
43 31
43 32
43 33
43 34
43 35
42 35
42 34
42 33
42 32
41 32
41 33
41 34
41 35
0
Yes
1 23
2 23
3 23
3 24
2 22
1 22
1 21
2 21
4 24
4 23
4 22
4 25
5 22
5 23
5 24
5 25
5 26
6 22
6 23
6 24
6 25
6 26
7 22
7 23
7 24
7 25
7 26
7 36
8 25
8 26
6 27
7 27
8 27
6 28
7 28
8 28
6 29
7 29
8 29
8 30
7 30
6 30
7 31
6 31
5 31
4 31
7 32
6 32
5 32
4 32
7 33
6 33
5 33
4 33
7 34
6 34
5 34
4 34
3 34
3 33
3 32
3 31
3 30
3 29
2 29
2 30
2 31
2 32
2 33
2 34
1 29
1 30
1 31
1 32
1 33
1 34
0 29
0 30
0 31
0 32
0 33
0 34
7 35
6 35
5 35
4 35
3 35
2 35
1 35
0 35
5 36
4 36
3 36
2 36
1 36
0 36
1 37
2 37
3 37
4 37
1 38
2 38
3 38
4 38
3 39
4 39
5 39
5 38
6 38
6 39
4 21
5 29
6 21
9 30
9 29
9 28
9 27
9 26
9 25
10 25
10 26
10 30
10 31
11 31
11 30
0
No
0
Yes
0 5
0 6
0 7
0 8
0 9
0 10
1 10
1 9
1 8
1 7
1 6
1 5
2 10
2 9
2 8
2 7
2 6
2 5
3 8
3 7
3 6
3 5
3 4
2 4
1 4
0 4
0
Yes
0 12
1 12
1 11
0 11
1 13
0
No
0
Yes
7 43
7 42
8 42
8 43
8 44
7 44
6 44
6 43
6 42
6 45
7 45
8 45
6 46
7 46
8 46
9 46
9 45
9 44
9 43
9 42
10 42
10 43
10 44
10 45
10 46
0
Yes
42 46
43 46
43 47
42 47
41 47
43 48
42 48
41 48
43 49
42 49
41 49
0
Yes
36 45
36 44
35 44
35 45
37 45
38 45
38 46
37 46
36 46
35 46
36 47
35 47
35 48
34 46
34 47
34 48
34 49
35 49
28 42
39 46
29 43
33 49
33 48
33 47
33 46
33 45
32 46
32 47
32 48
32 49
31 47
31 48
31 49
33 44
32 44
31 44
30 44
30 49
30 48
30 47
30 46
29 46
29 47
29 48
29 49
28 46
28 47
28 48
28 49
30 43
31 43
32 43
33 43
34 43
35 43
35 42
34 42
33 42
32 42
31 42
30 42
32 41
31 41
30 41
29 41
29 40
30 40
31 40
32 40
32 39
31 39
30 39
28 40
28 41
0
Yes
8 2
8 3
7 3
7 2
6 3
6 2
6 1
7 1
8 1
9 1
9 2
9 3
10 3
10 2
10 1
10 0
9 0
8 0
7 0
6 0
5 3
5 2
5 1
5 0
4 2
4 1
4 0
3 0
3 1
0
Yes
2 8
3 8
2 9
2 10
1 10
1 9
1 8
0 10
0 9
0 8
3 7
2 7
1 7
0 7
0 6
1 6
2 6
3 6
4 6
4 5
3 5
2 5
1 5
0 5
3 4
2 4
1 4
0 4
2 3
0
Yes
7 1
7 2
7 3
8 3
8 2
8 1
6 3
6 2
6 1
6 0
7 0
8 0
9 0
9 1
9 2
9 3
9 4
10 4
10 3
10 2
10 1
10 0
11 1
11 0
12 1
12 0
5 3
5 2
5 1
5 0
4 2
4 1
4 0
3 0
3 1
3 2
2 2
0
Yes
49 37
49 38
49 39
49 40
48 39
48 38
48 37
0
Yes
14 4
15 4
15 5
14 5
15 6
14 6
14 7
13 6
13 7
12 7
12 6
12 5
11 5
11 6
11 7
10 5
10 6
10 7
9 5
9 6
9 7
8 5
8 6
8 7
8 8
9 8
10 8
11 8
12 8
13 8
14 8
15 8
7 7
7 6
12 9
13 9
14 9
15 9
11 9
10 9
9 9
11 10
10 10
9 10
8 10
8 11
9 11
9 12
8 12
9 13
8 13
8 14
7 13
7 14
7 15
7 16
6 16
6 15
6 14
5 14
5 15
15 10
14 10
13 10
13 11
14 11
16 10
16 9
17 9
17 10
17 11
18 9
18 10
18 11
0
Yes
12 28
12 27
13 27
13 28
13 29
13 30
13 26
14 26
14 27
14 28
14 29
14 30
15 30
15 29
15 28
15 27
15 26
16 26
16 27
16 28
17 28
17 27
16 25
15 25
14 25
13 25
12 25
12 24
13 24
14 24
0
Yes
14 44
14 45
14 43
14 42
14 41
14 40
13 40
14 39
13 39
12 39
12 38
13 38
14 38
11 38
12 37
13 37
14 37
11 37
11 36
10 37
10 36
9 37
9 36
8 36
8 35
9 35
10 35
11 35
12 35
8 34
9 34
10 34
11 34
12 34
13 36
14 36
13 35
14 35
13 34
14 34
8 33
9 33
10 33
11 33
12 33
13 33
14 33
15 38
15 37
15 36
15 35
16 35
16 36
16 37
14 32
13 32
12 32
12 31
13 31
14 31
15 42
15 43
16 43
16 42
17 42
17 43
18 42
18 43
18 44
19 44
19 43
19 42
20 42
20 43
15 45
16 45
16 46
15 46
16 47
15 47
0
Yes
3 32
3 33
3 34
3 35
3 36
3 37
4 37
4 36
4 35
4 34
4 33
4 32
5 36
5 35
5 34
5 33
5 32
5 31
4 31
3 31
6 35
6 34
6 33
6 32
6 31
7 35
7 34
7 33
7 32
7 31
2 31
2 32
2 33
2 34
2 35
2 36
2 37
1 37
1 36
1 35
1 34
1 33
1 32
1 31
0 36
0 35
0 34
0 33
0 32
0 31
1 38
2 38
3 38
4 38
0
Yes
25 46
24 46
23 46
22 46
22 47
23 47
24 47
25 47
21 47
26 47
27 47
26 48
25 48
24 48
23 48
22 48
21 48
20 48
20 49
21 49
22 49
23 49
24 49
25 49
26 49
0
No
0
Yes
39 17
39 18
38 18
38 17
0
Yes
7 28
6 28
6 29
7 29
6 30
7 30
8 30
8 29
8 28
9 28
9 29
9 30
10 30
10 31
11 31
11 30
9 27
8 27
7 27
6 27
6 26
7 26
8 26
9 26
10 26
10 25
9 25
8 25
7 25
6 25
7 24
6 24
6 23
7 23
8 23
7 22
6 22
9 23
10 23
9 22
10 22
11 22
9 21
10 21
11 21
5 29
6 21
6 20
5 26
5 25
5 24
5 23
5 22
4 22
4 23
4 24
4 25
3 24
3 23
2 23
1 23
1 22
2 22
2 21
1 21
6 19
6 18
5 18
5 19
1
261
39 3
39 4
40 4
38 4
37 4
37 5
37 6
36 5
35 5
35 6
34 6
34 5
33 6
33 5
33 4
33 3
32 5
32 3
32 2
39 2
38 2
37 2
36 2
36 1
35 1
34 1
40 2
41 2
40 1
41 1
42 1
42 2
42 3
42 4
43 4
43 3
43 2
43 1
43 5
43 6
43 0
42 0
41 0
40 0
39 0
33 7
44 5
44 6
44 2
44 1
44 0
45 1
45 0
31 2
31 3
31 5
31 6
31 7
46 0
47 0
48 0
49 0
44 7
43 7
43 8
44 8
45 8
45 9
44 9
43 9
43 10
44 10
45 10
44 11
Yes
43 46
42 46
43 47
42 47
41 47
43 48
42 48
41 48
40 48
40 47
40 46
39 47
39 46
38 46
38 45
43 49
42 49
41 49
40 49
39 49
38 49
37 49
36 49
37 45
37 46
36 46
36 45
36 44
36 47
35 44
35 45
35 46
35 47
35 48
35 49
34 46
34 47
34 48
34 49
35 43
35 42
36 42
37 42
38 42
38 41
39 41
38 40
40 41
40 42
40 43
40 40
41 40
41 41
41 42
41 43
41 44
42 44
42 43
42 42
42 41
42 40
43 40
43 41
43 42
43 43
43 44
44 40
44 44
44 43
44 42
45 42
45 43
45 44
46 44
46 43
46 42
46 41
47 41
47 42
47 43
47 44
46 45
47 45
48 45
48 46
47 46
47 47
48 47
47 48
48 48
49 48
47 49
48 49
49 49
37 41
36 41
37 40
36 40
44 45
44 39
45 39
42 39
41 39
40 39
45 38
46 38
46 37
45 37
37 48
0
Yes
20 13
20 14
20 15
20 16
21 16
21 15
21 14
21 13
22 16
22 15
22 14
22 13
22 12
21 12
20 12
23 16
23 15
23 14
23 13
23 12
24 16
24 15
24 14
24 13
24 12
25 15
25 16
25 14
25 13
25 12
19 16
19 15
19 14
19 13
19 12
18 12
18 13
18 14
18 15
18 16
0
No
0
Yes
7 0
7 1
7 2
8 2
8 1
8 0
9 0
9 1
9 2
6 2
6 1
6 0
5 0
5 1
5 2
5 3
6 3
7 3
8 3
0
Yes
35 30
35 31
36 31
34 31
34 30
34 29
35 29
36 29
37 29
37 28
36 28
35 28
34 28
37 27
36 27
35 27
34 27
36 26
35 26
34 26
33 26
33 27
33 28
33 29
33 30
33 31
32 31
32 30
32 29
32 28
32 27
32 26
31 26
31 27
31 28
31 29
31 30
31 31
31 32
32 32
33 32
34 32
35 32
1
171
25 48
25 49
25 47
25 46
24 46
24 47
24 48
24 49
23 46
23 47
23 48
23 49
22 46
22 47
22 48
22 49
Yes
16 15
17 15
17 14
16 14
16 13
17 13
15 14
15 15
14 14
14 15
13 15
12 15
12 14
11 14
11 15
17 16
16 16
15 16
14 16
13 16
12 16
12 17
13 17
14 17
15 17
16 17
13 18
13 19
16 18
15 18
15 19
16 19
17 19
17 20
16 20
15 20
14 20
13 20
13 21
14 21
15 21
16 21
17 21
15 22
14 22
15 23
14 23
14 24
13 24
12 24
12 25
13 25
14 25
15 25
16 25
16 26
15 26
14 26
13 26
12 21
12 20
11 20
11 21
11 22
10 21
10 22
10 23
9 21
9 22
9 23
8 23
7 23
7 22
7 24
7 25
8 25
9 25
10 25
10 26
9 26
8 26
7 26
9 27
8 27
7 27
6 27
6 26
6 25
6 24
6 23
6 22
6 21
6 20
5 26
5 25
5 24
5 23
5 22
4 22
4 23
4 24
4 25
3 24
3 23
2 23
1 23
1 22
2 22
2 21
1 21
6 19
6 18
5 18
5 19
6 28
7 28
8 28
9 28
9 29
8 29
7 29
6 29
6 30
7 30
8 30
9 30
10 30
10 31
11 30
11 31
14 13
10 15
7 31
6 31
0
Yes
27 17
27 18
28 18
28 17
27 16
28 16
27 15
28 15
29 15
29 16
29 17
29 18
30 15
30 16
30 17
30 18
0
Yes
3 35
3 36
3 37
4 37
4 36
4 35
5 36
5 35
5 34
4 34
3 34
3 33
4 33
5 33
5 32
4 32
3 32
5 31
4 31
3 31
2 31
2 32
2 33
2 34
2 35
2 36
2 37
1 37
1 36
1 35
1 34
1 33
1 32
1 31
0 36
0 35
0 34
0 33
0 32
0 31
1 38
2 38
3 38
0
No
0
Yes
24 24
24 25
24 26
25 26
25 25
25 24
25 27
26 27
26 26
26 25
26 24
26 28
26 29
23 26
23 25
23 24
23 27
22 27
22 26
22 25
22 24
21 25
21 26
21 27
26 23
25 23
24 23
23 23
22 23
21 23
21 22
22 22
23 22
22 21
23 21
24 21
23 20
24 20
25 20
25 19
24 19
23 19
25 18
24 18
23 18
22 18
22 19
21 19
20 23
20 22
19 23
19 22
18 22
18 21
19 21
20 21
20 20
20 19
19 20
18 20
19 19
18 19
18 18
19 18
20 18
27 23
27 24
27 25
27 26
27 27
27 28
27 29
28 24
28 23
27 30
27 31
27 32
26 32
26 33
26 34
27 34
27 35
27 36
27 37
27 38
27 39
26 36
26 37
26 38
26 39
25 39
25 38
25 37
25 36
24 36
24 37
24 38
26 40
27 40
26 41
27 41
28 41
28 40
29 40
29 41
28 32
28 31
28 30
28 29
28 28
28 27
29 27
29 28
29 29
29 30
29 31
29 32
30 27
30 28
30 29
30 30
30 31
30 32
29 33
30 33
31 33
31 34
30 34
29 34
20 26
0
Yes
31 3
31 2
32 2
32 3
33 3
0
Yes
34 35
34 36
34 37
34 38
35 38
35 37
35 36
35 35
35 34
36 34
36 35
36 36
36 37
36 38
37 38
37 37
37 36
37 35
37 34
37 39
36 39
35 39
34 39
38 38
38 37
38 36
38 35
38 34
39 34
36 33
37 33
38 33
39 33
39 32
38 32
37 32
36 32
40 33
0
No
0
Yes
44 7
44 6
44 5
43 5
43 6
43 7
43 8
44 8
45 8
43 9
44 9
45 9
43 10
44 10
45 10
43 4
42 4
42 3
43 3
43 2
42 2
44 2
41 2
41 1
42 1
43 1
44 1
45 1
45 0
44 0
43 0
42 0
41 0
46 10
46 9
46 8
46 7
47 7
47 8
47 9
47 10
46 11
47 11
46 12
47 12
46 13
47 13
47 14
47 15
47 16
47 17
46 17
46 16
45 16
45 17
45 18
44 18
44 17
44 16
44 15
43 16
43 15
42 16
42 15
42 14
42 13
43 13
43 14
48 14
48 13
48 12
48 11
48 10
48 9
48 8
48 7
48 6
48 5
49 5
49 6
49 7
49 8
49 9
49 10
49 11
49 12
49 13
49 14
40 0
40 1
40 2
44 13
44 11
0
Yes
9 43
9 44
9 45
9 46
8 46
8 45
8 44
8 43
8 42
9 42
9 41
10 41
10 42
10 43
10 44
10 45
10 46
11 46
11 44
11 43
7 42
7 43
7 44
7 45
7 46
6 46
6 45
6 44
6 43
6 42
5 43
5 42
5 41
6 41
4 42
6 40
11 47
10 47
6 39
6 38
5 38
5 39
12 46
0
Yes
31 49
32 49
32 48
31 48
31 47
32 47
30 47
30 48
30 49
29 49
29 48
29 47
28 47
28 48
28 49
28 46
29 46
30 46
0
Yes
11 0
12 0
10 0
12 1
11 1
10 1
10 2
0
Yes
2 45
1 45
1 46
0 46
0 45
1 47
0 47
1 44
2 44
0 44
0
Yes
2 27
1 27
0 27
1 26
2 26
2 28
1 28
0 28
0 29
1 29
2 29
0
Yes
1 36
0 36
0 35
1 35
2 35
2 36
3 36
3 35
4 35
4 36
5 36
5 35
5 34
4 34
3 34
2 34
1 34
0 34
0 33
1 33
2 33
3 33
4 33
5 33
5 32
4 32
3 32
2 32
1 32
0 32
5 31
4 31
3 31
2 31
1 31
0 31
3 30
2 30
1 30
0 30
0
Yes
46 31
46 30
46 32
45 32
44 32
44 31
43 31
43 32
42 32
41 32
46 29
47 29
45 29
44 29
44 28
45 28
46 28
47 28
48 28
44 27
45 27
46 27
47 27
48 27
49 27
44 26
45 26
46 26
47 26
48 26
49 26
45 25
46 25
47 25
48 25
49 25
44 25
44 24
43 25
43 24
46 24
47 24
48 24
49 24
42 24
42 25
42 26
41 26
41 25
41 24
40 24
46 23
47 23
48 23
49 23
47 22
48 22
49 22
43 23
42 23
41 23
40 23
42 22
41 22
40 22
42 21
41 21
40 21
40 20
41 20
41 19
42 19
43 19
44 19
44 20
45 20
45 19
46 19
46 20
39 21
39 22
38 22
38 21
46 33
45 33
44 33
43 33
42 33
41 33
40 33
46 34
45 34
44 34
43 34
42 34
41 34
40 34
40 35
41 35
42 35
43 35
44 35
45 35
46 35
39 34
39 33
39 32
38 32
37 32
36 32
38 33
38 34
37 33
36 33
37 34
36 34
47 35
38 35
37 35
36 35
0
Yes
15 4
14 4
14 5
15 5
15 6
14 6
14 7
13 6
13 7
13 8
14 8
15 8
15 9
14 9
13 9
13 10
14 10
15 10
14 11
13 11
12 9
12 8
12 7
12 6
12 5
11 5
11 6
11 7
11 8
11 9
11 10
10 10
10 9
10 8
10 7
10 6
10 5
10 4
10 3
9 3
9 4
9 5
9 6
9 7
9 8
9 9
9 10
8 10
8 8
8 7
8 6
8 5
7 6
7 7
8 11
9 11
9 12
8 12
9 13
8 13
8 14
7 13
7 14
7 15
7 16
6 16
6 15
6 14
5 15
5 14
5 13
0
Yes
2 3
2 2
1 2
1 3
0 2
0 3
0 4
1 4
2 4
2 5
1 5
0 5
0 6
1 6
2 6
0
Yes
27 39
27 38
27 37
27 36
27 35
27 34
26 34
26 36
26 37
26 38
26 39
25 39
25 38
25 37
25 36
24 36
24 37
24 38
26 40
27 40
26 41
27 41
26 33
26 32
27 32
28 32
27 31
28 31
27 30
28 30
28 41
28 40
29 40
29 41
30 41
30 40
30 39
31 39
31 40
31 41
32 39
32 40
32 41
30 42
31 42
32 42
33 42
34 42
34 43
33 43
32 43
31 43
30 43
30 44
31 44
32 44
33 44
29 30
29 31
29 32
29 33
29 34
30 34
30 33
30 32
30 31
30 30
31 33
31 34
30 29
29 29
28 29
27 29
26 29
26 28
27 28
28 28
29 28
30 28
30 27
29 27
28 27
27 27
26 27
25 27
27 26
26 26
25 26
24 26
27 25
26 25
25 25
24 25
24 24
25 24
26 24
27 24
28 24
28 23
27 23
26 23
25 23
24 23
23 23
23 24
23 25
23 26
23 27
22 27
22 26
22 25
22 24
22 23
21 25
21 26
21 27
21 23
21 22
22 22
23 22
22 21
23 21
24 21
23 20
24 20
25 20
25 19
24 19
23 19
25 18
24 18
23 18
22 18
22 19
21 19
20 23
20 22
19 23
19 22
18 22
18 21
19 21
20 21
20 20
20 19
19 20
18 20
19 19
18 19
25 34
0
Yes
22 0
22 1
22 2
23 2
23 1
23 0
21 2
21 1
21 0
20 2
20 1
20 0
19 2
19 1
19 0
0
Yes
4 6
4 5
3 5
3 6
3 7
0
Yes
14 29
15 29
15 30
14 30
14 31
14 32
14 33
14 34
13 30
13 29
13 31
13 32
13 33
13 34
12 31
12 32
12 33
12 34
12 35
13 35
14 35
15 35
16 35
16 36
15 36
14 36
13 36
16 37
15 37
14 37
13 37
15 38
14 38
13 38
12 37
12 38
11 38
11 37
11 36
11 35
11 34
11 33
13 28
14 28
15 28
12 28
12 27
13 27
14 27
15 27
16 27
16 28
17 28
17 27
12 39
13 39
14 39
13 40
14 40
14 41
14 42
14 43
14 44
14 45
15 45
16 45
16 46
15 46
16 47
15 47
14 47
14 48
15 48
16 48
15 43
15 42
16 42
16 43
17 43
17 42
18 42
18 43
18 44
19 44
19 43
19 42
20 42
20 43
10 33
10 34
10 35
10 36
10 37
9 37
9 36
9 35
9 34
9 33
8 33
8 34
8 35
8 36
7 36
7 35
7 34
7 33
7 32
6 32
6 33
0
Yes
22 38
22 39
22 40
21 40
21 39
21 38
20 39
20 38
0
Yes
47 27
47 28
47 29
48 28
48 27
49 27
49 26
48 26
47 26
47 25
48 25
49 25
49 24
48 24
47 24
46 24
46 25
46 26
46 27
46 28
46 29
46 30
46 31
46 23
47 23
48 23
49 23
47 22
48 22
49 22
46 32
46 33
45 32
45 33
45 29
45 28
45 27
45 26
45 25
44 29
44 28
44 27
44 26
44 25
44 24
43 25
43 24
43 23
42 23
42 24
42 25
42 26
41 26
41 25
41 24
41 23
40 24
40 23
42 22
41 22
40 22
39 22
44 33
44 32
44 31
43 31
43 32
43 33
42 32
42 33
41 32
41 33
40 33
39 33
39 32
38 22
38 21
39 21
40 21
41 21
42 21
40 20
41 20
41 19
42 19
43 19
44 19
44 20
45 20
45 19
46 19
46 20
38 32
38 33
37 32
37 33
36 32
36 33
39 34
40 34
41 34
42 34
43 34
44 34
45 34
46 34
38 34
37 34
36 34
35 34
46 35
45 35
44 35
43 35
42 35
41 35
40 35
38 35
37 35
36 35
35 35
34 35
34 36
35 36
36 36
37 36
38 36
38 37
37 37
0
Yes
3 41
2 41
1 41
0 41
0 42
1 42
2 42
3 42
3 43
2 43
0
No
0
Yes
11 22
11 21
12 21
13 21
10 21
10 22
10 23
9 21
9 22
9 23
8 23
7 23
7 22
7 24
7 25
8 25
9 25
10 25
10 26
9 26
8 26
7 26
9 27
8 27
7 27
6 27
6 26
6 25
6 24
6 23
6 22
6 21
5 26
5 25
5 24
5 23
5 22
4 22
4 23
4 24
4 25
6 28
7 28
8 28
9 28
9 29
8 29
7 29
6 29
6 30
7 30
8 30
9 30
7 31
6 31
10 30
10 31
11 31
11 30
14 21
14 22
14 23
15 23
15 22
15 21
16 21
14 24
13 24
12 24
12 25
13 25
14 25
13 26
14 26
15 26
15 25
16 25
16 26
3 24
3 23
6 20
11 20
12 20
13 20
14 20
15 20
16 20
13 19
13 18
15 19
16 19
17 19
17 20
17 21
16 18
15 18
16 17
15 17
14 17
13 17
12 17
12 16
13 16
14 16
15 16
16 16
17 16
17 15
16 15
15 15
14 15
13 15
12 15
12 14
11 14
11 15
14 14
15 14
16 14
17 14
17 13
16 13
6 19
6 18
5 18
5 19
2 23
1 23
1 22
2 22
2 21
1 21
18 21
18 20
18 19
18 18
18 22
19 18
0
Yes
49 13
49 14
48 14
48 13
47 14
47 13
46 13
47 15
46 12
47 12
48 12
49 12
46 11
47 11
48 11
49 11
49 10
48 10
47 10
46 10
46 9
47 9
48 9
49 9
49 8
48 8
47 8
46 8
46 7
47 7
48 7
49 7
48 6
49 6
48 5
49 5
45 8
45 9
45 10
44 10
44 9
44 8
43 10
43 9
43 8
0
Yes
19 22
19 23
20 23
20 22
21 22
21 23
20 21
19 21
19 20
20 20
19 19
20 19
21 19
22 19
22 18
23 18
23 19
23 20
24 18
24 19
24 20
24 21
23 21
22 21
22 22
23 22
22 23
23 23
25 20
25 19
25 18
24 23
25 23
26 23
27 23
28 23
28 24
27 24
26 24
25 24
24 24
23 24
22 24
27 25
26 25
25 25
24 25
23 25
22 25
21 25
21 26
22 26
23 26
24 26
25 26
26 26
27 26
25 27
26 27
27 27
23 27
22 27
21 27
28 27
29 27
30 27
30 28
29 28
28 28
27 28
26 28
26 29
27 29
28 29
29 29
30 29
30 30
29 30
28 30
27 30
27 31
28 31
29 31
30 31
30 32
29 32
28 32
27 32
20 26
26 20
29 33
30 33
0
Yes
43 6
43 7
44 7
44 6
44 5
43 5
0
Yes
14 48
14 49
14 47
13 48
12 48
12 49
11 49
10 49
15 48
15 47
15 46
15 45
14 45
13 45
14 44
14 43
15 43
15 42
14 42
14 41
13 42
12 42
14 40
13 40
16 45
16 46
16 47
16 48
14 39
13 39
12 39
16 42
16 43
17 43
17 42
18 42
18 43
18 44
19 44
19 43
19 42
20 43
20 42
21 42
12 38
13 38
14 38
15 38
11 38
12 37
13 37
14 37
15 37
11 37
16 37
16 36
15 36
14 36
13 36
15 35
16 35
14 35
13 35
17 35
17 34
17 33
18 34
19 34
12 35
14 34
13 34
12 34
14 33
13 33
12 33
12 32
13 32
14 32
15 32
12 31
13 31
14 31
13 30
14 30
15 30
15 29
14 29
13 29
11 33
11 34
11 35
11 36
10 33
10 34
10 35
10 36
10 37
9 37
9 36
9 35
9 34
9 33
9 32
8 33
8 34
8 35
8 36
7 36
7 35
7 34
7 33
7 32
6 32
6 33
6 34
0
Yes
7 1
7 2
7 3
8 3
8 2
8 1
9 2
9 1
9 0
8 0
7 0
6 3
6 2
6 1
6 0
5 3
5 2
5 1
5 0
4 2
4 1
4 0
3 2
3 1
0
Yes
42 2
41 2
41 1
42 1
43 1
43 2
44 2
44 1
45 1
45 0
44 0
43 0
42 0
41 0
43 3
42 3
42 4
43 4
0
No
1
301
6 43
5 43
6 44
6 45
6 46
7 46
7 45
7 44
7 43
7 42
6 42
5 42
4 42
8 42
8 43
8 44
8 45
8 46
9 46
9 45
9 44
9 43
9 42
10 42
10 43
10 44
10 45
10 46
3 42
3 43
2 43
2 42
1 42
0 42
3 41
2 41
1 41
0 41
10 47
11 47
11 46
11 44
11 43
10 41
9 41
Yes
39 8
39 7
38 8
37 8
36 8
36 9
37 9
38 9
39 9
37 10
38 10
39 10
37 11
38 11
39 11
37 12
38 12
39 12
38 13
39 13
40 13
40 12
40 11
40 10
40 9
40 8
40 7
41 7
41 8
41 9
41 10
41 11
41 12
42 10
42 9
42 8
43 8
43 9
43 10
44 10
44 9
44 8
45 8
45 9
45 10
40 14
39 14
38 14
38 15
39 15
40 15
41 15
35 8
35 9
35 10
42 15
42 14
42 13
43 13
43 14
43 15
44 15
46 10
46 9
46 8
46 7
47 7
47 8
47 9
47 10
46 11
47 11
46 12
47 12
46 13
47 13
47 14
47 15
48 14
48 13
48 12
48 11
48 10
48 9
48 8
48 7
42 16
43 16
44 16
34 10
34 9
34 8
40 16
39 16
40 6
39 6
44 17
44 18
45 18
45 17
45 16
46 16
46 17
47 16
47 17
48 6
48 5
49 5
49 6
49 7
49 8
49 9
49 10
49 11
49 12
49 13
0
No
0
Yes
47 22
48 22
49 22
49 23
48 23
47 23
46 23
46 24
47 24
48 24
49 24
49 25
48 25
47 25
46 25
46 26
47 26
48 26
49 26
49 27
48 27
47 27
46 27
0
Yes
33 24
34 24
34 25
33 25
32 25
32 24
31 24
30 24
32 26
33 26
34 26
31 26
31 27
32 27
33 27
34 27
31 28
32 28
33 28
34 28
35 26
35 27
35 28
36 26
36 27
36 28
37 27
37 28
37 29
36 29
35 29
34 29
33 29
32 29
31 29
31 30
32 30
33 30
34 30
35 30
31 31
32 31
33 31
34 31
35 31
36 31
31 32
32 32
33 32
34 32
35 32
0
Yes
45 19
45 20
44 20
44 19
43 19
42 19
41 19
41 20
40 20
44 18
45 18
44 17
45 17
45 16
44 16
44 15
43 16
43 15
42 16
42 15
41 15
42 14
43 14
40 15
40 16
40 17
39 16
39 17
39 15
38 15
39 18
38 18
38 17
38 14
39 14
40 14
40 21
41 21
42 21
42 22
41 22
40 22
40 23
41 23
42 23
43 23
39 22
39 21
38 21
38 22
40 24
41 24
42 24
43 24
44 24
43 13
42 13
46 20
46 19
43 25
44 25
42 25
41 25
41 26
42 26
45 25
45 26
44 26
44 27
45 27
44 28
45 28
44 29
45 29
46 28
46 29
46 30
46 31
47 29
47 28
46 32
46 33
46 34
46 35
45 35
45 34
45 33
45 32
44 35
44 34
44 33
44 32
44 31
43 31
43 32
43 33
43 34
43 35
42 35
42 34
42 33
42 32
41 32
41 33
41 34
41 35
40 35
40 34
40 33
0
Yes
9 46
8 46
7 46
6 46
6 45
7 45
8 45
9 45
6 44
7 44
8 44
9 44
0
Yes
18 38
18 37
19 37
19 38
20 37
20 38
20 39
19 39
18 39
18 40
19 40
21 38
21 39
0
No
1
275
0 6
0 7
0 8
1 8
1 7
1 6
2 6
2 7
2 8
2 5
1 5
0 5
3 8
3 7
3 6
3 5
Yes
12 25
12 24
13 24
13 25
13 26
13 27
12 27
12 28
13 28
14 28
14 27
14 26
14 25
14 24
14 23
15 23
15 22
14 22
15 25
15 26
15 27
15 28
16 25
16 26
16 27
16 28
17 28
17 27
14 21
13 21
12 21
12 20
13 20
13 19
11 19
11 20
11 21
11 22
10 21
10 22
10 23
9 21
9 22
9 23
8 23
7 23
7 22
7 24
7 25
8 25
9 25
10 25
10 26
9 26
8 26
7 26
9 27
8 27
7 27
6 27
6 26
6 25
6 24
6 23
6 22
6 21
6 20
5 26
5 25
5 24
5 23
5 22
6 19
6 18
5 18
5 19
6 28
7 28
8 28
9 28
9 29
8 29
7 29
6 29
6 30
7 30
8 30
9 30
10 30
11 30
7 20
4 21
14 20
15 21
15 20
11 31
10 31
7 31
6 31
4 22
4 23
4 24
4 25
3 24
3 23
2 23
1 23
1 22
2 22
2 21
1 21
15 19
15 18
16 18
16 19
16 20
16 21
5 29
0
Yes
27 37
26 37
25 37
25 36
26 36
27 36
27 38
26 38
25 38
25 39
26 39
27 39
0
No
0
Yes
0 10
0 9
1 9
1 10
2 10
2 9
1 11
0 11
0
Yes
34 8
34 9
34 10
35 10
35 9
35 8
36 8
36 9
37 8
37 9
37 10
37 11
37 12
38 8
38 9
38 10
38 11
38 12
38 13
39 13
39 12
39 11
39 10
39 9
39 8
40 13
40 12
40 11
40 10
40 9
40 8
41 12
41 11
41 10
41 9
41 8
41 7
40 7
39 7
39 6
40 6
42 8
42 9
42 10
43 10
43 9
43 8
44 8
44 9
44 10
45 10
45 9
45 8
46 8
46 9
46 10
46 7
47 7
47 8
47 9
47 10
46 11
47 11
46 12
47 12
46 13
47 13
47 14
47 15
47 16
47 17
46 17
46 16
48 14
48 13
48 12
48 11
48 10
48 9
48 8
48 7
48 6
48 5
49 14
49 13
49 12
49 11
49 10
49 9
49 8
49 7
49 6
49 5
49 4
48 4
47 4
47 3
48 3
49 3
46 3
46 2
47 2
48 2
49 2
47 1
48 1
49 1
49 0
48 0
47 0
46 0
45 0
45 1
44 1
44 0
44 2
43 2
43 1
43 0
43 3
43 4
42 4
42 3
42 2
42 1
42 0
41 2
41 1
41 0
40 0
40 1
40 2
35 11
0
Yes
32 15
32 14
32 16
32 17
33 17
33 18
32 18
32 19
32 20
33 20
33 21
32 21
33 22
32 22
33 23
32 23
32 24
33 24
34 24
34 25
33 25
32 25
31 14
31 15
31 16
31 17
31 18
31 19
31 20
31 21
31 22
31 23
31 24
30 24
30 23
30 22
30 20
30 19
30 18
30 17
30 16
30 15
29 19
29 18
29 17
29 16
29 15
29 14
28 14
28 15
28 16
28 17
28 18
27 18
27 17
27 16
27 15
27 14
26 14
26 13
27 13
26 12
27 12
28 12
29 12
30 12
30 11
29 11
28 11
27 11
26 11
25 11
24 11
23 11
23 10
24 10
24 9
23 9
23 8
23 7
24 7
24 6
25 6
25 5
24 5
24 4
25 4
24 3
25 3
26 3
24 2
25 2
26 2
26 1
25 1
24 1
24 0
25 0
27 1
27 2
27 3
27 4
28 4
28 3
28 2
28 1
28 0
29 2
29 1
29 0
30 2
30 1
30 0
31 1
31 0
26 10
27 10
27 9
26 9
32 26
33 26
34 26
31 26
35 26
23 5
34 20
0
Yes
19 37
20 37
18 37
18 38
19 38
20 38
21 38
22 38
22 39
21 39
20 39
19 39
18 39
18 40
19 40
21 40
0
Yes
38 34
38 35
38 36
38 37
38 38
37 38
37 37
37 36
37 35
37 34
37 39
36 39
36 38
36 37
36 36
36 35
36 34
35 34
35 35
35 36
35 37
35 38
35 39
36 33
37 33
38 33
34 39
34 38
34 37
34 36
34 35
39 34
1
323
0 43
0 44
1 44
2 44
2 45
1 45
0 45
1 46
0 46
2 43
3 43
1 47
0 47
3 42
2 42
4 42
3 41
2 41
1 41
1 42
0 42
0 41
5 42
5 43
6 43
7 43
8 43
6 42
7 42
8 42
5 41
6 41
Yes
32 31
32 32
33 32
33 31
34 32
34 31
35 32
35 31
36 31
36 32
35 30
34 30
33 30
32 30
32 29
33 29
34 29
35 29
36 29
36 28
35 28
34 28
33 28
32 28
32 27
33 27
34 27
35 27
36 27
31 27
31 28
31 29
31 30
31 31
31 32
30 27
30 28
30 29
30 30
30 31
30 32
29 27
29 28
29 29
29 30
29 31
29 32
28 32
28 31
28 30
28 29
28 28
28 27
27 32
27 31
27 30
27 29
27 28
27 27
26 29
26 28
26 27
25 27
27 26
26 26
25 26
24 26
27 25
26 25
25 25
24 25
24 24
25 24
26 24
27 24
28 24
23 24
23 25
23 26
23 27
22 27
22 26
22 25
22 24
21 25
21 26
21 27
28 23
27 23
26 23
25 23
24 23
23 23
22 23
37 27
37 28
37 29
21 23
21 22
22 22
23 22
22 21
23 21
24 21
23 20
24 20
25 20
25 19
24 19
23 19
25 18
24 18
23 18
22 18
22 19
21 19
20 23
20 22
19 23
19 22
18 22
20 21
19 21
18 21
17 21
17 20
18 20
19 20
20 20
20 19
19 19
18 19
17 19
18 18
19 18
20 18
29 33
30 33
31 33
0
No
0
No
0
No
0
Yes
37 39
36 39
35 39
34 39
34 38
35 38
36 38
37 38
38 38
38 37
37 37
36 37
35 37
34 37
34 36
35 36
36 36
37 36
38 36
34 35
35 35
36 35
37 35
38 35
35 34
36 34
37 34
38 34
39 34
36 33
37 33
38 33
39 33
39 32
38 32
37 32
0
Yes
25 48
26 48
26 47
25 47
25 46
24 46
24 47
24 48
23 46
23 47
23 48
22 46
22 47
22 48
21 47
21 48
26 49
25 49
24 49
23 49
22 49
0
Yes
7 34
7 35
8 35
8 34
8 33
7 33
7 32
6 32
6 33
6 34
6 35
7 36
8 36
1
330
42 48
42 47
42 46
41 47
41 48
43 46
43 47
43 48
43 49
42 49
41 49
40 48
40 49
Yes
41 15
42 15
42 16
42 14
42 13
40 15
40 14
39 14
39 15
38 15
38 14
39 16
40 16
40 17
39 17
39 18
38 18
38 17
43 13
43 14
43 15
43 16
44 15
44 16
45 16
45 17
44 17
44 18
45 18
45 19
44 19
44 20
45 20
46 20
46 19
43 19
42 19
41 19
41 20
40 20
40 21
41 21
42 21
42 22
41 22
40 22
40 23
41 23
42 23
40 24
41 24
42 24
39 22
39 21
38 21
38 22
43 23
43 24
44 24
43 25
44 25
42 25
41 25
41 26
42 26
45 25
45 26
44 26
43 12
0
No
0
No
0
Yes
2 8
3 8
3 7
2 7
2 9
1 9
1 8
1 7
0 7
0 8
0 9
2 10
1 10
0 10
0
Yes
13 29
13 30
14 30
14 29
15 30
15 29
15 28
14 28
13 28
0
No
1
335
22 1
22 2
22 0
23 2
23 1
23 0
21 2
21 1
21 0
Yes
0 42
0 43
1 42
1 41
0 41
2 41
2 42
3 41
3 42
3 43
2 43
2 44
2 45
1 44
1 45
0 44
0 45
1 46
0 46
1 47
0 47
4 42
5 42
5 43
5 41
6 41
6 42
6 43
6 40
6 39
6 38
5 38
5 39
4 39
3 39
3 38
3 37
2 37
2 38
1 38
1 37
4 38
4 37
7 43
7 42
8 42
8 43
9 43
9 42
9 41
10 41
10 42
10 43
0
Yes
49 25
49 26
49 27
48 27
48 26
48 25
48 24
49 24
47 24
47 25
47 26
47 27
46 26
46 25
46 24
46 27
46 23
47 23
48 23
49 23
47 22
48 22
49 22
0
Yes
49 39
48 39
48 38
49 38
48 37
49 37
49 40
0
Yes
32 17
33 17
33 18
32 18
32 19
32 20
33 20
31 20
31 19
31 18
31 17
30 20
30 19
30 18
30 17
29 19
29 18
29 17
28 18
28 17
27 18
27 17
27 16
28 16
29 16
30 16
31 16
32 16
32 15
31 15
30 15
29 15
28 15
27 15
29 14
28 14
27 14
26 14
31 14
32 14
0
No
0
Yes
8 30
9 30
9 29
8 29
9 28
8 28
7 28
7 29
7 30
6 30
6 29
6 28
6 27
7 27
8 27
9 27
9 26
8 26
7 26
6 26
1
342
48 8
49 8
49 7
48 7
47 7
47 8
46 7
46 8
46 9
47 9
48 9
49 9
49 10
48 10
47 10
46 10
46 11
47 11
48 11
49 11
Yes
2 22
2 21
1 21
1 22
1 23
2 23
3 23
3 24
4 24
4 23
4 22
4 25
5 22
5 23
5 24
5 25
5 26
6 26
6 25
6 24
6 23
6 22
7 22
7 23
7 24
7 25
7 26
8 23
6 21
6 20
6 19
5 19
9 23
10 23
9 22
10 22
11 22
9 21
10 21
11 21
11 20
12 20
12 21
13 21
13 20
13 19
14 20
14 21
14 22
14 23
15 23
15 22
15 21
15 20
15 19
14 24
13 24
12 24
12 25
13 25
14 25
15 25
13 26
14 26
15 26
8 25
8 26
9 25
9 26
10 26
10 25
9 27
8 27
7 27
6 27
15 27
14 27
13 27
12 27
12 28
13 28
14 28
15 28
16 25
16 26
16 27
16 28
17 28
17 27
16 21
16 20
16 19
13 18
5 18
6 18
16 18
15 18
16 17
15 17
14 17
13 17
12 17
12 16
13 16
14 16
15 16
16 16
17 16
17 15
16 15
15 15
14 15
13 15
12 15
12 14
11 14
11 15
14 14
15 14
16 14
17 14
17 13
16 13
15 29
14 29
13 29
15 30
14 30
13 30
11 19
0
Yes
40 11
41 11
41 12
40 12
39 12
39 11
39 10
40 10
41 10
42 10
43 10
44 10
45 10
45 9
44 9
43 9
42 9
41 9
40 9
39 9
45 8
44 8
43 8
42 8
41 8
40 8
39 8
41 7
40 7
39 7
38 8
38 9
38 10
38 11
38 12
37 12
37 11
37 10
37 9
37 8
43 7
44 7
38 13
39 13
40 13
39 6
40 6
44 6
43 6
44 5
43 5
1
317
31 43
31 44
31 42
30 44
30 43
30 42
32 44
32 43
32 42
33 42
33 43
33 44
Yes
20 18
19 18
18 18
18 19
19 19
20 19
21 19
17 19
17 20
18 20
19 20
20 20
17 21
18 21
19 21
20 21
18 22
19 22
20 22
19 23
20 23
21 23
21 22
22 19
22 18
23 18
23 19
23 20
24 18
24 19
24 20
24 21
23 21
22 21
22 22
23 22
22 23
23 23
25 20
25 19
25 18
24 23
25 23
22 24
23 24
24 24
25 24
25 25
24 25
23 25
22 25
21 25
21 26
22 26
23 26
24 26
25 26
25 27
23 27
22 27
21 27
26 23
26 24
26 25
26 26
26 27
26 28
26 29
27 26
27 25
27 24
27 23
27 27
27 28
27 29
28 23
28 24
27 30
27 31
27 32
26 32
26 33
26 34
27 34
27 35
27 36
27 37
27 38
27 39
26 36
26 37
26 38
26 39
25 39
25 38
25 37
25 36
24 36
24 37
24 38
26 40
27 40
26 41
27 41
28 41
28 40
29 40
29 41
30 41
30 40
30 39
31 39
31 40
31 41
32 41
32 40
32 39
0
Yes
7 45
7 46
6 46
6 45
6 44
7 44
8 44
8 45
8 46
9 46
9 45
9 44
10 44
10 45
10 46
10 47
0
No
0
Yes
49 2
49 3
49 4
49 5
49 6
48 6
48 5
48 4
48 3
48 2
47 4
47 3
47 2
46 2
46 3
47 1
48 1
49 1
49 0
48 0
47 0
46 0
45 0
45 1
44 1
44 0
44 2
43 2
43 1
43 0
43 3
43 4
42 4
42 3
42 2
42 1
42 0
41 2
41 1
41 0
40 0
40 1
40 2
39 2
39 3
39 4
38 4
37 4
37 5
36 5
35 5
35 6
34 6
34 5
33 6
33 5
33 4
33 3
32 3
32 2
31 3
31 2
31 1
31 0
30 2
30 1
30 0
29 2
29 1
29 0
28 0
28 1
28 2
28 3
28 4
27 4
27 3
27 2
27 1
26 1
26 2
26 3
25 3
25 2
25 1
25 0
24 0
24 1
24 2
24 3
24 4
25 4
25 5
24 5
25 6
24 6
33 7
45 3
0
Yes
24 11
23 11
23 10
24 10
24 9
23 9
0
No
0
Yes
1 32
1 33
1 34
1 35
1 36
2 36
2 35
2 34
2 33
2 32
3 36
3 35
3 34
3 33
3 32
4 36
4 35
4 34
4 33
4 32
5 36
5 35
5 34
5 33
5 32
0 36
0 35
0 34
0 33
0 32
0
Yes
12 1
11 1
10 1
10 2
10 0
11 0
12 0
0
No
0
No
0
Yes
47 29
47 28
47 27
47 26
46 26
46 27
46 28
46 29
45 29
45 28
45 27
45 26
44 29
44 28
44 27
44 26
45 25
46 25
47 25
44 25
0
Yes
0 29
0 30
0 31
0 32
0 33
0 34
0 35
0 36
1 36
1 35
1 34
1 33
1 32
1 31
1 30
1 29
2 29
2 30
2 31
2 32
2 33
2 34
2 35
2 36
3 29
3 30
3 31
3 32
3 33
3 34
3 35
3 36
4 31
4 32
4 33
4 34
4 35
4 36
5 36
5 35
5 34
5 33
5 32
5 31
2 28
1 28
0 28
4 37
3 37
2 37
1 37
1 38
2 38
0
Yes
39 12
40 12
41 12
41 11
40 11
39 11
39 10
40 10
41 10
42 10
42 9
41 9
40 9
39 9
42 8
41 8
40 8
39 8
41 7
40 7
39 7
39 6
40 6
38 8
38 9
38 10
38 11
38 12
37 12
37 11
37 10
37 9
37 8
36 8
36 9
35 8
35 9
35 10
34 10
34 9
34 8
38 13
39 13
40 13
40 14
39 14
38 14
38 15
39 15
0
Yes
46 42
46 41
47 41
47 42
48 42
49 42
49 41
49 40
47 43
46 43
47 44
46 44
46 45
47 45
48 45
48 46
47 46
47 47
48 47
45 44
45 43
45 42
44 42
44 43
44 44
43 44
43 43
43 42
43 41
43 40
44 40
44 39
45 39
45 38
46 38
42 44
42 43
42 42
42 41
42 40
42 39
41 44
41 43
41 42
41 41
41 40
41 39
40 39
40 40
40 41
40 42
40 43
39 41
38 41
38 42
38 40
37 40
37 41
37 42
49 39
48 39
48 38
49 38
48 37
49 37
36 40
36 41
36 42
46 37
45 37
35 42
34 42
34 43
35 43
35 44
36 44
35 45
36 45
37 45
38 45
38 46
37 46
39 46
39 47
40 46
40 47
41 47
42 47
42 46
43 46
43 47
36 46
35 46
36 47
35 47
35 48
34 46
34 47
34 48
33 46
33 47
33 48
33 49
34 49
35 49
36 49
37 49
38 49
39 49
43 48
42 48
41 48
40 48
40 49
41 49
42 49
43 49
47 48
48 48
49 48
47 49
48 49
49 49
0
Yes
7 2
7 3
8 3
8 2
6 3
6 2
5 3
5 2
4 2
4 1
5 1
6 1
7 1
8 1
9 1
9 2
9 3
9 4
10 4
10 3
10 2
10 1
11 1
12 1
12 0
11 0
10 0
9 0
8 0
7 0
6 0
5 0
4 0
3 0
3 1
3 2
2 2
0
No
0
Yes
35 49
35 48
35 47
35 46
34 46
34 47
34 48
34 49
33 46
33 47
33 48
33 49
0
Yes
9 0
9 1
9 2
9 3
8 3
8 2
8 1
8 0
7 3
7 2
7 1
7 0
6 3
6 2
6 1
6 0
5 3
5 2
5 1
5 0
0
Yes
5 38
6 38
6 39
5 39
0
Yes
25 49
26 49
26 48
25 48
26 47
25 47
25 46
24 46
24 47
24 48
24 49
23 46
23 47
23 48
23 49
22 46
22 47
22 48
22 49
0
No
1
357
7 42
8 42
9 42
9 41
6 42
6 41
5 41
5 42
4 42
3 42
3 41
2 41
2 42
1 42
1 41
0 41
0 42
3 43
2 43
5 43
6 43
7 43
8 43
9 43
10 41
10 42
10 43
11 43
11 44
10 44
9 44
8 44
7 44
6 44
6 45
7 45
8 45
9 45
10 45
6 46
7 46
8 46
9 46
10 46
10 47
11 47
11 46
0 40
2 40
Yes
34 8
34 9
34 10
35 10
35 9
35 8
36 8
36 9
37 8
37 9
37 10
37 11
37 12
38 8
38 9
38 10
38 11
38 12
38 13
38 14
39 14
39 13
39 12
39 11
39 10
39 9
39 8
39 7
39 6
40 6
40 7
40 8
40 9
40 10
40 11
40 12
40 13
40 14
41 12
41 11
41 10
41 9
41 8
41 7
42 8
42 9
42 10
38 15
39 15
40 15
37 6
40 16
39 16
40 17
39 17
39 18
38 18
38 17
43 10
43 9
43 8
43 7
44 7
44 8
44 9
44 10
45 10
45 9
45 8
44 6
43 6
44 5
43 5
43 4
42 4
42 3
42 2
41 2
40 2
39 2
39 3
39 4
38 4
37 4
37 5
36 5
35 5
35 6
34 6
34 5
33 6
33 5
33 4
33 3
40 1
41 1
42 1
40 0
41 0
42 0
43 3
43 2
43 1
43 0
44 2
44 1
44 0
45 1
45 0
33 7
32 3
32 2
31 3
31 2
31 1
31 0
30 2
30 1
30 0
29 2
29 1
29 0
28 0
28 1
28 2
28 3
28 4
27 4
27 3
27 2
27 1
26 1
26 2
26 3
25 3
25 2
25 1
25 0
24 0
24 1
24 2
24 3
24 4
25 4
25 5
24 5
25 6
24 6
0
Yes
45 19
46 19
46 20
45 20
44 20
44 19
43 19
42 19
41 19
41 20
40 20
44 18
45 18
44 17
45 17
46 17
47 17
47 16
46 16
45 16
44 16
44 15
47 15
43 16
43 15
42 16
42 15
40 21
41 21
42 21
42 22
41 22
40 22
40 23
41 23
42 23
43 23
40 24
41 24
42 24
43 24
44 24
39 22
39 21
38 21
38 22
43 25
44 25
42 25
41 25
41 26
42 26
44 26
44 27
44 28
44 29
45 29
45 28
45 27
45 26
45 25
42 14
43 14
43 13
42 13
47 14
48 14
49 14
49 13
48 13
47 13
46 13
46 12
47 12
48 12
49 12
46 11
47 11
48 11
49 11
46 10
47 10
48 10
49 10
46 9
47 9
48 9
49 9
46 8
47 8
48 8
49 8
46 7
47 7
48 7
49 7
48 6
49 6
48 5
49 5
49 4
48 4
47 4
47 3
48 3
49 3
46 3
46 2
47 2
48 2
49 2
47 1
48 1
49 1
47 0
48 0
49 0
46 25
46 24
46 23
47 23
47 24
47 22
48 22
48 23
48 24
49 22
49 23
49 24
47 25
48 25
49 25
46 26
46 27
46 28
46 29
47 26
47 27
47 28
47 29
48 26
48 27
48 28
49 26
0
Yes
43 49
43 48
43 47
43 46
42 46
42 47
42 48
42 49
41 47
41 48
41 49
40 49
40 48
0
Yes
18 11
17 11
18 12
18 13
18 14
18 15
18 16
19 16
19 15
19 14
19 13
19 12
19 11
19 10
18 10
17 10
18 9
17 9
16 9
16 10
15 10
15 9
15 8
14 8
14 9
14 10
14 11
13 11
13 10
13 9
13 8
12 9
12 8
14 7
13 7
12 7
11 7
11 8
11 9
11 10
10 10
10 9
10 8
10 7
9 9
9 10
9 8
9 7
8 8
8 7
7 7
8 10
8 11
9 11
9 12
8 12
9 13
8 13
8 14
7 13
7 14
7 15
7 16
6 16
6 15
6 14
5 15
5 14
4 14
3 14
2 14
1 14
1 13
7 6
8 6
9 6
10 6
11 6
12 6
13 6
14 6
15 6
12 5
11 5
10 5
9 5
8 5
9 4
10 4
10 3
10 2
10 1
11 1
12 1
12 0
11 0
10 0
15 5
14 5
14 4
15 4
1 12
1 11
0 11
0 12
20 10
20 11
20 12
20 13
20 14
20 15
20 16
21 10
21 11
21 12
21 13
21 14
21 15
21 16
22 16
22 15
22 14
22 13
22 12
23 16
23 15
23 14
23 13
23 12
0
No
0
Yes
49 23
49 22
48 22
48 23
47 22
47 23
46 23
46 24
47 24
48 24
49 24
49 25
48 25
47 25
46 25
45 25
45 26
46 26
47 26
48 26
49 26
49 27
48 27
47 27
46 27
45 27
48 28
47 28
46 28
45 28
47 29
46 29
45 29
44 29
44 28
44 27
44 26
44 25
44 24
46 30
46 31
46 32
46 33
46 34
46 35
45 35
45 34
45 33
45 32
44 35
44 34
44 33
44 32
44 31
43 31
43 32
43 33
43 34
43 35
42 35
42 34
42 33
42 32
41 32
41 33
41 34
41 35
40 35
40 34
40 33
43 25
43 24
43 23
42 23
42 22
42 21
41 21
41 22
41 23
40 23
40 22
40 21
40 20
41 20
41 19
42 19
43 19
39 21
39 22
38 22
38 21
44 19
44 20
45 20
45 19
46 19
46 20
45 18
44 18
44 17
45 17
46 17
47 17
47 16
46 16
45 16
44 16
43 16
43 28
42 24
42 25
41 24
40 24
41 25
41 26
42 26
44 15
43 15
0
Yes
48 39
48 38
48 37
49 37
49 38
49 39
49 40
49 41
49 42
48 42
47 42
47 41
46 41
46 42
45 42
44 42
43 42
43 41
43 40
44 40
44 39
45 39
45 38
46 38
46 37
45 37
42 40
42 41
42 42
42 39
41 39
41 40
41 41
41 42
40 39
40 40
40 41
40 42
39 41
38 41
38 42
38 40
37 40
37 41
37 42
36 40
36 41
36 42
40 43
41 43
42 43
43 43
44 43
45 43
46 43
47 43
41 44
42 44
43 44
44 44
45 44
46 44
47 44
46 45
47 45
48 45
48 46
47 46
47 47
48 47
47 48
48 48
49 48
47 49
48 49
49 49
38 43
44 45
0
Yes
12 39
13 39
13 40
13 38
12 38
11 38
12 37
13 37
11 37
11 36
10 37
10 36
9 37
9 36
8 36
7 36
13 36
13 35
12 35
11 35
10 35
9 35
8 35
7 35
6 35
6 34
7 34
8 34
9 34
10 34
11 34
12 34
13 34
11 33
10 33
9 33
8 33
7 33
6 33
12 33
13 33
14 33
14 34
14 35
14 36
14 37
14 38
14 39
14 40
9 32
15 38
15 37
15 36
15 35
16 35
16 36
16 37
0
Yes
31 34
31 33
30 34
30 33
29 34
29 33
0
Yes
21 25
21 26
21 27
22 27
22 26
22 25
23 27
23 26
23 25
24 26
24 25
22 24
23 24
24 24
24 23
23 23
22 23
21 23
21 22
22 22
23 22
22 21
23 21
24 21
23 20
24 20
25 20
25 19
24 19
23 19
22 19
21 19
20 23
20 22
19 23
19 22
18 22
20 21
19 21
18 21
20 20
20 19
19 20
19 19
18 20
18 19
25 23
25 24
25 25
25 26
25 27
26 23
26 24
26 25
26 26
26 27
26 28
26 29
27 26
27 25
27 24
27 23
27 27
27 28
27 29
27 30
27 31
27 32
26 32
26 33
26 34
27 34
27 35
28 23
28 24
18 18
19 18
20 18
17 19
17 20
17 21
22 18
23 18
24 18
25 18
25 17
25 16
24 16
24 15
25 15
25 14
24 14
24 13
25 13
26 13
27 13
24 12
25 12
26 12
27 12
28 12
29 12
30 12
30 11
29 11
28 11
27 11
26 11
25 11
24 11
23 11
23 10
24 10
24 9
23 9
26 10
27 10
27 9
26 9
27 36
27 37
27 38
27 39
26 36
26 37
26 38
26 39
25 39
25 38
25 37
25 36
24 36
24 37
0
Yes
8 2
8 3
7 3
7 2
6 3
6 2
5 3
5 2
5 1
6 1
7 1
8 1
8 0
7 0
6 0
5 0
1
356
35 31
35 32
34 32
34 31
33 32
33 31
32 32
32 31
31 32
31 31
30 32
30 31
29 32
29 31
35 30
34 30
33 30
32 30
31 30
30 30
29 30
29 29
30 29
31 29
32 29
33 29
34 29
35 29
35 28
34 28
33 28
32 28
31 28
30 28
29 28
28 32
28 31
28 30
28 29
28 28
28 27
29 27
30 27
31 27
32 27
33 27
34 27
35 27
31 26
32 26
33 26
34 26
35 26
Yes
2 28
2 27
2 26
1 26
1 27
1 28
0 27
0 28
0 29
1 29
2 29
3 29
3 30
2 30
1 30
0 30
0 31
1 31
2 31
3 31
4 31
5 31
5 32
4 32
3 32
2 32
1 32
0 32
0 33
1 33
2 33
3 33
4 33
5 33
5 34
4 34
3 34
2 34
1 34
0 34
0 35
1 35
2 35
3 35
4 35
5 35
5 36
4 36
3 36
2 36
1 36
0 36
1 37
2 37
3 37
4 37
6 35
6 34
6 33
6 32
6 31
7 31
7 32
7 33
7 34
7 35
7 36
8 36
8 35
8 34
8 33
9 33
9 34
9 35
9 36
9 37
10 37
10 36
10 35
10 34
10 33
6 30
7 30
8 30
9 30
10 30
10 31
9 29
8 29
7 29
6 29
6 28
7 28
8 28
9 28
11 30
11 31
1 38
2 38
3 38
4 38
4 39
3 39
12 31
12 32
13 31
13 32
14 31
14 32
14 33
13 33
12 33
11 33
11 34
11 35
11 36
11 37
12 34
12 35
13 34
14 34
13 35
14 35
11 38
15 35
16 35
16 36
15 36
14 36
13 36
16 37
15 37
14 37
13 37
12 37
12 38
13 38
14 38
15 38
0
No
0
No
0
No
0
Yes
33 47
33 48
33 49
34 49
34 48
34 47
34 46
33 46
26 40
33 45
33 44
32 44
31 44
35 48
35 49
35 47
35 46
36 47
36 46
37 46
38 46
38 45
37 45
36 45
35 45
36 44
35 44
35 43
34 43
33 43
32 43
31 43
39 46
39 47
40 47
40 46
29 43
36 49
40 45
32 46
27 40
27 41
35 42
34 42
33 42
32 42
31 42
30 44
30 43
30 42
28 42
32 41
31 41
30 41
29 41
29 40
30 40
31 40
32 40
32 39
31 39
30 39
28 40
28 41
26 41
0
No
0
Yes
36 37
37 37
38 37
38 36
37 36
36 36
38 35
37 35
36 35
36 34
37 34
38 34
39 34
35 34
35 35
35 36
35 37
39 33
38 33
37 33
36 33
36 32
37 32
38 32
39 32
34 35
34 36
34 37
38 38
37 38
36 38
35 38
34 38
34 39
35 39
36 39
37 39
35 40
36 40
37 40
38 40
36 41
37 41
38 41
0
Yes
49 37
48 37
48 38
49 38
48 39
49 39
49 40
0
Yes
33 32
34 32
35 32
35 31
34 31
33 31
35 30
34 30
33 30
32 32
32 31
32 30
31 32
31 31
31 30
30 32
30 31
30 30
29 32
29 31
29 30
29 29
30 29
31 29
32 29
33 29
34 29
35 29
35 28
34 28
33 28
32 28
31 28
30 28
29 28
28 32
28 31
28 30
28 29
28 28
28 27
29 27
30 27
31 27
32 27
33 27
34 27
35 27
31 26
32 26
33 26
34 26
35 26
36 26
36 27
36 28
0
Yes
24 47
24 46
25 46
25 47
26 47
26 48
25 48
24 48
26 49
25 49
24 49
23 46
23 47
23 48
23 49
22 46
22 47
22 48
22 49
21 47
21 48
21 49
20 48
20 49
0
Yes
33 18
33 17
32 17
32 18
32 19
32 16
32 15
32 14
31 14
31 15
31 16
31 17
31 18
31 19
31 20
32 20
33 20
33 21
32 21
31 21
30 20
30 19
30 18
30 17
30 16
30 15
29 19
29 18
29 17
29 16
29 15
29 14
28 14
28 15
28 16
28 17
28 18
27 18
27 17
27 16
27 15
0
Yes
46 42
45 42
44 42
44 43
45 43
46 43
47 43
47 42
47 44
46 44
45 44
44 44
46 45
47 45
47 46
47 47
47 48
47 49
43 44
43 43
43 42
42 44
42 43
42 42
41 44
41 43
41 42
40 43
40 42
48 45
48 46
48 47
48 48
48 49
48 42
47 41
46 41
42 38
39 41
44 45
49 48
49 49
40 41
41 41
42 41
43 41
43 40
42 40
41 40
40 40
40 39
41 39
42 39
0
Yes
1 45
2 45
2 44
1 44
0 44
0 45
0
No
0
Yes
48 7
48 6
48 5
47 7
46 7
49 5
49 6
49 7
49 4
48 4
47 4
47 3
48 3
49 3
46 3
46 2
47 2
48 2
49 2
47 1
48 1
49 1
47 0
48 0
49 0
46 8
47 8
48 8
49 8
46 9
47 9
48 9
49 9
46 10
47 10
48 10
49 10
46 11
47 11
48 11
49 11
46 12
47 12
48 12
49 12
46 13
47 13
48 13
49 13
49 14
48 14
47 14
47 15
47 16
47 17
46 17
46 16
0
Yes
23 0
23 1
23 2
22 2
22 1
22 0
21 2
21 1
21 0
20 2
20 1
20 0
19 2
19 1
0
Yes
27 32
28 32
29 32
30 32
27 31
28 31
29 31
30 31
27 30
28 30
29 30
30 30
30 29
29 29
28 29
27 29
27 28
28 28
29 28
30 28
30 27
29 27
28 27
27 27
31 32
31 31
31 30
31 29
31 28
31 27
32 32
32 31
32 30
32 29
32 28
32 27
0
Yes
28 40
29 40
27 40
27 39
27 38
27 37
27 36
26 36
26 37
26 38
26 39
26 40
26 41
27 41
28 41
29 41
25 39
25 38
25 37
25 36
24 36
24 37
24 38
30 41
30 40
30 39
31 39
31 40
31 41
32 39
32 40
32 41
30 42
31 42
32 42
33 42
34 42
35 42
35 43
34 43
33 43
32 43
31 43
30 43
30 44
31 44
32 44
33 44
33 45
0
Yes
20 0
20 1
20 2
19 2
19 1
19 0
21 2
21 1
21 0
22 2
22 1
22 0
23 2
23 1
23 0
0
Yes
21 1
21 2
20 2
20 1
19 2
19 1
19 0
20 0
21 0
0
Yes
4 22
5 22
5 23
4 23
3 23
2 23
2 22
2 21
6 23
6 22
7 22
7 23
8 23
6 21
6 20
6 19
6 18
5 18
5 19
9 23
10 23
9 22
10 22
11 22
9 21
10 21
11 21
11 20
12 20
12 21
1 21
1 22
1 23
3 24
4 24
5 24
6 24
7 24
4 25
5 25
6 25
7 25
5 26
6 26
7 26
6 27
7 27
8 27
8 26
8 25
9 27
9 26
9 25
10 25
10 26
13 21
13 20
4 21
7 20
14 20
14 21
14 22
14 23
15 23
15 22
15 21
15 20
15 19
15 18
16 18
16 19
16 20
16 21
0
Yes
0 11
1 11
1 12
0 12
1 13
0
Yes
49 27
49 26
49 25
49 24
49 23
49 22
48 22
48 23
48 24
48 25
48 26
48 27
48 28
47 22
47 23
47 24
47 25
47 26
47 27
47 28
46 23
46 24
46 25
46 26
46 27
0
No
0
Yes
5 14
5 15
6 14
6 15
6 16
7 16
7 15
7 14
8 14
7 13
8 13
8 12
8 11
8 10
9 13
9 12
9 11
9 10
10 10
11 10
9 9
10 9
11 9
12 9
13 9
13 10
13 11
14 11
14 10
14 9
15 10
15 9
15 8
14 8
13 8
12 8
11 8
10 8
9 8
8 8
14 7
13 7
12 7
11 7
10 7
9 7
8 7
7 7
7 6
8 6
9 6
10 6
11 6
12 6
13 6
14 6
15 6
12 5
11 5
10 5
9 5
8 5
9 4
10 4
10 3
9 3
9 2
10 2
9 1
10 1
11 1
12 1
12 0
11 0
10 0
9 0
15 5
14 5
14 4
15 4
16 9
16 10
17 9
17 10
17 11
18 9
18 10
18 11
6 6
0
Yes
23 11
23 10
23 9
24 9
24 10
24 11
25 11
25 12
24 12
23 12
22 12
22 13
23 13
24 13
25 13
26 13
26 12
26 11
26 10
26 9
27 9
27 10
27 11
27 12
27 13
28 12
28 11
29 11
29 12
21 13
21 12
21 11
21 10
20 10
20 11
20 12
20 13
19 10
19 11
19 12
19 13
18 12
18 13
30 12
30 11
27 14
26 14
25 14
24 14
23 14
22 14
21 14
20 14
19 14
18 14
25 15
24 15
23 15
22 15
21 15
20 15
19 15
18 15
18 16
19 16
20 16
21 16
22 16
23 16
24 16
25 16
0
No
0
Yes
40 33
40 34
40 35
41 35
41 34
41 33
41 32
42 32
42 33
42 34
42 35
43 35
43 34
43 33
43 32
43 31
44 31
44 32
44 33
44 34
44 35
45 35
45 34
45 33
45 32
46 35
46 34
46 33
46 32
0
Yes
14 30
15 30
13 30
13 29
14 29
15 29
15 28
14 28
13 28
12 28
12 27
13 27
14 27
15 27
13 26
14 26
15 26
16 26
16 27
16 28
17 28
17 27
16 25
15 25
14 25
13 25
0
Yes
10 44
11 44
11 43
10 43
10 42
10 41
9 41
9 42
9 43
9 44
8 42
8 43
8 44
7 42
7 43
7 44
10 45
9 45
8 45
7 45
7 46
8 46
9 46
10 46
10 47
11 47
11 46
6 46
6 45
6 44
6 43
6 42
5 43
5 42
12 46
0
No
0
No
0
Yes
38 40
38 41
38 42
37 42
37 41
37 40
36 42
36 41
36 40
35 40
37 39
36 39
35 39
34 39
34 38
35 38
36 38
37 38
38 38
38 37
37 37
36 37
35 37
34 37
34 36
35 36
36 36
37 36
38 36
34 35
35 35
36 35
37 35
38 35
35 34
36 34
37 34
38 34
39 34
39 33
38 33
37 33
36 33
39 32
38 32
37 32
0
Yes
26 24
26 23
27 23
27 24
28 24
28 23
27 25
26 25
27 26
26 26
26 27
25 27
25 26
25 25
25 24
25 23
24 23
24 24
24 25
24 26
23 26
23 25
23 24
23 23
23 27
22 27
22 26
22 25
22 24
22 23
0
Yes
19 39
19 40
19 38
19 37
20 37
20 38
20 39
18 37
18 38
18 39
18 40
0
Yes
23 1
23 2
22 2
22 1
21 2
21 1
21 0
22 0
23 0
0
Yes
22 46
23 46
24 46
25 46
25 47
24 47
23 47
22 47
26 47
26 48
25 48
24 48
23 48
22 48
26 49
25 49
24 49
23 49
22 49
27 47
21 47
21 48
21 49
20 48
20 49
28 47
28 46
29 46
29 47
30 46
30 47
31 47
28 48
29 48
30 48
31 48
28 49
29 49
30 49
31 49
32 49
32 48
32 47
1
413
6 38
5 38
5 39
6 39
6 40
6 41
5 41
5 42
6 42
5 43
6 43
12 46
6 44
6 45
6 46
7 46
7 45
7 44
7 43
7 42
8 42
8 43
8 44
8 45
8 46
9 46
9 45
9 44
9 43
9 42
9 41
10 41
10 42
10 43
10 44
10 45
10 46
10 47
11 47
11 46
11 44
11 43
5 45
Yes
42 0
42 1
42 2
42 3
42 4
43 4
43 3
43 2
43 1
43 0
44 2
44 1
44 0
43 5
44 5
44 6
43 6
43 7
44 7
41 2
41 1
41 0
40 0
40 1
40 2
39 2
39 3
39 4
38 4
37 4
37 5
36 5
44 8
43 8
42 8
42 9
43 9
44 9
44 10
43 10
42 10
41 10
41 9
41 8
41 7
41 11
41 12
40 12
40 11
40 10
40 9
40 8
40 7
40 6
39 6
39 7
39 8
39 9
39 10
39 11
39 12
38 8
38 9
38 10
38 11
38 12
37 12
37 11
37 10
37 9
37 8
36 8
36 9
38 13
39 13
40 13
45 10
45 9
45 8
45 1
45 0
40 14
39 14
38 14
38 15
39 15
40 15
36 12
40 16
39 16
40 17
39 17
39 18
38 18
38 17
35 8
35 9
35 10
34 10
34 9
34 8
35 5
35 6
34 6
34 5
33 6
33 5
33 4
33 3
32 3
32 2
31 3
31 2
31 1
31 0
30 2
30 1
30 0
0
Yes
36 40
36 41
36 42
37 42
37 41
37 40
38 40
38 41
38 42
37 39
36 39
36 38
37 38
38 38
38 37
37 37
36 37
38 36
37 36
36 36
35 40
35 39
35 38
35 37
35 36
34 39
34 38
34 37
34 36
34 35
35 35
36 35
37 35
38 35
35 34
36 34
37 34
38 34
39 34
36 33
37 33
38 33
39 33
39 32
38 32
37 32
36 32
36 31
0
Yes
30 44
31 44
32 44
33 44
33 45
30 43
31 43
32 43
33 43
34 43
35 43
35 42
34 42
33 42
32 42
31 42
30 42
32 41
31 41
30 41
29 41
29 40
30 40
31 40
32 40
32 39
31 39
30 39
28 40
28 41
27 41
27 40
26 41
26 40
27 39
26 39
25 39
27 38
26 38
25 38
24 38
35 44
35 45
35 46
34 46
33 46
32 46
32 47
33 47
34 47
35 47
35 48
34 48
33 48
32 48
31 47
31 48
31 49
32 49
33 49
34 49
35 49
30 49
30 48
30 47
30 46
29 46
29 47
29 48
29 49
28 46
28 47
28 48
28 49
27 47
26 47
26 48
26 49
25 49
25 48
25 47
25 46
24 46
24 47
24 48
24 49
36 47
36 46
36 45
36 44
37 45
37 46
38 45
38 46
39 46
39 47
40 46
40 47
40 48
41 47
41 48
23 46
23 47
23 48
23 49
22 46
22 47
22 48
22 49
21 47
21 48
21 49
20 48
20 49
36 49
37 49
38 49
39 49
40 49
41 49
24 37
25 37
26 37
27 37
24 36
25 36
26 36
27 36
27 35
27 34
26 34
26 33
26 32
27 32
25 34
40 45
28 42
29 43
0
Yes
3 5
4 5
4 6
3 6
3 4
2 4
2 5
2 6
2 3
2 2
3 2
4 2
4 1
3 1
3 0
4 0
1 2
1 3
1 4
1 5
1 6
0 2
0 3
0 4
0 5
0 6
3 7
2 7
1 7
0 7
3 8
2 8
1 8
0 8
2 9
1 9
0 9
2 10
1 10
0 10
1 11
0 11
1 12
0 12
0
Yes
14 14
15 14
16 14
16 13
17 13
17 14
17 15
16 15
15 15
14 15
17 16
16 16
15 16
14 16
16 17
15 17
14 17
0
Yes
1 5
1 6
1 7
2 7
2 6
2 5
3 7
3 6
3 5
3 4
2 4
1 4
0 4
0 5
0 6
0 7
3 8
2 8
1 8
0 8
0
Yes
42 38
44 45
49 36
43 40
43 41
43 42
44 42
45 42
45 43
44 43
43 43
43 44
44 44
45 44
42 44
42 43
42 42
42 41
42 40
42 39
41 44
41 43
41 42
41 41
41 40
41 39
40 39
40 40
40 41
40 42
40 43
46 44
46 43
46 42
46 41
47 41
47 42
47 43
47 44
48 42
49 42
49 41
49 40
49 39
48 39
46 45
47 45
48 45
48 46
47 46
47 47
48 47
47 48
48 48
49 48
47 49
48 49
49 49
48 38
49 38
48 37
49 37
0
No
0
Yes
28 48
28 49
29 49
29 48
30 48
30 49
31 49
31 48
31 47
30 47
29 47
28 47
28 46
29 46
30 46
32 47
32 48
32 49
32 46
33 46
33 47
33 48
33 49
33 45
33 44
32 44
31 44
30 44
30 43
31 43
32 43
33 43
34 43
35 43
35 42
34 42
33 42
32 42
31 42
30 42
32 41
31 41
30 41
29 41
29 40
30 40
31 40
32 40
28 40
28 41
35 44
36 44
35 45
36 45
37 45
38 45
38 46
37 46
36 46
35 46
34 46
34 47
34 48
34 49
35 47
36 47
35 48
35 49
36 49
37 49
38 49
39 49
39 46
39 47
40 46
40 47
32 39
31 39
30 39
43 48
43 49
23 37
29 43
40 48
40 49
41 47
41 48
41 49
27 41
27 40
26 41
26 40
27 39
26 39
25 39
27 38
26 38
25 38
24 38
24 37
25 37
26 37
27 37
24 36
25 36
26 36
27 36
42 49
37 48
40 45
42 48
42 47
0
Yes
6 40
6 39
6 38
5 38
5 39
0
No
0
Yes
27 30
27 31
28 31
28 30
29 30
29 31
30 31
30 30
31 30
31 31
32 31
32 30
33 30
33 31
34 31
34 30
34 29
33 29
32 29
31 29
30 29
29 29
28 29
27 29
26 29
26 28
27 28
28 28
29 28
30 28
31 28
32 28
33 28
34 28
27 27
28 27
29 27
30 27
31 27
32 27
33 27
34 27
31 26
32 26
33 26
34 26
27 32
28 32
29 32
30 32
31 32
32 32
33 32
34 32
35 32
35 31
35 30
35 29
35 28
35 27
35 26
36 26
36 27
36 28
36 29
0
No
0
No
0
Yes
1 32
1 33
1 34
1 35
1 36
0 36
0 35
0 34
0 33
0 32
0 31
1 31
2 31
2 32
2 33
2 34
2 35
2 36
3 36
3 35
3 34
3 33
3 32
3 31
4 31
4 32
4 33
4 34
4 35
4 36
5 36
5 35
5 34
5 33
5 32
5 31
3 30
2 30
1 30
0 30
0
No
0
Yes
20 48
20 49
21 49
21 48
21 47
22 47
22 48
22 49
22 46
23 46
23 47
23 48
23 49
24 46
24 47
24 48
24 49
25 46
25 47
25 48
25 49
26 49
26 48
26 47
27 47
28 47
28 46
29 46
29 47
30 46
30 47
31 47
28 48
29 48
30 48
31 48
28 49
29 49
30 49
31 49
32 49
32 48
32 47
0
No
0
Yes
10 31
11 31
11 30
10 30
9 30
0
No
1
428
10 46
10 47
11 47
11 46
10 45
9 46
9 45
8 46
8 45
7 46
7 45
7 44
8 44
9 44
10 44
11 44
11 43
10 43
9 43
8 43
7 43
6 46
6 45
6 44
6 43
5 43
7 42
8 42
9 42
10 42
6 42
5 42
5 41
6 41
4 42
10 41
9 41
3 42
5 45
12 46
Yes
0 27
1 27
1 26
2 26
2 27
2 28
1 28
0 28
0 29
1 29
2 29
3 29
3 30
2 30
1 30
0 30
0 31
1 31
2 31
3 31
4 31
5 31
5 32
4 32
3 32
2 32
1 32
0 32
0 33
1 33
2 33
3 33
4 33
5 33
5 34
4 34
3 34
2 34
1 34
0 34
0 35
1 35
2 35
3 35
4 35
5 35
5 36
4 36
3 36
2 36
1 36
0 36
1 37
2 37
3 37
4 37
1 38
2 38
3 38
4 38
4 39
3 39
6 35
6 34
6 33
6 32
0
No
0
No
0
Yes
25 27
26 27
26 26
25 26
27 26
27 25
26 25
25 25
24 26
24 25
24 24
25 24
26 24
27 24
28 24
23 24
23 25
23 26
23 27
22 27
22 26
22 25
22 24
21 25
21 26
21 27
28 23
27 23
26 23
25 23
24 23
0
Yes
40 0
40 1
40 2
41 2
41 1
41 0
42 0
42 1
42 2
43 2
43 1
43 0
0
Yes
33 24
34 24
34 25
33 25
32 25
32 24
31 24
30 24
30 23
31 23
32 23
33 23
30 22
31 22
32 22
33 22
0
Yes
0 9
1 9
2 9
2 10
1 10
0 10
1 11
0 11
0
Yes
37 8
38 8
36 8
35 8
34 8
39 8
39 7
39 6
40 6
40 7
40 8
41 7
41 8
42 8
34 9
35 9
36 9
37 9
38 9
39 9
40 9
41 9
42 9
35 10
34 10
42 10
41 10
40 10
39 10
38 10
37 10
37 11
38 11
39 11
40 11
41 11
41 12
40 12
39 12
38 12
37 12
38 13
39 13
40 13
40 14
39 14
38 14
38 15
39 15
40 15
0
Yes
14 35
15 35
16 35
16 36
15 36
14 36
16 37
15 37
14 37
15 38
14 38
13 36
13 37
13 38
13 35
12 35
12 37
12 38
11 38
11 37
11 36
11 35
10 37
10 36
10 35
9 37
9 36
9 35
8 36
8 35
14 34
13 34
12 34
11 34
10 34
9 34
8 34
8 33
9 33
10 33
11 33
12 33
13 33
14 33
7 36
7 35
7 34
7 33
7 32
12 39
13 39
14 39
13 40
14 40
14 41
0
No
0
Yes
42 33
42 32
43 32
43 33
43 31
43 34
42 34
42 35
43 35
44 31
44 32
44 33
44 34
44 35
41 32
41 33
41 34
41 35
40 35
40 34
40 33
0
Yes
5 18
5 19
6 18
6 19
6 20
0
Yes
30 43
30 44
31 44
31 43
30 42
31 42
31 41
30 41
30 40
31 40
30 39
31 39
32 39
32 40
32 41
32 42
32 43
32 44
0
Yes
25 6
25 5
25 4
24 4
24 5
24 6
24 7
24 3
25 3
26 3
27 3
27 4
28 4
28 3
28 2
27 2
26 2
25 2
24 2
26 1
27 1
28 1
25 1
24 1
25 0
24 0
28 0
29 2
29 1
29 0
30 2
30 1
30 0
31 0
31 1
31 2
31 3
32 2
32 3
33 3
33 4
33 5
33 6
34 6
34 5
35 6
35 5
36 5
37 5
37 4
38 4
39 4
39 3
39 2
23 7
23 8
23 9
24 9
24 10
23 10
23 11
24 11
21 4
40 2
41 2
40 1
41 1
40 0
41 0
23 2
23 1
23 0
22 2
22 1
22 0
21 2
21 1
21 0
20 2
20 1
20 0
19 2
19 1
19 0
18 1
18 0
17 0
17 1
17 2
17 3
16 2
16 1
16 0
15 1
15 0
17 4
17 5
17 6
17 7
18 7
18 6
18 5
18 4
19 4
19 5
19 6
20 5
20 6
20 7
21 7
21 6
21 5
42 0
42 1
42 2
37 6
1
446
8 42
7 42
7 43
8 43
8 44
7 44
7 45
8 45
8 46
7 46
9 46
9 45
9 44
9 43
9 42
6 46
6 45
6 44
Yes
1 26
2 26
2 27
1 27
0 27
2 28
1 28
0 28
0 29
1 29
2 29
3 29
3 30
2 30
1 30
0 30
0 31
1 31
2 31
3 31
4 31
5 31
5 32
4 32
3 32
2 32
1 32
0 32
0 33
1 33
2 33
3 33
4 33
5 33
5 34
4 34
3 34
2 34
1 34
0 34
0 35
1 35
2 35
3 35
4 35
5 35
5 36
4 36
3 36
2 36
1 36
0 36
1 37
2 37
3 37
4 37
1 38
2 38
0
Yes
49 8
49 9
49 10
49 11
49 12
49 13
49 14
48 14
48 13
48 12
48 11
48 10
48 9
48 8
47 14
47 13
47 12
47 11
47 10
47 9
47 8
46 13
46 12
46 11
46 10
46 9
46 8
46 7
47 7
48 7
49 7
45 8
0
Yes
24 38
24 37
24 36
25 36
25 37
25 38
25 39
26 36
26 37
26 38
26 39
26 40
26 41
27 41
27 40
27 39
27 38
27 37
27 36
1
440
0 45
0 46
1 46
1 45
1 47
0 47
1 44
0 44
Yes
22 1
22 2
23 2
23 1
21 2
21 1
20 2
20 1
19 2
19 1
18 1
18 0
19 0
20 0
21 0
22 0
23 0
24 0
24 1
24 2
24 3
24 4
24 5
24 6
24 7
23 7
25 6
25 5
25 4
25 3
25 2
25 1
25 0
26 1
26 2
26 3
27 1
27 2
27 3
27 4
28 4
28 3
28 2
28 1
28 0
29 2
29 1
29 0
17 0
17 1
17 2
17 3
16 2
16 1
16 0
15 1
15 0
17 4
17 5
17 6
17 7
18 7
18 6
18 5
18 4
19 4
19 5
19 6
20 5
20 6
20 7
21 7
21 6
21 5
23 8
23 9
24 9
24 10
23 10
23 11
24 11
33 7
30 2
30 1
30 0
31 0
31 1
31 2
31 3
32 2
32 3
33 3
33 4
33 5
33 6
34 6
34 5
35 6
35 5
36 5
37 5
37 4
38 4
39 4
39 3
39 2
40 2
41 2
40 1
41 1
40 0
41 0
42 0
42 1
42 2
42 3
42 4
43 4
43 3
43 2
43 1
0
Yes
49 1
49 0
48 0
48 1
47 1
47 0
47 2
48 2
49 2
49 3
48 3
47 3
47 4
48 4
49 4
1
445
11 47
10 47
11 46
10 46
12 46
Yes
43 48
43 49
43 47
43 46
42 46
42 47
42 48
42 49
41 47
41 48
41 49
40 48
40 49
40 47
40 46
39 47
39 46
38 46
38 45
39 49
38 49
37 49
36 49
37 45
37 46
36 46
36 45
36 44
36 47
35 44
35 45
35 46
35 47
35 48
35 49
34 46
34 47
34 48
34 49
33 49
33 48
33 47
33 46
33 45
33 44
32 44
31 44
30 44
30 43
31 43
32 43
33 43
34 43
35 43
35 42
34 42
33 42
32 42
31 42
30 42
32 41
31 41
30 41
29 41
28 41
28 40
29 40
30 40
31 40
32 40
32 39
31 39
30 39
36 42
37 42
38 42
38 41
38 40
37 41
36 41
37 40
36 40
0
Yes
47 22
47 23
46 23
46 24
47 24
47 25
46 25
45 25
45 26
46 26
47 26
44 26
44 25
44 24
43 25
43 24
43 23
42 23
42 24
42 25
42 26
41 26
41 25
41 24
41 23
40 24
40 23
42 22
41 22
40 22
42 21
41 21
40 21
40 20
41 20
41 19
42 19
43 19
39 21
39 22
38 22
38 21
44 19
44 20
45 20
45 19
46 19
46 20
45 18
44 18
44 17
45 17
46 17
47 17
47 16
46 16
45 16
44 16
44 15
43 16
43 15
42 16
42 15
44 13
42 14
43 14
43 13
42 13
44 27
45 27
46 27
47 27
44 28
45 28
46 28
47 28
47 29
46 29
45 29
44 29
46 30
46 31
48 28
48 27
48 26
48 25
48 24
48 23
48 22
49 22
49 23
49 24
49 25
49 26
49 27
46 32
46 33
46 34
46 35
45 35
45 34
45 33
45 32
0
Yes
20 42
20 43
19 42
19 43
19 44
18 44
18 43
18 42
0
Yes
3 4
3 5
4 5
4 6
3 6
3 7
3 8
2 8
2 7
2 6
2 5
2 4
2 3
2 2
3 2
4 2
4 1
3 1
3 0
4 0
1 2
1 3
1 4
1 5
1 6
1 7
1 8
0 2
0 3
0 4
0 5
0 6
0 7
0 8
2 9
1 9
0 9
2 10
1 10
0 10
1 11
0 11
0 12
1 12
1 13
1 14
2 14
3 14
4 14
5 14
5 15
6 14
6 15
6 16
7 16
7 15
7 14
8 14
7 13
8 13
9 13
9 12
8 12
8 11
9 11
8 10
9 10
10 10
11 10
9 9
10 9
11 9
0
Yes
32 30
32 31
32 32
33 32
33 31
33 30
31 32
31 31
31 30
30 32
30 31
30 30
30 29
31 29
32 29
33 29
33 28
32 28
31 28
30 28
30 27
31 27
32 27
33 27
29 27
29 28
29 29
29 30
29 31
29 32
28 32
28 31
28 30
28 29
28 28
28 27
27 32
27 31
27 30
27 29
0
No
0
Yes
18 40
18 39
19 40
19 39
20 39
18 38
19 38
20 38
20 37
19 37
18 37
21 38
21 39
0
Yes
5 35
5 36
4 36
4 35
4 34
5 34
5 33
4 33
4 32
5 32
5 31
4 31
3 31
3 32
3 33
3 34
3 35
3 36
3 30
2 30
2 31
2 32
2 33
2 34
2 35
2 36
1 36
1 35
1 34
1 33
1 32
1 31
1 30
0 36
0 35
0 34
0 33
0 32
0 31
0 30
1 37
2 37
3 37
4 37
1 38
2 38
3 38
0
No
0
Yes
47 24
46 24
46 23
47 23
47 22
48 22
48 23
48 24
49 22
49 23
49 24
49 25
48 25
47 25
46 25
45 25
44 25
44 24
44 26
45 26
46 26
47 26
48 26
49 26
49 27
48 27
47 27
46 27
45 27
44 27
48 28
47 28
46 28
45 28
44 28
44 29
45 29
46 29
47 29
46 30
46 31
0
Yes
0 4
0 5
0 6
0 7
0 8
0 9
0 10
1 10
1 9
1 8
1 7
1 6
1 5
1 4
2 10
2 9
2 8
2 7
2 6
2 5
2 4
3 4
3 5
3 6
3 7
3 8
4 6
4 5
2 3
1 3
0 3
0
Yes
36 29
37 29
37 28
36 28
37 27
36 27
36 26
35 26
35 27
35 28
35 29
35 30
34 30
34 29
34 28
34 27
34 26
0
Yes
49 1
49 2
49 3
48 3
48 2
48 1
47 1
47 2
47 3
46 3
46 2
47 0
48 0
49 0
0
Yes
8 44
8 45
8 46
9 46
9 45
9 44
7 46
7 45
7 44
7 43
8 43
9 43
8 42
7 42
9 42
9 41
10 41
10 42
10 43
10 44
10 45
10 46
10 47
11 47
11 46
11 44
11 43
6 46
6 45
6 44
6 43
6 42
0
No
0
Yes
45 32
46 32
46 33
45 33
46 34
45 34
46 35
45 35
44 35
44 34
44 33
44 32
44 31
43 31
43 32
43 33
43 34
43 35
42 35
42 34
42 33
42 32
41 32
41 33
41 34
41 35
40 35
40 34
40 33
39 34
39 33
0
Yes
35 8
34 8
34 9
35 9
35 10
34 10
36 9
36 8
37 8
37 9
37 10
37 11
38 8
38 9
38 10
38 11
39 11
39 10
39 9
39 8
39 7
40 7
40 8
40 9
40 10
40 11
41 7
41 8
41 9
41 10
41 11
41 12
40 12
39 12
38 12
37 12
40 6
39 6
38 13
39 13
40 13
40 14
39 14
38 14
38 15
0
Yes
9 26
9 27
9 28
9 29
9 30
8 30
8 29
8 28
8 27
8 26
8 25
9 25
7 25
7 26
7 27
7 28
7 29
7 30
7 31
6 31
6 30
6 29
6 28
6 27
6 26
6 25
5 26
5 25
4 25
7 24
6 24
5 24
4 24
3 24
10 25
10 26
3 23
4 23
5 23
6 23
7 23
8 23
7 22
6 22
5 22
4 22
6 21
6 20
6 19
6 18
5 18
5 19
0
Yes
12 20
11 20
12 21
11 21
11 22
10 21
10 22
10 23
9 23
9 22
9 21
13 21
13 20
13 19
11 19
14 20
14 21
14 22
14 23
15 23
15 22
15 21
15 20
9 32
11 28
14 24
13 24
12 24
12 25
13 25
14 25
15 25
13 26
14 26
15 26
15 27
14 27
13 27
12 27
12 28
13 28
14 28
15 28
15 29
14 29
13 29
15 30
14 30
13 30
14 31
13 31
12 31
11 31
11 30
10 30
10 31
16 25
16 26
16 27
16 28
17 28
17 27
12 32
13 32
14 32
14 33
13 33
12 33
11 33
10 33
9 33
8 33
14 34
13 34
12 34
11 34
10 34
9 34
8 34
12 35
13 35
14 35
11 35
10 35
9 35
8 35
8 36
9 36
10 36
11 36
9 37
10 37
11 37
11 38
7 36
7 35
7 34
7 33
7 32
6 32
6 33
6 34
6 35
12 37
12 38
12 39
15 35
16 35
16 36
15 36
14 36
13 36
13 37
13 38
13 39
14 37
14 38
14 39
15 37
15 38
16 37
13 40
14 40
14 41
14 42
14 43
14 44
14 45
15 45
16 45
16 46
15 46
16 47
15 47
14 47
14 48
15 48
16 48
15 43
15 42
16 42
16 43
17 43
17 42
0
Yes
2 26
1 26
2 27
1 27
0 27
2 28
1 28
0 28
0 29
1 29
2 29
3 29
3 30
2 30
1 30
0 30
0 31
1 31
2 31
3 31
4 31
5 31
5 32
4 32
3 32
2 32
1 32
0 32
5 33
4 33
3 33
2 33
1 33
0 33
5 34
4 34
3 34
2 34
1 34
0 34
5 35
4 35
3 35
2 35
1 35
0 35
5 36
4 36
3 36
2 36
1 36
0 36
1 37
2 37
3 37
4 37
1 38
2 38
3 38
4 38
0
No
0
Yes
1 44
2 44
2 45
1 45
1 46
1 47
0 47
0 46
0 45
0 44
0
Yes
38 18
39 18
38 17
39 17
40 17
40 16
39 16
0
Yes
44 6
44 7
43 7
43 6
43 5
44 5
1
463
36 34
35 34
36 33
35 35
36 35
34 35
34 36
35 36
36 36
34 37
35 37
36 37
34 38
35 38
36 38
34 39
35 39
36 39
37 39
37 38
37 37
37 36
37 35
37 34
37 33
38 38
38 37
38 36
38 35
38 34
38 33
Yes
2 8
3 8
3 7
2 7
2 9
2 10
1 10
1 9
1 8
1 7
1 11
1 12
1 13
1 14
2 14
3 14
4 14
5 14
6 14
0 12
0 11
0 10
0 9
0 8
0 7
0 6
1 6
2 6
3 6
4 6
7 14
8 14
7 13
8 13
9 13
9 12
8 12
8 11
9 11
8 10
9 10
10 10
11 10
9 9
10 9
11 9
12 9
13 9
13 10
13 11
14 11
14 10
14 9
15 10
15 9
15 8
14 8
13 8
12 8
11 8
10 8
9 8
8 8
14 7
13 7
12 7
11 7
10 7
9 7
8 7
7 7
7 6
8 6
9 6
10 6
11 6
12 6
13 6
14 6
15 6
12 5
11 5
10 5
9 5
8 5
4 5
3 5
2 5
1 5
0 5
3 4
2 4
1 4
0 4
5 15
6 15
7 15
7 16
6 16
2 3
1 3
0 3
0 2
1 2
2 2
3 2
4 2
4 1
3 1
3 0
4 0
9 4
10 4
10 3
9 3
9 2
10 2
9 1
10 1
11 1
12 1
12 0
11 0
10 0
9 0
15 5
14 5
14 4
15 4
16 9
16 10
17 9
17 10
0
Yes
30 11
29 11
30 12
29 12
28 12
0
Yes
3 35
3 36
4 36
4 35
5 36
5 35
5 34
4 34
3 34
5 33
4 33
3 33
2 33
2 34
2 35
2 36
1 36
1 35
1 34
1 33
0 36
0 35
0 34
0 33
5 32
4 32
3 32
2 32
1 32
0 32
5 31
4 31
3 31
0
Yes
39 47
39 46
40 46
40 47
40 48
41 47
41 48
41 49
40 49
39 49
42 49
42 48
42 47
42 46
43 46
43 47
43 48
43 49
38 49
37 49
36 49
38 46
38 45
37 45
37 46
36 46
36 45
36 44
36 47
35 44
35 45
35 46
35 47
35 48
35 49
34 46
34 47
34 48
34 49
33 49
33 48
33 47
33 46
33 45
33 44
32 44
31 44
30 44
30 43
31 43
32 43
33 43
34 43
35 43
35 42
34 42
33 42
32 42
31 42
30 42
32 41
31 41
30 41
29 41
29 40
30 40
31 40
32 40
32 39
31 39
30 39
28 40
28 41
27 41
27 40
26 41
26 40
27 39
26 39
25 39
27 38
26 38
25 38
24 38
24 37
25 37
26 37
27 37
27 36
26 36
25 36
24 36
29 43
37 48
0
Yes
47 22
48 22
49 22
49 23
48 23
47 23
46 23
46 24
47 24
48 24
49 24
49 25
48 25
47 25
46 25
46 26
47 26
48 26
49 26
49 27
48 27
47 27
46 27
0
Yes
27 27
27 26
27 25
27 24
27 23
26 23
26 24
26 25
26 26
26 27
25 27
25 26
25 25
25 24
25 23
28 23
28 24
0
Yes
0 8
0 9
0 10
0 11
0 12
1 12
1 11
1 10
1 9
1 8
2 10
2 9
2 8
3 8
1 13
1 14
2 14
3 14
4 14
5 14
5 15
6 14
6 15
6 16
7 16
7 15
7 14
8 14
7 13
8 13
8 12
8 11
8 10
3 7
2 7
1 7
0 7
0 6
1 6
2 6
3 6
4 6
4 5
3 5
2 5
1 5
0 5
3 4
2 4
1 4
0 4
9 13
9 12
9 11
9 10
10 10
11 10
9 9
10 9
11 9
12 9
2 3
1 3
0 3
0 2
1 2
2 2
3 2
4 2
4 1
3 1
3 0
4 0
13 9
13 10
13 11
14 11
14 10
14 9
15 10
15 9
15 8
14 8
13 8
12 8
11 8
10 8
9 8
8 8
8 7
7 7
7 6
8 6
9 7
10 7
11 7
12 7
13 7
14 7
9 6
10 6
11 6
12 6
13 6
14 6
15 6
12 5
11 5
10 5
9 5
8 5
9 4
10 4
10 3
9 3
9 2
10 2
9 1
10 1
11 1
12 1
12 0
11 0
10 0
9 0
15 5
14 5
14 4
15 4
16 9
16 10
17 9
17 10
6 6
18 9
18 10
0
Yes
6 46
6 45
6 44
6 43
5 43
7 46
7 45
7 44
7 43
7 42
6 42
5 42
5 41
6 41
12 46
8 42
8 43
8 44
8 45
8 46
9 46
9 45
9 44
9 43
9 42
9 41
10 41
10 42
10 43
10 44
10 45
10 46
10 47
11 47
11 46
11 44
11 43
0
No
0
Yes
31 18
31 19
32 19
32 18
33 18
33 17
32 17
31 17
32 16
31 16
32 15
31 15
30 15
30 16
30 17
30 18
30 19
29 19
29 18
29 17
29 16
29 15
28 18
28 17
28 16
28 15
27 18
27 17
27 16
27 15
29 14
28 14
27 14
31 14
32 14
27 13
0
Yes
5 35
5 36
4 36
4 35
4 37
4 38
3 38
3 37
3 36
3 35
2 38
2 37
2 36
2 35
1 38
1 37
1 36
1 35
0 36
0 35
0 34
1 34
2 34
3 34
4 34
5 34
5 33
4 33
3 33
2 33
1 33
0 33
0 32
1 32
2 32
3 32
4 32
0
No
0
Yes
41 39
42 39
40 39
40 40
41 40
42 40
43 40
44 40
44 39
45 39
45 38
46 38
46 37
45 37
43 41
42 41
41 41
40 41
39 41
40 42
41 42
42 42
43 42
40 43
41 43
42 43
43 43
41 44
42 44
43 44
44 44
44 43
44 42
45 42
45 43
45 44
46 44
46 43
46 42
46 41
47 41
47 42
47 43
47 44
48 42
46 45
47 45
48 45
48 46
47 46
47 47
48 47
47 48
48 48
49 48
47 49
48 49
49 49
49 42
49 41
49 40
49 39
48 39
48 38
48 37
49 38
49 37
38 41
38 40
37 40
37 41
36 40
36 41
38 42
37 42
36 42
0
Yes
0 27
0 28
0 29
0 30
1 30
1 29
1 28
1 27
2 27
2 28
2 29
2 30
2 31
1 31
0 31
1
449
45 32
45 33
44 33
44 32
44 31
43 31
43 32
43 33
42 32
42 33
41 32
41 33
40 33
39 33
39 34
40 34
41 34
42 34
43 34
44 34
45 34
40 35
41 35
42 35
43 35
44 35
45 35
46 35
46 34
46 33
46 32
47 33
Yes
40 0
40 1
40 2
39 2
39 3
39 4
38 4
37 4
37 5
36 5
41 2
41 1
41 0
42 0
42 1
42 2
42 3
42 4
43 4
43 3
43 2
43 1
43 0
44 2
44 1
44 0
45 1
45 0
40 4
35 5
35 6
34 6
34 5
33 6
33 5
33 4
33 3
32 3
32 2
31 3
31 2
31 1
31 0
30 2
30 1
30 0
29 2
29 1
29 0
28 0
28 1
28 2
28 3
28 4
27 4
27 3
27 2
27 1
26 1
26 2
26 3
25 3
25 2
25 1
25 0
25 4
25 5
25 6
24 6
24 5
24 4
24 3
24 2
24 1
24 0
24 7
23 7
23 8
23 9
24 9
24 10
23 10
23 11
24 11
14 1
23 2
23 1
23 0
22 2
22 1
22 0
21 2
21 1
21 0
20 2
20 1
20 0
19 2
19 1
19 0
18 1
18 0
17 0
17 1
17 2
17 3
16 2
16 1
16 0
15 1
15 0
17 4
17 5
17 6
17 7
18 7
18 6
18 5
18 4
19 4
19 5
19 6
20 5
20 6
20 7
21 7
21 6
21 5
0
Yes
49 40
49 41
49 39
48 39
48 38
49 38
48 37
49 37
49 42
48 42
47 42
47 41
46 41
46 42
45 42
44 42
47 43
46 43
45 43
44 43
44 44
45 44
46 44
47 44
46 45
47 45
48 45
48 46
47 46
47 47
48 47
47 48
48 48
49 48
47 49
48 49
49 49
43 44
43 43
43 42
43 41
43 40
44 40
44 39
45 39
45 38
46 38
46 37
45 37
42 40
42 41
42 39
41 39
41 40
41 41
40 39
40 40
40 41
49 44
49 43
49 36
42 42
42 43
42 44
41 42
40 42
41 43
41 44
40 43
42 38
44 45
0
Yes
4 0
4 1
4 2
3 2
3 1
3 0
2 2
2 3
1 2
1 3
1 4
2 4
3 4
0 2
0 3
0 4
0 5
1 5
2 5
3 5
4 5
4 6
3 6
2 6
1 6
0 6
3 7
2 7
1 7
0 7
3 8
2 8
1 8
0 8
2 9
1 9
0 9
2 10
1 10
0 10
1 11
0 11
0 12
1 12
1 13
1 14
1 0
2 0
0
Yes
49 1
49 2
49 3
49 4
49 5
48 5
48 4
48 3
48 2
48 1
47 4
47 3
47 2
47 1
46 2
46 3
47 0
48 0
49 0
48 6
49 6
49 7
48 7
47 7
46 7
46 8
47 8
48 8
49 8
45 8
44 8
43 8
42 8
42 9
43 9
44 9
45 9
46 9
47 9
48 9
49 9
42 10
43 10
44 10
45 10
46 10
47 10
48 10
49 10
46 11
47 11
48 11
49 11
46 12
47 12
48 12
49 12
1
486
45 27
45 26
45 25
44 26
44 27
44 25
44 24
44 28
45 28
44 29
45 29
46 29
46 28
47 28
47 29
43 25
43 24
43 23
42 23
42 24
42 25
42 26
41 26
41 25
41 24
41 23
40 24
40 23
42 22
41 22
40 22
42 21
41 21
40 21
40 20
41 20
Yes
29 17
30 17
31 17
32 17
33 17
32 16
31 16
30 16
29 16
30 15
31 15
32 15
29 15
29 14
32 14
31 14
28 14
28 15
28 16
28 17
33 18
32 18
31 18
30 18
29 18
28 18
27 18
27 17
27 16
27 15
27 14
29 19
30 19
31 19
32 19
30 20
31 20
32 20
33 20
33 21
32 21
31 21
33 22
32 22
31 22
30 22
30 23
31 23
32 23
33 23
30 24
31 24
32 24
33 24
34 20
0
Yes
9 6
9 7
9 8
9 9
10 9
10 8
10 7
10 6
11 6
11 7
11 8
11 9
12 9
12 8
12 7
12 6
12 5
11 5
10 5
9 5
9 4
10 4
10 3
9 3
9 2
10 2
9 1
10 1
11 1
12 1
12 0
11 0
10 0
9 0
13 6
13 7
13 8
13 9
14 7
14 8
14 9
14 6
15 6
15 8
15 9
16 9
17 9
15 5
14 5
14 4
15 4
18 9
8 5
8 6
8 7
8 8
7 7
7 6
11 10
10 10
9 10
8 10
8 11
9 11
9 12
8 12
9 13
8 13
8 14
7 13
7 14
7 15
7 16
6 16
6 15
6 14
5 14
5 15
16 10
15 10
14 10
13 10
17 10
18 10
17 11
18 11
13 11
14 11
5 13
19 10
0
Yes
3 4
3 5
4 5
4 6
3 6
3 7
3 8
2 8
2 7
2 6
2 5
2 4
2 9
1 9
1 8
1 7
1 6
1 5
1 4
0 4
0 5
0 6
0 7
0 8
0 9
2 10
1 10
0 10
1 11
0 11
1 12
0 12
2 3
1 3
0 3
0 2
1 2
0
Yes
9 42
9 41
10 41
10 42
10 43
9 43
11 43
11 44
10 44
9 44
10 45
9 45
9 46
10 46
10 47
11 47
11 46
8 46
8 45
8 44
8 43
8 42
7 42
7 43
7 44
7 45
7 46
6 46
6 45
6 44
6 43
6 42
6 41
5 41
5 42
5 43
4 42
3 42
3 43
3 41
2 41
2 42
2 43
2 44
2 45
1 44
1 45
1 46
1 47
0 47
0 46
0 45
0 44
0 43
1 42
1 41
0 42
0
Yes
3 31
4 31
5 31
5 32
4 32
3 32
2 32
1 32
0 32
0 33
1 33
2 33
3 33
4 33
5 33
5 34
4 34
3 34
2 34
1 34
0 34
0 35
1 35
2 35
3 35
4 35
5 35
5 36
4 36
3 36
2 36
1 36
0 36
1 37
2 37
3 37
4 37
1 38
2 38
3 38
4 38
4 39
3 39
6 35
6 34
6 33
6 32
6 31
7 31
7 32
7 33
7 34
7 35
0
Yes
8 28
8 29
7 29
7 28
6 28
6 29
6 27
7 27
8 27
8 26
7 26
6 26
5 26
8 25
7 25
6 25
5 25
4 25
7 24
6 24
5 24
4 24
3 24
3 23
4 23
5 23
6 23
7 23
8 23
7 22
6 22
5 22
4 22
2 23
2 22
2 21
1 21
1 22
1 23
6 21
6 20
6 30
7 30
8 30
9 30
9 29
9 28
9 27
9 26
9 25
10 25
10 26
0
Yes
14 48
14 47
15 48
15 47
16 48
16 47
16 46
15 46
16 45
15 45
0
Yes
19 10
20 10
21 10
21 11
20 11
19 11
19 12
20 12
21 12
18 12
18 11
18 10
18 13
19 13
20 13
21 13
21 14
20 14
19 14
18 14
18 15
19 15
20 15
21 15
21 16
20 16
19 16
18 16
0
Yes
38 17
38 18
39 18
39 17
40 17
1
478
15 4
14 4
14 5
15 5
15 6
Yes
13 25
12 25
12 24
13 24
14 24
14 25
15 25
16 25
16 26
15 26
14 26
13 26
14 23
15 23
15 22
14 22
14 21
15 21
16 21
14 20
15 20
16 20
15 19
16 19
16 18
15 18
16 17
15 17
14 17
13 21
13 20
13 19
13 18
13 17
12 17
12 16
13 16
14 16
15 16
16 16
12 20
12 21
11 20
11 21
11 22
10 21
10 22
10 23
13 27
14 27
15 27
16 27
12 27
12 28
13 28
14 28
15 28
16 28
17 28
17 27
9 23
9 22
9 21
17 16
17 15
16 15
15 15
14 15
13 15
12 15
12 14
11 14
11 15
14 14
15 14
16 14
17 14
17 13
16 13
15 29
14 29
13 29
14 13
0
No
0
Yes
1 34
1 35
1 36
1 37
1 38
2 38
2 37
2 36
2 35
2 34
0 36
0 35
0 34
0 33
1 33
2 33
2 32
1 32
0 32
3 32
3 33
3 34
3 35
3 36
3 37
3 38
3 31
4 31
4 32
4 33
4 34
4 35
4 36
4 37
4 38
4 39
3 39
5 36
5 35
5 34
5 33
5 32
5 31
6 31
6 32
6 33
6 34
6 35
7 31
0
No
0
Yes
43 49
43 48
43 47
43 46
42 46
42 47
42 48
42 49
41 47
41 48
41 49
40 48
40 49
40 47
0
Yes
4 39
3 39
4 38
3 38
2 38
1 38
1 37
2 37
3 37
4 37
4 36
3 36
2 36
1 36
5 36
0 36
0 35
1 35
2 35
3 35
4 35
5 35
5 34
4 34
3 34
2 34
1 34
0 34
0 33
1 33
2 33
3 33
4 33
5 33
2 32
1 32
0 32
3 32
4 32
5 32
3 31
4 31
5 31
6 31
6 32
6 33
6 34
6 35
7 31
7 32
7 33
7 34
7 35
7 36
8 36
8 35
8 34
8 33
9 33
9 34
9 35
0
Yes
2 7
3 7
3 8
2 8
2 9
2 10
1 10
1 9
1 8
1 7
1 6
2 6
3 6
4 6
0 6
0 7
0 8
0 9
0 10
4 5
3 5
2 5
1 5
0 5
3 4
2 4
1 4
0 4
2 3
1 3
0 3
0 2
1 2
2 2
0
Yes
18 22
19 22
19 21
18 21
17 21
17 20
18 20
19 20
17 19
18 19
19 19
18 18
19 18
20 18
20 19
20 20
20 21
20 22
1
476
2 22
2 21
2 23
1 23
1 22
1 21
Yes
29 43
36 40
36 41
36 42
37 42
37 41
37 40
38 40
38 41
38 42
35 42
35 43
35 44
36 44
35 45
36 45
37 45
38 45
38 46
37 46
36 46
35 46
36 47
35 47
35 48
34 46
34 47
34 48
34 43
34 42
33 42
33 43
33 44
33 45
33 46
33 47
33 48
32 46
32 47
32 48
31 47
31 48
32 44
32 43
32 42
32 41
32 40
31 44
31 43
31 42
31 41
31 40
30 44
30 43
30 42
30 41
30 40
29 40
29 41
28 41
28 40
27 41
27 40
26 41
26 40
30 48
30 47
30 46
29 46
29 47
29 48
28 46
28 47
28 48
27 47
26 47
26 48
25 48
25 47
25 46
30 39
31 39
32 39
24 46
24 47
24 48
23 46
23 47
23 48
22 46
22 47
22 48
21 47
21 48
20 48
20 49
21 49
22 49
23 49
24 49
25 49
26 49
28 49
29 49
30 49
31 49
32 49
33 49
34 49
35 49
27 39
26 39
25 39
27 38
26 38
25 38
24 38
24 37
25 37
26 37
27 37
24 36
25 36
26 36
27 36
27 35
27 34
26 34
23 37
38 43
0
Yes
38 38
38 37
38 36
38 35
37 35
37 36
37 37
37 38
36 38
36 37
36 36
36 35
35 35
35 36
35 37
35 38
34 35
34 36
34 37
34 38
1
502
41 41
40 41
40 42
41 42
42 42
42 41
43 41
43 42
44 42
40 43
41 43
42 43
43 43
44 43
41 44
42 44
43 44
44 44
45 44
45 43
45 42
43 40
42 40
41 40
40 40
40 39
41 39
42 39
Yes
7 13
7 14
8 14
8 13
9 13
9 12
8 12
7 15
7 16
6 16
6 15
6 14
5 15
5 14
4 14
3 14
2 14
1 14
1 13
1 12
0 12
1 11
0 11
8 11
9 11
8 10
9 10
10 10
11 10
9 9
10 9
11 9
12 9
13 9
13 10
13 11
14 11
14 10
14 9
15 10
15 9
15 8
14 8
13 8
12 8
11 8
10 8
9 8
8 8
14 7
13 7
12 7
11 7
10 7
9 7
8 7
7 7
7 6
8 6
9 6
10 6
11 6
12 6
13 6
14 6
15 6
12 5
11 5
10 5
9 5
8 5
9 4
10 4
10 3
9 3
8 3
7 3
6 3
5 3
10 2
9 2
8 2
7 2
6 2
5 2
4 2
3 2
3 1
4 1
5 1
6 1
7 1
8 1
9 1
10 1
11 1
12 1
12 0
11 0
10 0
9 0
8 0
7 0
6 0
5 0
4 0
3 0
15 5
14 5
14 4
15 4
16 9
16 10
17 9
17 10
5 13
1 15
1
495
0 29
0 30
0 31
0 32
0 33
0 34
1 34
1 33
1 32
1 31
1 30
1 29
2 29
2 30
2 31
2 32
2 33
2 34
3 29
3 30
3 31
3 32
3 33
3 34
4 31
4 32
4 33
4 34
5 31
5 32
5 33
5 34
2 28
1 28
0 28
5 35
4 35
3 35
2 35
1 35
0 35
5 36
4 36
3 36
2 36
1 36
0 36
1 37
2 37
3 37
4 37
1 38
2 38
3 38
4 38
Yes
41 15
42 15
42 16
43 16
43 15
44 15
44 16
44 17
44 18
45 18
45 17
45 16
46 16
46 17
47 17
47 16
43 12
38 19
38 12
39 12
43 14
42 14
45 19
44 19
44 20
45 20
46 20
46 19
43 19
42 19
41 19
41 20
40 20
40 21
41 21
42 21
42 22
41 22
40 22
40 23
41 23
42 23
43 23
40 24
41 24
42 24
43 24
44 24
39 22
39 21
40 15
40 16
40 17
39 16
39 17
39 15
39 18
40 14
39 14
38 18
38 17
38 15
38 14
38 21
38 22
42 13
43 13
38 13
39 13
40 13
43 25
44 25
42 25
41 25
41 26
42 26
44 26
44 27
44 28
44 29
45 29
45 28
45 27
45 26
45 25
46 25
46 24
46 23
47 23
47 24
47 22
48 22
48 23
48 24
49 22
49 23
49 24
47 25
48 25
49 25
46 26
46 27
46 28
46 29
47 26
47 27
47 28
47 29
48 26
48 27
48 28
49 26
49 27
37 19
44 13
40 12
42 27
1
511
49 11
49 12
49 13
49 14
48 14
48 13
48 12
48 11
47 14
47 13
47 12
47 11
47 10
48 10
49 10
46 13
46 12
46 11
Yes
15 46
16 46
16 45
15 45
14 45
14 44
14 43
15 43
16 43
16 42
15 42
14 42
14 41
16 47
15 47
14 47
14 48
15 48
16 48
14 40
13 40
14 39
13 39
12 39
17 42
17 43
18 42
18 43
18 44
19 44
19 43
19 42
20 42
20 43
12 38
13 38
14 38
15 38
11 38
12 37
13 37
14 37
15 37
11 37
16 37
16 36
15 36
14 36
13 36
16 35
15 35
14 35
13 35
12 35
14 34
13 34
12 34
14 33
13 33
12 33
12 32
13 32
14 32
14 31
13 31
12 31
13 30
14 30
11 31
14 49
10 31
0
Yes
49 0
49 1
49 2
49 3
49 4
48 4
48 3
48 2
48 1
48 0
47 4
47 3
47 2
47 1
47 0
0
No
0
Yes
21 10
21 11
20 10
20 11
19 10
19 11
18 10
18 11
18 12
19 12
20 12
21 12
22 12
23 12
24 12
18 13
19 13
20 13
21 13
22 13
23 13
24 13
18 14
19 14
20 14
21 14
22 14
23 14
24 14
18 15
19 15
20 15
21 15
22 15
23 15
24 15
18 16
19 16
20 16
21 16
22 16
23 16
24 16
20 17
25 16
25 15
25 14
25 13
25 12
25 11
25 17
26 14
26 13
26 12
26 11
26 10
26 9
27 9
27 10
27 11
27 12
27 13
27 14
27 15
27 16
27 17
28 14
28 15
28 16
28 17
29 14
29 15
29 16
29 17
30 15
30 16
30 17
28 12
28 11
29 11
29 12
30 12
30 11
31 17
31 16
31 15
31 14
32 14
32 15
32 16
32 17
33 17
33 18
32 18
31 18
30 18
29 18
28 18
27 18
29 19
30 19
31 19
32 19
30 20
31 20
32 20
33 20
33 21
32 21
31 21
33 22
32 22
31 22
30 22
30 23
31 23
32 23
33 23
30 24
31 24
32 24
33 24
34 24
34 25
33 25
32 25
25 18
25 19
25 20
24 18
24 19
24 20
24 21
23 20
23 21
23 19
23 18
22 18
22 19
34 20
33 14
0
Yes
26 27
26 28
26 29
27 29
27 28
27 27
28 27
28 28
28 29
29 27
29 28
29 29
30 27
30 28
30 29
27 30
28 30
29 30
30 30
27 31
28 31
29 31
30 31
27 32
28 32
29 32
30 32
31 32
31 31
31 30
31 29
31 28
31 27
32 32
32 31
32 30
32 29
32 28
32 27
33 32
33 31
33 30
33 29
33 28
33 27
0
Yes
20 38
20 37
19 37
19 38
18 37
18 38
18 39
19 39
20 39
19 40
18 40
21 38
21 39
0
Yes
6 25
6 26
5 26
5 25
4 25
6 27
6 28
6 29
6 30
6 31
7 31
7 30
7 29
7 28
7 27
7 26
7 25
8 25
8 26
8 27
8 28
8 29
8 30
9 30
9 29
9 28
9 27
9 26
9 25
10 25
10 26
7 24
6 24
5 24
4 24
3 24
3 23
4 23
5 23
6 23
7 23
7 22
6 22
5 22
0
No
0
Yes
36 34
37 34
38 34
39 34
36 33
37 33
38 33
39 33
39 32
38 32
37 32
36 32
0
Yes
0 43
0 44
1 44
2 44
2 43
3 43
3 42
2 42
4 42
3 41
2 41
1 41
1 42
0 42
0 41
5 42
5 43
5 41
6 41
6 42
6 43
6 44
7 42
7 43
7 44
8 42
8 43
8 44
9 44
9 43
9 42
9 41
10 41
10 42
10 43
10 44
11 44
11 43
2 45
1 45
0 45
1 46
0 46
1 47
0 47
10 45
9 45
8 45
7 45
6 45
6 46
7 46
8 46
9 46
10 46
2 40
0
No
0
Yes
44 5
43 5
43 6
44 6
0
Yes
1 36
1 37
1 38
2 38
2 37
2 36
0 36
0 35
1 35
2 35
3 35
3 36
3 37
3 38
4 38
4 37
4 36
4 35
5 36
5 35
6 35
6 34
5 34
4 34
3 34
2 34
1 34
0 34
0 33
1 33
2 33
3 33
4 33
5 33
6 33
6 32
5 32
4 32
3 32
2 32
1 32
0 32
4 31
5 31
6 31
3 31
2 31
1 31
0 31
4 39
3 39
0
Yes
2 7
3 7
3 8
2 8
1 8
1 7
1 6
2 6
3 6
4 6
0 6
0 7
0 8
4 5
3 5
2 5
1 5
0 5
3 4
2 4
1 4
0 4
2 3
1 3
0 3
2 2
1 2
0 2
2 9
1 9
0 9
0
Yes
28 29
28 30
27 30
27 29
26 29
26 28
27 28
28 28
28 27
27 27
26 27
25 27
29 27
29 28
29 29
29 30
30 27
30 28
30 29
30 30
27 31
28 31
29 31
30 31
27 32
28 32
29 32
30 32
29 33
30 33
29 34
30 34
31 34
31 33
31 32
31 31
31 30
31 29
31 28
31 27
31 26
32 26
32 27
32 28
32 29
32 30
32 31
32 32
33 32
33 31
33 30
33 29
33 28
33 27
33 26
34 26
34 27
34 28
34 29
34 30
34 31
34 32
35 32
35 31
35 30
35 29
35 28
35 27
35 26
36 26
36 27
36 28
36 29
0
Yes
26 24
26 23
27 23
27 24
27 25
26 25
27 26
26 26
25 26
25 25
25 24
25 23
24 23
24 24
24 25
24 26
0
Yes
48 37
48 38
49 37
49 38
48 39
49 39
49 40
0
Yes
38 35
38 36
38 37
37 37
37 36
37 35
37 34
38 34
39 34
36 34
36 35
36 36
36 37
35 34
35 35
35 36
35 37
34 35
34 36
34 37
38 38
37 38
36 38
35 38
34 38
34 39
35 39
36 39
37 39
36 33
37 33
38 33
39 33
39 32
38 32
37 32
36 32
0
No
0
No
0
No
1
530
48 6
48 5
49 5
49 6
49 7
48 7
47 7
46 7
46 8
47 8
48 8
49 8
45 8
45 9
46 9
47 9
48 9
49 9
45 10
46 10
47 10
48 10
49 10
46 11
47 11
48 11
49 11
46 12
47 12
48 12
49 12
44 10
44 9
44 8
44 7
43 7
43 8
43 9
43 10
46 13
47 13
48 13
49 13
47 14
48 14
49 14
42 10
42 9
42 8
41 8
41 9
41 10
41 11
41 7
40 11
40 10
40 9
40 8
40 7
40 6
39 6
39 7
39 8
39 9
39 10
39 11
38 11
38 10
38 9
38 8
37 11
37 10
37 9
Yes
25 39
26 39
26 40
26 41
27 41
27 40
27 39
27 38
26 38
25 38
27 37
26 37
25 37
28 40
28 41
29 41
29 40
30 40
30 41
30 39
31 39
31 40
31 41
32 39
32 40
32 41
30 42
31 42
32 42
33 42
34 42
34 43
33 43
32 43
31 43
30 43
30 44
31 44
32 44
33 44
33 45
35 43
35 42
36 42
36 41
36 40
35 44
36 44
35 45
36 45
36 46
35 46
36 47
35 47
35 48
34 46
34 47
34 48
33 46
33 47
33 48
32 46
32 47
32 48
31 47
31 48
31 49
32 49
33 49
34 49
35 49
36 49
30 49
30 48
30 47
30 46
29 46
29 47
29 48
29 49
28 46
28 47
28 48
28 49
27 47
26 47
26 48
26 49
25 49
25 48
25 47
25 46
24 38
24 37
24 36
25 36
26 36
27 36
27 35
27 34
26 34
26 33
26 32
27 32
28 32
27 31
28 31
27 30
28 30
24 46
24 47
24 48
24 49
23 46
23 47
23 48
23 49
22 46
22 47
22 48
22 49
21 47
21 48
21 49
20 48
20 49
37 49
38 49
39 49
37 46
37 45
38 45
38 46
39 46
39 47
40 46
40 47
40 48
40 49
41 47
41 48
41 49
37 40
37 41
37 42
38 42
38 41
38 40
0
Yes
10 36
11 36
11 35
10 35
9 35
9 36
8 36
8 35
7 36
7 35
9 37
10 37
7 34
8 34
9 34
10 34
11 34
11 33
10 33
9 33
8 33
7 33
1
533
20 20
20 21
20 19
20 18
19 18
19 19
19 20
19 21
19 22
20 22
19 23
20 23
21 23
21 22
18 22
18 21
18 20
18 19
18 18
17 19
17 20
17 21
22 22
22 23
23 22
23 23
23 24
22 24
23 25
22 25
21 25
21 26
22 26
23 26
23 27
22 27
21 27
Yes
38 36
38 37
38 38
38 35
38 34
39 34
39 33
38 33
39 32
38 32
37 32
37 33
37 34
37 35
37 36
37 37
37 38
37 39
36 39
36 38
36 37
36 36
36 35
36 34
36 33
36 32
36 31
35 34
35 35
35 36
35 37
35 38
35 39
34 39
34 38
34 37
34 36
34 35
35 32
35 31
35 30
34 32
34 31
34 30
33 32
33 31
33 30
33 29
34 29
35 29
36 29
37 29
37 28
36 28
35 28
34 28
33 28
37 27
36 27
35 27
34 27
33 27
36 26
35 26
34 26
33 26
32 26
32 27
32 28
32 29
32 30
32 31
32 32
31 26
31 27
31 28
31 29
31 30
31 31
31 32
31 33
31 34
30 34
30 33
30 32
30 31
30 30
30 29
30 28
30 27
29 34
29 33
29 32
29 31
29 30
29 29
0
No
1
533
46 23
47 23
47 22
48 22
48 23
49 22
49 23
46 24
47 24
48 24
49 24
49 25
48 25
47 25
46 25
45 25
45 26
46 26
47 26
48 26
49 26
49 27
48 27
47 27
46 27
45 27
48 28
47 28
46 28
45 28
47 29
46 29
45 29
44 29
44 28
44 27
44 26
Yes
16 13
17 13
17 14
16 14
15 14
14 14
17 15
16 15
15 15
14 15
17 16
16 16
15 16
14 16
14 17
15 17
16 17
16 18
15 18
15 19
16 19
17 19
13 15
13 16
13 17
13 18
13 19
12 17
12 16
12 15
12 14
11 14
11 15
13 20
13 21
12 21
12 20
11 20
11 21
11 22
10 21
10 22
10 23
9 21
9 22
9 23
14 13
14 20
14 21
15 20
15 21
16 20
16 21
17 20
17 21
15 22
14 22
15 23
14 23
14 24
13 24
12 24
12 25
13 25
14 25
15 25
16 25
16 26
15 26
14 26
13 26
13 27
14 27
15 27
16 27
17 27
17 28
16 28
15 28
14 28
13 28
13 29
14 29
15 29
12 28
12 27
18 21
18 20
18 19
18 18
18 22
19 18
19 19
19 20
19 21
19 22
20 22
20 18
20 19
20 20
20 21
0
Yes
40 35
41 35
42 35
43 35
44 35
45 35
46 35
46 34
45 34
44 34
43 34
42 34
41 34
40 34
40 33
41 33
42 33
43 33
44 33
45 33
46 33
46 32
45 32
44 32
43 32
42 32
41 32
0
Yes
0 32
0 33
0 34
0 35
0 36
1 36
1 35
1 34
1 33
1 32
1 37
1 38
2 38
2 37
2 36
2 35
2 34
2 33
2 32
3 32
3 33
3 34
3 35
3 36
3 37
3 38
3 39
3 31
2 31
1 31
0 31
4 39
4 38
4 37
4 36
4 35
4 34
4 33
4 32
4 31
5 36
5 35
5 34
5 33
5 32
5 31
0
Yes
18 37
18 38
18 39
18 40
19 40
19 39
19 38
19 37
20 37
20 38
20 39
21 38
21 39
21 40
22 40
22 39
22 38
0
No
0
Yes
20 15
20 16
21 16
21 15
19 16
19 15
18 16
18 15
18 14
19 14
20 14
21 14
18 13
19 13
20 13
21 13
18 12
19 12
20 12
21 12
21 11
20 11
19 11
18 11
18 10
19 10
20 10
21 10
22 12
22 13
22 14
22 15
22 16
23 16
23 15
23 14
0
Yes
17 0
17 1
17 2
17 3
16 2
16 1
16 0
15 1
15 0
17 4
17 5
17 6
17 7
18 7
18 6
18 5
18 4
19 4
19 5
19 6
20 5
20 6
20 7
21 7
21 6
21 5
18 1
18 0
19 0
19 1
19 2
20 2
20 1
20 0
21 2
21 1
21 0
22 2
22 1
22 0
23 2
23 1
23 0
24 0
24 1
24 2
24 3
24 4
24 5
24 6
24 7
23 7
23 8
25 6
25 5
25 4
25 3
25 2
25 1
25 0
23 9
24 9
24 10
23 10
23 11
24 11
23 5
26 1
26 2
26 3
27 1
27 2
27 3
27 4
28 4
28 3
28 2
28 1
28 0
29 2
29 1
29 0
30 2
30 1
30 0
31 0
31 1
31 2
31 3
32 2
32 3
33 3
33 4
33 5
33 6
34 6
34 5
35 6
35 5
36 5
37 5
37 4
38 4
39 4
39 3
39 2
40 2
41 2
40 1
41 1
40 0
41 0
42 0
42 1
42 2
42 3
42 4
43 4
43 3
43 2
0
No
0
Yes
1 27
2 27
2 28
1 28
0 27
0 28
0 29
1 29
2 29
2 30
1 30
0 30
0
Yes
32 17
32 16
32 15
32 14
31 14
31 15
31 16
31 17
30 15
30 16
30 17
29 17
29 16
29 15
29 14
28 14
28 15
28 16
28 17
33 17
33 18
32 18
31 18
30 18
29 18
28 18
27 18
27 17
27 16
27 15
27 14
29 19
30 19
31 19
32 19
30 20
31 20
1
531
47 12
46 12
46 13
47 13
46 11
47 11
48 11
48 12
48 13
49 13
49 12
49 11
49 10
48 10
47 10
46 10
Yes
45 44
44 44
43 44
42 44
41 44
41 43
42 43
43 43
44 43
45 43
40 43
40 42
41 42
42 42
43 42
44 42
45 42
46 42
46 43
46 44
46 45
47 44
47 43
47 42
47 45
48 45
48 46
47 46
47 47
48 47
47 48
48 48
49 48
47 49
48 49
49 49
47 41
46 41
43 41
42 41
41 41
40 41
39 41
40 40
41 40
42 40
43 40
44 40
44 39
45 39
42 39
41 39
40 39
45 38
46 38
46 37
45 37
38 41
38 42
37 42
37 41
38 40
37 40
36 40
36 41
36 42
35 42
35 43
35 44
36 44
35 45
36 45
37 45
38 45
38 46
37 46
39 46
39 47
40 46
40 47
40 48
41 47
41 48
41 49
40 49
39 49
38 49
44 45
42 49
42 48
42 47
42 46
43 46
43 47
43 48
43 49
36 46
35 46
36 47
35 47
40 45
0
Yes
49 22
48 22
47 22
47 23
48 23
49 23
46 23
46 24
47 24
48 24
49 24
49 25
48 25
47 25
46 25
45 25
45 26
46 26
47 26
48 26
49 26
49 27
48 27
47 27
46 27
45 27
48 28
47 28
46 28
45 28
47 29
46 29
0
Yes
2 36
2 37
2 38
1 38
1 37
1 36
0 36
0 35
1 35
2 35
3 35
3 36
3 37
3 38
3 39
4 39
4 38
4 37
4 36
4 35
5 36
5 35
6 35
5 38
5 39
6 39
6 38
6 34
5 34
4 34
3 34
2 34
1 34
0 34
6 33
5 33
4 33
3 33
2 33
1 33
0 33
0 32
1 32
2 32
3 32
4 32
5 32
6 32
7 32
7 31
6 31
5 31
4 31
3 31
2 31
1 31
0 31
0
Yes
26 37
27 37
27 38
26 38
27 39
26 39
25 39
25 38
25 37
24 38
24 37
24 36
25 36
26 36
27 36
0
No
0
Yes
1 3
2 3
2 2
1 2
0 2
0 3
3 2
3 1
3 0
0 4
1 4
2 4
3 4
3 5
2 5
1 5
0 5
0 6
1 6
2 6
3 6
3 7
2 7
1 7
0 7
3 8
2 8
1 8
0 8
2 9
1 9
0 9
2 10
1 10
0 10
4 6
4 5
1
554
49 0
49 1
49 2
49 3
49 4
48 4
48 3
48 2
48 1
48 0
47 4
47 3
47 2
47 1
47 0
Yes
49 41
49 42
48 42
49 40
49 39
48 39
48 38
49 38
47 42
47 41
46 41
46 42
45 42
44 42
47 43
46 43
45 43
44 43
44 44
45 44
46 44
47 44
46 45
47 45
48 45
48 46
47 46
43 44
43 43
43 42
43 41
43 40
44 40
44 39
45 39
45 38
46 38
42 44
42 43
42 42
42 41
42 40
42 39
41 44
41 43
41 42
41 41
41 40
41 39
40 39
40 40
40 41
40 42
40 43
39 41
46 37
45 37
48 37
49 37
47 47
48 47
47 48
48 48
49 48
47 49
48 49
49 49
38 41
38 42
38 40
37 40
37 41
37 42
36 40
36 41
36 42
35 42
35 43
35 44
36 44
35 45
36 45
37 45
38 45
38 46
39 46
40 46
37 46
36 46
35 46
36 47
35 47
39 47
40 47
40 45
0
Yes
0 32
0 31
1 31
1 32
2 31
2 32
3 31
3 32
4 31
4 32
4 33
3 33
2 33
1 33
0 33
0 34
1 34
2 34
3 34
4 34
4 35
3 35
2 35
1 35
0 35
5 31
5 32
5 33
5 34
5 35
6 35
6 34
6 33
6 32
6 31
7 31
7 32
7 33
7 34
7 35
0
Yes
6 20
6 19
5 19
5 18
6 18
0
No
0
Yes
23 48
23 49
24 49
24 48
25 48
25 49
26 49
26 48
26 47
25 47
24 47
23 47
25 46
24 46
23 46
22 46
22 47
22 48
22 49
21 47
21 48
21 49
20 48
20 49
27 47
0
Yes
49 8
49 9
48 9
48 8
48 7
49 7
48 6
49 6
48 5
49 5
0
Yes
10 36
10 37
9 37
9 36
8 36
11 36
11 35
10 35
9 35
8 35
8 34
9 34
10 34
11 34
11 33
10 33
9 33
8 33
0
Yes
12 0
12 1
11 1
11 0
0
Yes
0 7
0 8
0 9
0 10
0 11
1 11
1 10
1 9
1 8
1 7
2 10
2 9
2 8
2 7
3 8
3 7
3 6
2 6
1 6
0 6
4 6
4 5
3 5
2 5
1 5
0 5
3 4
2 4
1 4
0 4
2 3
1 3
0 3
0 2
1 2
2 2
1
559
6 38
6 39
5 39
5 38
6 40
Yes
46 44
46 45
47 44
47 45
48 45
48 46
47 46
47 43
46 43
45 44
45 43
45 42
46 42
47 42
48 42
47 41
46 41
44 42
44 43
44 44
43 44
43 43
43 42
43 41
43 40
44 40
44 39
45 39
45 38
46 38
46 37
45 37
42 44
42 43
42 42
42 41
42 40
42 39
41 44
41 43
41 42
41 41
41 40
41 39
40 39
40 40
40 41
40 42
40 43
39 41
49 42
49 41
49 40
47 47
48 47
47 48
48 48
49 48
47 49
48 49
49 49
49 39
48 39
48 38
48 37
49 38
49 37
38 41
44 45
38 40
37 40
37 41
0
Yes
48 27
48 28
49 27
49 26
48 26
48 25
49 25
47 25
47 26
47 27
47 28
47 29
46 29
46 28
46 27
46 26
46 25
45 25
45 26
45 27
45 28
45 29
44 29
44 28
44 27
44 26
44 25
43 25
44 24
43 24
43 23
46 24
47 24
48 24
49 24
46 23
47 23
48 23
49 23
47 22
48 22
49 22
0
Yes
48 37
48 38
48 39
49 37
49 38
49 39
0
Yes
19 4
18 4
17 4
17 3
17 2
16 2
17 5
18 5
19 5
19 6
18 6
17 6
17 7
18 7
20 5
20 6
20 7
21 7
21 6
21 5
16 1
17 1
15 1
15 0
16 0
17 0
18 1
18 0
19 0
19 1
19 2
20 2
20 1
20 0
21 2
21 1
21 0
22 2
22 1
22 0
23 2
23 1
23 0
24 0
24 1
24 2
24 3
24 4
24 5
24 6
37 4
37 6
23 5
25 6
25 5
25 4
25 3
25 2
25 1
25 0
26 1
26 2
26 3
27 1
27 2
27 3
27 4
28 4
28 3
28 2
28 1
28 0
29 2
29 1
29 0
30 2
30 1
30 0
31 0
31 1
31 2
31 3
32 2
32 3
33 3
33 4
33 5
33 6
34 6
34 5
35 6
35 5
36 5
37 5
33 7
14 1
21 4
1
564
38 21
38 22
39 22
39 21
Yes
41 39
42 39
40 39
40 40
41 40
42 40
43 40
44 40
44 39
45 39
45 38
46 38
46 37
45 37
43 41
42 41
41 41
40 41
44 45
40 42
41 42
42 42
43 42
40 43
41 43
42 43
43 43
41 44
42 44
43 44
44 44
44 43
44 42
45 42
45 43
45 44
46 44
46 43
46 42
46 41
47 41
47 42
47 43
47 44
46 45
47 45
48 45
48 46
47 46
0
Yes
8 30
9 30
9 29
8 29
9 28
8 28
7 30
7 29
7 28
6 30
6 29
6 28
0
Yes
42 49
43 49
43 48
42 48
43 47
42 47
41 47
41 48
41 49
40 48
40 49
40 47
0
No
0
No
0
Yes
46 35
46 34
46 33
46 32
45 32
45 33
45 34
45 35
44 35
44 34
44 33
44 32
43 35
43 34
43 33
43 32
43 31
44 31
42 32
42 33
42 34
42 35
41 32
41 33
41 34
41 35
0
Yes
15 6
15 5
15 4
14 4
14 5
0
Yes
2 32
2 31
3 31
3 32
4 31
4 32
5 31
5 32
1 31
1 32
0 31
0 32
0 33
1 33
2 33
3 33
4 33
5 33
5 34
4 34
3 34
2 34
1 34
0 34
0 35
1 35
2 35
3 35
4 35
5 35
5 36
4 36
3 36
2 36
1 36
0 36
1 37
2 37
3 37
4 37
1 38
2 38
3 38
4 38
0
No
1
572
49 0
49 1
49 2
48 2
48 1
48 0
47 1
47 2
47 0
47 3
48 3
49 3
Yes
42 19
43 19
41 19
41 20
40 20
40 21
41 21
42 21
42 22
41 22
40 22
40 23
41 23
42 23
40 24
41 24
42 24
42 25
41 25
41 26
42 26
39 22
39 21
38 21
38 22
44 19
44 20
45 20
45 19
46 19
46 20
45 18
44 18
44 17
45 17
46 17
47 17
47 16
46 16
45 16
44 16
44 15
47 15
43 16
43 15
42 16
42 15
41 15
40 15
40 16
40 17
39 16
39 17
39 15
38 15
39 18
38 18
38 17
38 14
39 14
40 14
40 13
39 13
38 13
42 14
43 14
43 13
42 13
47 14
48 14
49 14
49 13
48 13
47 13
46 13
46 12
47 12
48 12
49 12
46 11
47 11
48 11
49 11
49 10
48 10
47 10
46 10
45 10
44 10
43 10
42 10
42 9
43 9
44 9
45 9
46 9
47 9
48 9
49 9
45 8
46 8
47 8
48 8
49 8
44 8
43 8
42 8
46 7
47 7
48 7
49 7
48 6
49 6
48 5
49 5
48 4
49 4
43 7
44 7
44 6
43 6
44 5
43 5
43 4
42 4
42 3
43 3
43 2
42 2
44 2
41 2
40 2
40 1
41 1
42 1
43 1
44 1
45 1
45 0
44 0
43 0
42 0
41 0
40 0
41 8
41 9
1
571
11 33
11 34
11 35
10 33
10 34
10 35
9 33
9 34
9 35
11 36
10 36
9 36
Yes
9 27
9 28
9 29
9 30
8 30
8 29
8 28
8 27
8 26
9 26
10 26
10 25
9 25
8 25
7 25
7 26
7 27
7 28
7 29
7 30
6 30
6 29
6 28
6 27
6 26
6 25
5 26
5 25
7 24
6 24
5 24
5 23
6 23
7 23
8 23
7 22
6 22
5 22
9 23
10 23
9 22
10 22
11 22
9 21
10 21
11 21
11 20
4 22
4 23
4 24
4 25
3 24
3 23
6 21
6 20
6 19
6 18
5 18
5 19
2 23
1 23
1 22
2 22
2 21
1 21
12 20
12 21
4 21
0
Yes
30 20
31 20
31 21
32 21
32 20
33 20
33 21
32 19
31 19
30 19
29 19
29 18
30 18
31 18
32 18
33 18
33 17
32 17
31 17
30 17
29 17
32 16
31 16
30 16
29 16
28 18
28 17
28 16
27 18
27 17
27 16
27 15
28 15
29 15
30 15
31 15
32 15
32 14
31 14
29 14
28 14
0
Yes
15 10
16 10
16 9
15 9
15 8
17 9
17 10
18 9
18 10
14 8
14 9
14 10
13 10
13 9
13 8
12 9
12 8
14 7
13 7
12 7
14 6
13 6
12 6
11 6
11 7
11 8
11 9
11 10
10 10
10 9
10 8
10 7
10 6
9 9
9 10
9 8
9 7
9 6
8 8
8 7
8 6
8 10
8 5
9 5
10 5
11 5
12 5
7 6
7 7
13 11
14 11
0
Yes
32 39
32 40
31 39
31 40
30 39
30 40
29 40
28 40
27 40
27 39
27 38
27 37
26 40
26 39
26 38
26 37
25 39
25 38
25 37
24 38
24 37
24 36
25 36
26 36
27 36
27 35
27 34
26 34
28 42
29 43
26 41
27 41
28 41
29 41
30 41
31 41
32 41
30 42
31 42
32 42
33 42
34 42
34 43
33 43
32 43
31 43
30 43
30 44
31 44
32 44
33 44
25 34
35 43
35 42
36 42
28 37
0
Yes
44 34
44 35
45 35
45 34
46 35
46 34
43 35
43 34
42 35
42 34
46 33
45 33
44 33
43 33
42 33
46 32
45 32
44 32
43 32
42 32
0
Yes
0 29
1 29
2 29
2 30
1 30
0 30
2 28
1 28
0 28
0 27
1 27
2 27
0
No
0
Yes
6 1
6 2
6 3
5 3
5 2
5 1
4 2
4 1
3 2
3 1
7 3
7 2
7 1
8 3
8 2
8 1
9 1
9 2
9 3
9 4
10 4
10 3
10 2
10 1
11 1
12 1
12 0
11 0
10 0
9 0
8 0
7 0
6 0
5 0
4 0
0
Yes
48 47
47 47
47 48
48 48
49 48
47 49
48 49
49 49
0
Yes
48 11
48 12
48 13
49 13
49 12
49 11
49 10
48 10
48 9
49 9
49 8
48 8
48 7
49 7
48 6
49 6
47 7
47 8
47 9
47 10
47 11
47 12
47 13
46 13
46 12
46 11
46 10
46 9
46 8
46 7
0
Yes
31 41
31 42
30 42
30 41
30 43
31 43
30 40
31 40
30 39
31 39
32 39
32 40
32 41
32 42
32 43
1
581
7 43
7 42
8 42
8 43
8 44
7 44
6 44
6 43
6 42
5 43
5 42
5 41
6 41
6 40
6 39
6 38
5 38
5 39
6 45
7 45
8 45
9 45
9 44
9 43
9 42
9 41
10 41
10 42
10 43
10 44
10 45
11 44
11 43
6 46
7 46
8 46
9 46
10 46
10 47
11 47
11 46
Yes
35 10
34 10
34 9
35 9
34 8
35 8
36 8
36 9
37 8
37 9
37 10
37 11
37 12
38 12
38 11
38 10
38 13
38 14
38 15
39 15
39 14
39 13
39 12
39 11
39 10
40 13
40 14
40 15
40 12
40 11
40 10
40 16
39 16
40 17
39 17
38 17
38 9
38 8
39 9
40 9
39 8
40 8
38 18
39 18
41 12
41 11
41 10
41 9
41 8
41 7
40 7
39 7
39 6
40 6
41 15
42 8
42 9
42 10
43 10
43 9
43 8
43 7
44 7
44 8
44 9
44 10
45 10
45 9
45 8
44 6
43 6
44 5
43 5
43 4
42 4
42 3
43 3
43 2
42 2
44 2
41 2
40 2
40 1
41 1
42 1
43 1
44 1
45 1
45 0
44 0
43 0
42 0
41 0
40 0
42 15
42 16
43 16
43 15
44 15
44 16
44 17
44 18
45 18
45 17
45 16
46 16
46 17
47 17
47 16
43 14
42 14
42 13
43 13
45 19
44 19
36 12
0
Yes
36 44
35 44
35 45
36 45
35 43
35 42
36 42
34 42
34 43
33 42
33 43
33 44
33 45
33 46
32 46
34 46
35 46
36 46
36 47
35 47
34 47
33 47
32 47
31 47
35 48
34 48
33 48
32 48
31 48
31 49
32 49
33 49
34 49
35 49
36 49
30 49
30 48
30 47
30 46
29 46
29 47
29 48
29 49
28 46
28 47
28 48
28 49
27 47
26 47
26 48
26 49
25 49
25 48
25 47
25 46
24 46
24 47
24 48
24 49
23 46
23 47
23 48
23 49
22 46
22 47
22 48
22 49
21 47
21 48
21 49
20 48
20 49
37 49
38 49
39 49
37 46
37 45
38 45
38 46
39 46
39 47
40 46
40 47
40 48
40 49
41 47
41 48
41 49
37 42
38 42
38 41
37 41
0
Yes
11 5
12 5
12 6
11 6
13 6
13 7
12 7
11 7
14 7
14 6
15 6
15 5
14 5
14 4
15 4
14 8
13 8
12 8
11 8
15 8
12 9
13 9
14 9
15 9
11 9
16 9
17 9
18 9
11 10
10 10
10 9
10 8
10 7
10 6
10 5
9 5
9 6
9 7
9 8
9 9
9 10
8 10
8 8
8 7
8 6
8 5
7 6
7 7
8 11
9 11
9 12
8 12
9 13
8 13
8 14
7 13
7 14
7 15
7 16
6 16
6 15
6 14
5 14
5 15
16 10
15 10
14 10
13 10
17 10
18 10
17 11
18 11
13 11
14 11
18 12
19 10
19 11
19 12
0
No
0
No
0
Yes
32 27
32 28
32 29
32 30
32 31
32 32
33 32
33 31
33 30
33 29
33 28
33 27
34 32
34 31
34 30
34 29
34 28
34 27
31 32
31 31
31 30
31 29
31 28
31 27
30 27
30 28
30 29
30 30
30 31
30 32
29 27
29 28
29 29
29 30
29 31
29 32
28 32
28 31
28 30
28 29
28 28
28 27
27 30
27 31
27 32
27 29
27 28
27 27
35 30
35 31
35 32
35 29
35 28
0
No
1
580
41 20
40 20
40 21
41 21
42 21
42 22
41 22
40 22
40 23
41 23
42 23
43 23
40 24
41 24
42 24
43 24
44 24
39 22
39 21
38 21
38 22
43 25
44 25
42 25
41 25
41 26
42 26
44 26
44 27
44 28
44 29
45 29
45 28
45 27
45 26
45 25
46 25
46 24
46 23
47 23
47 24
47 22
48 22
48 23
48 24
49 22
49 23
49 24
47 25
48 25
49 25
46 26
46 27
46 28
46 29
47 26
47 27
47 28
47 29
48 26
48 27
48 28
49 26
49 27
46 30
46 31
43 28
42 27
Yes
4 23
4 22
5 22
5 23
5 24
4 24
4 25
5 25
5 26
6 26
6 25
6 24
6 23
6 22
7 22
7 23
7 24
7 25
7 26
8 23
6 21
6 20
6 19
6 18
5 18
5 19
9 23
10 23
9 22
10 22
9 21
10 21
8 25
8 26
9 25
9 26
10 26
10 25
9 27
8 27
7 27
6 27
6 28
7 28
8 28
9 28
9 29
8 29
7 29
6 29
6 30
7 30
8 30
9 30
10 30
10 31
11 30
11 31
11 22
11 21
11 20
3 24
3 23
2 23
1 23
1 22
2 22
2 21
1 21
12 20
12 21
13 21
13 20
11 19
5 29
14 20
14 21
14 22
14 23
15 23
15 22
15 21
15 20
0
Yes
28 23
28 24
27 23
27 24
27 25
27 26
26 23
26 24
26 25
26 26
26 27
25 27
25 26
25 25
25 24
25 23
24 23
24 24
24 25
24 26
23 26
23 25
23 24
23 23
23 27
22 27
22 26
22 25
22 24
22 23
21 25
21 26
21 27
0
Yes
47 0
47 1
47 2
47 3
48 3
48 2
48 1
48 0
49 0
49 1
49 2
49 3
47 4
48 4
49 4
0
Yes
40 35
41 35
42 35
43 35
43 34
42 34
41 34
40 34
40 33
41 33
42 33
43 33
41 32
42 32
43 32
43 31
44 31
44 32
44 33
44 34
44 35
45 35
45 34
45 33
45 32
1
587
47 28
47 29
48 28
46 29
46 28
46 27
47 27
48 27
49 27
49 26
48 26
47 26
46 26
46 25
47 25
48 25
49 25
46 24
47 24
48 24
49 24
46 23
47 23
48 23
49 23
47 22
48 22
49 22
45 25
45 26
45 27
45 28
45 29
44 29
44 28
Yes
14 10
14 11
13 11
13 10
15 10
16 10
16 9
15 9
14 9
13 9
15 8
14 8
13 8
14 7
13 7
13 6
14 6
15 6
15 5
14 5
14 4
15 4
12 9
12 8
12 7
12 6
12 5
11 5
11 6
11 7
11 8
11 9
11 10
10 10
9 10
9 11
9 12
9 13
10 9
9 9
10 8
10 7
10 6
10 5
9 8
9 7
9 6
9 5
8 5
8 6
8 7
8 8
7 7
7 6
8 10
8 11
8 12
8 13
8 14
7 13
7 14
7 15
7 16
6 16
6 15
6 14
5 14
5 15
0
Yes
42 42
42 43
42 44
41 44
41 43
41 42
43 44
43 43
43 42
43 41
42 41
41 41
43 40
42 40
41 40
42 39
41 39
40 39
40 40
40 41
40 42
40 43
0
No
0
Yes
22 48
22 49
23 49
23 48
24 48
24 49
25 49
25 48
25 47
24 47
23 47
22 47
22 46
23 46
24 46
25 46
21 47
21 48
21 49
20 48
20 49
26 47
26 48
26 49
27 47
28 47
28 46
29 46
29 47
30 46
30 47
31 47
28 48
29 48
30 48
31 48
28 49
29 49
30 49
31 49
32 49
32 48
32 47
32 46
33 46
33 47
33 48
33 49
33 45
33 44
32 44
31 44
30 44
30 43
31 43
32 43
33 43
34 43
35 43
35 44
36 44
35 45
36 45
37 45
38 45
38 46
37 46
36 46
35 46
34 46
34 47
34 48
34 49
35 47
36 47
35 48
35 49
36 49
37 49
38 49
39 49
39 46
39 47
40 46
40 47
40 48
40 49
41 47
41 48
41 49
35 42
34 42
33 42
32 42
31 42
30 42
32 41
31 41
30 41
29 41
29 40
30 40
31 40
32 40
32 39
31 39
30 39
28 40
28 41
27 41
27 40
26 41
26 40
27 39
26 39
25 39
25 38
24 38
24 37
25 37
24 36
25 36
26 38
27 38
26 37
27 37
26 36
27 36
36 42
37 42
38 42
38 41
37 41
36 41
38 40
37 40
36 40
35 40
37 39
36 39
35 39
34 39
34 38
35 38
36 38
1
599
6 3
5 3
7 3
8 3
9 3
9 4
10 4
10 3
10 2
9 2
8 2
7 2
6 2
5 2
5 1
6 1
7 1
8 1
9 1
10 1
11 1
12 1
12 0
11 0
10 0
9 0
8 0
7 0
6 0
5 0
4 2
4 1
4 0
Yes
23 0
23 1
23 2
22 2
22 1
22 0
21 2
21 1
21 0
20 2
20 1
20 0
19 2
19 1
19 0
18 1
18 0
17 0
17 1
17 2
17 3
16 2
16 1
16 0
17 4
17 5
17 6
17 7
18 7
18 6
18 5
18 4
19 4
19 5
19 6
20 5
20 6
20 7
21 7
21 6
21 5
15 1
15 0
24 2
24 1
24 0
25 0
25 1
25 2
26 1
26 2
26 3
25 3
24 3
24 4
25 4
25 5
24 5
25 6
24 6
24 7
23 7
23 8
23 9
24 9
24 10
23 10
0
Yes
49 10
49 11
49 12
49 13
48 13
48 12
48 11
48 10
48 9
49 9
49 8
48 8
47 8
47 9
47 10
47 11
47 12
47 13
46 13
46 12
46 11
46 10
46 9
0
No
0
Yes
14 25
14 24
13 24
13 25
12 25
12 24
13 26
14 26
15 25
15 26
16 25
16 26
16 27
15 27
14 27
13 27
12 27
12 28
13 28
14 28
15 28
16 28
17 28
17 27
15 29
14 29
13 29
15 30
14 30
13 30
14 31
13 31
12 31
12 32
13 32
14 32
14 33
13 33
12 33
11 33
10 33
9 33
8 33
14 34
13 34
12 34
11 34
10 34
9 34
8 34
12 35
13 35
14 35
11 35
10 35
9 35
8 35
8 36
9 36
10 36
11 36
9 37
10 37
11 37
11 38
7 36
7 35
7 34
7 33
6 35
6 34
6 33
6 32
7 32
7 31
6 31
12 37
12 38
12 39
15 35
16 35
16 36
15 36
14 36
13 36
13 37
13 38
13 39
14 37
14 38
14 39
15 37
15 38
16 37
13 40
14 40
0
Yes
36 32
36 33
37 32
37 33
38 32
38 33
39 32
39 33
39 34
38 34
37 34
36 34
35 34
38 35
37 35
36 35
35 35
34 35
34 36
35 36
36 36
37 36
38 36
34 37
35 37
36 37
37 37
38 37
0
No
0
No
0
Yes
26 27
25 27
25 26
26 26
27 26
27 25
26 25
25 25
24 26
24 25
24 24
25 24
26 24
27 24
28 24
23 24
23 25
23 26
23 27
28 23
27 23
26 23
25 23
24 23
23 23
23 22
22 27
22 26
22 25
22 24
22 23
22 22
22 21
23 21
24 21
21 25
21 26
21 27
23 20
24 20
25 20
25 19
24 19
23 19
23 18
24 18
25 18
0
Yes
28 17
27 17
27 16
28 16
27 15
28 15
28 14
27 14
29 14
29 15
29 16
29 17
30 15
30 16
30 17
27 13
26 14
26 13
26 12
27 12
28 12
29 12
30 12
30 11
29 11
28 11
27 11
26 11
26 10
27 10
27 9
26 9
25 11
25 12
25 13
25 14
25 15
25 16
24 16
24 15
24 14
24 13
24 12
24 11
23 11
23 12
23 13
23 14
23 15
23 16
31 17
31 16
31 15
31 14
32 14
32 15
32 16
32 17
33 17
33 18
32 18
31 18
30 18
29 18
28 18
27 18
29 19
30 19
31 19
32 19
30 20
31 20
32 20
33 20
33 21
32 21
31 21
33 22
32 22
31 22
30 22
30 23
31 23
32 23
33 23
30 24
31 24
32 24
33 24
34 24
34 25
33 25
32 25
0
Yes
14 6
15 6
15 5
14 5
14 4
15 4
14 7
13 6
13 7
13 8
14 8
15 8
12 8
12 7
12 6
12 5
11 5
11 6
11 7
11 8
10 5
10 6
10 7
10 8
9 5
9 6
9 7
9 8
8 8
8 7
8 6
8 5
7 6
7 7
9 9
10 9
11 9
12 9
13 9
14 9
15 9
11 10
10 10
9 10
8 10
8 11
9 11
9 12
8 12
9 13
8 13
8 14
7 13
7 14
7 15
7 16
6 16
6 15
6 14
5 14
5 15
15 10
14 10
13 10
13 11
14 11
6 6
0
Yes
49 0
49 1
49 2
49 3
48 3
48 2
48 1
48 0
47 0
47 1
47 2
47 3
1
615
1 45
2 45
2 44
1 44
2 43
3 43
1 46
1 47
0 47
0 46
0 45
0 44
0 43
0 42
1 42
2 42
3 42
4 42
3 41
2 41
1 41
0 41
2 40
0 40
5 42
5 43
5 41
6 41
6 42
6 43
6 40
6 44
6 45
5 45
6 46
7 46
7 45
7 44
7 43
7 42
8 42
8 43
8 44
8 45
8 46
9 46
9 45
9 44
9 43
9 42
9 41
10 41
10 42
10 43
10 44
10 45
10 46
10 47
11 47
11 46
12 46
11 44
11 43
6 39
6 38
5 38
5 39
Yes
12 8
12 9
13 9
13 8
13 10
13 11
14 11
14 10
14 9
14 8
15 8
15 9
15 10
16 10
16 9
14 7
13 7
12 7
13 6
14 6
12 6
12 5
15 6
15 5
14 5
11 5
11 6
11 7
11 8
11 9
11 10
14 4
15 4
10 10
10 9
10 8
10 7
10 6
10 5
9 5
9 6
9 7
9 8
9 9
9 10
8 10
8 8
8 7
8 6
8 5
7 6
7 7
8 11
9 11
9 12
8 12
9 13
8 13
0
No
0
Yes
8 43
8 42
7 42
7 43
7 44
8 44
6 44
6 43
6 42
5 43
5 42
5 41
6 41
9 44
9 43
9 42
9 41
10 41
10 42
10 43
10 44
11 44
11 43
10 45
9 45
8 45
7 45
6 45
6 46
7 46
8 46
9 46
10 46
0
Yes
19 21
20 21
20 20
19 20
20 19
19 19
19 18
20 18
20 17
18 18
18 19
18 20
18 21
18 22
19 22
20 22
21 22
21 23
20 23
19 23
17 21
17 20
17 19
16 21
16 20
16 19
1
617
47 23
47 22
46 23
46 24
47 24
48 22
48 23
48 24
49 22
49 23
49 24
49 25
48 25
47 25
46 25
45 25
45 26
46 26
47 26
48 26
49 26
49 27
48 27
47 27
46 27
45 27
48 28
47 28
46 28
45 28
47 29
46 29
45 29
44 29
44 28
44 27
44 26
44 25
44 24
43 24
43 23
42 23
42 24
42 22
42 21
41 21
41 22
41 23
41 24
40 24
40 23
40 22
40 21
40 20
41 20
43 25
42 25
41 25
Yes
3 23
3 24
2 23
1 23
1 22
2 22
2 21
1 21
4 24
4 23
4 22
5 22
5 23
5 24
6 24
6 23
6 22
7 22
7 23
7 24
4 21
6 21
6 20
6 19
6 18
5 18
5 19
4 25
5 25
6 25
7 25
5 26
6 26
7 26
6 27
7 27
6 28
7 28
6 29
7 29
6 30
7 30
8 30
8 29
8 28
8 27
8 26
8 25
9 25
9 26
9 27
9 28
9 29
9 30
10 26
10 25
0
Yes
47 49
47 48
48 48
48 49
49 48
49 49
48 47
47 47
47 46
48 46
0
No
0
Yes
2 29
1 29
0 29
0 30
1 30
2 30
2 28
1 28
0 28
0 27
1 27
2 27
0
Yes
30 0
30 1
30 2
29 2
29 1
29 0
28 0
28 1
28 2
31 1
31 0
31 2
0
Yes
9 22
9 23
9 21
10 23
10 22
10 21
11 22
1
621
33 28
33 29
33 30
33 31
33 32
34 32
34 31
34 30
34 29
34 28
32 32
32 31
32 30
32 29
32 28
32 27
33 27
34 27
34 26
33 26
32 26
31 26
31 27
31 28
31 29
31 30
31 31
31 32
31 33
31 34
30 34
30 33
30 32
30 31
30 30
30 29
30 28
30 27
29 34
29 33
29 32
29 31
29 30
29 29
29 28
29 27
28 27
28 28
28 29
28 30
28 31
28 32
27 32
27 31
27 30
27 29
Yes
13 11
14 11
13 10
14 10
15 10
16 10
17 10
17 11
18 11
18 10
18 12
18 13
17 13
16 13
16 14
17 14
18 14
15 14
14 14
14 15
15 15
16 15
17 15
18 15
18 16
17 16
16 16
15 16
14 16
14 17
15 17
16 17
16 18
15 18
5 13
13 15
13 16
13 17
5 4
10 15
12 17
12 16
12 15
12 14
11 14
11 15
18 9
17 9
16 9
15 9
14 9
13 9
15 8
14 8
13 8
14 7
13 7
13 6
14 6
15 6
15 5
14 5
14 4
15 4
12 9
12 8
12 7
12 6
12 5
11 5
11 6
11 7
11 8
11 9
11 10
10 10
9 10
8 10
8 11
9 11
9 12
8 12
9 13
8 13
8 14
7 13
7 14
7 15
7 16
6 16
6 15
6 14
5 14
5 15
10 9
9 9
10 8
10 7
10 6
10 5
9 8
9 7
9 6
9 5
8 5
8 6
8 7
8 8
7 7
7 6
9 4
10 4
10 3
9 3
8 3
7 3
6 3
5 3
10 2
9 2
8 2
7 2
6 2
5 2
4 2
3 2
3 1
4 1
5 1
6 1
7 1
8 1
9 1
10 1
11 1
12 1
12 0
11 0
10 0
9 0
8 0
7 0
6 0
5 0
4 0
3 0
6 6
0
Yes
49 48
49 49
48 49
48 48
48 47
47 47
47 48
47 49
0
Yes
24 21
24 20
25 20
25 19
24 19
25 18
24 18
23 18
23 19
23 20
23 21
22 21
22 18
22 19
23 22
22 22
22 23
23 23
24 23
25 23
26 23
27 23
28 23
28 24
27 24
26 24
25 24
24 24
23 24
22 24
27 25
26 25
25 25
24 25
23 25
22 25
24 26
25 26
26 26
27 26
23 26
22 26
23 27
22 27
21 27
21 26
21 25
25 27
26 27
27 27
27 28
26 28
21 19
21 23
21 22
20 23
20 22
19 23
19 22
18 22
20 21
19 21
18 21
17 21
16 21
20 20
20 19
19 20
19 19
18 20
18 19
17 20
17 19
16 20
16 19
15 19
15 20
15 21
18 18
19 18
20 18
26 20
15 22
15 23
14 23
14 22
14 21
14 20
13 20
13 21
12 21
12 20
11 20
11 21
11 19
0
Yes
48 39
48 38
49 38
49 39
48 37
49 37
0
Yes
1 31
2 31
3 31
4 31
5 31
0 31
0 32
1 32
2 32
3 32
4 32
5 32
5 33
4 33
3 33
2 33
1 33
0 33
0 34
1 34
2 34
3 34
4 34
5 34
5 35
4 35
3 35
2 35
1 35
0 35
5 36
4 36
3 36
2 36
1 36
0 36
1 37
2 37
3 37
4 37
1 38
2 38
3 38
4 38
3 39
4 39
5 39
5 38
6 38
6 39
6 35
6 34
6 33
6 32
6 31
7 31
7 32
7 33
7 34
7 35
7 36
8 36
8 35
8 34
8 33
9 33
9 34
9 35
9 36
9 37
10 37
10 36
10 35
10 34
0
Yes
48 4
48 5
48 6
49 4
49 5
49 6
49 7
48 7
47 7
46 7
46 8
47 8
48 8
49 8
46 9
47 9
48 9
49 9
46 10
47 10
48 10
49 10
46 11
47 11
48 11
49 11
46 12
47 12
48 12
49 12
46 13
47 13
48 13
49 13
47 14
48 14
49 14
1
627
40 10
40 11
41 11
41 10
41 12
40 12
42 10
43 10
44 10
45 10
45 9
44 9
43 9
42 9
41 9
40 9
42 8
43 8
44 8
45 8
41 8
40 8
41 7
40 7
40 6
39 6
39 7
39 8
39 9
39 10
39 11
39 12
38 8
38 9
38 10
38 11
38 12
37 12
37 11
37 10
37 9
37 8
36 8
36 9
35 8
35 9
35 10
34 10
34 9
34 8
44 7
43 7
43 6
44 6
44 5
43 5
43 4
42 4
42 3
43 3
43 2
42 2
44 2
41 2
40 2
39 2
39 3
39 4
38 4
37 4
37 5
36 5
35 5
35 6
34 6
34 5
40 1
41 1
42 1
43 1
44 1
45 1
45 0
44 0
43 0
42 0
41 0
40 0
33 5
33 6
38 13
39 13
40 13
40 14
39 14
38 14
38 15
39 15
40 15
41 15
40 16
39 16
40 17
39 17
39 18
38 18
38 17
42 15
42 16
43 16
43 15
44 15
44 16
44 17
44 18
44 19
44 20
45 20
45 19
45 18
45 17
45 16
46 19
46 20
46 16
46 17
47 17
47 16
47 15
47 14
48 14
49 14
43 14
42 14
42 13
43 13
49 13
48 13
47 13
46 13
46 12
47 12
48 12
49 12
46 11
47 11
48 11
Yes
10 25
10 26
9 25
9 26
9 27
9 28
9 29
9 30
10 30
10 31
11 30
11 31
12 31
12 32
8 30
8 29
8 28
8 27
8 26
8 25
7 30
7 29
7 28
7 27
7 26
7 25
6 30
6 29
6 28
6 27
6 26
6 25
5 26
5 25
4 25
7 24
6 24
5 24
4 24
3 24
3 23
4 23
5 23
6 23
7 23
7 22
6 22
5 22
4 22
6 21
6 20
12 33
11 33
11 34
12 34
12 35
11 35
11 36
11 37
11 38
12 37
12 38
12 39
6 19
6 18
5 18
5 19
2 23
1 23
1 22
2 22
2 21
1 21
13 39
13 38
13 37
13 40
14 40
14 39
14 38
14 37
15 38
15 37
16 37
14 41
14 42
14 43
14 44
14 45
15 45
16 45
16 46
15 46
16 47
15 47
14 47
14 48
15 48
16 48
15 43
15 42
16 42
16 43
17 43
17 42
18 42
18 43
18 44
19 44
19 43
19 42
20 42
20 43
16 36
15 36
14 36
13 36
13 35
14 35
15 35
16 35
13 34
14 34
13 33
14 33
13 32
14 32
13 31
14 31
13 30
14 30
15 30
15 29
14 29
13 29
13 28
12 28
12 27
13 27
0
Yes
20 39
20 38
20 37
19 37
19 38
19 39
18 37
18 38
18 39
0
Yes
25 20
24 20
23 20
25 19
24 19
23 19
25 18
24 18
23 18
0
Yes
7 3
8 3
6 3
5 3
5 2
6 2
7 2
8 2
4 2
3 2
3 1
4 1
5 1
6 1
7 1
8 1
3 0
4 0
5 0
6 0
7 0
8 0
2 2
2 3
2 4
3 4
3 5
2 5
4 5
4 6
3 6
2 6
3 7
2 7
3 8
2 8
2 9
2 10
9 0
9 1
9 2
9 3
9 4
10 4
10 3
10 2
10 1
10 0
11 1
11 0
12 1
12 0
10 5
9 5
8 5
11 5
12 5
12 6
11 6
10 6
9 6
8 6
7 6
7 7
8 7
9 7
10 7
11 7
12 7
8 8
9 8
10 8
11 8
12 8
12 9
11 9
10 9
9 9
11 10
10 10
9 10
8 10
8 11
9 11
9 12
8 12
9 13
8 13
8 14
7 13
7 14
7 15
7 16
6 16
6 15
6 14
5 15
5 14
4 14
3 14
2 14
1 14
1 13
1 12
1 11
1 10
1 9
1 8
1 7
1 6
1 5
1 4
1 3
1 2
0 2
0 3
0 4
0 5
0 6
0 7
0 8
0 9
0 10
0 11
0 12
1 15
0
Yes
18 11
17 11
18 12
18 13
17 13
16 13
16 14
17 14
18 14
15 14
14 14
14 15
15 15
16 15
17 15
18 15
18 16
17 16
16 16
15 16
14 16
14 17
15 17
16 17
19 16
19 15
19 14
19 13
19 12
19 11
19 10
18 10
17 10
16 10
15 10
20 10
20 11
20 12
20 13
20 14
20 15
20 16
20 17
21 10
21 11
21 12
21 13
21 14
21 15
21 16
22 16
22 15
22 14
22 13
22 12
13 15
13 16
13 17
12 17
12 16
12 15
12 14
11 14
11 15
14 10
14 11
13 11
13 10
13 18
13 19
18 9
17 9
16 9
15 9
14 9
13 9
15 8
14 8
13 8
13 7
14 7
13 6
14 6
15 6
15 5
14 5
14 4
15 4
20 18
20 19
20 20
20 21
19 18
19 19
19 20
19 21
18 18
18 19
18 20
18 21
18 22
19 22
20 22
19 23
20 23
21 23
21 22
17 21
17 20
17 19
16 21
16 20
16 19
16 18
15 18
15 19
15 20
15 21
15 22
15 23
14 23
14 22
14 21
14 20
13 20
13 21
12 21
12 20
11 20
11 21
0
Yes
41 44
41 43
40 43
40 42
41 42
40 41
41 41
40 40
41 40
40 39
41 39
42 39
42 40
42 41
42 42
42 43
42 44
43 44
43 43
43 42
43 41
43 40
44 40
44 39
0
Yes
19 2
19 1
18 1
18 0
19 0
17 0
17 1
17 2
17 3
16 2
16 1
16 0
15 1
15 0
17 4
17 5
17 6
17 7
18 7
18 6
18 5
18 4
19 4
19 5
19 6
20 5
20 6
20 7
21 7
21 6
21 5
20 2
20 1
20 0
21 2
21 1
21 0
22 2
22 1
22 0
23 2
23 1
23 0
24 0
24 1
24 2
24 3
24 4
24 5
24 6
14 1
23 5
21 4
25 6
25 5
25 4
25 3
25 2
25 1
25 0
26 1
26 2
26 3
27 1
27 2
27 3
27 4
28 4
28 3
28 2
28 1
28 0
29 2
29 1
29 0
30 2
30 1
30 0
31 0
31 1
31 2
31 3
32 3
32 2
1
601
9 43
9 44
9 45
9 46
8 46
8 45
8 44
8 43
8 42
9 42
7 42
7 43
7 44
7 45
7 46
6 46
6 45
6 44
6 43
6 42
10 42
10 43
10 44
10 45
10 46
Yes
22 23
22 24
22 22
22 21
23 22
23 23
23 24
23 21
24 21
23 20
24 20
25 20
25 19
24 19
23 19
22 19
22 18
23 18
24 18
25 18
24 23
24 24
25 23
25 24
26 23
26 24
27 23
27 24
28 24
28 23
27 25
26 25
25 25
24 25
23 25
22 25
21 25
21 26
22 26
23 26
24 26
25 26
26 26
27 26
25 27
26 27
27 27
23 27
22 27
21 27
28 27
29 27
26 28
27 28
28 28
29 28
26 29
27 29
28 29
29 29
27 30
28 30
29 30
27 31
28 31
29 31
27 32
28 32
29 32
29 33
29 34
30 34
30 33
30 32
30 31
30 30
30 29
30 28
30 27
31 34
31 33
31 32
31 31
31 30
31 29
31 28
31 27
31 26
32 26
32 27
32 28
32 29
32 30
32 31
32 32
33 32
33 31
33 30
33 29
33 28
33 27
33 26
34 26
34 27
34 28
34 29
34 30
34 31
34 32
35 32
35 31
35 30
35 29
35 28
35 27
35 26
36 26
36 27
36 28
36 29
37 29
37 28
37 27
36 31
36 32
36 33
37 32
37 33
38 32
38 33
39 32
39 33
39 34
38 34
37 34
36 34
35 34
38 35
37 35
36 35
35 35
34 35
34 36
35 36
36 36
37 36
38 36
34 37
35 37
0
Yes
46 7
46 8
46 9
47 7
47 8
47 9
48 9
48 8
48 7
49 7
49 8
49 9
0
Yes
0 7
0 8
1 8
1 7
2 7
2 8
3 8
3 7
3 6
2 6
1 6
0 6
4 6
4 5
3 5
2 5
1 5
0 5
3 4
2 4
1 4
0 4
2 3
1 3
0 3
0
Yes
28 0
28 1
27 1
26 1
26 2
27 2
28 2
28 3
27 3
26 3
27 4
28 4
29 2
29 1
29 0
30 2
30 1
30 0
25 3
25 2
25 1
25 0
25 4
25 5
25 6
24 6
24 5
24 4
24 3
24 2
24 1
24 0
24 7
23 7
23 8
23 9
24 9
24 10
23 10
23 2
23 1
23 0
22 2
22 1
22 0
21 2
21 1
21 0
20 2
20 1
20 0
19 2
19 1
19 0
18 1
18 0
31 0
31 1
31 2
31 3
32 3
32 2
17 0
17 1
17 2
17 3
16 2
16 1
16 0
15 1
15 0
17 4
17 5
17 6
17 7
18 7
18 6
18 5
18 4
14 1
0
Yes
9 21
10 21
10 22
9 22
9 23
10 23
1
616
16 25
16 26
15 25
15 26
15 27
16 27
14 27
14 26
14 25
14 28
15 28
16 28
Yes
47 23
47 22
46 23
46 24
47 24
48 22
48 23
48 24
49 22
49 23
49 24
49 25
48 25
47 25
46 25
45 25
44 25
44 24
43 25
43 24
43 23
42 23
42 24
42 25
41 25
41 24
41 23
40 24
40 23
42 22
41 22
40 22
42 21
41 21
40 21
40 20
41 20
41 19
42 19
43 19
44 19
44 20
45 20
45 19
46 19
46 20
45 18
44 18
44 17
45 17
46 17
47 17
47 16
46 16
45 16
44 16
44 15
37 19
41 18
44 13
43 12
43 16
43 15
42 16
42 15
41 15
42 14
43 14
40 15
40 16
40 17
40 14
43 13
42 13
41 26
42 26
40 13
39 16
39 17
39 15
39 14
39 13
38 15
38 14
38 13
39 18
38 18
38 17
39 21
39 22
38 22
38 21
44 26
45 26
46 26
47 26
48 26
49 26
49 27
48 27
47 27
46 27
45 27
44 27
48 28
47 28
46 28
45 28
44 28
44 29
45 29
46 29
47 29
47 19
43 28
42 27
38 19
0
No
0
No
0
Yes
2 34
2 35
2 36
2 37
1 37
1 36
1 35
1 34
0 36
0 35
0 34
0 33
1 33
2 33
3 33
3 34
3 35
3 36
3 37
4 37
4 36
4 35
4 34
4 33
5 36
5 35
5 34
5 33
6 35
6 34
6 33
7 33
7 34
7 35
7 36
8 36
8 35
8 34
8 33
9 33
9 34
9 35
9 36
9 37
10 37
10 36
10 35
10 34
10 33
7 32
6 32
5 32
4 32
3 32
2 32
1 32
0 32
7 31
6 31
5 31
4 31
3 31
2 31
1 31
0 31
1 38
2 38
3 38
4 38
3 39
4 39
0
Yes
40 43
40 42
40 41
41 41
41 42
41 43
41 44
42 44
42 43
42 42
42 41
43 41
43 42
43 43
43 44
43 40
42 40
41 40
40 40
40 39
41 39
42 39
0
Yes
31 26
32 26
33 26
34 26
35 26
35 27
34 27
33 27
32 27
31 27
30 27
29 27
29 28
30 28
31 28
32 28
33 28
34 28
35 28
35 29
34 29
33 29
32 29
31 29
30 29
29 29
35 30
34 30
33 30
32 30
31 30
30 30
29 30
29 31
30 31
31 31
32 31
33 31
34 31
35 31
35 32
34 32
33 32
32 32
31 32
30 32
1
641
1 28
2 28
2 27
1 27
2 29
1 29
1 30
2 30
0 30
0 29
0 28
0 27
Yes
5 3
6 3
7 3
8 3
8 2
7 2
6 2
5 2
4 2
3 2
3 1
4 1
5 1
6 1
7 1
8 1
3 0
4 0
5 0
6 0
7 0
8 0
9 0
9 1
9 2
9 3
9 4
10 4
10 3
10 2
10 1
10 0
11 1
11 0
12 1
12 0
10 5
9 5
8 5
8 6
7 6
7 7
8 7
8 8
9 6
9 7
9 8
10 6
10 7
10 8
9 9
10 9
10 10
9 10
8 10
11 10
11 9
11 8
11 7
11 6
11 5
12 5
12 6
12 7
12 8
12 9
8 11
9 11
9 12
8 12
9 13
8 13
8 14
7 13
7 14
7 15
7 16
6 16
6 15
6 14
5 15
5 14
5 4
0
Yes
45 9
45 10
44 10
44 9
43 10
43 9
45 8
44 8
43 8
43 7
44 7
44 6
43 6
44 5
43 5
43 4
43 3
43 2
44 2
44 1
43 1
45 1
45 0
44 0
43 0
46 0
47 0
47 1
47 2
46 2
46 3
47 3
47 4
48 4
48 3
48 2
48 1
48 0
48 5
48 6
48 7
47 7
46 7
46 8
46 9
46 10
47 8
47 9
47 10
48 8
48 9
48 10
46 11
47 11
48 11
46 12
47 12
48 12
46 13
47 13
48 13
49 13
49 12
49 11
49 10
49 9
49 8
49 7
49 6
49 5
49 4
49 3
49 2
49 1
49 0
47 14
48 14
49 14
42 4
42 3
42 2
42 1
42 0
41 2
41 1
41 0
40 0
40 1
40 2
39 2
39 3
39 4
40 4
44 11
38 2
39 0
47 15
45 3
0
No
0
No
0
Yes
21 27
22 27
23 27
21 26
22 26
23 26
21 25
22 25
23 25
0
No
0
Yes
42 39
41 39
40 39
40 40
41 40
42 40
43 40
43 41
42 41
41 41
40 41
40 42
41 42
42 42
43 42
40 43
41 43
42 43
43 43
0
No
0
Yes
2 45
2 44
2 43
3 43
1 44
1 45
1 46
1 47
0 47
0 46
0 45
0 44
0 43
0 42
1 42
2 42
3 42
4 42
3 41
2 41
1 41
0 41
5 42
5 43
5 41
6 41
6 42
6 43
6 40
6 44
6 45
6 46
7 46
7 45
7 44
7 43
7 42
8 42
8 43
8 44
8 45
8 46
9 46
9 45
9 44
9 43
9 42
9 41
10 41
10 42
10 43
10 44
10 45
10 46
10 47
11 47
11 46
11 44
11 43
6 39
6 38
5 38
5 39
12 46
0
No
0
Yes
21 7
20 7
21 6
20 6
21 5
20 5
19 6
19 5
19 4
18 4
18 5
18 6
18 7
17 7
17 6
17 5
17 4
17 3
17 2
16 2
16 1
17 1
15 1
15 0
16 0
17 0
18 1
18 0
19 0
19 1
19 2
20 2
20 1
20 0
21 2
21 1
21 0
22 2
22 1
22 0
23 2
23 1
23 0
24 0
24 1
24 2
24 3
24 4
24 5
24 6
24 7
23 7
23 8
23 9
24 9
24 10
23 10
23 11
24 11
23 12
24 12
23 13
24 13
23 14
24 14
23 15
24 15
23 16
24 16
25 6
25 5
25 4
25 3
25 2
25 1
25 0
26 1
26 2
26 3
27 1
27 2
27 3
27 4
28 4
28 3
28 2
28 1
28 0
29 2
29 1
29 0
30 2
30 1
30 0
31 0
31 1
31 2
31 3
32 2
32 3
33 3
33 4
33 5
33 6
34 6
34 5
35 5
35 6
1
616
5 0
5 1
5 2
4 2
4 1
4 0
3 2
3 1
3 0
6 2
6 1
6 0
Yes
10 46
10 47
11 47
11 46
10 45
9 46
9 45
8 46
8 45
7 46
7 45
6 46
6 45
6 44
7 44
8 44
9 44
10 44
11 44
11 43
10 43
9 43
8 43
7 43
6 43
5 43
7 42
8 42
9 42
10 42
6 42
5 42
5 41
6 41
6 40
4 42
10 41
9 41
6 39
6 38
5 38
5 39
4 39
4 38
3 39
3 38
2 38
4 37
3 37
2 37
2 36
3 36
4 36
5 36
5 35
4 35
3 35
2 35
6 35
7 35
7 36
8 36
8 35
9 35
9 36
9 37
10 37
10 36
10 35
11 36
11 37
11 35
11 38
3 42
3 43
3 41
2 41
2 42
2 43
2 44
2 45
1 38
1 37
1 36
1 35
0 36
0 35
1 44
1 45
1 46
1 47
0 47
0 46
0 45
0 44
0 43
1 42
1 41
0 42
0 41
14 49
12 37
12 38
12 39
13 39
13 38
13 37
13 40
14 40
14 39
14 38
14 37
15 38
15 37
12 46
14 41
14 42
14 43
14 44
14 45
15 45
16 45
16 46
15 46
16 47
15 47
14 47
14 48
15 48
16 48
15 43
15 42
16 42
16 43
17 43
17 42
18 42
18 43
18 44
19 44
19 43
1
655
40 40
40 39
41 39
41 40
40 41
41 41
42 39
42 40
42 41
Yes
12 24
12 25
13 24
13 25
14 24
14 25
15 25
16 25
16 26
15 26
14 26
13 26
13 27
14 27
15 27
16 27
12 27
12 28
13 28
14 28
15 28
16 28
15 29
14 29
13 29
15 30
14 30
13 30
14 31
13 31
12 31
11 31
11 30
10 31
10 30
9 30
9 29
9 28
9 27
8 30
8 29
8 28
8 27
8 26
9 26
10 26
10 25
9 25
8 25
7 25
7 26
7 27
7 28
7 29
7 30
7 31
6 30
6 29
6 28
6 27
6 26
6 25
6 31
7 24
6 24
7 23
6 23
7 22
6 22
6 21
6 20
5 26
5 25
5 24
5 23
5 22
4 22
4 23
4 24
4 25
3 24
3 23
17 28
17 27
2 23
1 23
1 22
2 22
2 21
1 21
6 19
6 18
5 18
5 19
5 31
4 31
7 32
6 32
5 32
4 32
12 32
13 32
14 32
14 33
13 33
12 33
11 33
11 34
12 34
13 34
14 34
12 35
13 35
14 35
13 36
14 36
15 36
15 35
16 35
16 36
10 34
10 33
0
Yes
27 17
27 18
28 18
28 17
27 16
28 16
27 15
28 15
29 15
29 16
29 17
29 18
29 14
28 14
0
Yes
22 18
22 19
23 18
23 19
23 20
24 18
24 19
24 20
24 21
23 21
22 21
22 22
22 23
22 24
22 25
21 25
23 22
23 23
23 24
23 25
25 20
25 19
25 18
25 17
25 16
25 15
25 14
26 14
27 14
27 13
26 13
25 13
25 12
26 12
27 12
25 11
26 11
27 11
28 11
28 12
29 12
29 11
30 11
30 12
27 10
26 10
26 9
27 9
24 23
24 24
24 25
24 26
23 26
22 26
21 26
21 27
22 27
23 27
25 23
25 24
25 25
25 26
25 27
26 23
26 24
26 25
26 26
26 27
26 28
26 29
27 26
27 25
27 24
27 23
27 27
27 28
27 29
28 23
28 24
27 30
27 31
27 32
28 32
28 31
28 30
28 29
28 28
28 27
29 27
29 28
29 29
29 30
29 31
29 32
29 33
29 34
30 34
30 33
30 32
0
Yes
49 37
48 37
48 38
49 38
48 39
49 39
49 40
0
No
0
No
0
Yes
9 2
10 2
10 3
9 3
8 3
8 2
8 1
9 1
10 1
10 0
9 0
8 0
7 3
7 2
7 1
7 0
6 3
6 2
6 1
6 0
5 3
5 2
5 1
5 0
0
Yes
2 9
2 10
1 10
1 9
1 11
1 12
1 13
0 12
0 11
0 10
0 9
0 8
1 8
2 8
3 8
3 7
2 7
1 7
0 7
0 6
1 6
2 6
3 6
4 6
4 5
3 5
2 5
1 5
0 5
3 4
2 4
1 4
0 4
2 3
1 3
0 3
1 14
2 14
3 14
4 14
5 14
5 15
6 14
6 15
6 16
7 16
7 15
7 14
7 13
8 13
8 12
8 11
8 10
8 14
9 13
9 12
9 11
9 10
10 10
11 10
9 9
10 9
11 9
12 9
12 8
11 8
10 8
9 8
8 8
8 7
7 7
7 6
8 6
8 5
9 7
10 7
11 7
12 7
9 6
10 6
11 6
12 6
9 5
10 5
11 5
12 5
10 4
9 4
0 2
1 2
2 2
3 2
4 2
4 1
3 1
3 0
4 0
0
Yes
34 31
34 32
35 32
35 31
35 30
34 30
33 32
33 31
33 30
32 32
32 31
32 30
31 32
31 31
31 30
31 29
32 29
33 29
34 29
35 29
35 28
34 28
33 28
32 28
31 28
31 27
32 27
33 27
34 27
35 27
31 26
32 26
33 26
34 26
35 26
0
No
0
Yes
37 27
36 27
36 28
37 28
37 29
36 29
0
Yes
41 33
41 32
42 32
42 33
40 33
40 34
41 34
42 34
40 35
41 35
42 35
43 35
43 34
43 33
43 32
43 31
44 31
44 32
44 33
44 34
44 35
45 35
45 34
45 33
45 32
46 32
46 33
46 34
46 35
0
Yes
1 28
2 28
2 27
1 27
0 27
0 28
0 29
1 29
2 29
3 29
3 30
2 30
1 30
0 30
3 31
2 31
1 31
0 31
3 32
2 32
1 32
0 32
1 26
2 26
0 33
1 33
2 33
3 33
3 34
2 34
1 34
0 34
0
Yes
42 35
43 35
44 35
44 34
43 34
42 34
42 33
43 33
44 33
42 32
43 32
44 32
41 32
41 33
41 34
41 35
40 35
40 34
40 33
0
Yes
39 10
39 11
39 12
38 12
38 11
38 10
37 12
37 11
37 10
40 12
40 11
40 10
41 12
41 11
41 10
42 10
42 9
41 9
40 9
39 9
38 9
37 9
42 8
41 8
40 8
39 8
38 8
37 8
41 7
40 7
39 7
0
Yes
29 19
30 19
30 20
31 20
31 19
32 19
32 20
33 20
33 21
32 21
31 21
32 18
31 18
30 18
29 18
33 18
33 17
32 17
31 17
30 17
29 17
32 16
31 16
30 16
29 16
30 15
31 15
32 15
29 15
29 14
28 14
28 15
28 16
28 17
28 18
32 14
31 14
27 18
27 17
27 16
27 15
33 22
32 22
31 22
30 22
30 23
31 23
32 23
33 23
34 20
0
Yes
3 35
3 36
3 37
4 37
4 36
4 35
5 36
5 35
6 35
4 34
5 34
6 34
4 33
5 33
6 33
7 33
7 34
7 35
7 36
8 36
8 35
8 34
8 33
9 33
9 34
9 35
9 36
9 37
10 37
10 36
10 35
11 35
11 36
11 37
11 38
4 38
3 38
3 39
4 39
5 39
5 38
6 38
6 39
6 40
6 41
5 41
5 42
6 42
5 43
6 43
4 42
6 44
6 45
6 46
7 46
7 45
7 44
7 43
7 42
8 42
8 43
8 44
8 45
8 46
9 46
9 45
9 44
9 43
9 42
9 41
10 41
10 42
10 43
10 44
10 45
10 46
11 46
11 44
11 43
3 42
3 43
3 41
11 47
10 47
2 41
2 42
2 43
2 44
2 45
1 44
1 45
1 46
1 47
0 47
0 46
0 45
0 44
0 43
1 42
1 41
0 42
0 41
2 38
2 37
2 36
2 35
1 38
1 37
1 36
1 35
0 35
0 36
12 37
12 38
12 39
13 37
13 38
13 39
12 46
0
No
0
No
0
Yes
23 1
23 2
22 2
22 1
21 2
21 1
20 2
20 1
19 2
19 1
18 1
18 0
19 0
20 0
21 0
22 0
23 0
17 0
17 1
17 2
17 3
17 4
17 5
17 6
17 7
18 7
18 6
18 5
18 4
19 4
19 5
19 6
20 5
20 6
20 7
21 7
21 6
21 5
16 2
16 1
16 0
15 1
15 0
24 0
24 1
24 2
24 3
24 4
24 5
24 6
23 5
21 4
14 1
25 6
25 5
25 4
25 3
25 2
25 1
25 0
26 1
26 2
26 3
0
Yes
49 48
48 48
48 47
47 47
47 48
47 49
48 49
49 49
47 46
48 46
0
Yes
44 1
44 2
45 1
45 0
44 0
46 0
47 0
47 1
47 2
46 2
46 3
47 3
47 4
48 4
48 3
48 2
48 1
48 0
48 5
49 5
49 4
49 3
49 2
49 1
49 0
43 0
43 1
43 2
43 3
43 4
42 4
42 3
42 2
42 1
42 0
41 2
41 1
41 0
40 0
40 1
40 2
39 2
39 3
39 4
38 4
37 4
37 5
37 6
45 3
36 5
35 5
35 6
34 6
34 5
33 6
33 5
33 4
33 3
32 3
32 2
31 3
31 2
31 1
31 0
30 2
30 1
30 0
29 2
29 1
29 0
28 0
28 1
28 2
0
Yes
34 8
34 9
34 10
35 10
35 9
35 8
36 8
36 9
37 8
37 9
37 10
37 11
37 12
38 12
38 11
38 10
38 9
38 8
39 12
39 11
39 10
39 9
39 8
39 7
39 6
40 6
40 7
40 8
40 9
40 10
40 11
40 12
41 12
41 11
41 10
41 9
41 8
41 7
42 8
42 9
42 10
43 10
43 9
43 8
43 7
44 7
44 8
44 9
44 10
45 10
45 9
45 8
44 6
43 6
43 5
44 5
46 8
46 9
46 10
36 12
1
678
46 37
45 37
46 38
45 38
45 39
44 39
44 40
43 40
43 41
43 42
44 42
45 42
45 43
44 43
43 43
43 44
44 44
45 44
44 45
42 44
42 43
42 42
42 41
42 40
41 44
41 43
41 42
41 41
41 40
40 43
40 42
40 41
40 40
39 41
40 39
41 39
42 39
42 38
46 44
46 43
46 42
46 41
47 41
47 42
47 43
47 44
48 42
46 45
47 45
48 45
Yes
31 29
30 29
30 30
31 30
30 28
31 28
30 27
31 27
31 26
30 31
31 31
31 32
32 32
32 31
32 30
32 29
32 28
32 27
32 26
32 25
33 32
33 31
33 30
33 29
33 28
33 27
33 26
33 25
34 25
34 26
34 27
34 28
34 29
34 30
34 31
34 32
34 24
33 24
32 24
31 24
30 24
30 23
31 23
30 22
31 22
31 21
31 20
30 20
30 19
31 19
29 19
29 18
30 18
31 18
28 18
27 18
27 17
28 17
29 17
30 17
31 17
32 23
33 23
32 22
33 22
32 21
33 21
32 20
33 20
32 19
32 18
32 17
33 17
33 18
32 16
31 16
30 16
29 16
28 16
27 16
27 15
28 15
29 15
30 15
31 15
32 15
32 14
31 14
29 14
28 14
35 32
35 31
35 30
35 29
35 28
35 27
35 26
36 26
36 27
36 28
36 29
37 29
37 28
37 27
36 31
36 32
36 33
37 32
37 33
38 32
38 33
39 32
39 33
39 34
38 34
37 34
36 34
35 34
38 35
37 35
36 35
35 35
34 35
34 36
35 36
36 36
37 36
38 36
34 37
35 37
36 37
37 37
0
No
0
Yes
48 13
48 14
47 14
47 13
46 13
46 12
47 12
48 12
46 11
47 11
48 11
49 14
49 13
49 12
49 11
49 10
48 10
47 10
46 10
45 10
44 10
44 9
45 9
46 9
47 9
48 9
49 9
45 8
46 8
47 8
48 8
49 8
44 8
46 7
47 7
48 7
49 7
0
No
0
Yes
31 49
32 49
33 49
34 49
35 49
36 49
37 49
38 49
39 49
35 48
34 48
33 48
32 48
31 48
31 47
32 47
33 47
34 47
35 47
36 47
32 46
33 46
34 46
35 46
36 46
40 45
37 46
38 46
38 45
37 45
36 45
35 45
39 46
39 47
40 46
40 47
40 48
40 49
41 47
41 48
41 49
42 49
42 48
42 47
42 46
30 47
30 48
30 49
30 46
29 46
29 47
29 48
29 49
28 46
28 47
28 48
28 49
37 48
43 46
43 47
43 48
43 49
36 44
35 44
44 47
45 47
0
No
0
Yes
34 10
35 10
34 9
35 9
34 8
35 8
36 8
36 9
37 8
37 9
37 10
37 11
37 12
38 12
38 11
38 10
38 9
38 8
39 12
39 11
39 10
39 9
39 8
39 7
39 6
40 6
40 7
40 8
40 9
40 10
40 11
40 12
41 12
41 11
41 10
41 9
41 8
41 7
42 8
42 9
42 10
43 10
43 9
43 8
0
Yes
5 19
5 18
6 18
6 19
6 20
6 21
6 22
7 22
7 23
6 23
7 24
6 24
5 22
5 23
5 24
4 22
4 23
4 24
4 25
5 25
6 25
7 25
5 26
6 26
7 26
6 27
7 27
8 25
8 26
8 27
9 27
9 26
9 25
10 25
10 26
3 24
3 23
2 23
1 23
1 22
2 22
2 21
1 21
9 28
8 28
7 28
6 28
6 29
7 29
8 29
9 29
9 30
8 30
0
No
0
Yes
26 49
26 48
26 47
25 47
25 48
25 49
25 46
24 46
24 47
24 48
24 49
23 46
23 47
23 48
23 49
22 46
22 47
22 48
22 49
21 47
1
644
43 6
43 7
44 7
44 6
44 5
43 5
Yes
0 46
0 47
1 47
1 46
1 45
0 45
2 45
2 44
1 44
0 44
0 43
2 43
3 43
3 42
2 42
4 42
3 41
2 41
1 41
1 42
0 42
0 41
5 42
5 43
5 41
6 41
6 42
6 43
6 44
6 45
6 46
7 46
7 45
7 44
8 46
8 45
8 44
9 46
9 45
9 44
10 45
10 46
10 44
11 44
10 47
11 47
11 46
7 43
7 42
8 43
8 42
9 43
10 43
11 43
9 42
10 42
10 41
9 41
5 45
12 46
2 40
0
Yes
22 16
23 16
24 16
24 15
23 15
22 15
24 14
23 14
22 14
24 13
23 13
22 13
22 12
23 12
24 12
21 16
21 15
21 14
21 13
21 12
0
No
0
Yes
0 29
0 30
0 31
0 32
0 33
0 34
0 35
0 36
1 36
1 35
1 34
1 33
1 32
1 31
1 30
1 29
2 29
2 30
2 31
2 32
2 33
2 34
2 35
2 36
3 29
3 30
3 31
3 32
3 33
3 34
3 35
3 36
4 31
4 32
4 33
4 34
4 35
4 36
5 36
5 35
5 34
5 33
5 32
5 31
4 37
3 37
2 37
1 37
0
No
0
No
0
Yes
48 49
47 49
47 48
48 48
49 48
49 49
48 47
47 47
0
Yes
30 31
30 30
30 29
30 28
30 27
31 27
31 28
31 29
31 30
31 31
31 32
31 26
32 32
32 31
32 30
32 29
32 28
32 27
32 26
33 32
33 31
33 30
33 29
33 28
33 27
33 26
34 32
34 31
34 30
34 29
34 28
34 27
34 26
35 26
35 27
35 28
35 29
35 30
35 31
35 32
36 31
36 32
36 26
36 27
36 28
36 29
37 29
37 28
37 27
0
Yes
40 35
41 35
42 35
43 35
44 35
45 35
46 35
46 34
45 34
44 34
43 34
42 34
41 34
40 34
40 33
41 33
42 33
43 33
44 33
45 33
46 33
41 32
42 32
43 32
44 32
45 32
46 32
0
Yes
47 22
47 23
46 23
46 24
47 24
48 22
48 23
48 24
49 22
49 23
49 24
49 25
48 25
47 25
46 25
45 25
45 26
46 26
47 26
48 26
49 26
49 27
48 27
47 27
46 27
45 27
48 28
47 28
46 28
0
Yes
2 3
2 4
1 4
1 3
0 3
0 4
0 2
1 2
2 2
0 5
1 5
2 5
0
Yes
28 16
27 16
27 15
28 15
28 14
29 14
29 15
29 16
30 15
30 16
27 17
28 17
29 17
30 17
27 18
28 18
29 18
30 18
31 18
31 17
31 16
31 15
31 14
32 14
32 15
32 16
32 17
32 18
33 18
33 17
0
Yes
7 2
7 3
8 3
8 2
6 3
6 2
5 3
5 2
4 2
3 2
3 1
4 1
5 1
6 1
7 1
8 1
3 0
4 0
5 0
6 0
7 0
8 0
9 0
9 1
9 2
9 3
10 3
10 2
10 1
10 0
11 1
11 0
12 1
0
Yes
38 40
38 41
38 42
37 42
37 41
37 40
37 39
36 41
36 42
36 40
36 39
36 38
37 38
38 38
38 37
37 37
36 37
38 36
37 36
36 36
38 35
37 35
36 35
36 34
37 34
38 34
39 34
36 33
37 33
38 33
39 33
39 32
38 32
37 32
35 34
35 35
35 36
35 37
35 38
35 39
35 40
34 39
34 38
34 37
34 36
34 35
35 42
1
708
28 49
28 48
28 47
28 46
29 46
29 47
29 48
29 49
30 46
30 47
30 48
30 49
31 47
31 48
31 49
32 49
32 48
32 47
32 46
33 46
33 47
33 48
33 49
34 46
34 47
34 48
34 49
35 48
35 49
35 47
35 46
36 47
36 46
Yes
10 0
10 1
10 2
10 3
10 4
9 4
9 3
9 2
9 1
9 0
8 3
8 2
8 1
8 0
7 3
7 2
7 1
7 0
6 3
6 2
6 1
6 0
5 3
5 2
5 1
5 0
4 2
4 1
4 0
11 1
11 0
12 1
12 0
9 5
10 5
8 5
11 5
12 5
12 6
11 6
10 6
9 6
8 6
7 6
7 7
8 7
9 7
10 7
11 7
12 7
13 6
13 7
14 7
14 6
15 6
15 5
14 5
14 4
15 4
8 8
9 8
10 8
11 8
12 8
13 8
14 8
15 8
3 2
3 1
3 0
12 9
13 9
14 9
15 9
11 9
10 9
9 9
11 10
10 10
9 10
8 10
8 11
9 11
9 12
8 12
9 13
8 13
8 14
7 13
7 14
7 15
7 16
6 16
6 15
6 14
5 15
5 14
4 14
3 14
2 14
1 14
1 13
1 12
1 11
0 12
0 11
15 10
14 10
13 10
13 11
14 11
16 10
16 9
17 9
17 10
0
Yes
0 35
1 35
2 35
3 35
4 35
5 35
5 34
4 34
3 34
2 34
1 34
0 34
0 33
1 33
2 33
3 33
4 33
5 33
5 32
4 32
3 32
2 32
1 32
0 32
4 31
5 31
3 31
2 31
1 31
0 31
5 36
4 36
3 36
2 36
1 36
0 36
1 37
2 37
3 37
4 37
0
Yes
15 27
15 28
15 29
15 30
16 28
16 27
17 27
17 28
16 26
15 26
16 25
15 25
14 25
14 26
14 27
14 28
14 29
14 30
14 31
14 32
14 33
14 34
13 30
13 29
13 28
13 27
13 26
13 25
13 31
13 32
13 33
13 34
12 25
12 24
13 24
14 24
12 27
12 28
12 32
12 31
12 33
12 34
12 35
13 35
14 35
15 35
16 35
16 36
15 36
14 36
13 36
11 33
11 34
11 35
11 36
10 33
10 34
10 35
10 36
11 31
11 30
10 30
10 31
16 37
15 37
14 37
13 37
15 38
14 38
13 38
14 39
13 39
13 40
14 40
14 41
12 39
12 38
12 37
11 37
11 38
10 37
9 37
9 36
9 35
9 34
9 33
8 33
8 34
8 35
8 36
7 36
7 35
7 34
7 33
6 35
6 34
6 33
6 32
7 32
7 31
6 31
6 30
7 30
14 42
14 43
14 44
14 45
15 45
16 45
16 46
15 46
16 47
15 47
14 47
14 48
15 48
16 48
15 43
15 42
16 42
16 43
17 43
17 42
1
707
10 45
10 46
5 45
9 46
9 45
8 46
8 45
7 46
7 45
7 44
8 44
9 44
10 44
10 43
9 43
8 43
7 43
7 42
8 42
9 42
10 42
10 41
9 41
11 43
11 44
6 46
6 45
6 44
6 43
6 42
Yes
46 2
46 3
47 3
47 2
47 4
47 1
48 1
48 2
48 3
48 4
48 5
48 6
49 6
49 5
49 4
49 3
49 2
49 1
49 0
48 0
47 0
46 0
45 0
45 1
44 1
44 0
44 2
43 2
43 1
43 0
43 3
43 4
42 4
42 3
42 2
42 1
42 0
41 2
41 1
41 0
40 0
40 1
40 2
39 0
0
Yes
29 41
29 40
30 40
30 41
30 39
31 39
31 40
31 41
32 39
32 40
32 41
30 42
31 42
32 42
33 42
34 42
34 43
33 43
32 43
31 43
30 43
30 44
31 44
32 44
33 44
0
Yes
19 23
20 23
21 23
21 22
20 22
19 22
18 22
20 21
19 21
18 21
17 21
16 21
20 20
19 20
18 20
17 20
16 20
22 22
22 23
22 21
22 24
23 22
23 23
23 24
23 21
24 21
23 20
24 20
25 20
24 23
24 24
25 23
25 24
26 23
26 24
27 23
27 24
27 25
26 25
25 25
24 25
23 25
22 25
21 25
21 26
22 26
23 26
24 26
25 26
26 26
27 26
25 27
26 27
27 27
23 27
22 27
21 27
26 28
27 28
26 29
27 29
27 30
28 24
28 23
27 31
27 32
26 32
26 33
26 34
27 34
27 35
27 36
27 37
27 38
27 39
26 36
26 37
26 38
26 39
25 39
25 38
25 37
25 36
24 36
24 37
24 38
26 40
27 40
28 40
28 41
27 41
26 41
28 32
28 31
28 30
28 29
28 28
28 27
29 27
29 28
29 29
29 30
29 31
29 32
30 32
29 33
30 33
31 33
31 34
30 34
29 34
25 19
24 19
23 19
23 18
24 18
25 18
28 42
22 18
22 19
21 19
20 19
19 19
18 19
17 19
16 19
18 18
19 18
20 18
23 37
0
Yes
1 8
2 8
3 8
3 7
2 7
1 7
1 6
2 6
3 6
3 5
2 5
1 5
3 4
2 4
1 4
2 3
1 3
2 2
1 2
0 2
0 3
0 4
0 5
0 6
0 7
0 8
0
Yes
27 3
27 4
28 4
28 3
27 2
28 2
27 1
28 1
28 0
29 2
29 1
29 0
30 2
30 1
30 0
31 0
31 1
31 2
0
Yes
10 44
11 44
11 43
10 43
10 42
10 45
10 46
10 47
11 47
11 46
9 46
9 45
9 44
9 43
9 42
8 42
8 43
8 44
8 45
8 46
7 46
7 45
7 44
7 43
7 42
6 46
6 45
6 44
6 43
6 42
5 43
5 42
4 42
5 41
6 41
6 40
9 41
10 41
6 39
6 38
5 38
5 39
4 39
4 38
3 38
3 39
3 42
3 43
3 41
2 41
2 42
2 43
2 44
2 45
1 44
1 45
1 46
1 47
0 47
0 46
0 45
0 44
0 43
1 42
1 41
0 42
0
Yes
30 20
31 20
31 21
31 22
30 22
30 23
31 23
30 24
31 24
32 24
32 23
32 22
32 21
32 20
33 20
33 21
33 22
33 23
33 24
34 24
34 25
33 25
32 25
32 19
31 19
30 19
30 18
31 18
32 18
33 18
33 17
32 17
31 17
30 17
32 16
31 16
30 16
29 19
29 18
29 17
29 16
28 18
28 17
28 16
27 18
27 17
27 16
27 15
28 15
29 15
30 15
31 15
32 15
32 14
31 14
29 14
28 14
27 14
27 13
26 14
26 13
26 12
27 12
28 12
29 12
30 12
30 11
29 11
28 11
27 11
26 11
26 10
27 10
27 9
26 9
25 11
25 12
25 13
25 14
25 15
25 16
25 17
25 18
25 19
25 20
24 18
24 19
24 20
24 21
23 20
23 21
23 19
23 18
22 18
22 19
34 20
0
Yes
21 14
21 15
21 16
21 13
21 12
22 12
22 13
22 14
22 15
22 16
23 16
23 15
23 14
23 13
23 12
24 16
24 15
24 14
24 13
24 12
0
No
0
Yes
31 47
31 48
32 48
32 47
32 46
33 46
33 47
33 48
30 48
30 47
30 46
29 46
29 47
29 48
28 46
28 47
28 48
28 49
29 49
30 49
31 49
32 49
33 49
34 46
34 47
34 48
34 49
35 48
35 49
35 47
35 46
0
Yes
48 10
48 11
48 12
49 12
49 11
49 10
49 9
48 9
48 8
49 8
47 8
47 9
47 10
47 11
47 12
46 12
46 11
46 10
46 9
46 8
45 8
45 9
45 10
0
Yes
19 14
19 15
20 15
20 14
21 14
21 15
22 15
22 14
23 14
23 15
24 15
24 14
24 13
23 13
22 13
21 13
20 13
19 13
22 12
23 12
24 12
21 12
20 12
19 12
21 11
20 11
19 11
21 10
20 10
19 10
24 11
23 11
23 10
24 10
24 9
23 9
18 10
18 11
18 12
18 13
18 14
18 15
24 16
23 16
22 16
21 16
20 16
19 16
18 16
20 17
0
No
0
Yes
44 5
43 5
43 6
44 6
44 7
43 7
0
Yes
31 32
32 32
33 32
34 32
35 32
36 32
36 31
35 31
34 31
33 31
32 31
31 31
35 30
34 30
33 30
32 30
31 30
31 29
32 29
33 29
34 29
35 29
36 29
36 28
35 28
34 28
33 28
32 28
31 28
31 27
32 27
33 27
34 27
35 27
36 27
36 26
35 26
34 26
33 26
32 26
31 26
0
Yes
10 10
11 10
11 9
10 9
9 9
9 10
8 10
8 11
9 11
9 12
8 12
9 13
8 13
8 14
7 13
7 14
6 14
12 9
13 9
13 10
13 11
14 11
14 10
14 9
15 10
15 9
15 8
14 8
13 8
12 8
11 8
10 8
9 8
8 8
16 9
16 10
17 10
17 9
14 7
13 7
12 7
11 7
10 7
9 7
8 7
7 7
7 6
8 6
9 6
10 6
11 6
12 6
13 6
14 6
15 6
12 5
11 5
10 5
9 5
8 5
9 4
10 4
10 3
9 3
8 3
7 3
6 3
5 3
10 2
9 2
8 2
7 2
6 2
5 2
4 2
3 2
3 1
4 1
5 1
6 1
7 1
8 1
9 1
10 1
11 1
12 1
12 0
11 0
10 0
9 0
8 0
7 0
6 0
5 0
4 0
3 0
15 5
14 5
14 4
15 4
5 14
5 15
6 15
7 15
7 16
6 16
18 9
5 13
5 4
6 6
0
Yes
46 10
46 11
46 12
46 13
47 13
47 12
47 11
47 10
48 10
48 11
48 12
48 13
49 13
49 12
49 11
49 10
49 9
48 9
47 9
46 9
46 8
47 8
48 8
49 8
46 7
47 7
48 7
49 7
0
Yes
48 3
48 4
47 4
47 3
46 3
46 2
47 2
48 2
47 1
48 1
48 5
48 6
49 6
49 5
49 4
49 3
49 2
49 1
49 0
48 0
47 0
46 0
45 0
45 1
44 1
44 0
44 2
43 2
43 1
43 0
43 3
43 4
42 4
42 3
42 2
42 1
42 0
41 2
41 1
41 0
40 0
40 1
40 2
39 2
39 3
39 4
38 4
37 4
37 5
36 5
35 5
35 6
34 6
34 5
33 6
33 5
33 4
33 3
32 3
32 2
31 3
31 2
31 1
31 0
30 2
30 1
30 0
29 2
29 1
29 0
28 0
28 1
28 2
27 1
27 2
27 3
28 3
0
Yes
10 47
11 47
11 46
10 46
10 45
9 46
9 45
9 44
10 44
11 44
11 43
10 43
9 43
10 42
9 42
9 41
10 41
8 42
8 43
8 44
8 45
8 46
7 46
7 45
7 44
7 43
7 42
6 46
6 45
6 44
6 43
6 42
0
Yes
20 37
20 38
20 39
21 38
21 39
21 40
22 40
22 39
22 38
19 37
19 38
19 39
19 40
18 40
18 39
18 38
18 37
0
Yes
19 44
19 43
20 43
20 42
19 42
18 44
18 43
18 42
0
Yes
1 34
2 34
3 34
4 34
4 33
3 33
2 33
1 33
1 32
2 32
3 32
4 32
4 31
3 31
2 31
1 31
3 30
2 30
1 30
0 30
0 31
0 32
0 33
0 34
3 29
2 29
1 29
0 29
0 35
1 35
2 35
3 35
4 35
0 36
1 36
2 36
3 36
4 36
4 37
3 37
2 37
1 37
1 38
2 38
3 38
4 38
0
Yes
44 43
44 42
45 42
45 43
46 43
46 42
46 41
47 41
47 42
47 43
43 42
43 43
43 41
43 40
44 40
44 39
45 39
45 38
46 38
46 37
45 37
42 40
42 41
42 42
42 43
42 39
41 39
41 40
41 41
41 42
41 43
41 44
42 44
43 44
44 44
45 44
46 44
47 44
46 45
47 45
48 45
40 43
40 42
40 41
40 40
40 39
39 41
48 42
49 42
49 41
49 40
48 46
47 46
47 47
48 47
47 48
48 48
49 48
47 49
48 49
49 49
49 39
48 39
48 38
49 38
48 37
49 37
38 41
38 42
38 40
37 42
37 41
37 40
37 39
36 41
36 42
36 40
36 39
35 40
35 39
42 38
35 42
35 43
35 44
35 45
36 44
36 45
36 46
37 46
37 45
1
729
2 5
2 6
2 7
3 7
3 6
3 5
4 5
4 6
3 8
2 8
1 8
1 7
1 6
1 5
0 5
0 6
0 7
0 8
3 4
2 4
1 4
0 4
2 3
1 3
0 3
2 2
1 2
0 2
Yes
40 16
40 17
39 16
39 17
39 18
38 18
38 17
39 15
40 15
41 15
38 15
38 14
39 14
40 14
40 13
39 13
38 13
38 12
39 12
40 12
41 12
37 12
37 11
38 11
39 11
40 11
41 11
37 10
38 10
39 10
40 10
41 10
42 10
43 10
44 10
45 10
46 10
46 11
46 12
46 13
47 13
47 12
47 11
47 10
47 14
47 15
47 16
47 17
46 17
46 16
45 16
45 17
45 18
44 18
44 17
44 16
44 15
43 16
43 15
42 15
42 16
42 14
43 14
43 13
42 13
48 14
48 13
48 12
48 11
48 10
49 14
49 13
49 12
49 11
49 10
49 9
48 9
47 9
46 9
45 9
44 9
43 9
42 9
41 9
40 9
39 9
38 9
37 9
37 8
38 8
39 8
40 8
41 8
42 8
43 8
44 8
45 8
46 8
47 8
48 8
49 8
46 7
47 7
48 7
49 7
41 7
40 7
39 7
39 6
40 6
44 7
43 7
43 6
44 6
44 5
43 5
36 8
36 9
35 8
35 9
35 10
34 10
34 9
34 8
44 19
45 19
46 19
46 20
45 20
44 20
43 19
42 19
41 19
41 20
40 20
40 21
39 21
38 21
38 22
39 22
40 22
47 19
41 21
0
Yes
47 22
48 22
49 22
49 23
48 23
47 23
46 23
46 24
47 24
48 24
49 24
49 25
48 25
47 25
46 25
45 25
45 26
46 26
47 26
48 26
49 26
49 27
48 27
47 27
46 27
0
Yes
23 49
24 49
24 48
23 48
22 48
22 49
21 49
21 48
20 48
20 49
21 47
22 47
23 47
24 47
22 46
23 46
24 46
0
Yes
26 2
26 3
26 1
25 1
25 2
25 3
25 4
25 5
25 6
24 6
24 5
24 4
24 3
24 2
24 1
23 2
23 1
22 2
22 1
21 2
21 1
20 2
20 1
19 2
19 1
18 1
17 1
17 2
17 3
17 4
17 5
17 6
18 4
18 5
18 6
19 4
19 5
19 6
20 5
20 6
21 5
21 6
21 7
20 7
18 7
17 7
16 2
16 1
15 1
15 0
16 0
17 0
18 0
19 0
20 0
21 0
22 0
23 0
24 0
25 0
0
Yes
31 26
32 26
33 26
34 26
35 26
35 27
34 27
33 27
32 27
31 27
30 27
30 28
31 28
32 28
33 28
34 28
35 28
35 29
34 29
33 29
32 29
31 29
30 29
35 30
34 30
33 30
32 30
31 30
30 30
30 31
31 31
32 31
33 31
34 31
35 31
36 31
36 26
36 27
36 28
36 29
37 29
37 28
37 27
35 32
34 32
33 32
32 32
31 32
0
Yes
19 19
19 18
18 18
18 19
18 20
19 20
20 18
20 19
20 20
0
No
0
Yes
29 29
29 28
29 27
28 27
28 28
28 29
27 29
27 28
27 27
26 29
26 28
26 27
25 27
27 26
26 26
25 26
24 26
27 25
26 25
25 25
24 25
24 24
25 24
26 24
27 24
28 24
23 24
23 25
23 26
23 27
22 27
22 26
22 25
22 24
21 25
21 26
21 27
28 23
27 23
26 23
25 23
24 23
23 23
22 23
23 22
22 22
0
Yes
2 2
2 3
1 2
1 3
0 2
0 3
0 4
1 4
2 4
3 4
3 5
2 5
1 5
0 5
4 5
4 6
3 6
2 6
1 6
0 6
3 7
2 7
1 7
0 7
3 8
2 8
1 8
0 8
2 9
1 9
0 9
2 10
1 10
0 10
1 11
0
Yes
35 37
35 38
36 38
36 37
37 38
37 37
38 38
38 37
34 38
34 37
34 36
35 36
36 36
37 36
38 36
34 35
35 35
36 35
37 35
38 35
35 34
0
Yes
9 42
9 41
10 41
10 42
10 43
9 43
11 43
11 44
10 44
9 44
10 45
9 45
9 46
10 46
10 47
11 47
11 46
8 46
8 45
8 44
8 43
8 42
7 42
7 43
7 44
7 45
7 46
6 46
6 45
6 44
6 43
6 42
5 43
5 42
0
Yes
9 25
10 25
10 26
9 26
9 27
9 28
8 25
8 26
8 27
8 28
7 28
7 27
7 26
7 25
7 24
6 27
6 28
6 26
6 25
6 24
5 26
5 25
5 24
5 23
6 23
7 23
8 23
7 22
6 22
5 22
6 21
6 20
6 19
6 18
5 18
5 19
9 23
10 23
9 22
10 22
11 22
9 21
10 21
11 21
11 20
12 20
12 21
13 21
13 20
13 19
13 18
14 20
14 21
14 22
14 23
14 24
13 24
12 24
12 25
13 25
14 25
13 26
14 26
14 27
13 27
12 27
12 28
13 28
14 28
13 17
12 17
12 16
13 16
13 15
12 15
12 14
11 14
11 15
14 17
14 16
14 15
14 14
15 23
15 22
15 21
15 20
4 22
4 23
4 24
4 25
3 24
3 23
2 23
1 23
1 22
2 22
2 21
1 21
15 19
15 18
15 17
15 16
15 15
15 14
16 17
16 18
16 19
16 20
16 21
16 16
16 15
16 14
16 13
17 13
17 14
17 15
17 16
17 19
17 20
17 21
18 21
18 22
19 21
19 22
19 23
20 21
20 22
20 23
21 23
21 22
13 29
14 29
15 29
15 28
15 27
15 26
15 25
16 25
16 26
16 27
16 28
17 28
17 27
15 30
14 30
13 30
14 31
13 31
11 28
0
Yes
49 1
49 2
49 3
49 4
49 5
49 6
48 6
48 5
48 4
48 3
48 2
48 1
47 4
47 3
47 2
47 1
46 2
46 3
47 0
48 0
49 0
46 0
45 0
45 1
44 1
44 0
44 2
43 2
43 1
43 0
43 3
43 4
42 4
42 3
42 2
42 1
42 0
41 2
41 1
41 0
40 0
40 1
40 2
39 2
39 3
39 4
38 4
39 0
40 4
45 3
1
743
15 0
15 1
16 1
16 0
16 2
17 2
17 1
17 0
17 3
17 4
17 5
17 6
17 7
18 7
18 6
18 5
18 4
19 4
19 5
19 6
20 5
20 6
20 7
21 7
21 6
21 5
18 1
18 0
19 0
19 1
19 2
20 2
20 1
20 0
21 2
21 1
21 0
22 2
22 1
22 0
23 2
23 1
23 0
24 0
24 1
24 2
Yes
13 28
12 28
12 27
13 27
13 26
13 29
13 30
14 30
14 29
14 28
14 27
14 26
14 25
13 25
12 25
12 24
13 24
14 24
14 23
14 22
14 21
14 20
13 21
13 20
13 19
13 18
12 20
12 21
11 20
11 21
11 22
10 21
10 22
10 23
9 21
9 22
9 23
8 23
7 23
7 22
7 24
7 25
8 25
9 25
10 25
10 26
9 26
8 26
7 26
9 27
8 27
7 27
6 27
6 26
6 25
6 24
6 23
6 22
6 21
6 20
6 19
6 18
6 28
7 28
8 28
9 28
9 29
8 29
7 29
6 29
6 30
7 30
8 30
9 30
10 30
11 30
13 17
12 17
12 16
13 16
13 15
12 15
11 15
14 17
14 16
14 15
14 14
11 14
12 14
10 31
11 31
5 18
5 19
5 26
5 25
5 24
5 23
5 22
4 22
4 23
4 24
4 25
3 24
3 23
15 23
15 22
15 21
15 20
15 30
15 29
15 28
15 27
15 26
15 25
16 25
16 26
16 27
16 28
17 28
17 27
15 19
15 18
15 17
15 16
15 15
15 14
16 17
16 18
16 19
16 20
16 21
16 16
16 15
16 14
16 13
17 13
17 14
17 15
17 16
17 19
17 20
17 21
0
Yes
42 34
43 34
44 34
44 33
43 33
42 33
42 32
43 32
44 32
44 31
43 31
41 32
41 33
41 34
40 33
40 34
40 35
41 35
42 35
43 35
44 35
45 35
45 34
45 33
45 32
46 35
46 34
46 33
46 32
0
Yes
22 25
21 25
21 26
22 26
22 24
23 24
23 25
23 26
24 26
24 25
24 24
25 24
25 25
25 26
26 26
26 25
26 24
27 25
27 26
27 24
28 24
28 23
27 23
26 23
25 23
24 23
23 23
0
Yes
3 5
4 5
4 6
3 6
3 7
3 8
2 8
2 7
2 6
2 5
1 5
1 6
1 7
1 8
0 8
0 7
0 6
0 5
3 4
2 4
1 4
0 4
2 9
1 9
0 9
0
Yes
17 4
17 3
17 2
17 5
17 6
17 7
18 7
18 6
18 5
18 4
19 4
19 5
19 6
20 5
20 6
20 7
21 7
21 6
21 5
17 1
18 1
19 1
19 2
20 2
20 1
21 2
21 1
21 0
20 0
19 0
18 0
17 0
16 2
16 1
16 0
15 1
15 0
22 2
22 1
22 0
23 2
23 1
23 0
24 0
24 1
24 2
24 3
24 4
24 5
24 6
25 6
25 5
25 4
25 3
25 2
25 1
25 0
26 1
26 2
26 3
0
Yes
9 35
9 36
9 37
10 37
10 36
10 35
11 36
11 37
11 35
11 38
12 35
12 37
12 38
8 36
8 35
8 34
9 34
10 34
11 34
12 34
11 33
10 33
9 33
8 33
12 33
12 32
13 32
13 33
13 34
13 35
13 36
13 37
13 38
14 34
14 33
14 32
14 35
14 36
14 37
14 38
15 38
15 37
15 36
15 35
16 35
16 36
16 37
14 31
13 31
12 31
7 36
7 35
7 34
7 33
12 39
13 39
14 39
0
Yes
29 32
29 33
29 34
30 34
30 33
30 32
31 34
31 33
31 32
32 32
33 32
34 32
35 32
28 32
27 32
27 31
28 31
29 31
30 31
31 31
32 31
33 31
34 31
35 31
35 30
34 30
33 30
32 30
31 30
30 30
29 30
28 30
27 30
27 29
28 29
29 29
30 29
31 29
32 29
33 29
34 29
35 29
35 28
34 28
33 28
32 28
31 28
30 28
29 28
28 28
27 28
27 27
28 27
29 27
30 27
31 27
32 27
33 27
34 27
35 27
31 26
32 26
33 26
34 26
35 26
36 26
36 27
36 28
36 29
37 29
37 28
37 27
26 27
26 28
26 29
36 31
36 32
26 32
26 33
26 34
27 34
27 35
27 36
27 37
27 38
27 39
26 36
26 37
26 38
26 39
25 39
25 38
25 37
25 36
24 36
24 37
24 38
29 26
0
Yes
40 46
39 46
39 47
40 47
40 48
41 47
41 48
42 48
42 47
42 46
43 46
43 47
43 48
43 49
42 49
41 49
40 49
39 49
38 49
37 49
36 49
35 49
35 48
35 47
35 46
34 46
34 47
34 48
34 49
33 46
33 47
33 48
33 49
32 46
32 47
32 48
32 49
31 47
31 48
31 49
30 49
30 48
30 47
30 46
29 46
29 47
29 48
29 49
28 46
28 47
0
No
0
No
0
Yes
30 1
30 2
29 2
29 1
31 1
31 2
31 3
32 2
32 3
33 3
33 4
31 0
30 0
29 0
28 0
28 1
28 2
28 3
28 4
32 0
33 0
27 4
27 3
27 2
27 1
28 5
29 5
28 6
28 7
27 6
33 5
32 5
31 5
31 6
31 7
33 6
33 7
34 6
34 5
35 6
35 5
36 5
37 5
37 6
37 4
0
Yes
35 35
35 36
35 37
35 38
36 38
36 37
36 36
36 35
37 38
37 37
37 36
37 35
38 35
38 36
38 37
38 38
39 38
35 34
36 34
37 34
38 34
39 34
36 33
37 33
38 33
39 33
39 32
38 32
37 32
34 35
34 36
34 37
34 38
0
No
0
Yes
45 43
45 44
44 44
44 43
44 42
45 42
43 44
43 43
43 42
43 41
43 40
44 40
42 38
39 41
42 44
42 43
42 42
42 41
42 40
42 39
46 42
46 43
46 44
46 45
46 41
47 41
47 42
47 43
47 44
47 45
48 45
48 42
48 46
47 46
41 44
41 43
41 42
41 41
41 40
41 39
40 39
40 40
40 41
40 42
40 43
44 39
47 47
48 47
47 48
48 48
49 48
47 49
48 49
49 49
45 39
44 45
0
Yes
20 38
20 37
19 37
19 38
18 37
18 38
21 38
22 38
22 39
21 39
20 39
19 39
18 39
18 40
19 40
21 40
0
Yes
24 0
25 0
25 1
24 1
24 2
25 2
24 3
25 3
25 4
24 4
24 5
25 5
25 6
24 6
23 2
23 1
23 0
22 2
22 1
22 0
21 2
21 1
21 0
26 3
26 2
26 1
20 2
20 1
20 0
0
No
0
No
0
No
0
Yes
1 23
2 23
2 22
1 22
1 21
2 21
0
Yes
4 35
4 36
5 36
5 35
6 35
6 34
5 34
4 34
6 33
5 33
4 33
4 37
3 37
3 36
3 35
3 34
3 33
3 32
4 32
5 32
6 32
7 32
2 32
2 33
2 34
2 35
2 36
2 37
1 37
1 36
1 35
1 34
1 33
1 32
0 36
0 35
0 34
0 33
0 32
1 38
2 38
3 38
4 38
3 39
4 39
7 31
6 31
5 31
4 31
3 31
2 31
1 31
0
Yes
30 17
30 18
30 19
29 19
29 18
29 17
28 18
28 17
27 18
27 17
27 16
28 16
29 16
30 16
30 15
29 15
28 15
27 15
31 15
31 16
31 17
31 18
31 19
32 19
32 18
32 17
32 16
32 15
33 17
33 18
32 14
31 14
0
Yes
18 14
18 13
18 12
18 11
18 10
19 10
19 11
19 12
19 13
19 14
20 10
20 11
20 12
20 13
20 14
21 10
21 11
21 12
21 13
21 14
1
771
32 21
32 20
31 20
31 21
31 22
32 22
32 23
31 23
31 24
32 24
32 25
30 24
30 23
30 22
33 20
33 21
33 22
33 23
33 24
33 25
Yes
23 14
23 15
23 16
24 16
24 15
24 14
22 16
22 15
22 14
21 16
21 15
21 14
20 16
20 15
20 14
19 16
19 15
19 14
18 16
18 15
18 14
18 13
19 13
20 13
21 13
22 13
23 13
24 13
22 12
23 12
24 12
21 12
20 12
19 12
18 12
18 11
19 11
20 11
21 11
21 10
20 10
19 10
0
No
1
770
34 35
34 36
34 37
34 38
35 38
35 37
35 36
35 35
35 34
36 34
36 35
36 36
36 37
36 38
37 38
37 37
37 36
37 35
37 34
38 38
38 37
38 36
38 35
38 34
39 34
36 33
37 33
38 33
39 33
39 32
38 32
37 32
Yes
23 1
23 2
22 2
22 1
21 2
21 1
20 2
20 1
19 2
19 1
18 1
18 0
19 0
20 0
21 0
22 0
23 0
24 0
24 1
24 2
24 3
24 4
24 5
24 6
24 7
23 7
25 6
25 5
25 4
25 3
25 2
25 1
25 0
26 1
26 2
26 3
27 1
27 2
27 3
27 4
28 4
28 3
28 2
28 1
28 0
29 2
29 1
29 0
30 2
30 1
30 0
31 0
31 1
31 2
31 3
17 0
17 1
17 2
17 3
17 4
17 5
17 6
17 7
18 7
18 6
18 5
18 4
19 4
19 5
19 6
20 5
20 6
20 7
21 7
21 6
21 5
16 2
16 1
16 0
15 1
15 0
32 2
32 3
33 3
14 1
23 8
23 9
24 9
24 10
23 10
23 11
24 11
25 11
25 12
25 13
25 14
25 15
25 16
25 17
25 18
25 19
25 20
24 18
24 19
24 20
24 21
23 20
23 21
23 19
23 18
22 18
22 19
26 20
23 5
0
Yes
27 16
27 17
27 18
28 18
28 17
28 16
29 16
29 17
29 18
30 18
30 17
30 16
31 16
31 17
31 18
32 16
32 17
32 18
32 19
31 19
30 19
29 19
33 18
33 17
32 15
31 15
30 15
29 15
28 15
27 15
0
Yes
27 47
26 47
25 47
25 48
26 48
26 49
25 49
0
Yes
48 39
49 39
48 38
49 38
48 37
49 37
0
Yes
7 16
6 16
7 15
6 15
5 15
5 14
6 14
0
Yes
6 21
6 20
6 19
6 18
5 18
5 19
6 22
7 22
5 22
4 22
4 23
5 23
6 23
7 23
8 23
3 23
3 24
4 24
5 24
6 24
7 24
4 25
5 25
6 25
7 25
5 26
6 26
7 26
6 27
7 27
8 25
8 26
8 27
9 27
9 26
9 25
10 25
10 26
9 23
10 23
9 22
10 22
11 22
9 21
10 21
11 21
11 20
12 20
12 21
13 21
13 20
13 19
13 18
14 20
14 21
14 22
14 23
14 24
13 24
12 24
12 25
13 25
14 25
13 26
14 26
14 27
13 27
12 27
12 28
13 28
14 28
15 23
15 22
15 21
15 20
15 19
15 18
16 18
16 19
16 20
16 21
17 21
17 20
17 19
16 17
15 17
14 17
13 17
12 17
12 16
13 16
14 16
15 16
16 16
17 16
17 15
16 15
15 15
14 15
13 15
12 15
12 14
11 14
11 15
14 14
15 14
16 14
17 14
17 13
16 13
13 29
14 29
13 30
14 30
15 30
15 29
15 28
15 27
15 26
15 25
16 25
16 26
16 27
16 28
17 28
17 27
9 28
8 28
7 28
0
Yes
18 20
18 21
19 21
19 20
20 20
20 21
20 19
19 19
18 19
18 18
19 18
20 18
18 22
19 22
20 22
0
Yes
29 47
29 46
30 46
30 47
31 47
28 46
28 47
28 48
29 48
30 48
31 48
28 49
29 49
30 49
31 49
32 49
32 48
32 47
0
Yes
3 37
4 37
4 38
3 38
2 38
2 37
1 38
1 37
1 36
2 36
3 36
4 36
0 36
0 35
1 35
2 35
3 35
4 35
4 34
3 34
2 34
1 34
0 34
0 33
1 33
2 33
3 33
4 33
4 32
3 32
2 32
1 32
0 32
4 31
3 31
2 31
1 31
0 31
3 30
2 30
1 30
0 30
3 29
2 29
1 29
0 29
2 28
1 28
0 28
5 36
5 35
5 34
5 33
5 32
5 31
6 35
6 34
6 33
0
No
1
780
7 1
7 2
7 3
6 3
6 2
6 1
5 3
5 2
5 1
4 2
4 1
4 0
5 0
6 0
7 0
Yes
6 24
7 24
7 25
6 25
8 25
9 25
10 25
10 26
9 26
8 26
7 26
6 26
5 26
5 25
5 24
4 25
4 24
6 27
7 27
8 27
9 27
9 28
8 28
7 28
6 28
6 29
7 29
8 29
9 29
9 30
8 30
7 30
6 30
10 30
11 30
4 23
5 23
6 23
7 23
8 23
7 22
6 22
5 22
4 22
6 21
9 23
10 23
9 22
10 22
11 22
9 21
10 21
11 21
12 21
13 21
14 21
14 22
14 23
15 23
15 22
15 21
14 24
13 24
12 24
12 25
13 25
14 25
15 25
13 26
14 26
15 26
15 27
14 27
13 27
12 27
12 28
13 28
14 28
15 28
15 29
14 29
13 29
13 30
14 30
15 30
16 25
16 26
16 27
16 28
17 28
17 27
11 20
12 20
13 20
14 20
15 20
4 21
11 19
6 20
11 31
10 31
3 24
3 23
2 23
1 23
1 22
2 22
2 21
1 21
6 19
6 18
5 18
5 19
7 31
6 31
0
Yes
11 46
11 47
10 47
10 46
10 45
9 46
9 45
8 46
8 45
7 46
7 45
6 46
6 45
6 44
7 44
8 44
9 44
10 44
11 44
11 43
10 43
9 43
8 43
7 43
6 43
5 43
7 42
8 42
9 42
10 42
6 42
5 42
5 41
6 41
6 40
12 46
10 41
9 41
5 45
4 42
0
Yes
8 8
9 8
9 9
9 10
8 10
8 11
9 11
10 10
10 9
10 8
10 7
9 7
8 7
7 7
7 6
8 6
9 6
10 6
8 5
9 5
10 5
11 10
11 9
11 8
11 7
11 6
11 5
12 5
12 6
12 7
12 8
12 9
13 6
13 7
13 8
13 9
0
No
0
No
0
Yes
43 33
44 33
45 33
46 33
46 34
45 34
44 34
43 34
46 35
45 35
44 35
43 35
46 32
45 32
44 32
43 32
0
Yes
48 6
49 6
48 5
49 5
49 4
48 4
47 4
47 3
48 3
49 3
46 3
46 2
47 2
48 2
49 2
47 1
48 1
49 1
49 0
48 0
47 0
46 0
45 0
45 1
44 1
44 0
44 2
43 2
43 3
43 4
42 4
42 3
42 2
43 1
43 0
42 1
42 0
41 2
41 1
41 0
40 0
40 1
40 2
0
Yes
38 40
38 41
38 42
39 41
37 42
37 41
37 40
37 39
36 39
36 40
36 41
36 42
35 42
35 43
35 40
35 39
35 44
36 44
35 45
36 45
37 45
38 45
38 46
37 46
36 46
35 46
36 47
35 47
35 48
34 46
34 47
34 48
33 46
33 47
33 48
33 49
34 49
35 49
36 49
37 49
38 49
39 49
39 46
39 47
40 46
40 47
40 48
40 49
41 47
41 48
41 49
42 49
42 48
42 47
42 46
43 46
43 47
43 48
43 49
40 41
40 40
40 39
41 39
41 40
42 39
42 40
43 40
41 41
42 41
43 41
44 40
44 39
45 39
45 38
46 38
46 37
45 37
40 42
41 42
42 42
43 42
40 43
41 43
42 43
43 43
41 44
42 44
0
Yes
8 0
8 1
8 2
8 3
7 3
7 2
7 1
7 0
6 3
6 2
6 1
6 0
5 3
5 2
5 1
5 0
4 2
4 1
4 0
9 3
9 2
9 1
9 0
10 2
10 3
10 1
10 0
11 1
11 0
12 1
12 0
10 4
9 4
3 0
3 1
3 2
2 2
2 3
1 3
1 2
0 2
0 3
5 4
0
Yes
9 8
8 8
9 9
9 10
6 6
10 10
10 9
10 8
11 10
11 9
11 8
12 9
12 8
13 8
13 9
13 10
14 10
14 9
14 8
14 7
13 7
12 7
11 7
10 7
9 7
8 7
13 6
14 6
12 6
11 6
10 6
9 6
8 6
8 5
9 5
10 5
11 5
12 5
14 5
14 4
15 4
15 5
15 6
7 6
7 7
15 8
15 9
15 10
14 11
13 11
0
No
0
Yes
20 49
20 48
21 48
21 49
21 47
22 47
22 48
22 49
23 49
23 48
23 47
24 47
24 48
24 49
25 49
25 48
25 47
26 47
26 48
26 49
25 46
24 46
23 46
22 46
0
Yes
19 42
20 42
20 43
19 43
18 42
18 43
18 44
19 44
0
No
0
Yes
0 10
1 10
1 11
0 11
0 12
1 12
2 10
0
No
0
Yes
47 0
47 1
46 0
45 0
45 1
44 1
44 0
44 2
43 2
43 1
43 0
43 3
43 4
42 4
42 3
42 2
42 1
42 0
47 2
46 2
46 3
47 3
47 4
48 4
48 3
48 2
48 1
48 0
49 0
49 1
49 2
49 3
49 4
0
No
0
No
0
Yes
18 37
18 38
19 37
19 38
20 37
20 38
20 39
19 39
18 39
18 40
19 40
21 38
21 39
0
Yes
40 40
40 39
41 39
41 40
42 39
42 40
43 40
43 41
42 41
41 41
40 41
40 42
41 42
42 42
43 42
40 43
41 43
42 43
43 43
41 44
42 44
43 44
0
Yes
7 43
7 42
8 42
8 43
8 44
7 44
6 44
6 43
6 42
5 43
5 42
5 41
6 41
12 46
4 42
6 45
7 45
8 45
9 45
9 44
9 43
9 42
9 41
3 42
3 43
3 41
2 41
2 42
2 43
2 44
2 45
1 44
1 45
1 42
1 41
0 41
0 42
0 43
0 44
0 45
10 41
10 42
10 43
10 44
10 45
11 44
11 43
6 46
7 46
8 46
9 46
10 46
10 47
11 47
11 46
1 46
0 46
1 47
0 47
2 40
0
Yes
49 22
48 22
47 22
47 23
48 23
49 23
46 23
46 24
47 24
48 24
49 24
49 25
48 25
47 25
46 25
45 25
45 26
46 26
47 26
48 26
49 26
49 27
48 27
47 27
46 27
45 27
48 28
47 28
46 28
45 28
47 29
46 29
45 29
44 29
44 28
0
No
0
No
1
795
29 15
30 15
30 16
29 16
29 17
30 17
31 17
31 16
31 15
32 15
32 16
32 17
28 17
28 16
28 15
28 18
29 18
30 18
31 18
32 18
32 19
31 19
30 19
29 19
Yes
30 46
29 46
28 46
28 47
29 47
30 47
27 47
26 47
26 48
26 49
31 47
28 48
29 48
30 48
31 48
28 49
29 49
30 49
31 49
32 49
32 48
32 47
32 46
33 46
33 47
33 48
33 49
34 46
34 47
34 48
34 49
35 48
35 49
35 47
35 46
36 47
36 46
35 45
36 45
36 44
35 44
35 43
35 42
36 42
19 49
25 49
25 48
25 47
25 46
24 46
24 47
24 48
24 49
23 46
23 47
23 48
23 49
22 46
22 47
22 48
22 49
21 47
21 48
21 49
20 48
20 49
40 45
38 43
34 39
37 42
38 42
38 41
37 41
36 41
38 40
37 40
36 40
35 40
35 39
36 39
37 39
37 45
37 46
38 45
38 46
39 46
39 47
40 46
40 47
0
No
0
No
0
Yes
16 21
17 21
16 20
17 20
17 19
16 19
15 19
15 18
16 18
18 19
18 20
18 21
18 22
18 18
19 18
19 19
19 20
19 21
19 22
20 21
20 20
20 19
20 18
20 22
20 17
21 19
20 23
19 23
19 24
19 25
18 24
17 24
21 23
21 22
22 23
22 22
23 22
22 21
16 17
15 17
14 17
14 16
15 16
16 16
17 16
17 15
16 15
15 15
14 15
14 14
15 14
16 14
17 14
14 13
17 13
16 13
13 15
0
Yes
35 6
34 6
34 5
35 5
36 5
37 5
37 6
37 4
38 4
39 4
40 4
39 3
39 2
38 2
37 2
36 2
36 1
35 1
34 1
40 2
41 2
41 1
40 1
41 0
40 0
39 0
33 6
33 5
33 4
33 7
32 5
31 5
0
No
1
752
47 42
47 41
47 43
47 44
47 45
48 45
48 46
47 46
47 47
48 47
47 48
48 48
47 49
48 49
46 45
46 44
46 43
46 42
46 41
45 42
45 43
45 44
44 44
44 43
44 42
Yes
3 7
3 8
2 8
2 7
2 9
2 10
1 10
1 9
1 8
1 7
1 11
1 12
1 13
1 14
2 14
3 14
4 14
0 12
0 11
0 10
0 9
0 8
0 7
0 6
1 6
2 6
3 6
4 6
4 5
3 5
2 5
1 5
0 5
3 4
2 4
1 4
0 4
5 14
1 15
5 13
0
No
0
No
1
751
48 10
48 11
48 12
48 13
48 14
49 14
49 13
49 12
49 11
49 10
47 14
47 13
47 12
47 11
47 10
46 13
46 12
46 11
46 10
46 9
47 9
48 9
49 9
49 8
48 8
47 8
46 8
Yes
39 6
40 6
39 7
40 7
41 7
41 8
40 8
39 8
38 8
37 8
36 8
36 9
37 9
38 9
39 9
40 9
41 9
37 10
38 10
39 10
40 10
41 10
41 11
40 11
39 11
38 11
37 11
37 12
38 12
39 12
40 12
41 12
40 13
39 13
38 13
42 10
42 9
42 8
43 10
43 9
43 8
43 7
44 7
44 8
44 9
44 10
44 6
43 6
43 5
44 5
35 8
35 9
35 10
34 10
34 9
34 8
45 10
45 9
45 8
38 14
39 14
40 14
38 15
39 15
40 15
41 15
40 16
39 16
40 17
39 17
39 18
38 18
38 17
42 15
42 16
43 16
43 15
44 15
44 16
44 17
44 18
45 18
45 17
45 16
46 16
46 17
47 17
47 16
43 14
43 13
42 13
42 14
45 19
44 19
44 20
45 20
46 20
46 19
36 12
44 11
0
Yes
20 6
20 7
21 7
21 6
21 5
20 5
19 6
19 5
19 4
18 4
18 5
18 6
18 7
17 7
17 6
17 5
17 4
17 3
17 2
16 2
16 1
17 1
15 1
15 0
16 0
17 0
18 1
18 0
19 0
19 1
19 2
20 2
21 2
22 2
23 2
24 2
24 3
24 4
24 5
24 6
24 7
23 7
23 8
25 6
25 5
25 4
25 3
25 2
26 3
26 2
23 9
24 9
24 10
23 10
23 11
24 11
25 11
25 12
26 12
26 11
26 10
26 9
27 9
27 10
27 11
27 12
28 12
28 11
29 11
29 12
30 12
30 11
27 2
27 3
27 4
28 4
28 3
28 2
29 2
30 2
31 2
31 3
20 1
21 1
22 1
23 1
24 1
25 1
26 1
27 1
28 1
29 1
30 1
31 1
20 0
21 0
22 0
23 0
24 0
25 0
32 2
32 3
33 3
33 4
33 5
33 6
34 6
34 5
35 6
35 5
36 5
37 5
37 4
38 4
39 4
39 3
39 2
40 2
41 2
41 1
40 1
40 0
41 0
21 4
0
No
1
819
13 24
12 24
12 25
13 25
13 26
14 24
14 25
14 26
15 25
15 26
16 25
16 26
14 23
15 23
16 27
15 27
14 27
13 27
12 27
12 28
13 28
14 28
15 28
16 28
17 28
17 27
15 29
14 29
13 29
15 30
14 30
13 30
14 31
13 31
12 31
11 31
11 30
10 31
10 30
9 30
9 29
9 28
9 27
8 30
8 29
8 28
8 27
8 26
9 26
10 26
10 25
9 25
8 25
7 25
7 26
7 27
7 28
7 29
7 30
7 31
7 24
7 23
8 23
9 23
10 23
7 22
9 22
10 22
11 22
9 21
10 21
11 21
11 20
12 20
12 21
13 21
13 20
13 19
13 18
13 17
13 16
12 17
12 16
12 15
12 14
11 14
11 15
14 20
14 21
14 22
15 22
15 21
15 20
7 32
6 32
6 31
6 30
6 29
6 28
6 27
6 26
6 25
6 24
6 23
6 22
11 19
11 28
5 26
5 25
5 24
5 23
5 22
4 22
4 23
4 24
4 25
3 24
3 23
2 23
1 23
1 22
2 22
2 21
1 21
Yes
19 1
19 2
20 2
20 1
21 2
21 1
18 1
18 0
19 0
20 0
21 0
17 0
17 1
17 2
17 3
16 2
16 1
16 0
15 1
15 0
17 4
17 5
17 6
17 7
18 7
18 6
18 5
18 4
19 4
19 5
19 6
20 5
20 6
20 7
21 7
21 6
21 5
22 2
22 1
22 0
23 2
23 1
23 0
24 0
24 1
24 2
24 3
24 4
24 5
24 6
36 5
14 1
23 5
25 6
25 5
25 4
25 3
25 2
25 1
25 0
26 1
26 2
26 3
27 1
27 2
27 3
27 4
28 4
28 3
28 2
28 1
28 0
29 2
29 1
29 0
30 2
30 1
30 0
31 0
31 1
31 2
31 3
32 2
32 3
33 3
33 4
33 5
33 6
34 6
34 5
35 6
35 5
33 7
21 4
0
No
0
Yes
8 27
9 27
9 28
8 28
9 29
8 29
7 29
7 28
7 27
6 27
6 28
6 29
6 26
7 26
8 26
9 26
10 26
10 25
9 25
8 25
7 25
6 25
5 26
5 25
4 25
7 24
6 24
5 24
4 24
3 24
3 23
4 23
5 23
6 23
7 23
8 23
7 22
6 22
5 22
4 22
9 23
10 23
9 22
10 22
11 22
2 23
1 23
1 22
2 22
2 21
1 21
9 21
10 21
11 21
11 20
6 21
6 20
6 19
6 18
5 18
5 19
12 20
12 21
13 21
13 20
13 19
13 18
13 17
13 16
12 17
12 16
12 15
12 14
11 14
11 15
14 20
14 21
14 22
14 23
14 24
13 24
12 24
12 25
13 25
14 25
13 26
14 26
14 27
13 27
12 27
12 28
13 28
14 28
13 29
14 29
15 23
15 22
15 21
15 20
15 29
15 28
15 27
15 26
15 25
16 25
16 26
16 27
16 28
17 28
17 27
15 30
14 30
13 30
11 19
0
Yes
14 4
15 4
15 5
14 5
15 6
14 6
13 6
12 6
12 5
11 5
11 6
10 5
10 6
9 5
9 6
8 5
8 6
7 6
7 7
8 7
9 7
10 7
11 7
12 7
13 7
14 7
8 8
9 8
10 8
11 8
12 8
13 8
14 8
15 8
12 9
13 9
14 9
15 9
11 9
10 9
9 9
11 10
10 10
9 10
8 10
1
812
14 40
14 39
14 38
15 38
15 37
14 37
16 37
16 36
15 36
14 36
16 35
15 35
14 35
14 34
14 33
14 32
9 32
13 40
13 39
13 38
13 37
13 36
13 35
13 34
13 33
13 32
12 39
12 38
12 37
11 38
11 37
11 36
10 37
10 36
9 37
9 36
8 36
7 36
7 35
8 35
9 35
10 35
11 35
12 35
12 34
12 33
12 32
11 34
11 33
10 34
10 33
9 34
9 33
8 34
8 33
7 34
7 33
Yes
13 27
12 27
12 28
13 28
13 29
13 30
13 31
14 31
14 30
14 29
14 28
14 27
15 30
15 29
15 28
15 27
12 31
11 31
11 30
10 31
10 30
9 30
9 29
9 28
9 27
8 30
8 29
8 28
8 27
13 26
14 26
15 26
15 25
14 25
13 25
12 25
12 24
13 24
14 24
14 23
15 23
15 22
14 22
8 26
9 26
10 26
10 25
9 25
8 25
7 25
7 26
7 27
7 28
7 29
7 30
7 31
7 32
6 32
6 31
6 30
6 29
6 28
6 27
6 26
6 25
7 24
6 24
6 23
7 23
8 23
7 22
6 22
9 23
10 23
9 22
10 22
11 22
9 21
10 21
11 21
11 20
6 21
6 20
5 26
5 25
5 24
5 23
5 22
4 22
4 23
4 24
4 25
3 24
3 23
16 25
16 26
16 27
16 28
17 28
17 27
2 23
1 23
1 22
2 22
2 21
1 21
6 19
6 18
5 18
5 19
12 20
12 21
13 21
14 21
15 21
13 20
14 20
15 20
4 21
11 19
2 20
5 29
0
Yes
28 16
27 16
27 17
28 17
27 15
28 15
29 15
29 16
29 17
30 15
30 16
30 17
31 17
31 16
31 15
27 18
28 18
29 18
30 18
31 18
0
No
0
Yes
20 49
20 48
21 48
21 49
21 47
22 47
22 48
22 49
22 46
23 46
23 47
23 48
23 49
24 46
24 47
24 48
24 49
25 46
25 47
25 48
25 49
26 49
26 48
26 47
1
789
8 36
8 35
8 34
8 33
7 33
7 34
7 35
7 36
9 33
9 34
9 35
9 36
10 33
10 34
10 35
10 36
Yes
12 17
13 17
14 17
12 16
13 16
14 16
13 15
14 15
12 15
12 14
11 14
11 15
14 14
15 14
15 15
15 16
15 17
15 18
15 19
16 18
16 17
16 16
16 15
16 14
16 19
16 13
17 13
17 14
17 15
17 16
16 20
16 21
17 21
17 20
17 19
18 19
18 20
18 21
18 22
18 18
19 18
19 19
19 20
19 21
19 22
19 23
20 18
20 19
20 20
20 21
20 22
20 23
21 19
22 19
22 18
23 18
23 19
23 20
24 18
24 19
24 20
24 21
23 21
22 21
25 20
25 19
25 18
25 17
25 16
25 15
25 14
26 14
27 14
27 13
26 13
25 13
25 12
26 12
27 12
28 12
29 12
30 12
30 11
29 11
28 11
27 11
26 11
25 11
24 11
23 11
23 10
24 10
24 9
23 9
26 10
27 10
27 9
26 9
23 22
22 22
21 22
21 23
22 23
23 23
0
Yes
21 47
22 47
22 46
23 46
23 47
24 46
24 47
25 46
25 47
26 47
27 47
26 48
25 48
24 48
23 48
22 48
21 48
20 48
20 49
21 49
22 49
23 49
24 49
25 49
26 49
0
Yes
15 6
15 5
15 4
14 4
14 5
14 6
14 7
14 8
15 8
15 9
14 9
16 9
17 9
18 9
18 10
17 10
16 10
15 10
14 10
14 11
13 11
13 10
13 9
13 8
13 7
13 6
12 9
12 8
12 7
12 6
12 5
11 5
11 6
11 7
11 8
11 9
11 10
10 10
10 9
10 8
10 7
10 6
10 5
9 5
9 6
9 7
9 8
9 9
9 10
8 10
8 8
8 7
8 6
8 5
7 6
7 7
8 11
9 11
9 12
8 12
0
Yes
37 36
38 36
38 37
37 37
38 38
37 38
36 38
36 37
36 36
35 36
35 37
35 38
34 38
34 37
34 36
34 35
35 35
36 35
37 35
38 35
0
Yes
32 24
32 25
31 24
30 24
30 23
31 23
32 23
30 22
31 22
32 22
31 21
32 21
32 20
31 20
30 20
30 19
31 19
32 19
32 26
31 26
31 27
32 27
30 27
29 27
28 27
28 28
29 28
30 28
31 28
32 28
32 29
31 29
30 29
29 29
28 29
28 30
29 30
30 30
31 30
32 30
27 30
27 29
27 28
27 27
26 29
26 28
26 27
25 27
27 26
26 26
25 26
24 26
27 25
26 25
25 25
24 25
27 31
28 31
29 31
30 31
31 31
32 31
32 32
31 32
30 32
29 32
28 32
27 32
36 32
29 26
29 33
30 33
31 33
24 24
25 24
26 24
27 24
28 24
28 23
27 23
26 23
25 23
24 23
31 34
30 34
29 34
36 31
32 34
34 20
33 20
33 21
33 22
33 23
33 24
33 25
33 26
33 27
33 28
33 29
33 30
33 31
33 32
34 24
34 25
34 26
34 27
34 28
34 29
34 30
34 31
34 32
35 32
35 31
35 30
35 29
35 28
35 27
35 26
36 26
36 27
36 28
36 29
37 29
37 28
37 27
0
No
0
Yes
1 28
2 28
2 27
1 27
1 26
2 26
0 27
0 28
0 29
1 29
2 29
3 29
3 30
2 30
1 30
0 30
0 31
1 31
2 31
3 31
4 31
5 31
5 32
4 32
3 32
2 32
1 32
0 32
0 33
1 33
2 33
3 33
4 33
5 33
6 33
6 34
5 34
4 34
3 34
2 34
1 34
0 34
6 35
5 35
4 35
3 35
2 35
1 35
0 35
5 36
4 36
3 36
2 36
1 36
0 36
1 37
2 37
3 37
4 37
1 38
2 38
3 38
4 38
3 39
4 39
1
830
48 10
49 10
49 9
48 9
48 8
49 8
49 7
48 7
47 7
47 8
47 9
47 10
46 7
46 8
46 9
46 10
46 11
47 11
48 11
49 11
46 12
47 12
48 12
49 12
49 6
Yes
28 49
28 48
29 48
29 49
30 49
30 48
31 48
31 49
31 47
30 47
29 47
28 47
28 46
29 46
30 46
32 47
32 48
32 49
32 46
33 46
33 47
33 48
33 49
34 46
34 47
34 48
34 49
35 48
35 49
35 47
35 46
36 47
36 46
37 46
38 46
38 45
37 45
36 45
35 45
36 44
35 44
35 43
39 46
39 47
40 46
40 47
40 48
41 47
41 48
36 49
37 49
38 49
39 49
40 49
41 49
42 49
42 48
42 47
42 46
43 46
43 47
43 48
43 49
35 42
39 38
40 45
33 36
39 41
36 42
37 42
38 42
38 41
37 41
36 41
38 40
37 40
36 40
35 40
37 39
36 39
35 39
34 39
34 38
35 38
36 38
37 38
38 38
38 37
37 37
36 37
35 37
34 37
34 36
35 36
36 36
37 36
38 36
34 35
35 35
36 35
37 35
38 35
0
No
0
Yes
15 46
16 46
16 45
15 45
16 47
15 47
16 48
15 48
14 48
14 47
0
No
0
No
0
Yes
45 37
45 38
46 38
46 37
0
Yes
23 48
23 49
24 49
24 48
25 48
25 49
26 49
26 48
26 47
25 47
24 47
23 47
25 46
24 46
23 46
22 46
22 47
22 48
22 49
21 47
21 48
21 49
20 48
20 49
0
Yes
47 29
47 28
48 28
48 27
47 27
49 27
49 26
48 26
47 26
47 25
48 25
49 25
49 24
48 24
47 24
46 24
46 25
46 26
46 27
46 28
46 29
46 30
46 23
47 23
48 23
49 23
47 22
48 22
49 22
45 29
45 28
45 27
45 26
45 25
44 29
44 28
44 27
44 26
44 25
44 24
46 31
0
Yes
6 18
5 18
5 19
6 19
6 20
0
Yes
20 38
20 37
19 37
19 38
18 37
18 38
18 39
19 39
20 39
19 40
18 40
21 38
21 39
1
835
42 35
43 35
41 35
40 35
40 34
41 34
42 34
43 34
40 33
41 33
42 33
43 33
41 32
42 32
43 32
43 31
39 34
39 33
39 32
38 32
38 33
38 34
38 35
37 32
37 33
37 34
37 35
36 33
36 34
36 35
35 34
35 35
34 35
44 31
44 32
44 33
44 34
44 35
45 35
45 34
45 33
45 32
46 32
46 33
46 34
46 35
34 36
35 36
36 36
37 36
38 36
38 37
37 37
36 37
35 37
34 37
38 38
37 38
36 38
35 38
34 38
34 39
35 39
36 39
37 39
Yes
9 44
9 45
9 46
8 46
8 45
8 44
7 46
7 45
7 44
6 46
6 45
6 44
10 45
10 46
10 44
10 43
9 43
8 43
7 43
6 43
5 43
7 42
8 42
9 42
10 42
6 42
5 42
5 41
6 41
12 46
4 42
10 41
9 41
3 42
3 43
3 41
2 41
2 42
2 43
2 44
2 45
1 44
1 45
1 46
1 42
1 41
1 47
11 43
11 44
10 47
11 47
11 46
0 47
0 46
0 45
0 44
0 43
0 42
0 41
5 45
2 40
0
Yes
2 36
3 36
4 36
5 36
5 35
4 35
3 35
2 35
2 34
3 34
4 34
5 34
5 33
4 33
3 33
2 33
2 32
3 32
4 32
5 32
5 31
4 31
3 31
2 31
1 31
1 32
1 33
1 34
1 35
1 36
0 36
0 35
0 34
0 33
0 32
0 31
3 30
2 30
1 30
0 30
3 29
2 29
1 29
0 29
2 28
1 28
0 28
0 27
1 27
2 27
1
847
49 2
49 3
49 4
49 5
48 5
48 4
48 3
48 2
47 4
47 3
47 2
46 2
46 3
47 1
48 1
49 1
48 6
49 6
49 7
48 7
47 7
46 7
46 8
47 8
48 8
49 8
46 9
47 9
48 9
49 9
46 10
47 10
48 10
49 10
46 11
47 11
48 11
49 11
46 12
47 12
48 12
49 12
49 0
48 0
47 0
45 3
46 13
47 13
48 13
49 13
Yes
12 27
12 28
13 28
13 27
13 26
13 29
13 30
13 31
14 31
14 30
14 29
14 28
14 27
14 26
15 30
15 29
15 28
15 27
15 26
16 26
16 27
16 28
17 28
17 27
14 32
13 32
12 32
12 31
11 31
11 30
10 31
10 30
9 30
9 29
9 28
9 27
14 33
13 33
12 33
11 33
10 33
9 33
14 34
13 34
12 34
11 34
10 34
9 34
12 35
13 35
14 35
11 35
10 35
9 35
11 36
10 36
9 36
9 37
10 37
11 37
11 38
12 37
12 38
12 39
15 35
16 35
16 36
15 36
14 36
13 36
13 37
13 38
13 39
14 37
14 38
14 39
15 37
15 38
16 37
9 26
10 26
10 25
9 25
13 40
14 40
14 41
16 25
15 25
14 25
13 25
12 25
12 24
13 24
14 24
14 23
15 23
15 22
14 22
15 21
14 21
15 20
14 20
13 20
13 21
12 21
12 20
11 20
11 21
11 22
10 21
10 22
10 23
9 21
9 22
9 23
11 19
14 42
14 43
14 44
14 45
15 45
16 45
16 46
15 46
16 47
15 47
14 47
14 48
15 48
16 48
15 43
15 42
16 42
16 43
13 45
0
Yes
1 32
1 33
1 34
1 35
1 36
0 36
0 35
0 34
0 33
0 32
0 31
1 31
2 31
2 32
2 33
2 34
2 35
2 36
3 36
3 35
3 34
3 33
3 32
3 31
4 31
4 32
4 33
4 34
4 35
4 36
5 36
5 35
5 34
5 33
5 32
5 31
6 35
6 34
6 33
6 32
6 31
0
Yes
43 48
43 49
42 49
42 48
42 47
43 47
44 47
45 47
43 46
42 46
41 47
41 48
41 49
40 48
40 49
40 47
39 47
39 46
40 46
40 45
38 46
38 45
37 45
37 46
39 49
38 49
37 49
37 48
36 49
36 46
36 45
36 44
36 47
35 44
35 45
35 46
35 47
35 48
35 49
34 46
34 47
34 48
34 49
35 43
35 42
36 42
37 42
38 42
38 43
36 41
37 41
38 41
39 41
38 40
37 40
36 40
35 40
34 42
34 43
33 42
33 43
33 44
33 45
33 46
33 47
33 48
33 49
32 46
32 47
32 48
32 49
31 47
31 48
31 49
32 44
32 43
32 42
32 41
32 40
32 39
31 39
31 40
31 41
31 42
31 43
31 44
30 44
30 43
30 42
30 41
30 40
30 39
29 43
29 40
29 41
28 40
28 41
28 42
27 41
27 40
26 41
26 40
27 39
26 39
25 39
27 38
26 38
25 38
24 38
24 37
25 37
26 37
27 37
23 37
28 37
29 37
29 36
24 36
25 36
26 36
27 36
27 35
27 34
26 34
25 34
26 33
26 32
25 32
24 32
30 49
30 48
30 47
30 46
29 46
29 47
29 48
29 49
28 46
0
Yes
43 47
43 46
43 48
43 49
42 46
42 47
42 48
42 49
41 47
41 48
41 49
40 48
40 49
40 47
0
Yes
30 49
30 48
30 47
30 46
29 46
29 47
29 48
29 49
28 46
28 47
28 48
28 49
31 47
1
851
0 28
0 29
1 29
1 28
2 28
2 29
2 30
1 30
0 30
2 27
1 27
0 27
1 26
2 26
Yes
47 4
48 4
48 5
48 6
48 7
47 7
46 7
46 8
47 8
48 8
46 9
47 9
48 9
46 10
47 10
48 10
46 11
47 11
48 11
46 12
47 12
48 12
49 12
49 11
49 10
49 9
49 8
49 7
49 6
49 5
49 4
49 3
48 3
47 3
46 3
46 2
47 2
48 2
49 2
46 13
47 13
48 13
49 13
47 14
48 14
49 14
47 1
48 1
49 1
49 0
48 0
47 0
46 0
45 0
45 1
44 1
47 15
44 0
45 3
1
852
42 4
42 3
42 2
42 1
42 0
43 4
43 3
43 2
43 1
43 0
41 2
41 1
41 0
Yes
25 38
25 39
24 38
24 37
25 37
24 36
25 36
26 36
26 37
26 38
26 39
26 40
26 41
27 41
27 40
27 39
27 38
27 37
27 36
27 35
27 34
26 34
26 33
26 32
27 32
28 32
27 31
28 31
27 30
28 30
28 40
28 41
29 41
29 40
30 40
30 41
30 39
31 39
31 40
31 41
32 39
32 40
32 41
30 42
31 42
32 42
33 42
34 42
34 43
33 43
32 43
31 43
30 43
30 44
31 44
32 44
33 44
33 45
35 43
35 42
36 42
37 42
38 42
38 41
37 41
36 41
36 40
37 40
38 40
35 44
36 44
35 45
36 45
37 45
38 45
38 46
37 46
36 46
35 46
36 47
35 47
35 48
34 46
34 47
34 48
33 46
33 47
33 48
32 46
32 47
32 48
31 47
31 48
39 46
39 47
40 46
40 47
40 48
41 47
41 48
41 49
40 49
39 49
38 49
37 49
36 49
35 49
34 49
33 49
32 49
31 49
30 49
30 48
30 47
30 46
29 46
29 47
29 48
29 49
28 46
28 47
28 48
28 49
42 49
42 48
42 47
42 46
43 46
43 47
43 48
43 49
29 30
29 31
29 32
29 33
29 34
30 34
30 33
30 32
30 31
30 30
31 34
31 33
31 32
31 31
0
No
0
Yes
5 1
5 2
5 3
6 3
6 2
6 1
7 3
7 2
7 1
7 0
6 0
5 0
8 3
8 2
8 1
8 0
9 0
9 1
9 2
0
Yes
25 17
25 16
25 15
25 14
26 14
27 14
27 13
26 13
25 13
25 12
26 12
27 12
28 12
29 12
25 18
25 19
25 20
24 18
24 19
24 20
24 21
23 20
23 21
23 19
23 18
22 18
22 19
21 19
22 21
23 22
22 22
21 22
21 23
22 23
23 23
24 23
25 23
26 23
27 23
28 23
28 24
27 24
26 24
25 24
24 24
23 24
22 24
20 23
20 22
19 23
19 22
18 22
20 21
19 21
18 21
20 20
20 19
19 20
19 19
18 20
18 19
18 18
19 18
20 18
30 12
30 11
29 11
28 11
27 11
26 11
25 11
24 11
23 11
23 10
24 10
24 9
23 9
26 10
27 10
27 9
26 9
17 19
17 20
17 21
16 21
16 20
16 19
15 19
15 18
16 18
16 17
15 17
14 17
13 17
12 17
12 16
13 16
14 16
15 16
16 16
17 16
17 15
16 15
15 15
14 15
13 15
12 15
12 14
11 14
11 15
14 14
15 14
16 14
17 14
17 13
16 13
27 25
26 25
25 25
24 25
23 25
22 25
21 25
21 26
22 26
23 26
24 26
25 26
26 26
27 26
25 27
26 27
27 27
23 27
22 27
21 27
28 27
29 27
30 27
26 28
27 28
28 28
29 28
30 28
26 29
27 29
28 29
29 29
0
Yes
5 39
6 39
6 38
5 38
4 39
4 38
3 39
3 38
4 37
3 37
3 36
4 36
5 36
2 38
2 37
2 36
1 38
1 37
1 36
0 36
0 35
1 35
2 35
3 35
4 35
5 35
6 35
7 35
7 36
8 36
8 35
8 34
7 34
6 34
5 34
4 34
3 34
2 34
1 34
0 34
8 33
7 33
6 33
5 33
4 33
3 33
2 33
1 33
0 33
7 32
6 32
5 32
4 32
3 32
2 32
1 32
0 32
0 31
1 31
2 31
3 31
4 31
5 31
6 31
7 31
6 30
7 30
8 30
8 29
7 29
6 29
6 28
7 28
8 28
8 27
7 27
6 27
8 26
7 26
6 26
6 25
8 25
7 25
0
No
0
No
0
Yes
0 4
0 5
0 6
0 7
0 8
1 8
1 7
1 6
1 5
1 4
2 4
2 5
2 6
2 7
2 8
3 8
3 7
3 6
3 5
3 4
4 5
4 6
2 3
1 3
0 3
0 2
1 2
2 2
0
Yes
24 12
24 13
24 14
24 15
24 16
23 16
23 15
23 14
23 13
23 12
22 12
22 13
22 14
22 15
22 16
21 16
21 15
21 14
21 13
21 12
20 16
20 15
20 14
20 13
20 12
19 16
19 15
19 14
19 13
19 12
18 16
18 15
18 14
18 13
18 12
21 11
20 11
0
Yes
31 29
31 30
31 28
31 27
32 27
32 28
32 29
32 30
32 31
33 31
33 30
33 29
33 28
33 27
34 27
34 28
34 29
34 30
34 31
35 30
35 31
35 29
35 28
35 27
36 31
36 29
36 28
36 27
37 27
37 28
37 29
36 26
35 26
34 26
33 26
32 26
31 26
36 32
35 32
34 32
33 32
32 32
32 25
33 25
34 25
34 24
33 24
0
Yes
19 43
19 44
18 44
18 43
20 43
20 42
19 42
18 42
17 42
17 43
16 43
16 42
15 42
15 43
14 43
14 42
14 41
14 44
14 45
15 45
16 45
16 46
15 46
14 40
13 40
14 39
13 39
12 39
12 38
13 38
14 38
15 38
12 37
13 37
14 37
15 37
16 37
11 38
11 37
11 36
10 37
10 36
9 37
9 36
9 35
10 35
11 35
12 35
9 34
10 34
11 34
12 34
9 33
10 33
11 33
12 33
12 32
12 31
11 31
11 30
10 31
10 30
9 30
9 29
9 28
9 27
9 26
10 26
10 25
9 25
16 36
15 36
14 36
13 36
13 35
14 35
15 35
16 35
13 34
14 34
13 33
14 33
13 32
14 32
13 31
14 31
13 30
14 30
15 30
15 29
14 29
13 29
16 47
15 47
14 47
14 48
15 48
16 48
13 28
14 28
15 28
12 28
12 27
13 27
14 27
15 27
13 26
14 26
15 26
16 26
16 27
16 28
17 28
17 27
16 25
15 25
14 25
13 25
12 25
12 24
13 24
0
No
0
Yes
18 39
18 40
19 40
19 39
20 39
18 38
19 38
20 38
20 37
19 37
18 37
21 38
21 39
0
Yes
49 49
49 48
48 48
48 49
47 49
47 48
47 47
48 47
1
856
40 39
40 40
41 39
41 40
42 39
42 40
43 40
43 41
42 41
41 41
40 41
40 42
41 42
42 42
43 42
40 43
41 43
42 43
43 43
Yes
9 0
9 1
9 2
10 2
10 1
10 0
11 1
11 0
12 1
12 0
10 3
9 3
9 4
10 4
8 3
8 2
8 1
8 0
7 3
7 2
7 1
7 0
6 3
6 2
6 1
6 0
10 5
9 5
8 5
11 5
12 5
12 6
11 6
10 6
9 6
8 6
7 6
7 7
8 7
9 7
10 7
11 7
12 7
8 8
9 8
10 8
11 8
12 8
12 9
11 9
10 9
9 9
11 10
10 10
9 10
8 10
8 11
9 11
9 12
8 12
13 6
13 7
13 8
13 9
13 10
13 11
14 11
14 10
14 9
14 8
14 7
14 6
14 5
14 4
15 4
15 5
15 6
15 8
15 9
15 10
9 13
8 13
8 14
7 13
7 14
5 3
5 2
5 1
5 0
4 2
4 1
4 0
3 2
3 1
3 0
7 15
7 16
6 16
6 15
6 14
5 15
5 14
6 6
5 4
5 13
1
852
19 38
18 38
20 38
21 38
20 37
19 37
18 37
20 39
21 39
19 39
18 39
18 40
19 40
Yes
48 13
48 14
47 14
47 13
46 13
46 12
47 12
48 12
46 11
47 11
48 11
46 10
47 10
48 10
46 9
47 9
48 9
46 8
47 8
48 8
46 7
47 7
48 7
49 14
49 13
49 12
49 11
49 10
49 9
49 8
49 7
48 6
49 6
48 5
49 5
49 4
48 4
47 4
47 3
48 3
49 3
46 3
46 2
47 2
48 2
49 2
47 1
48 1
49 1
49 0
48 0
47 0
45 3
0
Yes
45 0
45 1
44 1
44 0
44 2
43 2
43 1
43 0
43 3
43 4
42 4
42 3
42 2
42 1
42 0
0
No
1
826
0 4
0 5
0 6
0 7
1 7
1 6
1 5
1 4
2 4
2 5
2 6
2 7
3 4
3 5
3 6
3 7
3 8
2 8
1 8
0 8
Yes
32 20
33 20
33 21
32 21
31 21
31 20
30 20
32 19
31 19
30 19
29 19
29 18
30 18
31 18
32 18
33 18
33 17
32 17
31 17
30 17
29 17
32 16
31 16
30 16
29 16
30 15
31 15
32 15
29 15
29 14
32 14
31 14
28 14
28 15
28 16
28 17
28 18
27 18
27 17
27 16
27 15
33 22
32 22
31 22
30 22
30 23
31 23
32 23
33 23
30 24
31 24
32 24
33 24
34 24
34 25
33 25
32 25
32 26
33 26
34 26
31 26
31 27
32 27
33 27
34 27
31 28
32 28
33 28
34 28
31 29
32 29
33 29
34 29
31 30
32 30
33 30
34 30
35 30
35 29
35 28
35 27
35 26
36 26
36 27
36 28
36 29
37 29
37 28
37 27
34 20
0
Yes
23 16
24 16
24 15
23 15
22 16
22 15
21 16
21 15
20 16
20 15
19 16
19 15
24 14
23 14
22 14
21 14
20 14
19 14
24 13
23 13
22 13
21 13
20 13
19 13
24 12
23 12
22 12
21 12
0
No
0
No
0
Yes
48 37
48 38
48 39
49 37
49 38
49 39
49 40
0
Yes
2 30
3 30
3 29
2 29
2 28
2 27
2 26
1 26
1 27
1 28
1 29
1 30
0 27
0 28
0 29
0 30
0 31
1 31
2 31
3 31
4 31
5 31
5 32
4 32
3 32
2 32
1 32
0 32
0 33
1 33
2 33
3 33
4 33
5 33
5 34
4 34
3 34
2 34
1 34
0 34
0 35
1 35
2 35
3 35
4 35
5 35
5 36
4 36
3 36
2 36
1 36
0 36
1 37
2 37
3 37
4 37
1 38
2 38
3 38
4 38
3 39
4 39
5 39
5 38
6 38
6 39
6 35
6 34
6 33
6 32
6 31
6 30
6 29
6 28
6 27
7 27
7 28
7 29
7 30
8 30
8 29
8 28
8 27
8 26
7 26
6 26
5 26
8 25
7 25
6 25
5 25
4 25
7 24
6 24
5 24
4 24
3 24
3 23
4 23
5 23
6 23
7 23
4 21
7 22
6 22
5 22
4 22
6 21
6 20
6 19
6 18
5 18
5 19
2 23
1 23
1 22
2 22
2 21
1 21
7 31
7 32
7 33
7 34
7 35
7 36
8 36
8 35
0
No
0
Yes
24 46
25 46
25 47
24 47
24 48
25 48
25 49
24 49
26 47
26 48
26 49
23 46
23 47
23 48
0
Yes
0 33
0 34
0 35
0 36
1 36
1 35
1 34
1 33
2 33
2 34
2 35
2 36
3 36
3 35
3 34
3 33
4 33
4 34
4 35
4 36
4 32
3 32
2 32
1 32
0 32
4 31
3 31
2 31
1 31
0 31
5 36
5 35
5 34
5 33
5 32
5 31
6 35
6 34
6 33
6 32
0
Yes
43 43
43 44
44 44
44 43
45 44
45 43
42 44
42 43
41 44
41 43
40 43
46 43
46 44
46 45
47 44
47 43
47 45
48 45
48 46
47 46
47 42
46 42
45 42
44 42
43 42
42 42
41 42
40 42
46 41
47 41
40 41
41 41
42 41
43 41
43 40
42 40
41 40
40 40
40 39
41 39
0
Yes
26 49
26 48
26 47
25 47
25 48
25 49
25 46
24 46
24 47
24 48
24 49
23 46
23 47
23 48
23 49
22 46
22 47
22 48
22 49
21 47
21 48
1
880
37 9
37 10
37 11
37 8
38 8
38 9
38 10
38 11
39 11
39 10
39 9
39 8
40 8
40 9
40 10
40 11
41 11
41 10
41 9
41 8
41 7
40 7
39 7
39 6
40 6
41 12
40 12
39 12
38 12
37 12
38 13
39 13
40 13
40 14
39 14
38 14
38 15
39 15
40 15
36 12
Yes
1 29
1 30
2 30
2 29
3 29
3 30
2 28
1 28
2 27
1 27
1 26
2 26
0 27
0 28
0 29
0 30
0 31
1 31
2 31
3 31
4 31
5 31
5 32
4 32
3 32
2 32
1 32
0 32
0 33
1 33
2 33
3 33
4 33
5 33
5 34
4 34
3 34
2 34
1 34
0 34
0 35
1 35
2 35
3 35
4 35
5 35
5 36
4 36
3 36
2 36
1 36
0 36
1 37
2 37
3 37
4 37
1 38
2 38
3 38
4 38
3 39
4 39
5 39
5 38
6 38
6 39
6 35
6 34
0
Yes
11 1
12 1
12 0
11 0
10 0
10 1
10 2
10 3
10 4
9 4
9 3
9 2
9 1
9 0
8 3
8 2
8 1
8 0
7 3
7 2
7 1
7 0
6 3
6 2
6 1
6 0
1
884
41 25
41 26
41 24
40 24
40 23
41 23
41 22
40 22
39 22
38 22
38 21
39 21
40 21
41 21
42 21
42 22
42 23
42 24
42 25
42 26
43 25
43 24
43 23
40 20
41 20
42 27
Yes
3 24
3 23
2 23
1 23
1 22
2 22
2 21
1 21
4 23
4 24
4 22
5 22
5 23
5 24
6 24
6 23
6 22
6 21
6 20
6 19
6 18
5 18
5 19
7 22
7 23
7 24
5 29
4 25
5 25
6 25
7 25
8 25
5 26
6 26
7 26
8 26
8 27
7 27
6 27
6 28
7 28
8 28
8 29
7 29
6 29
8 30
7 30
6 30
6 31
7 31
7 32
6 32
6 33
7 33
8 33
8 34
7 34
7 35
8 35
8 36
7 36
0
Yes
2 9
1 9
0 9
2 10
1 10
0 10
1 11
0 11
0 12
1 12
1 13
1 14
2 14
3 14
4 14
5 14
5 15
6 14
6 15
6 16
7 16
7 15
7 14
8 14
7 13
8 13
9 13
9 12
8 12
8 11
9 11
8 10
9 10
9 9
10 9
11 9
12 9
13 9
13 8
12 8
11 8
10 8
9 8
8 8
8 7
9 7
10 7
11 7
12 7
13 7
7 7
7 6
8 6
9 6
10 6
11 6
12 6
13 6
12 5
11 5
10 5
9 5
8 5
9 4
10 4
10 3
9 3
8 3
7 3
6 3
5 3
10 2
9 2
8 2
7 2
6 2
5 2
4 2
3 2
3 1
4 1
5 1
6 1
7 1
8 1
9 1
10 1
11 1
12 1
2 2
2 3
1 3
1 2
0 2
0 3
10 10
11 10
12 0
11 0
10 0
9 0
8 0
7 0
6 0
5 0
4 0
3 0
14 7
14 8
14 9
14 6
5 4
15 8
15 9
15 10
14 10
13 10
13 11
14 11
16 10
16 9
0
No
0
Yes
29 14
28 14
28 15
29 15
30 15
30 16
29 16
28 16
28 17
29 17
30 17
31 17
31 16
31 15
31 14
32 14
32 15
32 16
32 17
33 17
33 18
32 18
31 18
30 18
29 18
28 18
27 18
27 17
27 16
27 15
27 14
29 19
30 19
31 19
32 19
30 20
31 20
32 20
33 20
33 21
32 21
31 21
33 22
32 22
31 22
0
Yes
35 29
35 30
35 31
35 32
34 32
34 31
34 30
34 29
33 32
33 31
33 30
33 29
32 32
32 31
32 30
32 29
32 28
33 28
34 28
35 28
35 27
34 27
33 27
32 27
31 27
31 28
31 29
31 30
31 31
31 32
30 27
30 28
30 29
30 30
30 31
30 32
29 27
29 28
29 29
29 30
29 31
29 32
28 32
28 31
28 30
28 29
28 28
28 27
27 30
27 31
27 32
27 29
27 28
27 27
0
Yes
34 10
34 9
34 8
35 10
35 9
35 8
36 8
36 9
0
Yes
28 47
28 46
29 46
29 47
30 46
30 47
31 47
28 48
29 48
30 48
31 48
28 49
29 49
30 49
31 49
32 49
32 48
32 47
32 46
33 46
33 47
33 48
33 49
34 46
34 47
34 48
34 49
35 48
35 49
35 47
0
Yes
3 6
4 6
4 5
3 5
3 4
2 4
2 5
2 6
1 4
1 5
1 6
3 7
2 7
1 7
0 4
0 5
0 6
0 7
0
Yes
24 25
24 26
25 26
25 25
26 25
26 26
27 26
27 25
27 24
26 24
25 24
24 24
28 24
28 23
27 23
26 23
25 23
24 23
0
Yes
30 11
30 12
29 12
29 11
0
Yes
9 25
10 25
10 26
9 26
9 27
0
Yes
14 25
15 25
16 25
16 26
15 26
14 26
13 26
13 25
12 25
12 24
13 24
14 24
13 27
14 27
15 27
16 27
17 27
12 27
12 28
13 28
14 28
15 28
16 28
17 28
15 29
14 29
13 29
15 30
14 30
13 30
0
No
0
Yes
46 11
47 11
48 11
49 11
49 10
48 10
47 10
46 10
46 9
47 9
48 9
49 9
49 8
48 8
47 8
46 8
46 7
47 7
48 7
49 7
0
Yes
32 25
32 26
32 24
31 24
30 24
30 23
31 23
32 23
30 22
31 22
32 22
31 21
32 21
32 20
31 20
30 20
32 19
31 19
30 19
29 19
33 20
33 21
33 22
33 23
33 24
33 25
33 26
34 24
34 25
34 26
35 26
36 26
36 27
37 27
37 28
36 28
36 29
37 29
29 18
30 18
31 18
32 18
33 18
33 17
32 17
31 17
30 17
29 17
32 16
31 16
30 16
29 16
30 15
31 15
32 15
29 15
29 14
32 14
31 14
28 14
28 15
28 16
28 17
28 18
27 18
27 17
27 16
27 15
27 14
27 13
26 14
26 13
26 12
27 12
28 12
29 12
30 12
30 11
29 11
28 11
27 11
26 11
26 10
27 10
27 9
26 9
25 11
25 12
25 13
25 14
25 15
25 16
25 17
25 18
25 19
25 20
24 20
24 19
24 21
23 20
23 21
23 19
22 21
22 19
21 19
23 22
22 22
21 22
21 23
22 23
23 23
23 24
22 24
23 25
22 25
21 25
21 26
22 26
23 26
23 27
22 27
21 27
20 23
20 22
19 23
19 22
20 21
19 21
20 20
20 19
19 20
19 19
24 18
23 18
22 18
18 22
18 21
18 20
18 19
18 18
19 18
20 18
26 20
17 19
17 20
17 21
0
No
0
Yes
25 48
25 47
25 46
24 46
24 47
24 48
23 46
23 47
23 48
22 46
22 47
22 48
22 49
23 49
24 49
25 49
0
Yes
19 40
18 40
18 39
19 39
20 39
18 38
19 38
20 38
20 37
19 37
18 37
0
No
0
Yes
7 30
8 30
9 30
9 29
8 29
7 29
6 29
6 30
6 28
7 28
8 28
9 28
9 27
8 27
7 27
6 27
6 26
7 26
8 26
9 26
9 25
8 25
7 25
6 25
0
No
0
Yes
0 3
0 2
1 2
1 3
0
Yes
9 1
9 2
10 2
10 1
10 3
9 3
8 3
8 2
8 1
7 3
7 2
7 1
6 3
6 2
6 1
5 3
5 2
5 1
5 0
6 0
7 0
8 0
9 0
10 0
0
Yes
0 35
0 36
1 36
1 35
2 35
2 36
3 36
3 35
4 35
4 36
5 36
5 35
5 34
4 34
3 34
2 34
1 34
0 34
0 33
1 33
2 33
3 33
4 33
5 33
5 32
4 32
3 32
2 32
1 32
0 32
4 31
5 31
3 31
2 31
1
891
11 43
10 43
10 42
10 41
9 41
9 42
9 43
11 44
10 44
9 44
10 45
9 45
9 46
10 46
10 47
11 47
11 46
8 46
8 45
8 44
8 43
8 42
7 42
7 43
7 44
7 45
7 46
6 46
6 45
6 44
Yes
48 46
48 45
48 47
47 47
47 46
47 45
46 45
47 44
46 44
45 44
44 44
43 44
42 44
47 43
46 43
45 43
44 43
43 43
42 43
44 42
45 42
46 42
47 42
43 42
42 42
48 42
47 41
46 41
49 42
49 41
49 40
43 41
42 41
43 40
42 40
42 39
44 40
44 39
45 39
45 38
46 38
46 37
45 37
47 48
48 48
49 48
49 39
48 39
48 38
49 38
48 37
49 37
41 44
41 43
41 42
41 41
41 40
41 39
40 39
40 40
40 41
40 42
40 43
39 41
47 49
48 49
49 49
38 41
38 42
38 40
37 42
37 41
37 40
37 39
36 41
36 42
36 40
36 39
35 40
35 39
34 39
34 38
35 38
36 38
37 38
38 38
38 37
37 37
36 37
35 37
34 37
34 36
35 36
36 36
37 36
38 36
44 45
0
Yes
21 47
21 48
21 49
22 49
22 48
22 47
22 46
23 46
23 47
23 48
23 49
24 46
24 47
24 48
24 49
25 46
25 47
25 48
25 49
26 49
26 48
26 47
27 47
28 47
28 46
29 46
29 47
30 46
30 47
31 47
28 48
29 48
30 48
31 48
28 49
29 49
30 49
31 49
32 49
32 48
32 47
32 46
20 48
20 49
33 46
33 47
33 48
33 49
33 45
33 44
32 44
31 44
30 44
30 43
31 43
32 43
30 42
31 42
32 42
33 43
33 42
34 42
34 43
35 42
35 43
35 44
36 44
35 45
36 45
37 45
38 45
38 46
37 46
36 46
35 46
34 46
34 47
34 48
34 49
35 47
36 47
35 48
35 49
36 49
30 41
32 41
31 41
19 49
29 43
0
No
1
906
12 1
12 0
11 1
11 0
Yes
12 17
12 16
13 16
13 17
13 18
13 19
13 15
12 15
12 14
11 14
11 15
13 20
13 21
12 21
12 20
11 20
11 21
11 22
10 21
10 22
10 23
9 21
9 22
9 23
8 23
7 23
7 24
7 22
6 24
6 23
6 22
6 21
6 20
6 19
6 18
5 18
5 19
5 22
5 23
5 24
5 25
4 25
4 24
4 23
4 22
3 24
3 23
2 23
1 23
1 22
2 22
2 21
1 21
14 20
14 21
14 22
14 23
15 23
15 22
15 21
15 20
16 21
16 20
16 19
15 19
15 18
16 18
16 17
15 17
14 17
14 16
15 16
16 16
14 15
15 15
16 15
14 14
15 14
16 14
16 13
17 13
17 14
17 15
17 16
18 16
18 15
18 14
18 13
0
Yes
46 17
47 17
47 16
46 16
47 15
47 14
45 16
45 17
45 18
44 18
44 17
44 16
44 15
43 16
43 15
42 16
42 15
42 14
43 14
43 13
42 13
44 19
45 19
46 19
46 20
45 20
44 20
47 13
46 13
46 12
47 12
46 11
47 11
47 10
46 10
45 10
44 10
43 10
42 10
42 9
43 9
44 9
45 9
46 9
47 9
42 8
43 8
44 8
45 8
46 8
47 8
46 7
47 7
44 7
43 7
43 6
44 6
44 5
43 5
43 4
42 4
42 3
43 3
48 14
48 13
48 12
48 11
48 10
48 9
48 8
48 7
48 6
48 5
49 14
49 13
49 12
49 11
49 10
49 9
49 8
49 7
49 6
49 5
49 4
48 4
47 4
47 3
48 3
49 3
46 3
46 2
47 2
48 2
49 2
47 1
48 1
49 1
49 0
48 0
47 0
46 0
45 0
45 1
44 1
44 0
44 2
43 2
43 1
43 0
42 2
42 1
0
Yes
13 8
13 9
13 10
13 11
14 11
14 10
14 9
14 8
15 8
15 9
15 10
16 10
16 9
17 9
17 10
17 11
18 9
18 10
18 11
6 6
14 7
13 7
13 6
14 6
15 6
15 5
14 5
14 4
15 4
12 9
12 8
12 7
12 6
12 5
11 5
11 6
11 7
11 8
11 9
11 10
10 10
10 9
10 8
10 7
10 6
10 5
10 4
9 4
9 5
9 6
9 7
9 8
9 9
9 10
8 10
8 8
8 7
8 6
8 5
7 6
7 7
8 11
9 11
9 12
8 12
9 13
8 13
8 14
7 13
7 14
7 15
7 16
6 16
6 15
6 14
5 15
5 14
5 13
0
Yes
9 35
9 36
9 37
10 37
10 36
10 35
11 36
11 37
11 35
11 38
12 35
12 37
12 38
12 39
8 36
8 35
13 39
13 38
13 37
13 40
14 40
14 39
14 38
14 37
15 38
15 37
16 37
14 41
14 42
15 42
16 42
17 42
18 42
19 42
16 36
15 36
14 36
13 36
13 35
14 35
15 35
16 35
20 42
20 43
19 43
18 43
17 43
16 43
15 43
14 43
9 32
15 32
18 44
19 44
7 36
7 35
6 35
6 34
7 34
8 34
9 34
10 34
11 34
12 34
13 34
14 34
14 33
13 33
12 33
11 33
10 33
9 33
8 33
7 33
6 33
6 32
7 32
7 31
6 31
12 32
13 32
14 32
14 31
13 31
12 31
11 31
11 30
10 30
10 31
0
No
0
Yes
0 5
0 6
0 7
0 8
0 4
1 4
1 5
1 6
1 7
1 8
2 8
2 7
2 6
2 5
2 4
3 4
3 5
3 6
3 7
3 8
0
No
0
Yes
41 48
41 47
40 48
40 47
40 49
41 49
42 49
42 48
42 47
0
Yes
44 25
44 26
44 27
44 28
44 29
45 29
45 28
45 27
45 26
45 25
46 25
46 26
46 27
46 28
46 29
47 29
47 28
47 27
47 26
47 25
48 28
48 27
48 26
48 25
0
No
0
No
0
Yes
43 25
43 24
43 23
42 23
42 24
42 25
42 26
41 26
41 25
41 24
41 23
42 22
41 22
42 21
41 21
41 20
41 19
42 19
43 19
44 19
44 20
45 20
45 19
46 19
46 20
45 18
44 18
44 17
45 17
46 17
47 17
47 16
46 16
45 16
44 16
44 15
47 15
47 14
48 14
49 14
43 16
43 15
42 16
42 15
47 19
42 14
43 14
43 13
42 13
49 13
48 13
47 13
46 13
46 12
47 12
48 12
49 12
40 20
40 21
40 22
40 23
40 24
39 22
39 21
38 21
38 22
46 11
47 11
48 11
49 11
49 10
48 10
47 10
46 10
45 10
44 10
43 10
42 10
42 9
43 9
44 9
45 9
46 9
47 9
48 9
49 9
45 8
46 8
47 8
48 8
49 8
44 8
43 8
42 8
46 7
47 7
48 7
49 7
48 6
49 6
48 5
49 5
43 7
44 7
44 6
43 6
44 5
43 5
43 4
42 4
42 3
43 3
43 2
42 2
44 2
41 2
40 2
40 1
41 1
42 1
43 1
44 1
45 1
40 0
41 0
42 0
43 0
44 0
45 0
46 0
47 0
47 1
47 2
46 2
46 3
47 3
47 4
48 4
49 4
48 3
49 3
48 2
49 2
48 1
49 1
48 0
49 0
0
Yes
35 34
35 35
36 35
36 34
37 35
37 34
38 35
38 34
39 34
36 33
37 33
38 33
39 33
39 32
38 32
37 32
36 32
0
Yes
39 18
38 18
38 17
39 17
40 17
0
Yes
1 46
0 46
1 47
0 47
0 45
0
Yes
0 31
1 31
1 30
0 30
2 30
2 29
1 29
0 29
2 28
1 28
0 28
3 29
3 30
0
Yes
1 26
1 27
2 27
2 26
0
Yes
7 28
6 28
6 27
7 27
6 26
7 26
6 25
7 25
8 25
8 26
8 27
8 28
9 28
9 27
9 26
9 25
10 25
10 26
0
Yes
47 0
47 1
48 1
48 0
49 0
49 1
49 2
48 2
47 2
47 3
48 3
49 3
1
920
46 33
46 34
46 35
45 35
45 34
45 33
45 32
46 32
44 35
44 34
44 33
44 32
43 35
43 34
43 33
43 32
42 32
42 33
42 34
42 35
41 32
41 33
41 34
41 35
Yes
40 21
40 20
41 20
41 21
42 21
41 19
42 19
43 19
42 22
41 22
40 22
40 23
41 23
42 23
43 23
39 22
39 21
38 21
38 22
40 24
41 24
42 24
43 24
44 24
43 25
44 25
42 25
41 25
41 26
42 26
44 26
44 27
44 28
44 29
45 29
45 28
45 27
45 26
45 25
46 29
46 28
46 27
46 26
46 25
47 29
47 28
47 27
47 26
47 25
48 28
48 27
48 26
48 25
49 27
49 26
49 25
46 24
47 24
48 24
49 24
46 23
47 23
48 23
49 23
47 22
48 22
49 22
44 19
44 20
45 20
45 19
46 19
46 20
45 18
44 18
41 18
0
Yes
41 48
41 47
42 47
42 48
42 46
43 46
43 47
43 48
43 49
42 49
41 49
40 48
40 49
40 47
0
Yes
20 37
19 37
18 37
18 38
19 38
20 38
20 39
19 39
18 39
18 40
19 40
21 38
21 39
0
Yes
49 10
49 11
49 12
49 13
49 14
48 14
48 13
48 12
48 11
48 10
47 14
47 13
47 12
47 11
47 10
46 13
46 12
46 11
46 10
46 9
47 9
48 9
49 9
49 8
48 8
47 8
46 8
46 7
47 7
48 7
49 7
0
Yes
21 10
21 11
20 10
20 11
19 10
19 11
19 12
20 12
21 12
18 12
18 11
18 10
18 9
17 11
17 10
17 9
16 9
16 10
19 13
20 13
21 13
19 14
20 14
21 14
19 15
20 15
21 15
19 16
20 16
21 16
22 16
22 15
22 14
22 13
22 12
23 16
23 15
23 14
23 13
23 12
24 16
24 15
24 14
24 13
24 12
24 11
23 11
23 10
24 10
24 9
23 9
15 10
15 9
20 9
0
Yes
49 4
48 4
48 5
49 5
48 6
49 6
49 7
48 7
47 7
46 7
46 8
47 8
48 8
49 8
45 8
45 9
46 9
47 9
48 9
49 9
45 10
46 10
47 10
48 10
49 10
46 11
47 11
48 11
49 11
46 12
47 12
48 12
49 12
46 13
47 13
48 13
49 13
49 14
48 14
0
Yes
6 14
5 14
5 15
6 15
6 16
7 16
7 15
7 14
8 14
4 14
3 14
2 14
1 14
1 13
7 13
8 13
9 13
9 12
8 12
8 11
9 11
8 10
9 10
10 10
11 10
9 9
10 9
11 9
12 9
1 12
1 11
0 12
0 11
0 10
1 10
2 10
2 9
1 9
0 9
13 9
13 10
13 11
14 11
14 10
14 9
14 8
13 8
12 8
11 8
10 8
9 8
8 8
14 7
13 7
12 7
11 7
10 7
9 7
8 7
7 7
7 6
8 6
9 6
10 6
11 6
12 6
13 6
14 6
15 6
12 5
11 5
10 5
9 5
8 5
9 4
10 4
15 5
14 5
0
Yes
44 15
44 16
44 17
45 17
45 16
46 16
46 17
47 17
47 16
43 16
43 15
42 16
42 15
41 15
42 14
43 14
43 13
42 13
40 15
40 16
40 17
40 14
40 13
40 12
41 12
41 11
40 11
40 10
41 10
42 10
43 10
44 10
44 9
43 9
42 9
41 9
40 9
42 8
43 8
44 8
41 8
40 8
41 7
40 7
40 6
39 6
39 7
39 8
39 9
39 10
39 11
39 12
39 13
39 14
39 15
39 16
39 17
39 18
38 18
38 17
38 15
38 14
38 13
38 12
38 11
38 10
38 9
38 8
37 12
37 11
37 10
37 9
37 8
36 8
36 9
35 8
35 9
35 10
34 10
34 9
34 8
0
Yes
22 46
23 46
24 46
25 46
25 47
24 47
23 47
22 47
21 47
26 47
27 47
26 48
25 48
24 48
23 48
22 48
21 48
26 49
25 49
24 49
23 49
22 49
21 49
28 47
28 46
29 46
29 47
30 46
30 47
31 47
28 48
29 48
30 48
31 48
28 49
29 49
30 49
31 49
32 49
32 48
32 47
32 46
33 46
33 47
33 48
33 49
33 45
33 44
32 44
31 44
30 44
34 46
34 47
34 48
34 49
20 48
20 49
35 49
35 48
35 47
35 46
36 47
36 46
37 46
38 46
38 45
37 45
36 45
35 45
36 44
35 44
35 43
35 42
34 42
34 43
33 43
33 42
32 43
32 42
31 43
30 43
31 42
0
Yes
16 45
15 45
15 46
16 46
16 47
15 47
14 47
14 48
15 48
16 48
0
Yes
3 0
4 0
4 1
3 1
4 2
3 2
2 2
0
Yes
6 29
7 29
8 29
9 29
9 30
8 30
7 30
6 30
0
Yes
42 39
41 39
40 39
40 40
41 40
42 40
43 40
44 40
44 39
45 39
45 38
45 37
43 41
42 41
41 41
40 41
39 41
40 42
41 42
42 42
43 42
40 43
41 43
42 43
43 43
41 44
42 44
43 44
44 44
44 43
44 42
45 42
45 43
45 44
46 37
46 38
46 44
46 43
46 42
46 41
47 41
47 42
47 43
47 44
48 42
46 45
47 45
48 45
48 46
47 46
47 47
48 47
47 48
48 48
49 48
47 49
48 49
49 49
49 42
49 41
49 40
49 39
48 39
48 38
49 38
48 37
49 37
38 41
38 42
38 40
37 42
37 41
37 40
0
Yes
2 5
2 6
2 7
3 7
3 6
3 5
4 5
4 6
3 8
2 8
2 9
1 9
1 8
1 7
1 6
1 5
0 5
0 6
0 7
0 8
0 9
2 10
1 10
0 10
3 4
2 4
1 4
0 4
2 3
1 3
0 3
1 2
0 2
1 11
0 11
0 12
1 12
1 13
1 14
2 14
3 14
4 14
5 14
5 15
6 14
6 15
6 16
7 16
7 15
7 14
8 14
7 13
8 13
9 13
9 12
8 12
8 11
9 11
8 10
9 10
0
Yes
42 2
41 2
41 1
42 1
42 0
41 0
40 2
40 1
40 0
0
No
0
Yes
21 48
21 47
20 48
20 49
21 49
22 49
22 48
22 47
22 46
23 46
23 47
23 48
23 49
24 46
24 47
24 48
24 49
25 46
25 47
25 48
25 49
26 49
26 48
26 47
27 47
28 47
28 46
28 48
28 49
29 46
29 47
29 48
29 49
30 46
30 47
30 48
30 49
31 47
31 48
31 49
32 49
32 48
32 47
32 46
33 46
33 47
33 48
33 49
33 45
33 44
32 44
31 44
30 44
30 43
31 43
32 43
33 43
34 43
35 43
35 44
36 44
35 45
36 45
37 45
38 45
38 46
37 46
36 46
35 46
34 46
34 47
34 48
34 49
35 47
36 47
35 48
35 49
35 42
34 42
33 42
32 42
31 42
30 42
31 41
32 41
29 43
19 49
0
Yes
0 31
0 32
1 32
1 31
2 31
2 32
2 30
1 30
0 30
0 29
1 29
2 29
2 28
1 28
0 28
0
Yes
47 25
47 26
47 27
47 28
48 28
48 27
48 26
48 25
49 27
49 26
49 25
49 24
48 24
47 24
47 23
48 23
49 23
47 22
48 22
49 22
46 23
46 24
46 25
46 26
46 27
46 28
0
Yes
4 31
5 31
3 31
3 32
4 32
5 32
5 33
4 33
3 33
2 33
1 33
0 33
5 34
4 34
3 34
2 34
1 34
0 34
5 35
4 35
3 35
2 35
1 35
0 35
5 36
4 36
3 36
2 36
1 36
0 36
1 37
2 37
3 37
4 37
1 38
2 38
3 38
4 38
3 39
4 39
5 39
5 38
6 38
6 39
0
Yes
24 9
23 9
23 10
24 10
23 11
24 11
0
Yes
13 9
13 10
13 11
14 11
14 10
14 9
12 9
12 8
13 8
14 8
14 7
13 7
12 7
13 6
14 6
12 6
12 5
11 5
11 6
11 7
11 8
11 9
11 10
10 10
10 9
10 8
10 7
10 6
10 5
10 4
9 4
9 5
9 6
9 7
9 8
9 9
14 5
14 4
15 4
15 5
15 6
8 8
8 7
8 6
8 5
7 6
7 7
15 8
15 9
1
952
36 40
35 40
36 41
36 42
35 39
36 39
34 39
34 38
35 38
36 38
34 37
35 37
36 37
34 36
35 36
36 36
34 35
35 35
36 35
35 34
36 34
36 33
36 32
37 32
37 33
37 34
37 35
37 36
37 37
37 38
37 39
37 40
37 41
37 42
38 42
38 41
38 40
39 38
38 38
38 37
38 36
38 35
38 34
38 33
38 32
39 32
39 33
39 34
38 43
Yes
46 19
46 20
45 20
45 19
44 20
44 19
43 19
42 19
41 19
41 20
40 20
44 18
45 18
44 17
45 17
46 17
47 17
47 16
46 16
45 16
44 16
44 15
43 16
43 15
42 16
42 15
41 15
42 14
43 14
43 13
42 13
40 15
40 16
40 17
39 16
39 17
39 15
39 18
40 14
39 14
40 13
39 13
39 12
40 12
41 12
40 21
41 21
42 21
42 22
41 22
40 22
40 23
41 23
42 23
43 23
40 24
41 24
42 24
43 24
44 24
39 22
39 21
38 21
38 22
38 18
38 17
38 15
38 14
38 13
38 12
37 12
37 11
38 11
39 11
40 11
41 11
37 10
38 10
39 10
40 10
41 10
42 10
43 10
44 10
44 9
43 9
42 9
41 9
40 9
39 9
38 9
37 9
37 8
38 8
39 8
40 8
41 8
42 8
43 8
44 8
41 7
40 7
39 7
39 6
40 6
44 7
43 7
43 6
44 6
44 5
43 5
43 4
42 4
42 3
43 3
43 2
44 2
43 1
44 1
45 1
43 0
44 0
45 0
41 18
36 8
36 9
35 8
35 9
35 10
34 10
34 9
34 8
43 25
44 25
42 25
41 25
47 19
0
Yes
29 34
30 34
29 33
30 33
0
Yes
22 13
22 12
23 12
23 13
23 14
22 14
22 15
23 15
23 16
22 16
21 16
21 15
21 14
21 13
21 12
24 16
24 15
24 14
24 13
24 12
0
Yes
29 18
29 19
28 18
28 17
29 17
30 17
30 18
30 19
30 20
31 20
31 19
31 18
31 17
32 19
32 20
32 18
32 17
33 17
33 18
33 20
32 16
31 16
30 16
29 16
28 16
30 15
31 15
32 15
29 15
28 15
29 14
28 14
32 14
31 14
27 18
27 17
27 16
27 15
27 14
1
944
46 41
46 42
45 42
44 42
44 43
45 43
46 43
45 44
44 44
46 44
43 44
43 43
43 42
43 41
43 40
44 40
44 39
45 39
42 44
42 43
42 42
42 41
42 40
42 39
41 44
41 43
41 42
41 41
41 40
41 39
40 39
40 40
40 41
40 42
40 43
46 45
47 41
47 42
47 43
47 44
47 45
48 45
48 42
39 41
44 45
42 38
48 46
47 46
47 47
48 47
47 48
48 48
49 48
47 49
48 49
49 49
45 38
46 38
46 37
45 37
Yes
26 24
26 23
27 23
27 24
27 25
26 25
27 26
26 26
26 27
25 27
25 26
25 25
25 24
25 23
24 23
24 24
24 25
24 26
23 26
23 25
23 24
23 23
23 27
22 27
22 26
22 25
22 24
22 23
21 25
21 26
21 27
21 23
21 22
22 22
23 22
22 21
23 21
24 21
23 20
24 20
25 20
25 19
24 19
23 19
23 18
24 18
25 18
25 17
22 18
22 19
21 19
20 23
20 22
19 23
19 22
18 22
20 21
19 21
18 21
17 21
16 21
20 20
20 19
19 20
19 19
18 20
18 19
17 20
17 19
16 20
16 19
18 18
19 18
20 18
20 26
16 18
16 17
15 18
15 19
15 20
15 21
15 17
15 22
15 23
25 16
25 15
28 24
28 23
25 14
26 14
25 13
26 13
27 13
25 12
26 12
27 12
25 11
26 11
27 11
28 11
28 12
29 12
29 11
30 11
30 12
27 10
26 10
26 9
27 9
14 23
14 22
14 21
14 20
13 21
13 20
13 28
13 27
12 20
12 21
11 20
11 21
11 22
10 21
10 22
10 23
9 21
9 22
9 23
11 19
14 24
13 24
12 24
12 25
13 25
14 25
15 25
16 25
16 26
15 26
15 27
16 27
17 27
17 28
16 28
15 28
14 26
13 26
14 27
14 28
0
No
0
No
0
Yes
2 28
1 28
0 28
0 29
1 29
2 29
2 30
1 30
0 30
2 31
1 31
0 31
0
Yes
0 2
1 2
1 3
0 3
2 3
2 4
1 4
0 4
3 4
3 5
2 5
1 5
0 5
4 5
4 6
3 6
2 6
1 6
0 6
3 7
2 7
1 7
0 7
3 8
2 8
1 8
0 8
2 9
1 9
0 9
2 10
1 10
0 10
1 11
0 11
0 12
1 12
1 13
1 14
2 14
3 14
4 14
5 14
5 15
6 14
6 15
6 16
7 16
7 15
7 14
8 14
7 13
8 13
9 13
9 12
8 12
8 11
9 11
5 13
0
Yes
17 1
17 2
17 3
17 4
17 5
17 6
17 7
18 7
18 6
18 5
18 4
19 4
19 5
19 6
20 5
20 6
20 7
21 7
21 6
21 5
18 1
19 1
19 2
20 2
20 1
21 2
21 1
22 2
22 1
23 2
23 1
23 0
22 0
21 0
20 0
19 0
18 0
17 0
16 2
16 1
16 0
15 1
15 0
24 0
24 1
24 2
24 3
24 4
24 5
24 6
25 6
25 5
25 4
25 3
25 2
25 1
25 0
26 1
26 2
26 3
27 1
27 2
27 3
27 4
28 4
28 3
28 2
28 1
28 0
29 2
29 1
29 0
30 2
30 1
30 0
31 0
31 1
31 2
31 3
32 2
32 3
33 3
21 4
14 1
23 5
0
Yes
46 13
46 12
46 11
47 11
47 12
47 13
47 14
48 14
48 13
48 12
48 11
49 14
49 13
49 12
49 11
49 10
48 10
47 10
46 10
45 10
45 9
46 9
47 9
48 9
49 9
45 8
46 8
47 8
48 8
49 8
46 7
47 7
48 7
49 7
48 6
49 6
1
940
42 0
42 1
41 1
41 0
40 0
40 1
42 2
41 2
40 2
39 0
Yes
15 42
16 42
17 42
18 42
19 42
14 42
14 41
14 40
13 40
14 39
13 39
12 39
12 38
13 38
14 38
15 38
11 38
12 37
13 37
14 37
15 37
11 37
16 37
16 36
15 36
14 36
13 36
16 35
15 35
14 35
13 35
12 35
14 34
13 34
12 34
11 36
11 35
11 34
20 42
20 43
19 43
18 43
17 43
16 43
15 43
14 43
14 44
14 45
18 44
19 44
15 45
16 45
16 46
15 46
16 47
15 47
14 47
14 48
15 48
16 48
11 33
12 33
13 33
14 33
14 32
13 32
12 32
12 31
13 31
14 31
13 30
14 30
15 30
15 29
14 29
13 29
1
907
46 32
46 33
46 34
46 35
45 35
45 34
45 33
45 32
44 35
44 34
44 33
44 32
43 35
43 34
43 33
43 32
42 32
42 33
42 34
42 35
41 32
41 33
41 34
41 35
Yes
10 31
11 31
11 30
10 30
9 30
9 29
9 28
9 27
9 26
10 26
10 25
9 25
8 25
8 26
8 27
8 28
8 29
8 30
7 30
7 29
7 28
7 27
7 26
7 25
7 24
7 23
7 22
6 27
6 28
6 29
6 30
6 26
6 25
6 24
6 23
6 22
6 21
6 20
5 26
5 25
5 24
5 23
5 22
4 22
4 23
4 24
4 25
3 24
3 23
2 23
1 23
1 22
2 22
2 21
1 21
6 19
6 18
5 18
5 19
6 31
7 31
7 32
6 32
6 33
7 33
8 33
9 33
10 33
10 34
9 34
8 34
7 34
6 34
6 35
7 35
8 35
9 35
10 35
7 36
8 36
9 36
10 36
10 37
9 37
0
Yes
11 8
12 8
13 8
14 8
15 8
14 7
13 7
12 7
11 7
13 6
14 6
12 6
11 6
12 5
11 5
15 6
15 5
14 5
14 4
15 4
10 5
10 6
10 7
10 8
10 4
9 4
9 5
9 6
9 7
9 8
8 8
8 7
8 6
8 5
7 6
7 7
9 9
10 9
11 9
12 9
13 9
14 9
15 9
11 10
10 10
9 10
1
951
49 38
49 39
49 37
48 37
48 38
48 39
Yes
25 25
25 26
25 27
26 27
26 26
26 25
27 26
27 25
24 26
24 25
24 24
25 24
26 24
27 24
27 23
26 23
25 23
24 23
23 23
23 24
23 25
23 26
23 27
22 27
22 26
22 25
22 24
22 23
21 25
21 26
21 27
21 23
21 22
22 22
23 22
22 21
23 21
24 21
20 23
20 22
19 23
19 22
18 22
20 21
19 21
18 21
17 21
16 21
15 21
15 22
15 23
14 23
14 22
14 21
13 21
14 24
13 24
13 25
14 25
15 25
16 25
16 26
15 26
14 26
13 26
13 27
14 27
15 27
16 27
17 27
17 28
16 28
15 28
14 28
13 28
12 28
12 27
12 25
12 24
28 23
28 24
12 21
12 20
13 20
14 20
15 20
16 20
17 20
18 20
19 20
20 20
20 26
11 28
11 20
11 21
11 22
10 21
10 22
10 23
9 23
9 22
9 21
17 19
18 19
19 19
20 19
16 19
15 19
21 19
18 18
19 18
20 18
8 23
22 19
22 18
23 18
23 19
23 20
24 20
24 19
24 18
0
Yes
48 1
47 1
47 2
48 2
49 2
49 1
47 0
48 0
49 0
49 3
48 3
47 3
0
Yes
14 17
14 16
14 15
14 14
14 13
13 15
13 16
13 17
13 18
13 19
12 17
12 16
12 15
12 14
11 14
11 15
10 15
11 17
10 17
10 18
15 14
15 15
15 16
15 17
15 18
16 18
16 17
16 16
16 15
16 14
16 13
17 13
17 14
17 15
17 16
18 16
18 15
18 14
18 13
18 12
19 16
19 15
19 14
19 13
19 12
20 12
20 13
20 14
20 15
20 16
20 17
21 16
21 15
21 14
21 13
21 12
22 12
22 13
22 14
22 15
22 16
23 16
23 15
23 14
23 13
23 12
23 11
23 10
24 10
24 11
24 12
24 13
24 14
24 15
24 16
24 9
23 9
23 8
23 7
24 7
25 16
25 15
25 14
25 13
25 12
25 11
26 14
26 13
26 12
26 11
27 13
27 12
27 11
25 17
25 18
25 19
25 20
26 20
28 11
28 12
29 12
29 11
30 11
30 12
27 10
26 10
26 9
27 9
21 11
20 11
19 11
18 11
17 11
21 10
0
Yes
19 40
18 40
18 39
19 39
20 39
18 38
19 38
20 38
20 37
19 37
18 37
0
Yes
21 7
20 7
21 6
20 6
21 5
20 5
19 6
19 5
19 4
18 4
18 5
18 6
18 7
17 7
17 6
17 5
17 4
17 3
17 2
16 2
16 1
17 1
15 1
15 0
16 0
17 0
18 1
18 0
19 0
19 1
19 2
20 2
20 1
20 0
21 2
21 1
21 0
22 2
22 1
22 0
23 2
23 1
23 0
24 0
24 1
24 2
24 3
24 4
24 5
24 6
25 6
25 5
25 4
25 3
25 2
25 1
25 0
23 5
1
971
9 44
9 45
9 46
8 46
8 45
8 44
7 46
7 45
7 44
6 46
6 45
6 44
10 45
10 46
10 44
11 44
11 43
10 43
9 43
8 43
7 43
6 43
10 47
11 47
11 46
12 46
7 42
8 42
9 42
10 42
6 42
5 45
10 41
9 41
5 43
5 42
5 41
6 41
6 40
4 42
3 42
3 43
3 41
2 43
2 42
2 41
2 40
1 41
1 42
2 44
2 45
1 45
1 44
0 44
0 43
0 42
0 41
0 40
Yes
18 7
17 7
17 6
18 6
19 6
20 6
20 7
21 7
21 6
21 5
20 5
19 5
18 5
17 5
19 4
18 4
17 4
17 3
17 2
16 2
16 1
17 1
15 1
15 0
16 0
17 0
18 1
18 0
19 0
19 1
19 2
20 2
20 1
20 0
21 2
21 1
21 0
22 2
22 1
22 0
23 2
23 1
23 0
24 0
24 1
24 2
24 3
24 4
24 5
24 6
25 6
25 5
25 4
25 3
25 2
25 1
25 0
26 1
26 2
26 3
1
956
4 6
4 5
3 5
3 6
3 4
3 7
3 8
2 8
2 7
2 6
2 5
2 4
2 9
2 10
2 3
1 3
1 4
1 5
1 6
1 7
1 8
1 9
1 10
1 2
0 2
0 3
0 4
0 5
0 6
0 7
0 8
0 9
0 10
1 11
0 11
0 12
1 12
1 13
1 14
Yes
25 13
25 14
25 15
26 14
26 13
27 13
27 14
27 15
27 12
26 12
25 12
25 11
26 11
27 11
27 10
26 10
26 9
27 9
24 11
24 12
24 13
24 14
24 15
24 10
24 9
23 9
23 10
23 11
23 12
23 13
23 14
23 15
22 12
22 13
22 14
22 15
21 15
21 14
21 13
21 12
21 11
21 10
20 10
20 11
20 12
20 13
20 14
20 15
19 10
19 11
19 12
19 13
19 14
19 15
18 12
18 13
18 14
18 15
18 11
18 10
18 9
17 11
17 10
17 9
16 9
16 10
15 10
14 10
14 11
13 11
13 10
17 13
17 14
17 15
16 13
16 14
16 15
15 14
15 15
14 14
14 15
13 15
25 16
24 16
23 16
22 16
21 16
20 16
19 16
18 16
17 16
16 16
15 16
14 16
13 16
13 17
14 17
15 17
16 17
16 18
15 18
12 17
12 16
12 15
12 14
11 14
11 15
28 11
28 12
29 12
29 11
30 11
30 12
27 16
27 17
27 18
28 18
28 17
28 16
28 15
28 14
29 14
29 15
29 16
29 17
29 18
29 19
30 15
30 16
0
Yes
37 28
37 29
36 29
36 28
37 27
36 27
36 26
35 26
34 26
34 25
34 24
33 26
33 25
33 24
32 26
32 25
32 24
31 24
30 24
30 23
31 23
32 23
33 23
30 22
31 22
32 22
33 22
33 21
32 21
31 21
33 20
32 20
31 20
30 20
32 19
31 19
30 19
29 19
29 18
30 18
31 18
32 18
33 18
33 17
32 17
31 17
30 17
29 17
32 16
31 16
30 16
29 16
30 15
31 15
32 15
29 15
29 14
32 14
31 14
28 14
28 15
28 16
28 17
28 18
27 18
27 17
27 16
0
Yes
14 29
15 29
13 29
13 28
14 28
15 28
12 28
12 27
13 27
14 27
15 27
13 26
14 26
15 26
16 26
16 27
16 28
16 25
15 25
14 25
13 25
12 25
12 24
13 24
14 24
14 23
15 23
15 22
14 22
14 21
15 21
16 21
13 21
12 21
11 21
11 22
10 21
10 22
10 23
9 23
9 22
9 21
11 20
12 20
13 20
14 20
15 20
16 20
11 19
15 32
17 28
17 27
15 30
14 30
13 30
14 31
13 31
12 31
12 32
13 32
14 32
14 33
13 33
12 33
11 33
11 34
12 34
13 34
14 34
12 35
11 35
13 35
14 35
11 36
11 37
11 38
12 37
12 38
12 39
15 35
16 35
16 36
15 36
14 36
13 36
13 37
13 38
13 39
14 37
14 38
14 39
15 37
15 38
16 37
13 40
14 40
14 41
14 42
14 43
14 44
14 45
15 45
16 45
16 46
15 46
16 47
15 47
14 47
14 48
15 48
16 48
0
Yes
22 16
23 16
24 16
25 16
25 17
25 18
24 18
23 18
22 18
25 15
24 15
23 15
22 15
21 16
21 15
21 14
22 14
23 14
24 14
25 14
26 14
27 14
27 13
26 13
25 13
24 13
23 13
22 13
21 13
22 12
23 12
24 12
25 12
26 12
27 12
21 12
21 11
21 10
28 12
29 12
30 12
30 11
29 11
28 11
27 11
26 11
25 11
24 11
23 11
23 10
24 10
24 9
23 9
26 10
27 10
27 9
26 9
20 10
20 11
20 12
20 13
20 14
20 15
20 16
20 17
20 18
19 18
18 18
19 16
19 15
19 14
19 13
19 12
19 11
19 10
18 12
18 13
18 14
18 15
18 16
18 11
18 10
18 9
17 11
17 10
17 9
16 9
16 10
15 10
14 10
14 11
13 11
13 10
17 16
17 15
17 14
17 13
16 13
16 14
16 15
16 16
16 17
16 18
16 19
15 19
15 18
15 17
15 16
15 15
15 14
14 14
14 15
14 16
14 17
13 17
13 16
13 15
12 17
12 16
12 15
12 14
11 14
11 15
17 19
18 19
19 19
20 19
21 19
22 19
23 19
24 19
25 19
25 20
24 20
23 20
24 21
23 21
0
Yes
44 45
47 42
47 41
46 41
46 42
45 42
44 42
47 43
46 43
45 43
44 43
44 44
45 44
46 44
47 44
43 44
43 43
43 42
43 41
43 40
44 40
44 39
45 39
45 38
46 38
42 44
42 43
42 42
42 41
42 40
42 39
41 44
41 43
41 42
41 41
41 40
41 39
40 39
40 40
40 41
40 42
40 43
46 37
45 37
46 45
47 45
0
Yes
34 28
35 28
35 27
34 27
33 27
33 28
32 27
32 28
31 27
31 28
30 27
30 28
29 27
29 28
28 27
28 28
35 29
34 29
33 29
32 29
31 29
30 29
29 29
28 29
35 30
34 30
33 30
32 30
31 30
30 30
29 30
28 30
27 30
27 29
27 28
27 27
27 31
28 31
29 31
30 31
31 31
32 31
33 31
34 31
35 31
35 32
34 32
33 32
32 32
31 32
30 32
29 32
28 32
27 32
26 32
26 33
26 34
27 34
27 35
26 29
26 28
26 27
0
No
0
Yes
3 31
4 31
5 31
5 32
4 32
3 32
5 33
4 33
3 33
5 34
4 34
3 34
5 35
4 35
3 35
5 36
4 36
3 36
2 36
2 35
2 34
2 33
2 32
2 31
1 31
1 32
1 33
1 34
1 35
1 36
0 36
0 35
0 34
0 33
0 32
0 31
1 37
2 37
3 37
4 37
1 38
2 38
0
Yes
3 4
3 5
4 5
4 6
3 6
3 7
3 8
2 8
2 7
2 6
2 5
2 4
2 3
2 2
3 2
4 2
3 1
4 1
1 2
1 3
1 4
1 5
1 6
1 7
1 8
0 2
0 3
0 4
0 5
0 6
0 7
0 8
2 9
1 9
0 9
2 10
1 10
0 10
5 1
5 2
5 3
5 4
6 3
6 2
6 1
7 3
7 2
7 1
8 3
8 2
8 1
9 3
9 2
9 1
10 3
10 2
10 1
11 1
12 1
12 0
11 0
10 0
9 0
8 0
7 0
6 0
5 0
4 0
3 0
2 0
1 0
1 11
0 11
0 12
1 12
1 13
1 14
1 15
2 14
3 14
4 14
5 14
5 13
5 15
6 14
6 15
6 16
7 16
7 15
7 14
8 14
7 13
8 13
9 13
8 12
9 12
0
Yes
28 24
28 23
27 23
27 24
27 25
26 23
26 24
26 25
27 26
26 26
25 26
25 25
25 24
25 23
24 23
24 24
24 25
24 26
1
977
3 39
3 38
4 38
4 39
5 39
5 38
6 38
6 39
6 40
6 41
5 41
5 42
6 42
5 43
6 43
5 45
6 44
6 45
6 46
7 46
7 45
7 44
7 43
7 42
8 42
8 43
8 44
8 45
8 46
9 46
9 45
9 44
9 43
9 42
9 41
10 41
10 42
10 43
10 44
10 45
10 46
10 47
11 47
11 46
11 44
11 43
Yes
44 17
44 18
45 18
45 17
46 17
46 16
45 16
44 16
44 15
43 16
43 15
42 16
42 15
41 15
42 14
43 14
43 13
42 13
40 15
40 16
40 17
39 16
39 17
39 15
38 15
39 18
38 18
38 17
38 14
39 14
40 14
40 13
39 13
38 13
45 19
44 19
44 20
45 20
46 20
46 19
43 19
42 19
41 19
41 20
40 20
40 21
41 21
42 21
39 21
38 21
38 22
39 22
40 22
41 22
42 22
47 17
47 16
43 12
38 19
41 18
47 19
40 23
41 23
42 23
43 23
40 24
41 24
42 24
43 24
44 24
43 25
44 25
42 25
41 25
41 26
42 26
45 25
45 26
44 26
44 27
45 27
45 28
44 28
44 29
45 29
37 19
44 13
42 27
1
949
46 11
46 12
46 13
47 13
47 12
47 11
47 14
48 14
48 13
48 12
48 11
49 14
49 13
49 12
49 11
49 10
48 10
47 10
46 10
46 9
47 9
48 9
49 9
49 8
48 8
47 8
Yes
42 46
43 46
43 47
42 47
41 47
43 48
42 48
41 48
40 48
40 47
40 46
39 47
39 46
38 46
38 45
43 49
42 49
41 49
40 49
39 49
38 49
37 49
36 49
37 45
37 46
36 46
36 45
36 44
36 47
35 44
35 45
35 46
35 47
35 48
35 49
34 46
34 47
34 48
34 49
35 43
35 42
36 42
37 42
38 42
38 41
39 41
38 40
40 41
40 42
40 43
40 40
40 39
41 39
41 40
41 41
41 42
41 43
41 44
42 39
42 40
42 41
42 42
42 43
42 44
43 44
43 43
43 42
43 41
43 40
44 40
44 39
45 39
45 38
46 38
46 37
45 37
44 42
44 43
44 44
45 44
45 43
45 42
46 42
46 43
46 44
46 45
46 41
47 41
47 42
47 43
47 44
47 45
47 46
47 47
47 48
47 49
37 41
36 41
37 40
36 40
35 40
48 45
48 46
48 47
48 48
48 49
48 42
49 42
37 48
38 43
49 48
49 49
37 39
36 39
35 39
34 39
34 38
35 38
36 38
37 38
38 38
38 37
37 37
36 37
35 37
34 37
0
Yes
44 8
45 8
46 8
46 7
47 7
48 7
49 7
45 9
44 9
45 10
44 10
43 10
43 9
43 8
43 7
44 7
42 8
42 9
42 10
41 10
41 9
41 8
41 7
41 11
41 12
40 12
40 11
40 10
40 9
40 8
40 7
39 7
39 8
39 9
39 10
39 11
39 12
39 6
40 6
38 12
38 11
38 10
38 9
38 8
37 12
37 11
37 10
37 9
37 8
36 8
36 9
35 8
35 9
35 10
34 10
34 9
34 8
44 6
43 6
44 5
43 5
43 4
42 4
42 3
43 3
48 6
49 6
48 5
49 5
49 4
48 4
47 4
47 3
48 3
49 3
46 3
46 2
47 2
48 2
49 2
47 1
48 1
49 1
49 0
48 0
47 0
46 0
45 0
45 1
44 1
44 0
44 2
43 2
43 1
43 0
42 2
42 1
42 0
41 2
41 1
41 0
40 0
40 1
40 2
39 2
39 3
39 4
38 4
37 4
37 5
36 5
35 5
35 6
34 6
34 5
33 6
33 5
44 11
40 4
0
Yes
0 47
0 46
1 47
1 46
0
Yes
5 25
5 26
4 25
4 24
5 24
3 24
3 23
4 23
5 23
4 22
5 22
2 23
2 22
2 21
6 22
6 23
6 24
6 25
6 26
7 22
7 23
7 24
7 25
7 26
8 23
6 21
9 23
10 23
9 22
10 22
11 22
9 21
10 21
11 21
12 21
13 21
8 25
8 26
9 25
9 26
10 26
10 25
9 27
8 27
7 27
6 27
6 28
7 28
8 28
9 28
9 29
8 29
7 29
6 29
6 30
7 30
8 30
9 30
10 30
10 31
11 30
11 31
12 31
7 31
6 31
13 31
14 31
13 30
14 30
13 29
14 29
14 28
13 28
12 28
12 27
13 27
14 27
13 26
14 26
14 25
13 25
12 25
12 24
13 24
14 24
14 23
14 22
14 21
15 23
15 22
15 21
15 30
15 29
15 28
15 27
15 26
15 25
16 25
16 26
16 27
16 28
17 28
17 27
11 20
12 20
13 20
14 20
15 20
6 20
1 21
1 22
1 23
6 19
6 18
5 18
5 19
16 20
16 21
17 21
17 20
18 20
18 21
18 22
19 20
19 21
19 22
19 23
20 20
20 21
20 22
20 23
21 23
21 22
22 22
22 23
23 22
23 23
0
Yes
19 4
18 4
17 4
17 5
18 5
19 5
19 6
18 6
17 6
17 7
18 7
20 5
20 6
20 7
21 7
21 6
21 5
17 3
17 2
16 2
16 1
17 1
15 1
15 0
16 0
17 0
18 1
18 0
19 0
19 1
19 2
20 2
20 1
20 0
21 2
21 1
21 0
22 2
22 1
22 0
23 2
23 1
23 0
24 0
24 1
24 2
24 3
24 4
24 5
24 6
25 6
25 5
25 4
25 3
25 2
25 1
25 0
26 1
26 2
26 3
27 1
27 2
27 3
27 4
28 4
28 3
28 2
28 1
21 4
0
Yes
24 38
24 37
24 36
25 36
25 37
25 38
25 39
26 36
26 37
26 38
26 39
27 36
27 37
27 38
27 39
26 40
27 40
26 41
27 41
28 41
28 40
29 40
29 41
30 41
30 40
30 39
31 39
31 40
31 41
32 39
32 40
32 41
30 42
31 42
32 42
33 42
34 42
34 43
33 43
32 43
31 43
30 43
30 44
31 44
32 44
33 44
33 45
33 46
32 46
33 47
32 47
31 47
33 48
32 48
31 48
33 49
32 49
31 49
30 49
30 48
30 47
30 46
29 46
29 47
29 48
29 49
28 46
28 47
28 48
0
Yes
40 0
40 1
40 2
39 2
39 3
39 4
38 4
37 4
37 5
36 5
35 5
35 6
34 6
34 5
33 6
33 5
33 4
33 3
32 3
32 2
31 3
31 2
31 1
31 0
30 2
30 1
30 0
29 2
29 1
29 0
41 2
41 1
41 0
42 0
42 1
42 2
42 3
42 4
43 4
43 3
43 2
43 1
43 0
44 2
44 1
44 0
45 1
45 0
46 0
43 5
44 5
44 6
43 6
43 7
44 7
44 8
43 8
42 8
45 8
45 9
44 9
43 9
42 9
42 10
43 10
44 10
45 10
46 10
46 9
46 8
46 7
47 7
47 8
47 9
47 10
46 11
47 11
46 12
47 12
46 13
47 13
47 14
48 14
48 13
48 12
48 11
48 10
48 9
48 8
48 7
48 6
48 5
49 14
49 13
49 12
49 11
49 10
49 9
49 8
49 7
49 6
49 5
49 4
48 4
47 4
47 3
48 3
49 3
46 3
46 2
47 2
48 2
49 2
47 1
48 1
49 1
47 0
48 0
49 0
41 10
41 9
41 8
41 7
40 7
40 6
39 6
39 7
40 8
40 9
40 10
39 8
0
Yes
32 17
33 17
32 16
32 15
32 14
31 14
31 15
31 16
31 17
30 15
30 16
30 17
33 18
32 18
31 18
30 18
32 19
31 19
30 19
30 20
31 20
32 20
33 20
29 19
29 18
29 17
29 16
29 15
29 14
28 14
28 15
28 16
28 17
28 18
27 18
27 17
27 16
27 15
33 21
32 21
31 21
33 22
32 22
31 22
30 22
30 23
31 23
32 23
33 23
30 24
31 24
32 24
33 24
34 24
34 25
33 25
32 25
0
Yes
15 46
16 46
16 45
15 45
14 45
14 44
14 43
15 43
16 43
17 43
17 42
16 42
15 42
14 42
14 41
14 40
13 40
14 39
13 39
12 39
18 42
18 43
18 44
19 44
19 43
19 42
20 42
20 43
12 38
13 38
14 38
15 38
11 38
12 37
13 37
14 37
15 37
11 37
16 37
16 36
15 36
14 36
13 36
16 35
15 35
14 35
13 35
12 35
14 34
13 34
12 34
14 33
13 33
12 33
12 32
13 32
14 32
11 33
11 34
11 35
11 36
10 33
10 34
10 35
10 36
10 37
9 37
9 36
9 35
9 34
9 33
8 33
8 34
8 35
8 36
7 36
7 35
7 34
7 33
7 32
6 32
6 33
6 34
6 35
16 47
15 47
14 47
14 48
15 48
16 48
0
Yes
9 41
10 41
10 42
9 42
8 42
8 43
9 43
10 43
11 43
11 44
10 44
9 44
8 44
10 45
9 45
8 45
8 46
9 46
10 46
10 47
11 47
11 46
7 46
7 45
7 44
7 43
7 42
6 46
6 45
6 44
6 43
6 42
5 43
5 42
5 41
0
Yes
35 36
34 36
34 35
35 35
35 34
36 36
36 35
36 34
36 33
37 36
37 35
37 34
37 33
38 36
38 35
38 34
38 33
38 32
37 32
36 32
49 22
39 32
39 33
39 34
40 33
40 34
40 35
41 35
41 34
41 33
41 32
42 32
42 33
42 34
42 35
43 35
43 34
43 33
43 32
43 31
44 31
44 32
44 33
44 34
44 35
45 35
45 34
45 33
45 32
46 35
46 34
46 33
46 32
46 31
46 30
46 29
47 29
46 28
47 28
48 28
46 27
47 27
48 27
49 27
46 26
47 26
48 26
49 26
46 25
47 25
48 25
49 25
46 24
47 24
48 24
49 24
46 23
47 23
48 23
49 23
47 22
48 22
0
Yes
2 30
1 30
0 30
0 29
1 29
2 29
2 28
1 28
0 28
0 27
1 27
2 27
0
Yes
19 40
19 39
19 38
19 37
20 37
20 38
20 39
18 37
18 38
18 39
18 40
21 38
21 39
0
Yes
2 33
2 34
2 35
2 36
2 37
2 38
1 38
1 37
1 36
1 35
1 34
1 33
0 36
0 35
0 34
0 33
0 32
1 32
2 32
2 31
1 31
0 31
3 31
3 32
3 33
3 34
3 35
3 36
3 37
3 38
3 39
4 39
4 38
4 37
4 36
4 35
4 34
4 33
4 32
4 31
5 36
5 35
5 34
5 33
5 32
5 31
6 35
6 34
6 33
6 32
6 31
7 31
7 32
7 33
7 34
7 35
0
Yes
45 39
44 39
44 40
43 40
43 41
45 38
46 38
43 42
44 42
45 42
45 43
44 43
43 43
43 44
44 44
45 44
42 44
42 43
42 42
42 41
42 40
42 39
41 44
41 43
41 42
41 41
41 40
41 39
40 39
40 40
40 41
40 42
40 43
39 41
38 41
38 42
38 40
37 42
37 41
37 40
37 39
36 41
36 42
36 40
36 39
35 40
35 39
35 42
35 43
35 44
36 44
35 45
36 45
37 45
38 45
38 46
37 46
36 46
35 46
36 47
35 47
39 46
39 47
40 46
40 47
41 47
42 47
42 46
43 46
43 47
35 38
36 38
37 38
38 38
46 44
46 43
46 42
46 41
46 45
47 41
47 42
47 43
47 44
47 45
48 45
40 45
38 37
37 37
36 37
35 37
34 37
34 38
34 39
46 37
45 37
38 49
44 45
39 49
48 46
47 46
47 47
48 47
47 48
48 48
49 48
47 49
48 49
49 49
43 48
42 48
41 48
40 48
43 49
42 49
41 49
40 49
0
Yes
40 0
40 1
40 2
39 2
39 3
39 4
38 4
37 4
37 5
36 5
35 5
35 6
34 6
34 5
33 6
33 5
33 4
33 3
41 2
41 1
41 0
42 0
42 1
42 2
42 3
42 4
43 4
43 3
43 2
43 1
43 0
44 2
44 1
44 0
45 1
45 0
40 4
43 5
44 5
44 6
43 6
43 7
44 7
32 3
32 2
31 3
31 2
31 1
31 0
30 2
30 1
30 0
29 2
29 1
29 0
28 0
28 1
28 2
28 3
28 4
27 4
27 3
27 2
27 1
26 1
26 2
26 3
25 3
25 2
25 1
25 0
25 4
25 5
25 6
24 6
24 5
24 4
24 3
24 2
24 1
24 0
23 2
23 1
23 0
22 2
22 1
22 0
21 2
21 1
21 0
20 2
20 1
20 0
19 2
19 1
19 0
18 1
18 0
17 0
17 1
17 2
33 7
16 2
16 1
16 0
15 1
15 0
