0
Yes
29 0
29 1
29 2
29 3
29 4
29 5
29 6
29 7
29 8
30 8
30 7
30 6
30 5
30 4
30 3
30 2
30 1
30 0
31 7
31 6
31 5
31 4
31 3
31 2
31 1
31 0
32 7
32 6
32 5
32 4
32 3
32 2
32 1
32 0
33 7
33 6
33 5
33 4
33 3
33 2
33 1
33 0
34 7
34 6
34 5
34 4
34 3
34 2
34 1
34 0
28 8
28 7
28 6
28 5
28 4
28 3
28 2
28 1
28 0
27 8
27 7
27 6
27 5
27 4
27 3
27 2
27 1
27 0
26 8
26 7
26 6
26 5
26 4
26 3
26 2
26 1
26 0
25 0
25 1
25 2
25 3
25 4
25 5
25 6
25 7
25 8
24 8
24 7
24 6
24 5
24 4
24 3
24 2
24 1
24 0
23 7
23 8
23 6
23 5
23 4
23 3
23 2
23 1
23 0
22 6
22 5
22 4
22 3
22 2
22 1
22 0
0
Yes
41 11
41 10
40 10
40 9
41 9
40 8
41 8
40 7
41 7
42 11
42 10
42 9
42 8
42 7
42 6
43 6
43 7
43 8
43 9
43 10
43 11
44 6
44 7
44 8
44 9
44 10
44 11
45 6
45 7
45 8
45 9
45 10
45 11
46 8
46 9
46 10
46 11
44 12
45 12
0
No
0
Yes
2 0
2 1
2 2
2 3
2 4
3 4
3 3
3 2
3 1
3 0
4 4
4 3
4 2
4 1
4 0
5 3
5 2
5 1
5 0
6 3
6 2
6 1
6 0
7 3
7 2
7 1
7 0
1 4
1 3
1 2
1 1
1 0
0 0
0 1
0 2
0 3
0 4
3 5
2 5
1 5
0
Yes
8 0
8 1
8 2
8 3
9 3
9 2
9 1
9 0
10 0
10 1
10 2
10 3
11 3
11 2
11 1
11 0
12 0
12 1
12 2
12 3
13 3
13 2
13 1
13 0
0
Yes
49 0
49 1
49 2
48 2
48 1
48 0
48 3
49 3
48 4
49 4
0
Yes
5 49
6 49
7 49
7 48
6 48
5 48
5 47
6 47
7 47
7 46
6 46
5 46
5 45
6 45
7 45
7 44
6 44
5 44
5 43
6 43
7 43
7 42
6 42
5 42
5 41
6 41
7 41
4 41
4 42
4 43
4 44
4 45
4 46
4 47
4 48
4 49
3 49
3 48
3 47
3 46
3 45
3 44
3 43
3 42
3 41
2 41
2 42
2 43
2 44
2 45
2 46
2 47
2 48
2 49
1 49
1 48
1 47
1 46
1 45
1 44
1 43
1 42
1 41
0 41
0 42
0 43
0 44
0 45
0 46
0 47
0 48
0 49
8 41
8 42
8 43
8 44
8 45
8 46
8 47
8 48
8 49
9 49
9 48
9 47
9 46
9 45
9 44
9 43
9 42
0
Yes
0 15
0 16
0 17
0 18
1 18
1 17
1 16
1 15
2 15
2 16
2 17
2 18
3 18
3 17
3 16
3 15
4 17
4 18
4 16
4 15
4 14
3 14
2 14
1 14
0 14
4 13
3 13
2 13
1 13
0 13
4 12
3 12
2 12
1 12
0 12
4 11
3 11
2 11
1 11
0 11
0
Yes
32 20
33 20
34 20
35 20
36 20
37 20
38 20
38 19
37 19
36 19
35 19
34 19
33 19
32 19
39 19
40 19
40 18
39 18
38 18
37 18
36 18
35 18
34 18
33 18
32 18
32 17
33 17
34 17
35 17
36 17
37 17
38 17
39 17
40 17
40 16
39 16
38 16
37 16
36 16
35 16
34 16
33 16
32 16
39 15
38 15
37 15
36 15
35 15
38 14
37 14
36 14
35 14
35 13
36 13
31 18
31 19
31 20
41 19
41 18
41 17
41 16
38 21
37 21
36 21
35 21
34 21
33 21
32 21
31 21
34 22
33 22
32 22
31 22
30 22
33 23
32 23
31 23
30 23
29 23
0
Yes
48 24
47 24
46 24
46 23
47 23
48 23
49 23
46 22
47 22
48 22
49 22
46 21
47 21
48 21
49 21
46 20
47 20
48 20
49 20
49 19
48 19
47 19
46 19
45 19
44 19
43 19
43 18
44 18
45 18
46 18
47 18
48 18
49 18
49 17
48 17
47 17
46 17
45 17
44 17
43 17
42 17
42 16
43 16
44 16
45 16
46 16
47 16
48 16
49 16
43 15
44 15
45 15
46 15
47 15
48 15
49 15
44 14
45 14
46 14
47 14
48 14
49 14
44 13
45 13
46 13
47 13
48 13
49 13
46 12
47 12
48 12
0
No
0
No
0
Yes
36 4
36 5
37 5
37 4
38 4
38 5
38 3
37 3
36 3
39 3
39 2
38 2
37 2
36 2
36 1
37 1
38 1
39 1
39 0
38 0
37 0
36 0
35 5
35 4
35 3
35 2
35 1
35 0
0
Yes
47 2
47 1
47 0
46 2
46 1
46 0
45 2
45 1
45 0
44 1
44 0
43 0
43 1
0
Yes
17 2
17 3
17 4
16 4
16 3
16 2
18 4
18 3
18 2
19 4
19 3
19 2
20 3
20 2
21 3
21 2
19 5
18 5
21 1
20 1
19 1
18 1
17 1
16 1
21 0
20 0
19 0
18 0
17 0
16 0
15 4
15 3
15 2
15 1
15 0
14 0
14 1
14 2
14 3
0
Yes
41 25
41 24
41 23
40 23
40 24
40 25
39 25
39 24
39 23
38 23
38 24
38 25
39 22
40 22
41 22
39 26
40 26
41 26
39 27
40 27
41 27
42 27
42 28
41 28
40 28
39 28
39 29
0
Yes
2 18
2 19
2 20
1 20
1 19
1 18
0 20
0 19
0 18
3 19
3 18
4 19
4 18
4 17
3 17
2 17
1 17
0 17
0 16
1 16
2 16
3 16
4 16
5 16
6 16
6 15
5 15
4 15
3 15
2 15
1 15
0 15
4 14
3 14
2 14
1 14
0 14
4 13
3 13
2 13
1 13
0 13
4 12
3 12
0
Yes
24 47
23 47
22 47
22 48
23 48
24 48
24 49
23 49
22 49
21 49
21 48
21 47
21 46
20 46
20 47
20 48
20 49
19 48
19 49
18 49
18 48
18 47
17 47
17 48
17 49
17 46
16 46
16 47
16 48
16 49
15 49
15 48
15 47
15 46
15 45
25 48
25 49
14 45
14 46
14 47
14 48
14 49
14 44
13 44
13 45
13 46
13 47
13 48
13 49
12 49
12 48
12 47
12 46
12 45
12 44
12 43
12 42
13 42
14 42
14 41
15 41
16 41
17 41
18 41
19 41
20 41
21 41
21 40
20 40
19 40
18 40
17 40
16 40
15 40
20 39
21 39
19 39
18 39
17 39
16 39
15 39
19 38
18 38
17 38
16 38
15 38
22 39
21 38
22 38
23 38
24 38
24 37
24 36
18 37
17 37
16 37
15 37
18 36
17 36
16 36
15 36
18 35
17 35
16 35
15 35
14 40
14 39
14 38
14 37
14 36
14 35
13 41
13 40
13 39
13 38
13 37
13 36
12 41
12 40
12 39
12 38
11 38
11 39
11 40
11 41
11 42
11 43
11 44
11 45
11 46
11 47
11 48
11 49
25 36
25 37
10 49
10 48
10 47
10 46
10 45
10 44
10 43
10 42
10 41
10 40
9 41
9 40
1
17
41 43
41 44
42 44
42 43
43 43
44 43
44 42
43 42
42 42
41 42
43 41
44 41
42 41
41 41
42 40
41 40
42 39
41 39
41 38
41 37
40 37
40 38
40 39
40 40
40 41
40 42
40 43
40 44
42 45
41 45
40 45
42 46
41 46
40 46
40 47
40 48
40 49
39 49
39 48
39 47
39 46
39 45
39 44
39 43
39 42
39 41
39 40
39 39
39 38
39 37
39 36
38 36
38 37
38 38
38 39
38 40
38 41
38 42
38 43
38 44
38 45
38 46
38 47
38 48
38 49
37 49
37 48
37 47
37 46
37 45
37 44
37 43
37 42
37 41
37 40
37 39
37 38
37 37
37 36
36 48
36 49
36 47
36 46
36 45
36 44
36 43
36 42
36 41
36 40
36 39
36 38
36 37
36 36
35 47
35 46
35 45
35 44
35 43
35 42
35 41
35 40
35 39
35 38
35 37
35 36
34 44
34 43
34 42
34 41
34 40
34 39
34 38
34 37
34 36
35 35
36 35
37 35
38 35
39 35
40 35
40 34
39 34
38 34
37 34
37 33
38 33
38 32
37 32
38 31
37 31
37 30
37 29
36 29
36 30
33 38
33 39
33 40
33 41
33 42
33 43
33 37
33 36
33 35
32 35
32 36
32 37
32 34
Yes
6 27
6 28
6 29
6 30
5 30
5 29
5 28
5 27
5 26
4 27
4 28
4 29
4 30
4 26
3 26
3 29
3 30
2 30
2 26
22 30
3 25
4 25
5 25
6 25
6 24
7 24
8 24
9 24
9 25
10 25
10 24
11 24
11 25
12 25
13 25
10 23
9 23
8 23
7 23
6 23
6 22
7 22
8 22
9 22
10 22
10 21
9 21
8 21
7 21
10 26
11 26
12 26
13 26
14 26
15 26
7 20
25 30
25 27
15 27
14 27
13 27
12 27
11 27
10 27
10 28
11 28
12 28
13 28
14 28
15 28
11 29
12 29
13 29
14 29
15 29
11 30
12 30
13 30
14 30
15 30
11 31
12 31
13 31
14 31
15 31
12 32
13 32
14 32
15 32
13 33
14 33
15 33
14 34
15 34
14 35
15 35
5 24
5 23
4 24
3 24
5 22
5 21
4 21
4 22
16 29
16 30
16 31
16 32
16 33
16 34
16 35
17 34
17 33
17 32
17 31
17 30
17 29
17 35
15 25
17 28
18 28
18 29
18 30
18 31
18 32
19 31
19 30
20 31
20 30
21 30
20 29
21 29
21 28
22 28
23 28
24 28
24 29
25 29
25 28
0
Yes
14 49
15 49
16 49
17 49
17 48
16 48
15 48
14 48
14 47
15 47
16 47
17 47
17 46
16 46
15 46
14 46
15 45
14 45
14 44
13 44
13 45
13 46
13 47
13 48
13 49
12 49
12 48
12 47
12 46
12 45
12 44
11 44
11 45
11 46
11 47
11 48
11 49
10 49
10 48
10 47
10 46
10 45
10 44
18 47
18 48
18 49
19 48
19 49
10 43
11 43
12 43
0
Yes
47 41
48 41
49 41
46 41
46 42
47 42
48 42
49 42
46 43
47 43
48 43
49 43
47 44
48 44
49 44
0
Yes
9 11
9 10
8 11
8 10
0
Yes
0 37
0 38
0 39
0 40
1 40
1 39
1 38
1 37
2 40
2 39
2 38
2 37
2 36
1 36
0 36
3 40
3 39
3 38
3 37
3 36
0
Yes
17 12
17 11
16 12
18 11
18 12
19 11
19 12
19 13
18 13
17 13
16 13
15 13
14 13
13 13
13 14
14 14
15 14
16 14
17 14
18 14
19 14
19 15
18 15
17 15
16 15
15 15
14 15
13 15
12 15
12 16
13 16
14 16
15 16
16 16
17 16
18 16
20 15
20 14
20 13
20 12
20 11
21 12
21 11
0
Yes
10 42
11 42
12 42
13 42
14 42
14 41
13 41
12 41
11 41
10 41
9 41
10 40
11 40
12 40
13 40
14 40
9 40
9 39
9 38
8 40
8 39
8 38
8 37
11 39
12 39
13 39
14 39
11 38
12 38
13 38
14 38
13 37
14 37
15 41
15 40
15 39
15 38
15 37
16 41
16 40
16 39
16 38
16 37
17 41
17 40
17 39
17 38
17 37
18 37
18 38
18 39
18 40
18 41
19 38
19 39
19 40
19 41
18 36
17 36
16 36
15 36
14 36
13 36
20 41
20 40
20 39
21 41
21 40
21 39
22 39
21 38
22 38
23 38
24 38
24 37
25 37
25 36
24 36
7 37
7 38
7 39
7 40
6 40
6 39
6 38
6 37
5 40
5 39
5 38
5 37
4 40
4 39
4 38
4 37
4 36
5 36
0
Yes
2 6
1 6
0 6
2 7
1 7
0 7
0 8
1 8
2 8
2 9
1 9
0 9
0
Yes
25 48
25 49
24 49
24 48
24 47
23 47
23 48
23 49
22 47
22 48
22 49
21 49
21 48
0
Yes
40 48
40 49
40 47
40 46
40 45
40 44
39 44
39 45
39 46
39 47
39 48
39 49
38 49
38 48
38 47
38 46
38 45
38 44
37 44
37 45
37 46
37 47
37 48
37 49
36 49
36 48
36 47
36 46
36 45
36 44
35 47
35 46
35 45
35 44
0
Yes
2 49
2 48
2 47
1 47
1 48
1 49
0 49
0 48
0 47
0
Yes
30 26
30 25
30 24
29 24
29 25
29 26
28 24
28 25
28 26
28 27
29 27
30 27
31 27
32 27
33 27
33 26
34 26
34 27
27 27
27 26
27 25
27 24
27 23
26 23
26 24
26 25
26 26
26 27
25 26
25 25
25 24
25 23
24 26
24 25
24 24
24 23
23 26
23 25
23 24
23 23
25 22
24 22
23 22
31 25
26 28
27 28
28 28
29 28
30 28
31 28
32 28
33 28
34 28
27 29
28 29
29 29
30 29
31 29
32 29
33 29
28 30
29 30
30 30
31 30
32 30
33 30
33 31
32 31
31 31
31 32
32 32
33 25
0
Yes
0 35
1 35
2 35
3 35
4 35
5 35
6 35
6 34
5 34
4 34
3 34
2 34
1 34
0 34
6 33
5 33
4 33
3 33
2 33
1 33
0 33
5 32
4 32
3 32
2 32
1 32
0 32
5 31
4 31
3 31
2 31
1 31
0 31
0
Yes
39 38
39 39
39 40
39 41
39 42
40 42
40 41
40 40
40 39
40 38
40 37
39 37
39 36
39 35
40 35
38 35
38 36
38 37
38 38
38 39
38 40
38 41
38 42
37 42
37 41
37 40
37 39
37 38
37 37
37 36
37 35
36 35
36 36
36 37
36 38
36 39
36 40
36 41
36 42
35 35
35 36
35 37
35 38
35 39
35 40
35 41
35 42
34 36
34 37
34 38
34 39
34 40
34 41
34 42
33 38
33 39
33 40
33 41
33 42
33 37
33 36
33 35
32 35
32 36
32 37
32 39
32 40
32 41
32 42
31 39
31 40
31 41
31 42
30 39
30 40
30 41
30 42
29 40
29 41
29 42
28 42
28 41
40 34
39 34
38 34
37 34
41 37
41 38
41 39
41 40
41 41
41 42
42 39
42 40
42 41
42 42
43 41
43 42
43 43
42 43
41 43
40 43
39 43
38 43
37 43
36 43
35 43
34 43
33 43
32 43
31 43
30 43
29 43
29 44
30 44
31 44
32 44
32 45
31 45
30 45
44 43
44 42
0
Yes
7 41
7 42
7 43
7 44
8 44
8 43
8 42
8 41
9 43
9 44
9 42
9 41
9 40
8 40
7 40
9 39
8 39
7 39
9 38
8 38
7 38
8 37
7 37
6 37
6 38
6 39
6 40
6 41
6 42
6 43
6 44
5 44
5 43
5 42
5 41
5 40
5 39
5 38
5 37
5 36
4 36
4 37
4 38
4 39
4 40
4 41
4 42
4 43
4 44
3 36
3 37
3 38
3 39
3 40
3 41
3 42
3 43
3 44
2 36
2 37
2 38
2 39
2 40
2 41
2 42
2 43
2 44
1 36
1 37
1 38
1 39
1 40
1 41
1 42
1 43
1 44
0 36
0 37
0 38
0 39
0 40
0 41
0 42
0 43
0 44
10 40
10 41
0
Yes
16 22
16 21
17 21
17 22
18 22
18 21
19 22
19 21
20 21
21 21
22 21
23 21
23 20
22 20
21 20
20 20
19 20
18 20
17 20
16 20
23 19
22 19
21 19
20 19
19 19
18 19
17 19
16 19
16 18
17 18
18 18
19 18
20 18
21 18
22 18
23 18
24 18
24 17
23 17
22 17
21 17
20 17
19 17
18 17
17 17
16 17
15 20
15 19
15 18
15 17
0
Yes
48 2
48 3
48 4
47 3
47 2
46 2
45 2
49 4
49 3
49 2
49 1
48 1
47 1
46 1
45 1
45 0
46 0
47 0
48 0
49 0
44 1
44 0
43 0
43 1
43 2
43 3
42 3
42 2
42 1
42 0
42 4
42 5
41 5
41 4
41 3
41 2
41 1
41 0
40 5
40 4
40 3
40 2
40 1
0
No
0
Yes
49 32
49 33
49 34
48 34
48 33
48 32
47 34
47 33
47 32
46 34
46 33
46 32
46 31
47 31
48 31
49 31
49 30
48 30
47 30
0
Yes
24 29
25 29
25 28
24 28
23 28
22 28
21 28
21 29
21 30
20 29
20 30
20 31
19 31
19 30
18 30
18 31
18 32
18 29
18 28
17 28
17 29
17 30
17 31
17 32
17 33
17 34
16 29
16 30
16 31
16 32
16 33
16 34
15 34
15 33
15 32
15 31
15 30
15 29
15 28
14 34
14 33
14 32
14 31
14 30
14 29
14 28
13 33
13 32
13 31
13 30
13 29
13 28
12 32
12 31
12 30
12 29
12 28
11 31
11 30
11 29
11 28
10 28
10 27
11 27
12 27
13 27
14 27
15 27
15 26
14 26
13 26
12 26
11 26
10 26
13 25
12 25
11 25
10 25
9 25
11 24
10 24
9 24
15 25
15 24
15 23
16 23
16 24
17 24
17 23
18 23
18 24
0
Yes
48 28
47 28
47 27
46 27
46 28
46 29
47 29
0
Yes
9 46
9 45
8 45
8 46
9 47
8 47
9 48
8 48
9 49
8 49
7 45
7 46
7 47
7 48
7 49
6 45
6 46
6 47
6 48
6 49
5 45
5 46
5 47
5 48
5 49
4 45
4 46
4 47
4 48
4 49
0
No
1
19
4 22
3 22
4 21
5 21
5 22
5 23
5 24
4 24
3 24
3 25
4 25
5 25
6 25
6 24
6 23
6 22
7 24
7 23
7 22
8 24
8 23
8 22
8 21
7 21
7 20
7 19
9 21
9 22
9 23
10 23
10 22
10 21
5 26
4 26
3 26
2 26
4 27
5 27
6 27
6 28
5 28
4 28
6 29
5 29
4 29
3 29
6 30
5 30
4 30
3 30
2 30
Yes
18 36
18 35
17 35
17 36
16 35
16 36
15 35
15 36
14 35
14 36
13 36
13 37
14 37
15 37
16 37
17 37
18 37
18 38
17 38
16 38
15 38
14 38
13 38
19 38
19 39
18 39
17 39
16 39
15 39
14 39
13 39
13 40
14 40
15 40
16 40
17 40
18 40
19 40
19 41
18 41
17 41
16 41
15 41
14 41
13 41
14 42
13 42
20 41
20 40
20 39
21 41
21 40
21 39
22 39
21 38
22 38
23 38
24 38
24 37
25 37
25 36
24 36
12 38
12 39
12 40
12 41
12 42
11 38
11 39
11 40
11 41
11 42
10 42
10 43
11 43
0
No
0
No
0
No
0
No
0
Yes
47 20
46 20
46 21
47 21
46 22
47 22
46 23
47 23
48 23
48 22
48 21
48 20
49 23
49 22
49 21
49 20
49 19
48 19
47 19
46 19
45 19
44 19
43 19
43 18
44 18
45 18
46 18
47 18
48 18
49 18
49 17
48 17
47 17
46 17
45 17
44 17
43 17
43 16
44 16
45 16
46 16
47 16
48 16
49 16
43 15
44 15
45 15
46 15
47 15
48 15
49 15
44 14
45 14
46 14
47 14
48 14
49 14
44 13
45 13
46 13
47 13
48 13
49 13
46 12
47 12
48 12
49 12
0
Yes
37 33
38 33
38 32
37 32
38 31
37 31
0
Yes
29 14
29 13
29 12
28 12
28 13
28 14
27 14
27 13
27 12
0
No
0
Yes
29 29
29 30
28 30
28 29
30 30
30 29
31 29
31 30
31 31
32 31
32 30
32 29
33 31
33 30
33 29
33 28
32 28
31 28
30 28
29 28
28 28
34 28
34 27
33 27
32 27
31 27
30 27
29 27
28 27
33 26
34 26
30 26
29 26
28 26
30 25
29 25
28 25
30 24
29 24
28 24
32 32
31 32
27 29
27 28
27 27
27 26
27 25
27 24
27 23
26 28
26 27
26 26
26 25
26 24
26 23
0
Yes
39 22
40 22
41 22
41 23
40 23
39 23
41 24
40 24
39 24
41 25
40 25
39 25
38 25
38 24
38 23
0
No
0
Yes
0 12
1 12
1 11
0 11
0 10
1 10
2 12
2 11
2 10
0
Yes
14 17
14 18
13 18
13 17
0
No
0
Yes
14 47
14 48
14 49
15 49
15 48
15 47
16 47
16 48
16 49
16 46
15 46
14 46
15 45
14 45
14 44
17 46
17 47
17 48
17 49
18 47
18 48
18 49
19 48
19 49
20 49
20 48
20 47
20 46
21 46
21 47
21 48
21 49
22 47
22 48
22 49
23 47
23 48
23 49
24 47
24 48
24 49
25 48
25 49
13 44
13 45
13 46
13 47
13 48
13 49
12 44
12 45
12 46
12 47
12 48
12 49
0
Yes
7 9
7 10
6 9
6 10
0
No
0
No
0
No
1
14
9 45
8 45
7 45
6 45
5 45
4 45
3 45
3 46
4 46
5 46
6 46
7 46
8 46
9 46
3 47
4 47
5 47
6 47
7 47
8 47
9 47
3 48
4 48
5 48
6 48
7 48
8 48
9 48
3 49
4 49
5 49
6 49
7 49
8 49
9 49
10 49
10 48
10 47
10 46
Yes
9 2
9 3
8 3
8 2
7 3
7 2
6 3
6 2
5 3
5 2
5 1
6 1
7 1
8 1
9 1
10 1
10 2
10 3
10 4
10 5
9 5
10 6
10 7
11 7
11 6
11 5
11 4
11 3
11 2
11 1
12 1
12 2
12 3
12 4
12 5
12 6
12 7
13 7
13 6
13 5
13 4
13 3
13 2
13 1
14 7
14 5
14 4
14 3
14 2
14 1
15 4
15 3
15 2
15 1
16 4
16 3
16 2
16 1
16 0
15 0
14 0
13 0
12 0
11 0
10 0
9 0
8 0
7 0
6 0
5 0
4 0
4 1
4 2
4 3
4 4
3 4
3 3
3 2
3 1
3 0
3 5
2 5
2 4
2 3
2 2
2 1
2 0
1 5
1 4
1 3
1 2
1 1
1 0
12 8
10 8
0 5
0 4
0 3
0 2
0 1
0 0
17 4
17 3
17 2
17 1
17 0
18 0
18 1
18 2
18 3
18 4
18 5
19 5
19 4
19 3
19 2
19 1
19 0
19 6
20 3
20 2
20 1
20 0
21 0
0
No
0
No
0
No
0
No
0
Yes
6 29
6 30
6 28
5 28
5 29
5 30
5 31
5 32
4 28
4 29
4 30
4 31
4 32
3 29
3 30
3 31
3 32
2 30
2 31
2 32
1 30
1 31
1 32
0 30
0 31
0 32
0 33
1 33
2 33
3 33
4 33
5 33
6 33
6 34
5 34
4 34
3 34
2 34
1 34
0 34
6 35
5 35
4 35
3 35
2 35
1 35
0 35
6 27
5 27
4 27
5 26
4 26
3 26
3 25
4 25
5 25
6 25
3 24
4 24
5 24
6 24
0 29
0
No
0
Yes
42 44
41 44
41 45
42 45
42 46
41 46
0
Yes
1 6
0 6
0 7
1 7
1 8
0 8
0 9
1 9
2 6
2 7
2 8
2 9
0
No
0
No
0
Yes
33 21
33 22
33 23
34 22
34 21
35 21
32 23
32 22
32 21
31 21
31 22
31 23
31 20
32 20
33 20
34 20
35 20
31 19
32 19
33 19
34 19
35 19
31 18
32 18
33 18
34 18
35 18
32 17
33 17
34 17
35 17
34 16
33 16
32 16
35 16
0
No
0
No
1
72
40 24
40 25
40 26
39 26
39 25
39 24
38 25
38 24
38 23
39 23
40 23
39 22
40 22
39 27
40 27
41 22
41 23
41 24
41 25
41 26
41 27
42 27
42 28
41 28
40 28
39 28
39 29
38 29
37 29
36 29
36 30
37 30
42 29
35 30
42 22
Yes
36 16
36 17
36 18
36 19
36 20
36 21
37 21
37 20
37 19
37 18
37 17
37 16
38 21
38 20
38 19
38 18
38 17
38 16
39 19
39 18
39 17
39 16
39 15
38 15
37 15
36 15
38 14
37 14
36 14
36 13
35 13
35 14
35 15
35 16
35 17
35 18
35 19
35 20
35 21
40 16
40 17
40 18
40 19
41 19
41 18
41 17
0
No
0
Yes
23 9
22 9
22 10
23 10
23 11
22 11
24 10
0
Yes
34 22
33 22
33 23
32 23
32 22
31 23
31 22
30 22
30 23
31 21
32 21
33 21
34 21
34 20
33 20
32 20
31 20
0
No
0
No
0
Yes
2 39
2 40
2 41
2 42
2 43
2 44
3 44
3 43
3 42
3 41
3 40
3 39
4 44
4 43
4 42
4 41
4 40
4 39
5 44
5 43
5 42
5 41
5 40
5 39
5 38
4 38
3 38
2 38
2 37
3 37
4 37
5 37
5 36
4 36
3 36
2 36
1 36
1 37
1 38
1 39
1 40
1 41
1 42
1 43
1 44
0 36
0 37
0 38
0 39
0 40
0 41
0 42
0 43
0 44
6 37
6 38
0
No
0
No
0
Yes
40 3
39 3
39 2
40 2
41 2
41 3
42 3
42 2
43 3
43 2
43 1
42 1
41 1
40 1
39 1
39 0
40 0
41 0
42 0
43 0
38 0
38 1
38 2
38 3
37 3
37 2
37 1
37 0
36 0
36 1
36 2
36 3
35 3
35 2
35 1
35 0
35 4
36 4
37 4
38 4
35 5
36 5
37 5
38 5
38 6
37 6
37 7
38 7
42 4
41 4
40 4
40 5
41 5
42 5
35 6
0
No
0
No
0
No
0
No
0
No
0
No
0
No
0
Yes
11 49
11 48
11 47
11 46
11 45
10 45
10 46
10 47
10 48
10 49
9 49
9 48
9 47
9 46
9 45
8 45
8 46
8 47
8 48
8 49
7 49
7 48
7 47
7 46
7 45
11 44
10 44
9 44
8 44
1
92
46 8
46 9
46 10
46 11
45 11
45 10
45 9
45 8
45 7
44 7
44 8
44 9
44 10
44 11
43 11
43 10
43 9
43 8
43 7
42 11
42 10
42 9
42 8
42 7
41 11
41 10
41 9
41 8
41 7
Yes
0 46
1 46
2 46
2 45
1 45
0 45
3 45
3 46
3 47
3 48
3 49
4 45
4 46
4 47
4 48
4 49
5 45
5 46
5 47
5 48
5 49
6 49
6 48
6 47
6 46
6 45
6 44
6 43
6 42
6 41
6 40
6 39
7 39
7 40
7 41
7 42
7 43
7 44
7 45
7 46
7 47
7 48
7 49
7 38
7 37
8 37
8 38
8 39
8 40
8 41
8 42
8 43
8 44
8 45
8 46
8 47
8 48
8 49
9 38
9 39
9 40
9 41
9 42
9 43
9 44
9 45
9 46
9 47
9 48
9 49
10 41
10 40
10 44
10 45
10 46
10 47
10 48
10 49
11 44
11 45
11 46
11 47
11 48
11 49
0
Yes
5 21
4 21
4 22
5 22
5 23
6 23
6 22
0
Yes
48 4
49 4
49 3
48 3
49 2
0
No
0
No
0
Yes
37 31
38 31
38 32
37 32
37 33
38 33
0
No
0
No
0
No
0
Yes
29 16
29 15
30 16
30 15
31 15
31 16
0
No
0
No
0
Yes
2 15
2 16
2 17
2 18
2 19
3 19
3 18
3 17
3 16
3 15
4 19
4 18
4 17
4 16
4 15
5 15
5 16
6 16
6 15
4 14
3 14
2 14
4 13
3 13
2 13
4 12
3 12
2 12
1 12
1 13
1 14
1 15
1 16
1 17
1 18
1 19
2 20
1 20
0 20
0 19
0 18
0 17
0 16
0 15
0 14
0 13
0
Yes
48 20
48 21
48 22
49 22
49 21
49 20
49 19
48 19
47 19
47 20
47 21
47 22
46 22
46 21
46 20
46 19
46 23
47 23
48 23
49 23
48 24
47 24
46 24
0
No
0
No
0
Yes
47 1
48 1
49 1
49 0
48 0
47 0
46 0
46 1
45 1
45 0
44 1
44 0
45 2
46 2
47 2
48 2
0
No
0
Yes
12 30
11 30
11 31
12 31
12 32
11 29
12 29
13 29
13 30
13 31
13 32
13 33
14 33
14 32
14 31
14 30
14 29
14 34
15 34
15 33
15 32
15 31
15 30
15 29
16 29
16 30
16 31
16 32
16 33
16 34
17 34
17 33
17 32
17 31
17 30
17 29
17 28
18 28
18 29
18 30
18 31
18 32
15 28
14 28
13 28
12 28
11 28
10 28
10 27
11 27
12 27
13 27
14 27
15 27
15 26
14 26
13 26
12 26
11 26
10 26
13 25
12 25
11 25
10 25
9 25
11 24
10 24
9 24
15 25
0
No
0
Yes
33 19
34 19
34 18
33 18
32 19
32 18
32 17
33 17
34 17
34 16
33 16
32 16
0
No
0
No
0
No
0
Yes
35 37
35 38
35 39
35 40
35 41
35 42
36 42
36 41
36 40
36 39
36 38
36 37
37 37
37 38
37 39
37 40
37 41
37 42
38 42
38 41
38 40
38 39
38 38
38 37
38 36
37 36
36 36
35 36
35 35
36 35
37 35
38 35
34 36
34 37
34 38
34 39
34 40
34 41
34 42
33 38
33 39
33 40
33 41
33 42
33 37
33 36
33 35
32 35
32 36
32 37
32 39
32 40
32 41
32 42
31 39
31 40
31 41
31 42
30 39
30 40
30 41
30 42
29 40
29 41
29 42
28 42
28 41
29 43
30 43
31 43
32 43
33 43
34 43
35 43
36 43
37 43
38 43
29 44
30 44
31 44
32 44
32 45
31 45
30 45
0
No
0
Yes
48 17
48 18
49 18
49 17
49 16
48 16
48 15
49 15
47 18
47 17
47 16
47 15
0
Yes
0 38
0 39
0 40
0 41
0 42
1 42
1 41
1 40
1 39
1 38
2 38
2 39
2 40
2 41
2 42
3 42
3 41
3 40
3 39
3 38
3 37
2 37
1 37
0 37
0 36
1 36
2 36
3 36
4 36
4 37
4 38
4 39
4 40
4 41
4 42
5 36
5 37
5 38
5 39
5 40
5 41
5 42
6 38
6 37
0
Yes
42 17
42 16
43 16
43 17
43 15
44 15
44 16
44 17
44 14
44 13
44 12
45 12
45 13
45 14
45 15
45 16
45 17
46 17
46 16
46 15
46 14
46 13
46 12
46 18
45 18
44 18
43 18
43 19
44 19
45 19
47 12
47 13
47 14
48 14
48 13
48 12
0
Yes
18 39
18 40
18 41
17 41
17 40
17 39
16 41
16 40
16 39
15 41
15 40
15 39
15 38
16 38
17 38
18 38
18 37
17 37
16 37
15 37
18 36
17 36
16 36
15 36
18 35
17 35
16 35
15 35
14 35
14 36
14 37
14 38
14 39
14 40
14 41
0
No
0
No
0
No
0
No
0
No
0
No
0
No
1
27
45 12
44 12
44 13
45 13
44 14
45 14
46 12
46 13
46 14
47 12
47 13
47 14
48 12
48 13
48 14
49 12
49 13
49 14
49 15
48 15
47 15
46 15
45 15
44 15
44 16
45 16
46 16
47 16
48 16
49 16
49 17
48 17
47 17
46 17
Yes
38 47
38 48
38 49
39 49
39 48
39 47
40 47
40 48
40 49
40 46
39 46
38 46
40 45
39 45
38 45
38 44
39 44
40 44
39 43
40 43
41 43
42 43
43 43
37 44
37 45
37 46
37 47
37 48
37 49
36 49
36 48
36 47
36 46
36 45
36 44
35 44
35 45
35 46
35 47
44 43
44 42
43 42
42 42
41 42
40 42
39 42
39 41
40 41
41 41
42 41
43 41
44 41
45 41
45 40
46 40
46 41
46 42
46 43
47 40
47 41
47 42
47 43
47 44
48 40
48 41
48 42
48 43
48 44
48 45
49 45
49 44
49 43
49 42
49 41
49 40
42 40
41 40
40 40
39 40
42 39
41 39
40 39
39 39
39 38
40 38
41 38
46 39
0
Yes
24 22
25 22
23 22
23 23
24 23
25 23
25 24
24 24
23 24
23 25
24 25
25 25
23 26
24 26
25 26
0
No
0
Yes
49 21
49 22
48 22
48 21
48 20
49 20
49 19
48 19
48 18
49 18
47 18
47 19
47 20
47 21
47 22
46 22
46 21
46 20
46 19
46 18
0
No
0
No
0
No
0
No
0
No
0
Yes
21 19
21 20
21 21
20 21
20 20
20 19
20 18
21 18
21 17
20 17
19 17
19 18
19 19
19 20
19 21
19 22
18 17
18 18
18 19
18 20
18 21
18 22
18 23
18 24
17 24
17 23
17 22
17 21
17 20
17 19
17 18
17 17
16 17
16 18
16 19
16 20
16 21
16 22
16 23
16 24
15 23
15 24
25 30
15 20
15 19
15 18
15 17
14 17
14 18
13 18
13 17
22 17
22 18
22 19
22 20
22 21
22 22
23 21
23 20
23 19
23 18
23 17
23 22
24 17
24 18
23 23
23 24
23 25
23 26
24 26
24 25
24 24
24 23
24 22
25 22
25 23
25 24
25 25
25 26
25 27
25 28
25 29
24 29
24 28
23 28
22 28
21 28
21 29
21 30
20 29
20 30
14 20
0
No
0
No
0
Yes
1 7
2 7
2 6
1 6
0 6
0 7
0 8
1 8
2 8
0
Yes
30 49
30 48
29 48
29 49
0
Yes
13 33
14 33
14 34
15 34
15 33
16 34
16 33
17 34
17 33
17 32
16 32
15 32
14 32
13 32
18 32
18 31
17 31
16 31
15 31
14 31
13 31
19 31
19 30
18 30
17 30
16 30
15 30
14 30
13 30
12 32
12 31
12 30
11 31
11 30
11 29
12 29
13 29
14 29
15 29
16 29
17 29
18 29
18 28
17 28
15 28
14 28
13 28
12 28
11 28
10 28
10 27
11 27
12 27
13 27
14 27
15 27
15 26
14 26
13 26
12 26
11 26
0
Yes
21 49
22 49
23 49
24 49
24 48
23 48
22 48
21 48
24 47
23 47
22 47
21 47
21 46
20 46
20 47
20 48
20 49
19 48
19 49
18 49
18 48
18 47
17 47
17 48
17 49
17 46
25 48
25 49
16 46
16 47
16 48
16 49
15 49
15 48
15 47
15 46
15 45
14 45
14 46
14 47
14 48
14 49
14 44
13 44
13 45
13 46
13 47
13 48
13 49
12 49
12 48
12 47
12 46
12 45
12 44
21 45
24 46
25 46
0
No
0
No
0
Yes
33 21
34 21
34 22
33 22
33 23
34 20
33 20
34 19
33 19
34 18
33 18
34 17
33 17
34 16
33 16
32 16
32 17
32 18
32 19
32 20
32 21
32 22
32 23
31 18
31 19
31 20
31 21
0
No
0
No
0
No
0
Yes
0 9
1 9
2 9
2 10
1 10
0 10
0 11
1 11
2 11
3 11
3 10
3 9
3 8
4 8
4 9
4 10
4 11
0
No
0
Yes
9 25
10 25
11 25
11 24
10 24
9 24
8 24
7 24
10 23
9 23
8 23
7 23
6 23
6 22
7 22
8 22
9 22
10 22
10 21
9 21
8 21
7 21
0
Yes
49 12
48 12
47 12
46 12
46 13
47 13
48 13
49 13
49 14
48 14
47 14
46 14
46 15
47 15
48 15
49 15
49 16
48 16
47 16
46 16
0
No
0
No
0
No
0
Yes
47 28
48 28
47 27
46 27
46 28
46 29
47 29
0
No
1
159
37 31
38 31
38 32
37 32
37 33
38 33
39 31
Yes
48 28
48 29
48 30
49 30
47 30
47 29
47 28
47 27
46 27
46 28
46 29
47 31
48 31
49 31
46 31
45 31
44 31
44 30
46 32
47 32
48 32
49 32
49 33
48 33
47 33
46 33
45 33
46 34
47 34
48 34
49 34
47 35
49 35
0
No
0
No
0
Yes
43 18
44 18
45 18
45 19
44 19
43 19
45 17
44 17
43 17
42 17
42 16
43 16
44 16
45 16
43 15
44 15
0
No
0
Yes
20 19
20 20
21 20
21 19
22 19
22 20
23 20
23 19
23 18
22 18
21 18
20 18
24 18
24 17
23 17
22 17
21 17
20 17
19 17
19 18
19 19
19 20
18 17
18 18
18 19
18 20
17 17
17 18
17 19
17 20
16 17
16 18
16 19
16 20
15 20
15 19
15 18
15 17
14 17
14 18
13 18
13 17
16 21
17 21
18 21
19 21
20 21
21 21
22 21
23 21
22 22
23 22
19 22
18 22
17 22
16 22
18 23
17 23
16 23
15 23
15 24
16 24
17 24
18 24
23 23
23 24
23 25
23 26
24 26
24 25
24 24
24 23
24 22
25 22
25 23
25 24
25 25
25 26
0
No
0
No
0
No
0
Yes
0 7
0 6
1 6
1 7
2 6
2 7
2 8
1 8
0 8
0
No
0
No
0
No
0
Yes
19 14
19 15
18 15
18 14
18 16
17 16
17 15
17 14
16 16
16 15
16 14
16 13
17 13
18 13
19 13
16 12
17 12
18 12
19 12
17 11
18 11
19 11
20 15
20 14
20 13
20 12
20 11
0
No
0
No
0
Yes
28 13
28 12
29 12
29 13
29 14
28 14
28 15
29 15
30 12
30 13
30 14
30 15
31 12
31 13
31 14
31 15
0
No
0
Yes
18 29
18 30
18 31
18 32
17 32
17 31
17 30
17 29
16 29
16 30
16 31
16 32
17 33
16 33
15 33
15 32
15 31
15 30
15 29
14 29
14 30
14 31
14 32
14 33
13 33
13 32
13 31
13 30
13 29
12 32
12 31
12 30
12 29
11 31
11 30
11 29
14 34
15 34
16 34
17 34
17 28
18 28
15 28
14 28
13 28
12 28
11 28
10 28
0
No
0
No
0
Yes
19 39
19 40
19 41
20 41
20 40
20 39
21 41
21 40
21 39
0
Yes
3 19
4 19
4 18
3 18
4 17
3 17
3 16
4 16
4 15
3 15
4 14
3 14
4 13
3 13
2 13
2 14
2 15
2 16
2 17
2 18
2 19
2 20
1 20
1 19
1 18
1 17
1 16
1 15
1 14
1 13
0 20
0 19
0 18
0 17
0 16
0 15
0 14
0 13
4 12
3 12
2 12
1 12
0 12
0
No
0
No
0
Yes
3 37
3 36
4 36
4 37
5 36
5 37
2 36
2 37
1 36
1 37
0 36
0 37
0 38
1 38
2 38
3 38
4 38
5 38
5 39
4 39
3 39
2 39
1 39
0 39
5 40
4 40
3 40
2 40
1 40
0 40
5 41
4 41
3 41
0
No
0
Yes
21 2
21 3
20 3
20 2
21 1
20 1
21 0
20 0
19 0
19 1
19 2
19 3
19 4
18 4
18 3
18 2
18 1
18 0
17 4
17 3
17 2
17 1
17 0
16 4
16 3
16 2
16 1
16 0
15 4
15 3
15 2
15 1
15 0
14 0
14 1
14 2
14 3
14 4
14 5
18 5
19 5
13 5
13 4
13 3
13 2
13 1
13 0
13 6
13 7
12 7
12 6
12 5
12 4
12 3
12 2
12 1
12 0
11 7
11 6
11 5
11 4
11 3
11 2
11 1
11 0
10 7
10 6
10 5
10 4
10 3
10 2
0
Yes
13 38
12 38
11 38
11 39
12 39
13 39
13 40
12 40
11 40
11 41
12 41
13 41
0
No
0
No
0
Yes
7 2
7 3
7 1
7 0
8 3
8 2
8 1
8 0
9 3
9 2
9 1
9 0
6 3
6 2
6 1
6 0
0
No
0
Yes
21 18
21 17
22 17
22 18
20 17
20 18
19 17
19 18
18 17
18 18
17 17
17 18
16 17
16 18
16 19
17 19
18 19
19 19
20 19
21 19
22 19
15 19
15 18
15 17
15 20
16 20
17 20
18 20
19 20
20 20
21 20
22 20
21 21
20 21
19 21
18 21
17 21
16 21
22 21
23 21
23 20
23 19
23 18
23 17
1
189
13 16
14 16
15 16
15 15
14 15
13 15
13 14
14 14
15 14
15 13
14 13
13 13
Yes
23 22
24 22
25 22
23 23
24 23
25 23
26 23
27 23
23 24
24 24
25 24
26 24
27 24
28 24
23 25
24 25
25 25
26 25
27 25
28 25
23 26
24 26
25 26
26 26
27 26
28 26
25 27
26 27
27 27
28 27
26 28
27 28
28 28
25 28
25 29
24 29
24 28
22 22
25 30
33 25
27 29
28 29
28 30
29 30
29 29
29 28
29 27
29 26
29 25
29 24
29 23
30 24
30 25
30 26
30 27
30 28
30 29
30 30
30 23
31 23
31 22
30 22
31 27
31 28
31 29
31 30
31 31
31 32
32 32
32 31
32 30
32 29
32 28
32 27
33 31
33 30
33 29
33 28
33 27
33 26
34 26
34 27
34 28
31 25
28 31
22 24
0
No
0
No
0
No
0
Yes
4 2
4 3
4 4
5 3
5 2
5 1
4 1
4 0
5 0
3 0
3 1
3 2
3 3
3 4
3 5
2 5
2 4
2 3
2 2
2 1
2 0
1 5
1 4
1 3
1 2
1 1
1 0
0 5
0 4
0 3
0 2
0 1
0 0
6 3
6 2
6 1
6 0
7 3
7 2
7 1
7 0
8 3
8 2
0
Yes
45 7
45 8
44 8
44 7
43 7
43 8
42 8
42 7
41 7
41 8
42 6
43 6
44 6
45 6
41 9
42 9
43 9
44 9
45 9
45 10
44 10
43 10
42 10
41 10
41 11
42 11
43 11
44 11
45 11
0
No
0
Yes
1 42
1 41
2 41
2 42
3 42
4 42
5 42
0 41
0 42
0 43
1 43
2 43
3 43
4 43
5 43
5 44
4 44
3 44
2 44
1 44
0 44
0 45
1 45
2 45
3 45
4 45
5 45
2 46
1 46
0 46
3 46
4 46
0
No
1
202
2 35
3 35
4 35
5 35
6 35
6 34
5 34
4 34
3 34
2 34
6 33
5 33
4 33
3 33
2 33
5 32
4 32
3 32
2 32
5 31
4 31
3 31
2 31
1 35
1 34
1 33
1 32
1 31
0 35
0 34
0 33
0 32
Yes
7 40
6 40
6 41
7 41
7 42
6 42
5 42
4 42
3 42
3 43
4 43
5 43
6 43
7 43
7 44
6 44
5 44
4 44
3 44
3 45
4 45
5 45
6 45
7 45
7 46
6 46
5 46
4 46
3 46
3 47
4 47
5 47
6 47
7 47
3 48
4 48
5 48
6 48
7 48
3 49
4 49
5 49
6 49
7 49
2 46
2 45
2 44
2 43
2 42
2 41
1 41
1 42
1 43
1 44
1 45
1 46
0 46
0 45
0 44
0 43
0 42
0 41
8 49
8 48
8 47
8 46
8 45
8 44
8 43
8 42
8 41
8 40
9 40
9 41
9 42
9 43
9 44
9 45
9 46
9 47
9 48
9 49
10 40
10 41
10 42
10 43
10 44
10 45
10 46
10 47
10 48
10 49
11 49
11 48
11 47
11 46
11 45
11 44
11 43
11 42
0
Yes
17 24
18 24
18 23
17 23
18 22
17 22
16 22
16 23
16 24
15 23
15 24
0
Yes
31 14
31 15
31 13
30 13
30 14
30 15
29 15
29 14
29 13
28 15
28 14
28 13
27 14
27 13
27 12
28 12
29 12
30 12
31 12
29 16
30 16
0
Yes
1 34
1 35
2 35
2 34
3 35
3 34
4 35
4 34
5 35
5 34
6 35
6 34
0 35
0 34
6 33
5 33
4 33
3 33
2 33
1 33
0 33
5 32
4 32
3 32
2 32
1 32
0 32
5 31
4 31
3 31
2 31
1 31
0 31
0 30
1 30
2 30
3 30
4 30
5 30
6 30
3 29
4 29
5 29
6 29
6 28
5 28
4 28
6 27
5 27
4 27
5 26
4 26
3 26
3 25
4 25
5 25
6 25
6 24
5 24
4 24
3 24
2 26
7 33
0 29
0
No
0
No
0
Yes
6 45
6 46
6 47
6 48
6 49
7 49
7 48
7 47
7 46
7 45
8 45
8 46
8 47
8 48
8 49
9 49
9 48
9 47
9 46
9 45
10 45
10 46
10 47
10 48
10 49
11 49
11 48
11 47
11 46
11 45
11 44
10 44
9 44
8 44
7 44
6 44
6 43
7 43
8 43
9 43
10 43
11 43
11 42
10 42
9 42
8 42
7 42
6 42
5 42
5 43
5 44
5 45
5 46
5 47
5 48
5 49
4 42
4 43
4 44
4 45
4 46
4 47
4 48
4 49
3 49
3 48
3 47
3 46
3 45
3 44
3 43
3 42
6 41
7 41
8 41
0
Yes
29 26
30 26
30 25
29 25
30 24
29 24
29 23
30 23
30 22
31 23
31 22
31 21
31 20
31 19
32 23
32 22
32 21
32 20
32 19
33 23
33 22
33 21
33 20
33 19
34 22
34 21
34 20
34 19
28 24
28 25
28 26
28 27
29 27
30 27
31 27
32 27
33 27
33 26
34 26
34 27
34 28
33 28
32 28
31 28
30 28
29 28
28 28
31 18
32 18
33 18
34 18
34 17
33 17
32 17
32 16
33 16
34 16
33 29
32 29
31 29
30 29
29 29
28 29
28 30
29 30
30 30
31 30
32 30
33 30
33 31
32 31
31 31
31 32
32 32
28 31
0
No
0
Yes
1 38
1 39
1 40
1 41
1 42
2 42
2 41
2 40
2 39
2 38
3 41
3 40
3 39
3 38
4 41
4 40
4 39
4 38
5 41
5 40
5 39
5 38
6 40
6 39
6 38
6 37
5 37
4 37
3 37
2 37
1 37
5 36
4 36
3 36
2 36
1 36
0 36
0 37
0 38
0 39
0 40
0 41
0 42
7 37
7 38
7 39
7 40
8 37
8 38
8 39
8 40
2 43
1 43
0 43
2 44
1 44
0 44
2 45
1 45
0 45
2 46
1 46
0 46
9 38
9 39
9 40
9 41
10 41
10 40
11 41
11 40
11 39
11 38
12 38
12 39
12 40
12 41
12 42
13 42
13 41
13 40
13 39
0
No
0
No
1
194
9 21
10 21
10 22
9 22
10 23
9 23
8 21
8 22
8 23
8 24
9 24
10 24
11 24
9 25
10 25
11 25
10 26
11 26
10 27
11 27
7 24
7 23
7 22
7 21
7 20
7 19
6 22
6 23
5 23
5 22
5 21
4 21
4 22
3 22
12 27
12 26
12 25
13 25
13 26
13 27
14 27
14 26
15 27
15 26
Yes
19 19
19 20
19 21
20 21
20 20
20 19
21 21
21 20
21 19
18 21
18 20
18 19
17 21
17 20
17 19
17 18
18 18
19 18
20 18
21 18
21 17
20 17
19 17
18 17
17 17
22 17
22 18
22 19
22 20
22 21
22 22
23 21
23 20
23 19
23 18
23 17
23 22
24 17
24 18
23 23
23 24
24 22
24 23
24 24
25 22
25 23
25 24
16 21
16 20
16 19
16 18
16 17
15 20
15 19
15 18
15 17
14 17
14 18
13 18
13 17
0
No
0
No
0
No
0
No
0
No
0
Yes
1 8
1 9
1 10
1 11
2 11
2 10
2 9
2 8
3 8
3 9
3 10
3 11
4 11
4 10
4 9
4 8
0
No
0
No
0
No
0
No
0
Yes
39 28
39 29
38 29
37 29
36 29
40 28
41 28
42 28
42 29
42 27
41 27
40 27
39 27
39 26
40 26
41 26
41 25
40 25
39 25
38 25
38 24
39 24
40 24
41 24
38 23
39 23
40 23
41 23
39 22
40 22
41 22
42 22
36 30
37 30
35 30
37 31
37 32
37 33
37 34
38 34
38 33
38 32
38 31
39 31
39 34
40 34
40 35
39 35
39 36
39 37
40 37
41 37
0
No
0
No
0
Yes
27 25
27 24
27 23
26 23
26 24
26 25
25 25
24 25
23 25
23 26
24 26
25 26
26 26
27 26
27 27
26 27
25 27
27 28
26 28
25 28
25 29
24 29
24 28
25 30
0
No
0
No
0
No
0
No
0
No
1
205
47 2
47 3
48 3
48 2
49 2
49 3
48 4
49 4
49 1
48 1
47 1
Yes
8 21
7 21
7 22
8 22
6 22
5 22
5 21
4 21
4 22
5 23
6 23
7 23
8 23
7 24
8 24
9 21
9 22
9 23
9 24
9 25
10 21
10 22
10 23
10 24
10 25
11 24
11 25
12 25
13 25
10 26
11 26
12 26
13 26
10 27
11 27
12 27
13 27
14 27
14 26
15 27
15 26
15 25
15 24
15 23
16 24
16 23
16 22
17 22
17 23
17 24
18 24
18 23
0
No
0
No
0
No
0
No
1
189
0 6
1 6
1 7
0 7
0 8
1 8
1 9
0 9
2 6
2 7
2 8
2 9
Yes
21 11
21 12
22 11
23 11
22 10
23 10
24 10
24 9
23 9
22 9
20 11
20 12
20 13
19 11
19 12
19 13
18 11
18 12
18 13
17 11
17 12
17 13
16 12
16 13
15 13
14 13
13 13
13 14
14 14
15 14
16 14
17 14
18 14
19 14
20 14
20 15
19 15
18 15
17 15
16 15
15 15
14 15
13 15
12 15
12 16
13 16
14 16
15 16
16 16
17 16
18 16
0
No
0
No
0
No
0
Yes
45 17
45 18
44 18
44 17
43 18
43 17
42 17
42 16
43 16
44 16
45 16
43 15
44 15
45 15
43 19
44 19
45 19
45 14
44 14
44 13
45 13
1
189
22 38
22 39
21 38
21 39
21 40
21 41
20 41
20 40
20 39
19 39
19 40
19 41
Yes
2 8
3 8
4 8
4 9
3 9
2 9
2 7
2 6
1 6
1 7
1 8
1 9
0 6
0 7
0 8
0 9
0 10
1 10
2 10
3 10
4 10
4 11
3 11
2 11
1 11
0 11
5 10
6 10
6 9
7 9
7 10
8 10
8 11
6 11
0
No
0
No
0
No
0
Yes
24 36
24 37
23 36
25 37
25 36
0
No
0
Yes
24 1
24 2
24 3
24 4
24 5
24 6
24 7
23 7
23 6
23 5
23 4
23 3
23 2
23 1
22 6
22 5
22 4
22 3
22 2
22 1
22 0
23 0
24 0
25 0
25 1
25 2
25 3
25 4
25 5
25 6
25 7
26 7
26 6
26 5
26 4
26 3
26 2
26 1
26 0
27 0
27 1
27 2
27 3
27 4
27 5
27 6
27 7
28 7
28 6
28 5
28 4
28 3
28 2
28 1
28 0
29 0
29 1
29 2
29 3
29 4
29 5
29 6
29 7
30 7
30 6
30 5
30 4
30 3
30 2
30 1
30 0
31 7
31 6
31 5
31 4
31 3
31 2
31 1
31 0
30 8
29 8
28 8
27 8
26 8
25 8
24 8
23 8
32 7
32 6
32 5
32 4
32 3
32 2
32 1
0
No
0
Yes
39 19
40 19
40 18
39 18
39 17
40 17
40 16
39 16
38 16
38 17
38 18
38 19
41 16
41 17
41 18
41 19
0
Yes
46 0
46 1
46 2
45 2
45 1
45 0
44 1
44 0
0
Yes
42 3
42 4
41 4
41 3
40 4
40 3
40 2
41 2
42 2
40 5
41 5
42 5
0
No
0
No
0
No
0
Yes
1 1
1 2
1 3
1 4
1 5
2 5
2 4
2 3
2 2
2 1
3 5
3 4
3 3
3 2
3 1
0 5
0 4
0 3
0 2
0 1
0 0
1 0
2 0
3 0
4 4
4 3
4 2
4 1
4 0
5 3
5 2
5 1
5 0
0
No
0
Yes
42 46
41 46
41 45
42 45
42 44
1
230
37 0
37 1
37 2
37 3
36 3
36 2
36 1
36 0
35 0
35 1
35 2
35 3
34 3
34 2
34 1
34 0
38 3
38 2
38 1
38 0
39 3
39 2
39 1
39 0
Yes
28 25
28 24
29 24
29 25
29 23
30 25
30 24
30 23
30 22
31 23
31 22
31 21
31 20
31 19
31 18
32 23
32 22
32 21
32 20
32 19
32 18
33 23
33 22
33 21
33 20
33 19
33 18
34 22
34 21
34 20
34 19
34 18
35 21
35 20
35 19
35 18
36 21
36 20
36 19
36 18
27 24
27 25
27 23
26 23
26 24
26 25
25 25
24 25
23 25
23 26
24 26
25 26
26 26
27 26
28 26
29 26
30 26
25 27
26 27
27 27
28 27
29 27
30 27
31 27
32 27
26 28
27 28
28 28
29 28
30 28
31 28
32 28
25 28
25 29
24 29
24 28
23 28
22 28
21 28
27 29
28 29
29 29
30 29
31 29
32 29
28 30
29 30
30 30
31 30
32 30
33 30
33 29
33 28
33 27
33 26
34 26
34 27
34 28
33 31
32 31
31 31
31 32
32 32
21 29
21 30
20 29
20 30
20 31
19 31
19 30
37 18
37 19
37 20
37 21
38 21
38 20
37 17
36 17
35 17
34 17
33 17
32 17
32 16
33 16
34 16
35 16
36 16
37 16
0
No
0
Yes
16 37
16 38
16 39
16 40
16 41
17 41
17 40
17 39
17 38
17 37
15 41
15 40
15 39
15 38
15 37
14 41
14 40
14 39
14 38
14 37
14 36
15 36
16 36
17 36
14 35
15 35
16 35
17 35
18 35
18 36
18 37
18 38
18 39
0
No
0
Yes
43 0
43 1
42 1
42 0
41 0
41 1
40 1
40 0
40 2
41 2
42 2
43 2
43 3
42 3
41 3
0
Yes
37 6
37 7
38 7
38 6
38 5
37 5
38 4
37 4
36 4
36 5
35 4
35 5
35 6
34 6
34 7
33 7
33 6
34 5
34 4
33 5
33 4
0
No
0
No
0
No
0
Yes
36 13
36 14
36 15
37 15
37 14
35 15
35 14
35 13
0
Yes
0 36
1 36
2 36
3 36
3 37
2 37
1 37
0 37
0 38
1 38
2 38
3 38
3 39
2 39
1 39
0 39
0 40
1 40
2 40
3 40
3 41
2 41
1 41
0 41
4 41
4 40
4 39
4 38
4 37
4 36
0 42
0
No
0
No
0
Yes
46 42
46 43
47 43
47 42
48 42
48 43
49 43
49 42
47 44
48 44
49 44
48 45
49 45
49 41
48 41
47 41
46 41
46 40
47 40
48 40
49 40
49 39
1
276
9 39
9 38
8 38
8 39
8 37
7 37
7 38
7 39
7 40
8 40
9 40
9 41
10 41
10 40
6 40
6 39
6 38
6 37
5 37
5 38
5 39
5 40
Yes
46 43
46 42
47 42
47 43
47 44
48 44
48 43
48 42
48 45
49 45
49 44
49 43
49 42
49 46
49 47
49 48
49 49
49 41
48 41
47 41
46 41
45 41
45 40
46 40
47 40
48 40
49 40
46 39
49 39
44 41
44 42
44 43
43 43
43 42
43 41
42 43
42 42
42 41
42 40
42 39
41 39
41 40
41 41
41 42
41 43
41 44
41 38
40 38
40 39
40 40
40 41
40 42
40 43
40 44
40 45
40 46
40 47
40 48
39 43
39 42
39 41
39 40
39 39
39 38
39 44
39 45
39 46
39 47
39 48
38 44
38 45
38 46
38 47
38 48
37 44
37 45
37 46
37 47
37 48
37 49
38 49
39 49
40 49
41 49
49 38
48 38
49 37
49 36
36 48
36 49
36 47
36 46
36 45
36 44
35 47
35 46
35 45
35 44
34 44
35 49
34 49
39 37
40 37
41 37
42 37
43 37
39 36
39 35
40 35
40 34
39 34
38 34
37 34
37 33
38 33
38 32
37 32
37 31
38 31
39 31
37 30
37 29
38 29
39 29
36 29
36 30
35 30
39 28
40 28
41 28
42 28
42 29
42 27
41 27
40 27
39 27
39 26
40 26
41 26
41 25
40 25
39 25
38 25
38 24
0
Yes
33 26
34 26
34 27
33 27
34 28
33 28
33 29
33 30
33 31
32 27
32 28
32 29
32 30
32 31
32 32
31 32
31 31
31 30
31 29
31 28
31 27
30 30
30 29
30 28
30 27
30 26
30 25
30 24
29 30
29 29
29 28
29 27
29 26
29 25
29 24
29 23
30 23
31 25
28 30
28 29
28 28
28 27
28 26
28 25
28 24
27 29
27 28
27 27
27 26
27 25
27 24
27 23
26 23
26 24
26 25
26 26
26 27
26 28
25 27
25 28
25 26
25 25
25 29
24 29
24 28
23 28
22 28
21 28
21 29
21 30
20 29
20 30
20 31
19 31
19 30
24 25
24 26
23 26
23 25
31 23
31 22
30 22
0
Yes
48 34
49 34
47 34
46 34
46 33
47 33
48 33
49 33
46 32
47 32
48 32
49 32
46 31
47 31
48 31
49 31
0
No
0
Yes
32 17
32 16
33 16
33 17
34 16
34 17
35 16
35 17
35 18
34 18
33 18
32 18
31 18
31 19
32 19
33 19
34 19
35 19
31 20
32 20
33 20
34 20
35 20
31 21
32 21
33 21
34 21
35 21
34 22
33 22
32 22
36 21
36 20
36 19
36 18
36 17
36 16
0
Yes
22 0
22 1
22 2
22 3
22 4
22 5
22 6
23 6
23 5
23 4
23 3
23 2
23 1
23 0
24 0
24 1
24 2
24 3
24 4
24 5
24 6
25 6
25 5
25 4
25 3
25 2
25 1
25 0
26 0
26 1
26 2
26 3
26 4
26 5
26 6
27 6
27 5
27 4
27 3
27 2
27 1
27 0
23 7
24 7
25 7
26 7
27 7
23 8
24 8
25 8
26 8
0
Yes
42 4
42 5
41 5
41 4
40 4
40 5
0
Yes
0 46
1 46
2 46
2 45
1 45
0 45
2 44
1 44
0 44
0
No
0
No
1
281
29 5
28 5
28 6
29 6
28 7
29 7
28 8
29 8
30 8
30 7
30 6
30 5
31 7
31 6
31 5
28 4
29 4
30 4
31 4
28 3
29 3
30 3
31 3
32 7
32 6
32 5
32 4
32 3
33 3
33 4
33 5
33 6
33 7
34 7
34 6
34 5
34 4
Yes
27 24
27 23
26 23
26 24
28 24
28 25
27 25
26 25
25 25
24 25
24 26
25 26
26 26
27 26
28 26
25 27
26 27
27 27
28 27
26 28
27 28
28 28
25 28
25 29
24 29
24 28
27 29
28 29
29 29
29 28
29 27
29 26
29 25
29 24
29 23
30 24
30 25
30 26
30 27
30 28
30 29
30 23
30 22
31 23
31 22
32 23
32 22
33 23
33 22
22 30
31 27
31 28
31 29
32 27
32 28
32 29
33 29
33 28
33 27
33 26
34 26
34 27
34 28
28 30
29 30
30 30
31 30
32 30
33 30
33 31
32 31
31 31
31 32
32 32
23 28
22 28
21 28
23 26
23 25
21 29
21 30
20 29
20 30
31 25
25 30
0
No
0
No
0
No
0
No
0
Yes
31 20
31 19
31 18
32 18
32 19
32 20
33 20
33 19
33 18
34 18
34 19
34 20
31 21
32 21
33 21
34 21
32 17
33 17
34 17
0
Yes
11 48
11 49
11 47
11 46
11 45
10 45
10 46
10 47
10 48
10 49
9 49
9 48
9 47
9 46
9 45
8 45
8 46
8 47
8 48
8 49
0
No
0
No
0
No
0
No
0
No
0
No
0
No
0
No
0
Yes
36 40
36 41
36 42
36 43
37 43
37 42
37 41
37 40
38 43
38 42
38 41
38 40
38 39
37 39
36 39
38 38
37 38
36 38
35 43
35 42
35 41
35 40
35 39
35 38
34 43
34 42
34 41
34 40
34 39
34 38
33 38
33 39
33 40
33 41
33 42
33 43
32 39
32 40
32 41
32 42
32 43
0
Yes
6 15
6 16
5 16
5 15
1
145
4 24
3 24
3 25
4 25
3 26
4 26
4 27
5 26
5 27
5 25
5 24
6 24
6 25
6 27
6 28
5 28
4 28
6 29
5 29
4 29
3 29
6 30
5 30
4 30
3 30
2 30
1 30
0 30
5 31
4 31
3 31
2 31
1 31
0 31
5 32
4 32
3 32
2 32
1 32
0 32
0 33
1 33
2 33
3 33
4 33
5 33
6 33
6 34
5 34
4 34
3 34
2 34
1 34
0 34
6 35
5 35
4 35
3 35
Yes
4 48
3 48
3 49
4 49
3 47
4 47
3 46
4 46
3 45
4 45
3 44
4 44
5 44
5 45
5 46
5 47
5 48
5 49
6 49
6 48
6 47
6 46
6 45
6 44
7 45
7 46
7 47
7 48
7 49
7 44
8 44
9 44
10 44
11 44
12 44
12 45
12 46
12 47
12 48
12 49
13 44
13 45
13 46
13 47
13 48
13 49
12 43
11 43
10 43
9 43
8 43
7 43
6 43
5 43
4 43
3 43
3 42
4 42
5 42
6 42
7 42
8 42
9 42
10 42
11 42
12 42
8 41
7 41
6 41
5 41
13 42
13 41
12 41
11 41
11 40
12 40
13 40
2 42
2 43
1 42
1 43
0 43
14 42
14 44
14 45
14 46
14 47
14 48
14 49
15 45
15 46
15 47
15 48
15 49
16 46
16 47
16 48
16 49
17 46
17 47
17 48
17 49
18 47
18 48
18 49
19 48
19 49
13 39
12 39
11 39
11 38
12 38
13 38
13 37
13 36
12 36
11 36
20 49
20 48
20 47
20 46
21 46
21 47
21 48
21 49
21 45
22 47
22 48
22 49
23 47
23 48
23 49
24 47
24 48
24 49
25 48
25 49
24 46
25 46
0
No
0
No
0
No
0
No
0
No
0
Yes
41 23
41 24
40 24
40 23
39 24
39 23
39 22
40 22
41 22
0
No
0
No
0
Yes
27 28
27 29
26 28
26 27
27 27
25 27
25 28
25 29
24 29
24 28
23 28
22 28
21 28
21 29
21 30
20 29
20 30
20 31
25 26
26 26
27 26
25 25
26 25
27 25
24 25
24 26
23 26
23 25
28 25
28 26
28 27
28 28
28 29
28 30
29 30
29 29
29 28
29 27
29 26
29 25
30 25
30 26
30 27
30 28
30 29
30 30
31 27
31 28
31 29
31 30
31 31
31 32
32 32
32 31
32 30
32 29
32 28
32 27
33 31
33 30
33 29
33 28
33 27
33 26
34 26
34 27
34 28
19 31
19 30
30 24
29 24
28 24
27 24
26 24
26 23
27 23
29 23
30 23
33 25
0
Yes
40 4
40 5
41 5
41 4
42 4
42 5
0
Yes
0 6
1 6
2 6
2 7
1 7
0 7
0 8
1 8
2 8
3 8
4 8
4 9
3 9
2 9
1 9
0 9
0 10
1 10
2 10
3 10
4 10
4 11
3 11
2 11
1 11
0 11
5 10
6 10
0
No
0
No
0
No
0
Yes
46 24
46 23
47 23
47 24
48 24
48 23
0
No
0
Yes
48 0
48 1
48 2
48 3
48 4
49 4
49 3
49 2
49 1
49 0
47 3
47 2
47 1
0
No
0
No
0
No
0
No
0
Yes
46 16
46 15
46 14
46 13
46 12
47 12
47 13
47 14
47 15
47 16
48 12
48 13
48 14
48 15
48 16
49 12
49 13
49 14
49 15
49 16
0
No
0
No
0
Yes
8 3
7 3
6 3
6 2
7 2
8 2
6 1
7 1
8 1
6 0
7 0
8 0
0
Yes
40 0
40 1
40 2
41 2
41 1
41 0
42 0
42 1
42 2
43 2
43 1
43 0
43 3
42 3
41 3
40 3
40 4
41 4
42 4
42 5
41 5
40 5
0
Yes
29 41
29 40
30 40
30 41
31 41
31 40
32 40
32 41
30 39
31 39
32 39
32 42
31 42
30 42
29 42
29 43
30 43
31 43
32 43
29 44
30 44
31 44
32 44
32 45
31 45
30 45
0
Yes
41 2
41 3
42 3
42 2
43 3
43 2
43 1
42 1
41 1
41 0
42 0
43 0
40 0
40 1
40 2
40 3
39 3
39 2
39 1
39 0
38 0
38 1
38 2
38 3
37 3
37 2
37 1
37 0
0
No
0
Yes
34 43
33 43
32 43
32 44
32 45
31 45
31 44
31 43
30 45
30 44
30 43
29 44
29 43
35 43
36 43
37 43
38 43
38 42
37 42
36 42
35 42
34 42
33 42
32 42
31 42
30 42
29 42
28 42
28 41
29 41
30 41
31 41
32 41
33 41
34 41
35 41
36 41
37 41
38 41
29 40
30 40
31 40
32 40
33 40
34 40
35 40
36 40
37 40
38 40
30 39
31 39
32 39
33 39
34 39
35 39
36 39
37 39
38 39
38 38
37 38
36 38
35 38
34 38
33 38
38 37
37 37
36 37
0
No
0
Yes
5 32
5 31
5 30
5 29
5 28
4 28
4 29
4 30
4 31
4 32
3 29
3 30
3 31
3 32
2 30
2 31
2 32
1 30
1 31
1 32
0 30
0 31
0 32
4 27
5 27
0 33
1 33
2 33
3 33
4 33
5 33
5 34
4 34
3 34
2 34
1 34
0 34
0 35
1 35
2 35
3 35
4 35
5 35
6 35
6 34
6 33
6 27
6 28
6 29
6 30
5 26
4 26
5 25
4 25
0
Yes
33 23
32 23
31 23
31 22
32 22
33 22
31 21
32 21
33 21
31 20
32 20
33 20
31 19
32 19
33 19
31 18
32 18
33 18
32 17
33 17
32 16
33 16
34 22
34 21
34 20
34 19
34 18
34 17
34 16
35 16
35 17
35 18
35 19
35 20
35 21
36 21
36 20
36 19
36 18
36 17
36 16
0
Yes
30 0
30 1
30 2
29 2
29 1
29 0
28 2
28 1
28 0
31 2
31 1
31 0
0
No
0
No
0
No
0
No
0
No
1
332
46 22
45 22
44 22
44 23
47 22
48 22
49 22
49 23
46 21
47 21
48 21
49 21
46 20
47 20
48 20
49 20
46 19
47 19
48 19
49 19
46 18
47 18
48 18
49 18
46 17
47 17
48 17
49 17
Yes
40 5
41 5
42 5
42 4
41 4
40 4
40 3
41 3
42 3
43 3
43 2
42 2
41 2
40 2
39 3
39 2
39 1
40 1
41 1
42 1
43 1
44 1
45 1
45 2
46 2
46 1
46 0
45 0
44 0
43 0
42 0
41 0
40 0
39 0
38 0
38 1
38 2
0
Yes
34 0
34 1
35 1
35 0
36 0
36 1
37 1
37 0
33 1
33 0
32 0
32 1
32 2
33 2
34 2
35 2
36 2
37 2
34 3
35 3
36 3
37 3
38 3
38 4
37 4
36 4
35 4
35 5
36 5
37 5
0
No
0
No
0
Yes
4 30
4 31
5 31
5 30
6 30
5 32
4 32
4 33
5 33
6 33
6 34
5 34
4 34
3 34
3 33
3 32
3 31
3 30
2 30
2 31
2 32
2 33
2 34
1 30
1 31
1 32
1 33
1 34
0 30
0 31
0 32
0 33
0 34
3 29
4 29
5 29
6 29
6 35
5 35
4 35
3 35
2 35
1 35
0 35
6 28
5 28
4 28
6 27
5 27
4 27
5 26
4 26
3 26
3 25
4 25
0
Yes
25 37
25 36
24 36
24 37
23 36
1
326
9 46
9 45
8 45
8 46
8 47
9 47
8 48
9 48
8 49
9 49
10 45
10 46
10 47
10 48
10 49
11 45
11 46
11 47
11 48
11 49
Yes
47 16
48 16
49 16
46 16
46 15
47 15
48 15
49 15
49 14
48 14
47 14
46 14
46 13
47 13
48 13
49 13
49 12
48 12
47 12
46 12
45 12
45 13
45 14
45 15
45 16
44 12
44 13
44 14
44 15
1
349
48 28
47 28
47 27
46 27
46 28
Yes
23 38
24 38
24 37
25 37
25 36
24 36
18 41
22 38
22 39
21 38
21 39
21 40
21 41
23 36
18 40
20 41
20 40
20 39
19 39
19 40
19 41
0
No
0
No
0
Yes
48 4
49 4
49 3
48 3
47 3
47 2
48 2
49 2
0
Yes
49 17
48 17
47 17
46 17
46 18
47 18
48 18
49 18
49 19
48 19
47 19
46 19
46 20
47 20
48 20
49 20
46 21
47 21
48 21
49 21
46 22
47 22
48 22
49 22
0
No
0
Yes
39 23
40 23
41 23
41 22
40 22
39 22
41 24
40 24
39 24
41 25
40 25
39 25
39 26
40 26
41 26
0
No
0
Yes
38 45
38 44
37 44
37 45
36 44
36 45
36 46
37 46
38 46
38 47
37 47
36 47
36 48
37 48
38 48
36 49
37 49
38 49
39 49
39 48
39 47
39 46
39 45
39 44
39 43
39 42
39 41
40 47
40 48
40 49
40 46
40 45
40 44
40 43
40 42
40 41
41 46
41 45
41 44
41 43
41 42
41 41
42 46
42 45
42 44
42 43
42 42
42 41
43 41
43 42
43 43
44 43
44 42
44 41
45 41
45 40
35 47
35 46
35 45
35 44
46 40
46 41
46 42
46 43
47 40
47 41
47 42
47 43
47 44
48 40
48 41
48 42
48 43
48 44
48 45
49 45
49 44
49 43
49 42
49 41
49 40
42 40
41 40
40 40
39 40
42 39
41 39
0
No
0
Yes
6 1
6 2
6 3
6 0
7 3
7 2
7 1
7 0
8 3
8 2
8 1
8 0
9 3
9 2
9 1
0
Yes
29 43
29 44
30 44
30 43
30 45
31 45
31 44
31 43
31 42
30 42
29 42
29 41
30 41
31 41
29 40
30 40
31 40
30 39
31 39
32 45
32 44
32 43
32 42
32 41
32 40
32 39
33 43
33 42
33 41
33 40
33 39
0
Yes
37 29
35 30
36 29
36 30
37 30
0
No
0
Yes
22 10
22 9
23 9
23 10
23 11
22 11
24 10
24 9
0
No
0
Yes
0 17
0 18
0 19
0 20
1 20
1 19
1 18
1 17
2 20
2 19
2 18
2 17
3 19
3 18
3 17
3 16
2 16
1 16
0 16
4 19
4 18
4 17
0
Yes
41 23
41 22
40 22
40 23
39 22
39 23
38 23
38 24
39 24
40 24
41 24
38 25
39 25
40 25
41 25
41 26
40 26
39 26
39 27
40 27
41 27
39 28
40 28
41 28
0
No
0
Yes
13 13
13 14
14 13
14 14
15 13
15 14
15 15
14 15
13 15
12 15
12 16
13 16
14 16
15 16
16 16
16 15
16 14
16 13
16 12
17 16
17 15
17 14
17 13
17 12
17 11
18 16
18 15
18 14
18 13
18 12
18 11
0
No
0
Yes
39 35
40 35
39 36
39 37
40 37
41 37
41 38
40 38
39 38
40 39
39 39
38 39
38 38
38 37
38 36
38 35
38 40
38 41
38 42
37 42
37 41
37 40
37 39
37 38
37 37
37 36
37 35
36 35
36 36
36 37
36 38
36 39
36 40
36 41
36 42
35 35
35 36
35 37
35 38
35 39
35 40
35 41
35 42
34 42
34 41
34 40
34 39
34 38
34 37
34 36
33 38
33 37
33 36
33 35
32 35
32 36
32 37
34 43
35 43
36 43
37 43
38 43
40 34
39 34
38 34
0
No
0
No
0
Yes
2 32
2 33
2 34
3 34
3 33
3 32
4 32
4 33
4 34
5 32
5 33
5 34
6 33
6 34
5 31
4 31
3 31
2 31
2 30
3 30
4 30
5 30
6 30
3 29
4 29
5 29
6 29
6 28
5 28
4 28
6 27
5 27
4 27
1 30
1 31
1 32
1 33
1 34
0 30
0 31
0 32
0 33
0 34
6 35
5 35
4 35
3 35
2 35
1 35
0 35
5 26
4 26
3 26
3 25
4 25
5 25
6 25
6 24
5 24
4 24
3 24
0
No
0
No
0
No
0
No
0
Yes
32 23
31 23
31 22
32 22
31 21
32 21
31 20
32 20
31 19
32 19
31 18
32 18
33 23
33 22
33 21
33 20
33 19
33 18
34 22
34 21
34 20
34 19
34 18
35 21
35 20
35 19
35 18
0
No
0
Yes
12 31
11 31
11 30
12 30
11 29
12 29
11 28
12 28
13 28
13 29
13 30
13 31
14 28
14 29
14 30
14 31
15 28
15 29
15 30
15 31
12 32
13 32
14 32
15 32
0
No
0
No
0
No
0
No
0
Yes
20 11
21 11
21 12
20 12
19 11
19 12
19 13
20 13
20 14
19 14
0
No
0
No
0
No
0
Yes
31 20
31 19
31 18
32 18
32 19
32 20
32 17
32 16
33 16
33 17
33 18
33 19
33 20
34 16
34 17
34 18
34 19
34 20
35 16
35 17
35 18
35 19
35 20
35 21
34 21
33 21
32 21
31 21
34 22
33 22
32 22
31 22
31 23
32 23
33 23
36 21
36 20
36 19
36 18
36 17
36 16
37 16
37 17
37 18
37 19
37 20
0
Yes
19 41
18 41
18 40
19 40
19 39
20 39
20 40
20 41
21 41
21 40
0
No
0
Yes
47 29
48 29
47 30
48 30
48 31
47 31
46 31
46 32
47 32
48 32
46 33
47 33
48 33
46 34
47 34
48 34
49 34
49 33
49 32
49 31
49 30
0
No
0
Yes
21 39
22 39
21 38
22 38
23 38
0
Yes
32 22
33 22
34 22
34 21
33 21
32 21
31 21
31 22
31 20
32 20
33 20
34 20
31 19
32 19
33 19
34 19
31 18
32 18
33 18
34 18
35 21
35 20
35 19
35 18
36 21
36 20
36 19
36 18
37 18
37 19
37 20
37 21
38 21
38 20
30 22
31 23
32 23
33 23
37 17
36 17
35 17
34 17
33 17
32 17
37 16
36 16
35 16
34 16
33 16
32 16
0
No
0
No
0
Yes
16 29
16 30
16 31
16 32
17 32
17 31
17 30
17 29
17 28
18 28
18 29
18 30
18 31
18 32
0
No
1
345
3 0
3 1
3 2
3 3
4 3
4 2
4 1
4 0
5 3
5 2
5 1
5 0
2 3
2 2
2 1
2 0
1 0
1 1
1 2
1 3
0 3
0 2
0 1
0 0
4 4
3 4
2 4
1 4
0 4
0 5
Yes
31 2
31 3
31 4
31 5
31 6
31 7
32 7
32 6
32 5
32 4
32 3
32 2
33 7
33 6
33 5
33 4
33 3
33 2
34 7
34 6
34 5
34 4
34 3
34 2
34 1
33 1
32 1
31 1
31 0
32 0
33 0
34 0
30 0
30 1
30 2
30 3
30 4
30 5
30 6
30 7
30 8
29 8
29 7
29 6
29 5
29 4
29 3
29 2
29 1
29 0
28 8
28 7
28 6
28 5
28 4
28 3
28 2
28 1
28 0
35 6
35 5
35 4
35 3
35 2
35 1
35 0
36 5
36 4
36 3
36 2
36 1
36 0
37 0
37 1
37 2
37 3
37 4
0
No
0
No
0
No
0
No
0
No
0
No
0
Yes
41 43
41 44
42 44
42 43
43 43
44 43
42 45
41 45
42 46
41 46
40 46
40 45
40 44
40 43
39 43
39 44
39 45
39 46
38 44
38 45
38 46
37 44
37 45
37 46
36 44
36 45
36 46
35 44
35 45
35 46
35 47
36 47
37 47
38 47
39 47
40 47
40 48
39 48
38 48
37 48
36 48
36 49
37 49
38 49
39 49
40 49
39 42
40 42
41 42
42 42
43 42
44 42
44 41
43 41
42 41
41 41
40 41
0
No
0
Yes
47 15
47 16
48 16
48 15
49 16
49 15
46 16
46 15
46 14
47 14
48 14
49 14
49 13
48 13
47 13
46 13
46 12
47 12
48 12
49 12
45 12
45 13
45 14
45 15
45 16
44 12
44 13
44 14
44 15
44 16
43 15
43 16
42 16
42 17
43 17
44 17
45 17
0
No
0
No
0
Yes
0 1
0 2
0 3
0 4
0 5
1 5
1 4
1 3
1 2
1 1
2 5
2 4
2 3
2 2
2 1
3 5
3 4
3 3
3 2
3 1
3 0
2 0
1 0
0 0
4 4
4 3
4 2
4 1
4 0
0
No
0
Yes
4 41
3 41
2 41
1 41
0 41
0 40
1 40
2 40
3 40
4 40
5 40
6 40
7 40
8 40
8 39
7 39
6 39
5 39
4 39
3 39
2 39
1 39
0 39
0 38
1 38
2 38
3 38
4 38
5 38
6 38
7 38
8 38
8 37
7 37
6 37
5 37
4 37
3 37
2 37
1 37
0 37
5 36
4 36
3 36
2 36
1 36
0 36
9 38
9 39
9 40
0
No
0
No
0
No
0
Yes
30 49
29 49
29 48
30 48
1
394
29 13
29 12
28 12
28 13
28 14
29 14
28 15
29 15
29 16
27 14
27 13
27 12
30 16
30 15
30 14
30 13
30 12
31 12
31 13
31 14
31 15
Yes
43 43
44 43
44 42
43 42
43 41
44 41
45 41
45 40
46 40
46 41
46 39
46 42
46 43
47 40
47 41
47 42
47 43
48 40
48 41
48 42
48 43
49 43
49 42
49 41
49 40
49 39
49 38
48 38
49 37
49 36
49 35
49 34
48 34
47 34
47 35
46 34
42 41
42 42
42 43
42 40
42 39
41 39
41 40
41 41
41 42
41 43
40 40
40 41
40 42
40 43
39 40
39 41
39 42
39 43
47 44
48 44
49 44
48 45
49 45
49 46
49 47
49 48
49 49
42 44
41 44
40 44
39 44
38 44
37 44
36 44
35 44
34 44
35 45
36 45
37 45
38 45
39 45
40 45
41 45
42 45
42 46
41 46
40 46
39 46
38 46
37 46
36 46
35 46
35 47
36 47
37 47
38 47
39 47
40 47
40 48
39 48
38 48
37 48
36 48
36 49
37 49
38 49
39 49
40 49
41 49
35 49
34 49
46 33
47 33
48 33
49 33
45 33
46 32
47 32
0
No
0
Yes
24 1
24 2
24 3
24 4
24 5
24 6
24 7
23 7
23 6
23 5
23 4
23 3
23 2
23 1
22 6
22 5
22 4
22 3
22 2
22 1
21 4
22 0
23 0
24 0
23 8
24 8
24 9
23 9
22 9
24 10
23 10
22 10
22 11
23 11
25 9
25 8
25 7
25 6
25 5
25 4
25 3
25 2
25 1
25 0
26 8
26 7
26 6
26 5
26 4
26 3
26 2
26 1
26 0
27 0
27 1
27 2
27 3
27 4
27 5
27 6
27 7
27 8
27 9
27 10
0
No
0
Yes
39 22
40 22
41 22
41 23
40 23
39 23
38 23
38 24
39 24
40 24
41 24
38 25
39 25
40 25
41 25
0
Yes
0 13
0 12
1 12
1 13
2 12
2 13
2 14
1 14
0 14
0 15
1 15
2 15
0
Yes
32 2
32 3
32 4
32 5
33 5
33 4
33 3
33 2
34 2
34 3
34 4
34 5
35 5
35 4
35 3
35 2
36 5
36 4
36 3
36 2
37 2
37 3
37 4
37 5
38 3
38 4
38 5
37 1
36 1
35 1
34 1
33 1
32 1
35 6
34 6
33 6
32 6
34 7
33 7
32 7
37 0
36 0
35 0
34 0
33 0
32 0
0
Yes
28 0
29 0
30 0
31 0
31 1
30 1
29 1
28 1
28 2
29 2
30 2
31 2
0
No
0
No
0
No
0
No
0
Yes
29 44
29 43
30 43
30 44
30 45
31 45
31 44
31 43
32 45
32 44
32 43
33 43
34 43
34 42
33 42
32 42
31 42
30 42
29 42
28 42
28 41
29 41
30 41
31 41
32 41
33 41
34 41
29 40
30 40
31 40
32 40
33 40
34 40
30 39
31 39
32 39
33 39
34 39
33 38
34 38
34 37
33 37
32 37
32 36
33 36
34 36
33 35
32 35
35 43
35 42
35 41
35 40
35 39
35 38
35 37
35 36
35 35
36 35
36 36
36 37
36 38
36 39
36 40
36 41
36 42
36 43
37 43
37 42
37 41
37 40
37 39
37 38
37 37
37 36
37 35
38 43
38 42
38 41
38 40
38 39
38 38
38 37
38 36
38 35
39 36
39 37
39 38
39 39
0
No
0
No
0
No
1
425
29 13
30 13
31 13
31 12
30 12
29 12
31 14
30 14
29 14
31 15
30 15
29 15
29 16
30 16
31 16
Yes
38 24
38 25
38 23
39 23
39 24
39 25
39 26
39 27
39 28
39 29
38 29
37 29
36 29
36 30
37 30
37 31
38 31
40 28
40 27
40 26
40 25
40 24
40 23
41 23
41 24
41 25
41 26
41 27
41 28
42 28
42 27
41 22
40 22
39 22
38 32
37 32
37 33
38 33
37 34
38 34
39 34
40 34
40 35
39 35
38 35
37 35
36 35
35 35
39 36
38 36
37 36
36 36
35 36
34 36
34 37
35 37
36 37
37 37
38 37
39 37
40 37
41 37
41 38
40 38
39 38
38 38
37 38
36 38
35 38
34 38
40 39
39 39
38 39
37 39
36 39
35 39
34 39
38 40
37 40
36 40
35 40
34 40
38 41
37 41
36 41
35 41
34 41
38 42
37 42
36 42
35 42
34 42
38 43
37 43
36 43
35 43
34 43
33 43
33 42
33 41
33 40
33 39
33 38
33 37
33 36
33 35
32 35
32 36
32 37
32 39
32 40
32 41
32 42
32 43
32 44
32 45
31 45
31 44
31 43
31 42
31 41
31 40
31 39
30 39
30 40
30 41
30 42
30 43
30 44
30 45
29 44
29 43
29 42
29 41
29 40
28 41
28 42
0
No
0
No
0
No
0
Yes
48 24
47 24
46 24
46 23
47 23
48 23
49 23
46 22
47 22
48 22
49 22
46 21
47 21
48 21
49 21
46 20
47 20
48 20
49 20
49 19
48 19
47 19
46 19
46 18
47 18
48 18
49 18
0
Yes
49 15
49 16
49 17
48 17
48 16
48 15
47 17
47 16
47 15
46 17
46 16
46 15
46 14
47 14
48 14
49 14
49 13
48 13
47 13
46 13
46 12
47 12
48 12
49 12
45 12
45 13
45 14
45 15
45 16
45 17
44 12
44 13
44 14
44 15
44 16
0
No
0
Yes
1 18
2 18
3 18
4 18
4 17
3 17
2 17
1 17
1 16
2 16
3 16
4 16
5 16
6 16
0 16
0 17
0 18
6 15
5 15
4 15
3 15
4 19
3 19
2 19
1 19
0 19
2 20
1 20
0 20
0
No
0
No
0
No
0
No
0
Yes
37 16
37 17
37 18
36 16
36 17
36 18
35 16
35 17
35 18
34 16
34 17
34 18
33 16
33 17
33 18
32 16
32 17
32 18
31 18
31 19
32 19
33 19
34 19
35 19
36 19
37 19
31 20
32 20
33 20
34 20
35 20
36 20
37 20
37 21
36 21
35 21
34 21
33 21
0
No
0
No
0
No
0
No
0
No
0
Yes
41 7
40 7
40 8
41 8
40 9
41 9
40 10
41 10
39 10
42 10
42 9
42 8
42 7
43 7
43 8
43 9
43 10
44 10
44 9
44 8
44 7
45 7
45 8
45 9
45 10
46 8
46 9
46 10
46 11
45 11
44 11
43 11
42 11
41 11
42 6
43 6
44 6
45 6
45 5
0
No
0
No
0
No
0
No
0
No
0
No
1
315
43 7
43 6
42 6
42 7
44 6
44 7
45 6
45 7
45 8
44 8
43 8
42 8
42 9
43 9
44 9
45 9
45 10
44 10
43 10
42 10
42 11
43 11
44 11
45 11
46 11
46 10
46 9
46 8
Yes
0 3
0 4
0 5
0 6
0 7
0 8
0 9
0 10
0 11
1 11
1 10
1 9
1 8
1 7
1 6
1 5
1 4
1 3
2 6
2 7
2 8
2 9
2 10
2 11
2 5
2 4
2 3
3 5
3 4
3 3
4 4
4 3
5 3
3 8
3 9
3 10
3 11
4 8
4 9
4 10
4 11
5 10
4 12
3 12
5 2
4 2
3 2
2 2
1 2
0 2
0 1
1 1
2 1
3 1
4 1
5 1
5 0
4 0
3 0
2 0
1 0
0 0
3 13
4 13
4 14
3 14
6 10
6 9
7 9
7 10
8 10
8 11
9 11
9 10
5 13
1
428
7 3
6 3
8 3
6 2
7 2
8 2
6 1
7 1
8 1
6 0
7 0
8 0
Yes
30 5
31 5
31 4
30 4
29 4
29 5
28 5
28 4
28 3
29 3
30 3
31 3
31 2
30 2
29 2
28 2
28 6
29 6
30 6
31 6
31 7
30 7
29 7
28 7
28 8
29 8
30 8
0
No
0
Yes
39 37
40 37
41 37
41 38
40 38
39 38
40 39
39 39
38 39
38 38
38 37
38 40
38 41
38 42
37 42
37 41
37 40
37 39
37 38
37 37
36 37
36 38
36 39
36 40
36 41
36 42
35 42
35 41
35 40
35 39
35 38
35 37
34 37
34 38
34 39
34 40
34 41
34 42
33 38
33 39
33 40
33 41
33 42
33 37
32 37
38 43
37 43
36 43
35 43
34 43
33 43
32 36
33 36
34 36
35 36
36 36
37 36
38 36
39 36
35 35
36 35
37 35
38 35
39 35
40 35
40 34
39 34
38 34
37 34
33 35
32 35
0
No
0
Yes
30 49
30 48
29 48
29 49
0
Yes
39 26
40 26
41 26
41 25
40 25
39 25
38 25
38 24
39 24
40 24
41 24
38 23
39 23
40 23
41 23
41 22
40 22
39 22
39 27
40 27
0
Yes
30 45
31 45
32 45
32 44
31 44
30 44
32 43
31 43
30 43
32 42
31 42
30 42
0
No
0
No
0
No
0
No
0
No
0
Yes
36 30
36 29
37 29
37 30
35 30
0
No
0
No
0
No
0
No
0
No
0
No
0
No
0
Yes
42 8
42 9
42 10
42 11
41 11
41 10
41 9
41 8
40 10
40 9
40 8
40 7
41 7
42 7
43 11
43 10
43 9
43 8
43 7
44 11
44 10
44 9
44 8
44 7
45 7
45 8
45 9
45 10
45 11
46 11
46 10
46 9
46 8
0
Yes
9 49
8 49
8 48
9 48
10 48
10 49
11 49
11 48
11 47
10 47
9 47
8 47
8 46
9 46
10 46
11 46
0
Yes
19 17
20 17
21 17
22 17
22 18
21 18
20 18
19 18
19 19
20 19
21 19
22 19
22 20
21 20
20 20
19 20
20 21
21 21
22 21
19 21
23 21
23 20
23 19
23 18
23 17
18 17
18 18
18 19
0
No
0
No
0
No
0
No
0
No
0
No
0
No
0
No
0
No
0
Yes
18 14
18 13
18 12
18 11
17 11
17 12
17 13
17 14
16 12
16 13
16 14
15 13
15 14
14 13
14 14
13 13
13 14
19 11
19 12
19 13
19 14
19 15
18 15
17 15
16 15
15 15
14 15
13 15
12 15
12 16
13 16
14 16
15 16
16 16
17 16
18 16
20 15
20 14
20 13
20 12
20 11
21 11
21 12
17 17
16 17
15 17
14 17
13 17
13 18
14 18
15 18
16 18
17 18
17 19
16 19
15 19
20 10
0
No
0
No
0
No
0
Yes
18 35
18 36
18 37
18 38
17 38
17 37
17 36
17 35
17 34
16 34
16 35
16 36
16 37
16 38
15 38
15 37
15 36
15 35
15 34
14 34
14 35
14 36
14 37
14 38
17 33
16 33
15 33
14 33
13 33
18 39
17 39
16 39
15 39
14 39
14 40
15 40
16 40
17 40
17 41
16 41
15 41
14 41
15 32
14 32
13 32
12 32
15 31
14 31
13 31
12 31
11 31
11 30
12 30
13 30
14 30
15 30
15 29
14 29
13 29
12 29
11 29
0
No
0
No
0
No
0
No
0
Yes
16 15
16 16
17 16
17 15
18 16
18 15
18 14
17 14
16 14
16 13
17 13
18 13
16 12
17 12
18 12
17 11
18 11
15 13
15 14
15 15
15 16
19 11
19 12
19 13
19 14
19 15
20 15
20 14
20 13
20 12
20 11
0
No
0
No
0
Yes
24 36
25 36
25 37
24 37
23 36
0
No
0
Yes
31 23
32 23
33 23
33 22
32 22
31 22
31 21
32 21
0
No
0
No
0
No
0
Yes
43 3
42 3
42 4
42 5
41 5
41 4
41 3
40 5
40 4
40 3
39 3
43 2
42 2
41 2
40 2
39 2
39 1
40 1
41 1
42 1
43 1
43 0
42 0
41 0
40 0
0
Yes
49 0
49 1
49 2
49 3
48 3
48 2
48 1
48 0
47 3
47 2
47 1
47 0
48 4
49 4
0
No
1
483
14 14
14 13
13 13
13 14
13 12
12 12
14 15
13 15
12 15
12 16
13 16
14 16
13 17
14 17
13 18
14 18
15 17
15 18
15 19
15 20
14 20
16 17
16 18
16 19
16 20
16 21
17 17
17 18
17 19
17 20
17 21
18 20
18 21
Yes
42 10
42 11
41 11
41 10
40 10
46 0
40 9
41 9
42 9
40 8
41 8
42 8
40 7
41 7
42 7
42 6
43 6
43 7
43 8
43 9
43 10
43 11
44 11
44 10
44 9
44 8
44 7
44 6
45 7
45 8
45 9
45 10
45 11
45 6
45 5
42 5
42 4
41 5
41 4
40 5
40 4
40 3
41 3
42 3
43 3
39 3
46 6
47 6
46 11
46 10
46 9
46 8
43 2
42 2
41 2
40 2
39 2
38 2
38 1
39 1
40 1
41 1
42 1
43 1
44 1
38 0
39 0
40 0
41 0
42 0
43 0
44 0
45 0
45 1
45 2
46 2
46 1
0
No
0
No
0
No
0
No
0
No
0
No
0
No
0
Yes
31 41
31 40
31 39
32 39
32 40
32 41
30 39
30 40
0
Yes
48 44
47 44
49 44
48 45
49 45
49 43
48 43
47 43
46 43
46 42
47 42
48 42
49 42
0
No
1
465
8 1
8 2
8 3
9 3
9 2
9 1
7 3
7 2
7 1
6 3
6 2
6 1
6 0
7 0
8 0
9 0
10 0
10 1
10 2
10 3
10 4
10 5
10 6
10 7
11 7
11 6
11 5
11 4
11 3
11 2
11 1
11 0
12 7
12 6
12 5
12 4
12 3
12 2
12 1
12 0
13 7
13 6
13 5
13 4
13 3
13 2
13 1
13 0
14 5
14 4
14 3
14 2
14 1
14 0
15 4
15 3
15 2
15 1
15 0
16 4
16 3
16 2
16 1
16 0
17 4
17 3
17 2
17 1
17 0
18 0
18 1
Yes
37 36
37 37
37 38
37 39
37 40
37 41
37 42
37 43
37 44
37 45
38 45
38 44
38 43
38 42
38 41
38 40
38 39
38 38
38 37
38 36
39 36
39 37
39 38
39 39
39 40
39 41
39 42
39 43
39 44
39 45
40 37
40 38
40 39
40 40
40 41
40 42
40 43
40 44
40 45
41 37
41 38
41 39
41 40
41 41
41 42
41 43
41 44
41 45
42 39
42 40
42 41
42 42
42 43
42 44
42 45
43 43
43 42
43 41
44 43
44 42
44 41
45 41
45 40
39 35
38 35
37 35
40 35
36 35
36 36
36 37
36 38
36 39
36 40
36 41
36 42
36 43
36 44
36 45
35 35
35 36
35 37
35 38
35 39
35 40
35 41
35 42
35 43
35 44
35 45
34 44
34 43
34 42
34 41
34 40
34 39
34 38
34 37
34 36
33 43
33 42
33 41
33 40
33 39
33 38
33 37
33 36
33 35
32 35
32 36
32 37
40 34
39 34
38 34
37 34
42 46
41 46
40 46
39 46
38 46
37 46
36 46
35 46
35 47
36 47
37 47
38 47
39 47
40 47
40 48
39 48
38 48
37 48
36 48
36 49
37 49
38 49
39 49
40 49
37 33
38 33
38 32
37 32
37 31
38 31
46 40
46 41
47 41
47 40
32 34
0
No
0
No
1
485
42 9
42 10
42 11
43 11
43 10
43 9
44 11
44 10
44 9
45 11
45 10
45 9
46 11
46 10
46 9
46 8
45 8
44 8
43 8
42 8
45 7
44 7
43 7
42 7
45 6
44 6
43 6
42 6
Yes
20 18
20 17
21 17
21 18
22 17
22 18
23 17
23 18
24 18
24 17
23 19
22 19
21 19
20 19
23 20
22 20
21 20
20 20
20 21
21 21
22 21
23 21
19 17
19 18
19 19
19 20
19 21
18 17
18 18
18 19
18 20
18 21
17 17
17 18
17 19
17 20
17 21
16 21
16 20
16 19
16 18
16 17
15 20
15 19
15 18
15 17
14 18
14 17
13 18
13 17
19 22
18 22
17 22
16 22
22 22
23 22
0
Yes
32 17
32 16
33 16
33 17
34 16
34 17
35 16
35 17
36 16
36 17
37 16
37 17
37 18
36 18
35 18
34 18
33 18
32 18
31 18
31 19
32 19
33 19
34 19
35 19
36 19
37 19
31 20
32 20
33 20
34 20
35 20
36 20
37 20
38 20
38 21
37 21
36 21
35 21
34 21
33 21
0
Yes
10 48
11 48
11 49
10 49
11 47
10 47
9 47
9 48
9 49
8 49
8 48
8 47
8 46
9 46
10 46
11 46
11 45
0
No
0
Yes
46 33
46 34
47 34
47 33
48 34
48 33
49 33
49 34
46 32
47 32
48 32
49 32
46 31
47 31
48 31
49 31
0
No
0
Yes
32 22
32 23
33 23
33 22
31 23
31 22
31 21
32 21
33 21
31 20
32 20
33 20
34 22
34 21
34 20
0
No
0
Yes
13 2
13 3
13 4
13 5
14 5
14 4
14 3
14 2
13 6
13 7
14 7
12 7
12 6
12 5
12 4
12 3
12 2
12 8
11 7
11 6
11 5
11 4
11 3
11 2
10 4
10 5
10 6
10 7
10 3
10 2
10 8
21 0
9 3
9 2
8 3
8 2
7 3
7 2
6 3
6 2
6 1
7 1
8 1
9 1
10 1
11 1
12 1
13 1
14 1
6 0
7 0
8 0
9 0
10 0
11 0
12 0
13 0
14 0
15 4
15 3
15 2
15 1
15 0
16 4
16 3
16 2
16 1
16 0
17 4
17 3
17 2
17 1
17 0
18 0
18 1
18 2
18 3
18 4
18 5
19 5
19 4
19 3
19 2
19 1
19 0
19 6
20 3
20 2
20 1
20 0
21 3
21 2
21 1
0
Yes
38 19
38 20
39 19
40 19
41 19
41 18
40 18
39 18
38 18
38 17
39 17
40 17
41 17
41 16
40 16
39 16
38 16
38 15
39 15
37 16
37 17
37 18
37 19
37 20
36 16
36 17
36 18
36 19
36 20
38 21
37 21
36 21
35 21
35 20
35 19
35 18
35 17
35 16
34 16
34 17
34 18
34 19
0
Yes
12 27
12 28
13 28
13 27
11 28
11 27
10 28
10 27
10 26
11 26
12 26
13 26
13 25
12 25
11 25
10 25
9 25
11 24
10 24
9 24
8 24
7 24
10 23
9 23
8 23
7 23
6 23
5 23
6 22
7 22
8 22
9 22
10 22
5 22
5 21
4 21
4 22
10 21
9 21
8 21
7 21
14 26
14 27
14 28
15 28
15 27
15 26
3 22
0
No
0
No
0
No
0
No
1
427
7 24
8 24
9 24
9 25
10 25
10 24
11 24
11 25
10 23
9 23
8 23
7 23
6 23
5 23
6 22
7 22
8 22
9 22
10 22
5 22
4 22
10 26
11 26
10 27
11 27
10 28
11 28
4 21
5 21
10 21
9 21
8 21
7 21
12 28
12 27
12 26
12 25
13 25
13 26
13 27
13 28
14 28
14 27
14 26
15 28
15 27
Yes
35 1
35 2
35 3
35 4
35 5
39 10
36 5
36 4
36 3
36 2
36 1
37 1
37 2
37 3
37 4
37 5
37 6
37 7
38 7
38 6
38 5
38 4
38 3
38 2
38 1
39 3
39 2
39 1
40 1
40 2
40 3
40 4
40 5
41 5
41 4
41 3
41 2
41 1
42 4
42 5
42 3
42 2
42 1
43 3
43 2
43 1
42 6
43 6
43 7
42 7
41 7
40 7
40 8
41 8
42 8
43 8
40 9
41 9
42 9
43 9
40 10
41 10
42 10
43 10
41 11
42 11
43 11
43 0
42 0
41 0
40 0
39 0
38 0
37 0
36 0
35 0
44 11
44 10
44 9
44 8
44 7
44 6
45 6
45 7
45 8
45 9
45 10
45 11
46 11
46 10
46 9
46 8
44 1
44 0
45 0
45 1
45 2
46 2
46 1
46 0
34 0
34 1
34 2
0
No
0
No
0
No
0
No
0
No
0
Yes
31 0
31 1
30 1
30 0
32 1
32 0
32 2
32 3
32 4
32 5
32 6
32 7
33 7
33 6
33 5
33 4
33 3
33 2
33 1
33 0
34 3
34 4
34 5
34 6
34 7
29 1
29 0
0
No
0
No
0
No
0
No
0
Yes
0 44
1 44
2 44
2 45
1 45
0 45
2 46
1 46
0 46
2 47
1 47
0 47
2 48
1 48
0 48
2 49
1 49
0 49
0
No
0
No
0
Yes
17 23
17 24
16 24
16 23
15 23
15 24
18 24
0
No
0
No
0
Yes
5 31
5 32
5 33
6 33
6 34
5 34
6 35
5 35
4 35
4 34
4 33
4 32
4 31
3 35
3 34
3 33
3 32
3 31
2 35
2 34
2 33
2 32
2 31
1 35
1 34
1 33
1 32
1 31
0 35
0 34
0 33
0 32
0 31
0 30
1 30
2 30
3 30
4 30
5 30
6 30
3 29
4 29
5 29
6 29
6 28
5 28
4 28
6 27
5 27
0
No
0
No
0
No
0
No
0
No
0
No
0
No
0
No
0
No
0
No
1
442
0 38
0 39
0 40
0 41
1 41
1 40
1 39
1 38
2 41
2 40
2 39
2 38
3 41
3 40
3 39
3 38
3 37
2 37
1 37
0 37
0 36
1 36
2 36
3 36
4 41
4 40
4 39
4 38
4 37
4 36
5 36
5 37
5 38
5 39
5 40
Yes
46 23
46 24
47 24
47 23
48 24
48 23
49 23
46 22
47 22
48 22
49 22
46 21
47 21
48 21
49 21
46 20
47 20
48 20
49 20
49 19
48 19
47 19
46 19
45 19
44 19
43 19
43 18
44 18
45 18
46 18
47 18
48 18
49 18
49 17
48 17
47 17
46 17
45 17
44 17
43 17
42 17
41 17
41 18
41 19
40 19
40 18
40 17
39 19
39 18
39 17
40 16
41 16
42 16
43 16
44 16
45 16
46 16
47 16
48 16
49 16
39 16
39 15
38 15
38 16
38 17
38 18
38 19
43 15
44 15
45 15
46 15
47 15
48 15
49 15
44 14
45 14
46 14
47 14
48 14
49 14
44 13
45 13
46 13
47 13
48 13
49 13
44 12
45 12
46 12
47 12
48 12
49 12
38 20
38 21
37 21
37 20
37 19
37 18
37 17
37 16
36 16
36 17
36 18
36 19
36 20
36 21
35 21
35 20
35 19
35 18
35 17
35 16
34 16
34 17
34 18
0
Yes
29 48
29 49
30 48
30 49
0
Yes
28 12
28 13
28 14
27 14
27 13
27 12
0
No
0
Yes
25 36
25 37
24 36
24 37
0
Yes
30 40
30 39
29 40
31 39
31 40
31 41
30 41
29 41
28 41
28 42
29 42
30 42
31 42
29 43
30 43
31 43
29 44
30 44
31 44
30 45
31 45
32 45
32 44
32 43
32 42
32 41
32 40
0
No
0
No
0
Yes
1 4
1 5
1 6
2 6
2 5
2 4
3 5
3 4
4 4
2 7
1 7
1 8
2 8
3 8
4 8
4 9
3 9
2 9
1 9
1 10
2 10
3 10
4 10
4 11
3 11
2 11
1 11
0 11
0 10
0 9
0 8
0 7
0 6
0 5
0 4
0 3
1 3
2 3
3 3
4 3
4 2
3 2
2 2
1 2
0 2
0 1
1 1
2 1
3 1
4 1
4 0
3 0
2 0
1 0
0 0
5 3
5 2
5 1
5 0
0
No
0
Yes
33 16
32 16
32 17
33 17
33 18
32 18
31 18
31 19
32 19
33 19
0
No
0
Yes
10 21
9 21
8 21
7 21
7 20
7 19
10 22
9 22
8 22
7 22
6 22
10 23
9 23
8 23
7 23
6 23
5 23
5 22
5 21
4 21
4 22
3 22
7 24
8 24
9 24
10 24
6 24
5 24
6 25
5 25
5 26
11 24
9 25
10 25
11 25
12 25
13 25
10 26
11 26
12 26
13 26
14 26
15 26
15 25
15 24
15 23
16 23
16 24
17 24
17 23
18 23
18 24
15 27
14 27
13 27
12 27
11 27
10 27
10 28
11 28
12 28
13 28
14 28
15 28
4 24
4 25
4 26
2 26
3 24
3 25
3 26
0
No
1
534
0 49
1 49
1 48
0 48
0 47
1 47
1 46
0 46
0 45
1 45
1 44
0 44
2 44
2 45
2 46
2 47
Yes
48 44
48 45
47 44
47 43
48 43
46 43
46 42
47 42
48 42
48 41
48 40
49 45
49 44
49 43
49 42
49 41
49 40
49 39
49 38
49 37
49 36
49 35
49 34
48 34
47 34
46 34
46 33
47 33
48 33
49 33
46 32
47 32
48 32
49 32
0
No
0
Yes
7 9
7 10
6 10
6 9
6 11
0
No
0
No
0
No
0
Yes
3 12
4 12
4 13
3 13
4 14
3 14
2 12
2 13
2 14
0
No
1
425
18 0
18 1
18 2
19 2
19 1
19 0
20 0
20 1
20 2
21 2
21 1
21 0
21 3
20 3
19 3
Yes
28 27
28 28
28 29
27 29
27 28
27 27
26 28
26 27
25 27
25 28
25 29
24 29
24 28
25 26
26 26
27 26
28 26
24 26
24 25
25 25
26 25
27 25
28 25
28 24
27 24
26 24
25 24
24 24
27 23
26 23
25 23
24 23
24 22
25 22
29 24
29 25
29 26
29 27
29 28
29 29
29 23
30 26
30 25
30 24
30 23
30 27
30 28
30 29
30 22
31 27
31 28
31 29
32 27
32 28
32 29
33 29
33 28
33 27
33 26
34 26
34 27
34 28
31 23
31 22
32 23
32 22
33 23
33 22
31 25
23 23
23 24
23 25
23 26
23 28
22 28
21 28
28 30
29 30
30 30
31 30
32 30
33 30
33 31
32 31
31 31
31 32
32 32
21 29
21 30
20 29
20 30
28 31
22 30
0
No
0
No
0
Yes
30 13
31 13
31 12
30 12
31 14
30 14
29 12
29 13
29 14
0
No
0
No
0
No
0
Yes
13 0
13 1
13 2
13 3
13 4
14 4
14 3
14 2
14 1
14 0
15 4
15 3
15 2
15 1
15 0
12 4
12 3
12 2
12 1
12 0
16 4
16 3
16 2
16 1
16 0
17 0
17 1
17 2
17 3
17 4
0
Yes
6 2
6 3
7 3
7 2
8 3
8 2
9 3
9 2
6 1
7 1
8 1
9 1
6 0
7 0
8 0
9 0
10 0
10 1
10 2
10 3
10 4
11 4
11 3
11 2
11 1
11 0
11 5
10 5
9 5
10 6
11 6
11 7
10 7
10 8
12 5
12 6
12 7
12 8
13 7
13 6
13 5
0
No
0
No
0
Yes
15 20
15 19
16 19
16 20
16 21
16 22
16 23
15 23
15 24
16 24
15 25
15 26
15 27
15 28
14 28
14 27
14 26
13 28
13 27
13 26
13 25
12 25
12 26
12 27
12 28
11 28
11 27
11 26
11 25
11 24
10 28
10 27
10 26
10 25
10 24
9 25
9 24
10 23
9 23
10 22
9 22
10 21
9 21
17 24
17 23
17 22
17 21
17 20
17 19
17 18
16 18
15 18
15 17
16 17
17 17
14 18
14 17
13 18
13 17
18 24
18 23
18 22
18 21
18 20
18 19
18 18
18 17
19 22
19 21
19 20
19 19
19 18
19 17
20 17
20 18
20 19
20 20
20 21
21 21
21 20
21 19
21 18
21 17
22 17
22 18
22 19
22 20
22 21
22 22
23 22
23 21
23 20
23 19
23 18
23 17
24 17
24 18
14 16
13 16
12 16
12 15
13 15
14 15
14 14
13 14
13 13
14 13
14 20
0
No
0
No
0
No
0
No
0
Yes
11 48
11 49
11 47
11 46
10 46
10 47
10 48
10 49
9 49
9 48
9 47
9 46
8 46
8 47
8 48
8 49
8 45
9 45
10 45
0
Yes
5 25
5 26
4 26
4 25
3 26
3 25
3 24
4 24
5 24
0
No
0
No
0
No
0
No
0
No
0
Yes
8 11
9 11
9 10
8 10
0
Yes
48 28
47 28
47 27
46 27
46 28
46 29
47 29
48 29
0
Yes
36 29
37 29
37 30
36 30
38 29
0
No
0
No
0
Yes
0 12
1 12
1 13
0 13
1 14
0 14
0 15
0
Yes
49 15
49 16
49 17
48 17
48 16
48 15
48 14
49 14
49 13
48 13
48 12
49 12
47 12
47 13
47 14
47 15
47 16
47 17
46 12
46 13
46 14
46 15
46 16
46 17
45 12
45 13
45 14
45 15
45 16
45 17
44 12
44 13
44 14
44 15
44 16
44 17
43 15
43 16
43 17
43 18
44 18
45 18
46 18
47 18
48 18
49 18
43 19
44 19
45 19
0
Yes
39 2
39 3
40 3
40 2
40 4
40 5
41 5
41 4
41 3
41 2
42 4
42 5
42 3
42 2
43 3
43 2
42 6
43 6
44 6
45 6
45 7
44 7
43 7
42 7
41 7
40 7
40 8
41 8
42 8
43 8
44 8
45 8
46 8
46 9
45 9
44 9
43 9
42 9
41 9
40 9
43 1
42 1
41 1
40 1
39 1
44 1
45 1
45 2
46 2
46 1
46 0
45 0
44 0
43 0
42 0
41 0
40 0
39 0
38 0
38 1
38 2
38 3
38 4
38 5
38 6
38 7
37 7
37 6
37 5
37 4
37 3
37 2
37 1
37 0
40 10
41 10
42 10
43 10
44 10
45 10
46 10
46 11
45 11
44 11
43 11
42 11
41 11
0
Yes
17 47
18 47
17 46
16 46
16 47
16 48
17 48
18 48
19 48
19 49
18 49
17 49
16 49
15 49
15 48
15 47
15 46
15 45
14 45
14 46
14 47
14 48
14 49
14 44
13 44
13 45
13 46
13 47
13 48
13 49
12 49
12 48
12 47
12 46
12 45
12 44
11 45
0
Yes
2 19
3 19
4 19
4 18
3 18
2 18
4 17
3 17
2 17
2 16
3 16
4 16
1 16
1 17
1 18
1 19
0 19
0 18
0 17
0 16
4 15
3 15
2 15
1 15
0 15
0
Yes
4 21
4 22
5 21
5 22
5 23
6 22
6 23
0
No
0
Yes
13 40
13 41
13 42
13 39
13 38
12 38
12 39
12 40
12 41
12 42
12 43
11 38
11 39
11 40
11 41
11 42
11 43
10 40
10 41
10 42
10 43
9 43
9 42
9 41
9 40
9 39
9 38
8 38
8 39
8 40
8 41
8 42
8 43
8 37
7 37
7 38
7 39
7 40
7 41
7 42
7 43
6 37
6 38
6 39
6 40
6 41
6 42
6 43
5 41
5 42
5 43
11 44
10 44
9 44
8 44
7 44
6 44
5 44
7 45
6 45
5 45
7 46
6 46
5 46
7 47
6 47
5 47
7 48
6 48
5 48
7 49
6 49
5 49
4 42
4 43
4 44
4 45
4 46
4 47
4 48
4 49
3 47
3 46
3 45
3 44
3 43
3 42
3 48
3 49
2 48
2 49
2 42
2 43
0
Yes
32 21
31 21
31 20
32 20
33 21
33 20
34 21
34 20
35 21
35 20
36 21
36 20
37 21
37 20
38 21
38 20
31 19
32 19
33 19
34 19
35 19
36 19
37 19
38 19
31 18
32 18
33 18
34 18
35 18
36 18
37 18
38 18
32 17
33 17
34 17
35 17
36 17
37 17
38 17
34 16
33 16
32 16
35 16
36 16
37 16
38 16
35 15
36 15
37 15
38 15
39 15
39 16
39 17
39 18
39 19
38 14
37 14
36 14
35 14
35 13
36 13
40 19
40 18
40 17
0
Yes
18 11
17 11
19 11
20 11
20 12
19 12
18 12
17 12
16 12
20 13
19 13
18 13
17 13
16 13
15 13
15 14
16 14
17 14
18 14
19 14
20 14
20 15
19 15
18 15
17 15
16 15
15 15
0
No
1
612
36 0
36 1
36 2
35 2
35 1
35 0
34 2
34 1
34 0
Yes
4 34
4 35
5 35
5 34
6 35
6 34
6 33
5 33
4 33
5 32
4 32
5 31
4 31
3 35
3 34
3 33
3 32
3 31
2 35
2 34
2 33
2 32
2 31
1 35
1 34
1 33
1 32
1 31
0 35
0 34
0 33
0 32
0 31
0 30
1 30
2 30
3 30
4 30
5 30
6 30
3 29
4 29
5 29
6 29
6 28
5 28
4 28
6 27
5 27
4 27
5 26
4 26
3 26
3 25
4 25
5 25
0 29
0
No
0
No
0
No
0
No
0
No
0
No
0
Yes
46 23
46 24
47 24
47 23
48 24
48 23
49 23
0
Yes
40 28
39 28
39 27
40 27
39 26
40 26
41 26
41 27
41 28
0
No
1
627
15 1
15 2
15 3
15 4
16 4
16 3
16 2
16 1
14 4
14 3
14 2
14 1
13 4
13 3
13 2
13 1
13 0
14 0
15 0
16 0
12 4
12 3
12 2
12 1
12 0
Yes
1 13
2 13
3 13
4 13
4 12
3 12
2 12
1 12
4 11
3 11
2 11
1 11
4 10
3 10
2 10
1 10
4 9
3 9
2 9
1 9
4 8
3 8
2 8
1 8
2 7
1 7
2 6
1 6
1 5
2 5
3 5
3 4
2 4
1 4
2 3
0 4
0 5
0 6
0 7
0 8
0 9
0 10
0 11
0 12
0 13
4 14
3 14
2 14
1 14
0 14
0 15
1 15
2 15
3 15
4 15
5 15
6 15
6 16
5 16
4 16
3 16
2 16
1 16
0 16
4 17
3 17
2 17
1 17
0 17
4 18
3 18
2 18
1 18
0 18
4 19
3 19
2 19
1 19
0 19
2 20
1 20
0 20
0 3
1 3
1
619
7 24
8 24
8 23
7 23
7 22
8 22
8 21
7 21
Yes
46 33
45 33
46 34
46 32
46 31
45 31
44 31
44 30
47 31
47 32
47 33
47 34
47 35
48 34
48 33
48 32
48 31
47 30
48 30
49 30
49 31
49 32
49 33
49 34
49 35
49 36
49 37
48 29
47 29
46 29
48 28
47 28
46 28
46 27
47 27
49 38
48 38
49 39
49 40
48 40
48 41
49 41
49 42
48 42
47 42
46 42
46 43
47 43
48 43
49 43
47 44
48 44
49 44
48 45
49 45
49 46
49 47
49 48
0
No
0
Yes
3 1
3 2
2 2
2 1
1 2
1 1
0 2
0 1
0 0
1 0
2 0
3 0
4 0
4 1
4 2
5 2
5 1
5 0
5 3
4 3
0
No
0
No
0
No
0
Yes
24 47
23 47
22 47
22 48
23 48
24 48
25 48
25 49
24 49
23 49
22 49
21 49
21 48
0
No
0
No
1
551
40 23
41 23
41 22
40 22
39 22
39 23
38 23
42 22
38 24
39 24
40 24
41 24
38 25
39 25
40 25
41 25
41 26
40 26
39 26
39 27
40 27
41 27
42 27
42 28
41 28
40 28
39 28
Yes
29 0
28 0
28 1
29 1
28 2
29 2
28 3
29 3
28 4
29 4
30 4
30 3
30 2
30 1
30 0
31 0
31 1
31 2
31 3
31 4
32 4
32 3
32 2
32 1
32 0
33 0
33 1
33 2
33 3
33 4
28 5
29 5
30 5
31 5
32 5
33 5
28 6
29 6
30 6
31 6
32 6
33 6
33 7
32 7
31 7
0
No
0
No
0
No
0
Yes
14 49
15 49
16 49
16 48
15 48
14 48
14 47
15 47
16 47
16 46
15 46
14 46
15 45
14 45
14 44
13 44
13 45
13 46
13 47
13 48
13 49
12 44
12 45
12 46
12 47
12 48
12 49
11 45
11 46
11 47
11 48
11 49
10 45
10 46
10 47
10 48
10 49
9 45
9 46
9 47
9 48
9 49
8 45
8 46
8 47
8 48
8 49
17 46
17 47
17 48
17 49
0
No
0
No
0
Yes
48 28
47 28
47 27
46 27
46 28
46 29
47 29
0
No
0
No
0
No
0
No
0
Yes
8 47
8 48
8 49
8 46
8 45
9 45
9 46
9 47
9 48
9 49
10 45
10 46
10 47
10 48
10 49
11 45
11 46
11 47
11 48
11 49
12 49
12 48
12 47
12 46
12 45
13 45
13 46
13 47
13 48
13 49
14 49
14 48
14 47
14 46
14 45
0
Yes
46 27
47 27
46 28
47 28
46 29
47 29
0
No
0
Yes
0 19
0 20
1 20
1 19
2 20
2 19
3 19
4 19
4 18
3 18
2 18
1 18
0 18
4 17
3 17
2 17
1 17
0 17
0 16
1 16
2 16
3 16
4 16
5 16
6 16
6 15
5 15
4 15
3 15
2 15
1 15
0 15
4 14
3 14
2 14
1 14
0 14
0
No
0
Yes
48 14
48 15
48 16
48 17
48 18
48 19
49 19
49 18
49 17
49 16
49 15
49 14
49 13
48 13
47 13
47 14
47 15
47 16
47 17
47 18
47 19
46 19
46 18
46 17
46 16
46 15
46 14
46 13
45 19
45 18
45 17
45 16
45 15
45 14
45 13
44 13
44 14
44 15
44 16
44 17
44 18
44 19
43 19
43 18
43 17
43 16
43 15
0
No
0
No
0
Yes
2 11
2 12
2 13
3 13
3 12
3 11
1 13
1 12
1 11
0 13
0 12
0 11
0 10
1 10
2 10
3 10
3 9
2 9
1 9
0 9
3 8
2 8
1 8
0 8
2 7
1 7
0 7
2 6
1 6
0 6
4 8
4 9
4 10
4 11
4 12
0
No
0
No
1
667
28 8
28 7
29 7
29 8
30 8
30 7
Yes
46 33
45 33
46 34
46 32
46 31
45 31
44 31
47 31
47 32
47 33
47 34
47 35
44 30
48 34
48 33
48 32
48 31
47 30
48 30
49 30
49 31
49 32
49 33
49 34
49 35
49 36
49 37
48 29
47 29
46 29
48 28
47 28
46 28
46 27
47 27
49 38
48 38
49 39
49 40
48 40
48 41
49 41
49 42
48 42
47 42
46 42
46 43
47 43
48 43
49 43
47 44
48 44
49 44
48 45
49 45
49 46
49 47
0
No
0
No
0
No
0
No
0
No
0
No
0
No
0
No
0
Yes
2 4
2 5
3 5
3 4
3 3
2 3
1 3
1 4
1 5
0 5
0 4
0 3
0
Yes
28 14
28 15
27 14
27 13
28 13
27 12
28 12
29 12
29 13
29 14
29 15
0
No
0
No
0
Yes
17 48
17 49
17 47
17 46
18 47
18 48
18 49
19 48
19 49
16 46
16 47
16 48
16 49
15 46
15 47
15 48
15 49
0
Yes
0 20
1 20
2 20
2 19
1 19
0 19
3 19
4 19
4 18
3 18
2 18
1 18
0 18
4 17
3 17
2 17
1 17
0 17
0
No
0
Yes
43 7
43 6
44 6
44 7
45 6
45 7
42 6
42 7
41 7
40 7
40 8
41 8
42 8
43 8
44 8
45 8
46 8
46 9
45 9
44 9
43 9
42 9
41 9
40 9
40 10
41 10
42 10
43 10
44 10
45 10
46 10
41 11
42 11
43 11
44 11
0
No
1
612
46 21
46 22
46 20
47 20
47 21
47 22
48 22
48 21
48 20
Yes
38 6
38 7
37 7
37 6
38 5
37 5
38 4
37 4
37 3
38 3
39 3
40 3
40 4
40 5
41 5
41 4
41 3
41 2
40 2
39 2
38 2
37 2
37 1
38 1
39 1
40 1
41 1
41 0
40 0
39 0
38 0
37 0
42 5
42 4
42 3
42 2
42 1
42 0
43 3
43 2
43 1
43 0
44 1
44 0
36 5
36 4
36 3
36 2
36 1
36 0
35 0
35 1
35 2
35 3
35 4
35 5
35 6
34 6
34 5
34 4
34 3
34 2
34 1
34 0
45 0
45 1
45 2
46 2
46 1
0
No
0
No
0
No
0
Yes
20 11
21 11
21 12
20 12
20 13
20 14
20 15
19 15
19 14
19 13
19 12
19 11
18 11
18 12
18 13
18 14
18 15
17 11
17 12
17 13
17 14
17 15
16 12
16 13
16 14
0
No
0
No
0
Yes
17 32
17 33
16 33
16 32
16 31
17 31
17 30
16 30
16 29
17 29
17 28
15 29
15 30
15 31
15 32
15 33
18 28
18 29
18 30
18 31
18 32
14 29
14 30
14 31
14 32
14 33
13 33
13 32
13 31
13 30
13 29
12 32
12 31
12 30
12 29
11 29
11 30
11 31
0
No
0
No
0
Yes
25 37
25 36
24 36
24 37
23 36
0
Yes
18 11
17 11
19 11
20 11
20 12
19 12
18 12
17 12
20 13
19 13
18 13
17 13
20 14
19 14
18 14
17 14
20 15
19 15
18 15
17 15
0
Yes
47 22
47 23
47 24
48 24
48 23
48 22
46 24
46 23
46 22
49 23
49 22
0
Yes
33 3
33 4
33 5
33 6
33 2
32 2
32 3
32 4
32 5
32 6
31 6
31 5
31 4
31 3
31 2
30 2
30 3
30 4
30 5
30 6
29 6
29 5
29 4
29 3
29 2
33 1
32 1
31 1
30 1
29 1
33 0
32 0
31 0
30 0
29 0
0
Yes
42 17
42 16
41 16
41 17
41 18
41 19
40 19
40 18
40 17
40 16
39 19
39 18
39 17
39 16
39 15
38 15
38 16
38 17
38 18
38 19
38 14
37 14
37 15
37 16
37 17
37 18
37 19
38 20
37 20
38 21
37 21
36 21
36 20
36 19
36 18
36 17
36 16
36 15
36 14
36 13
35 13
35 14
35 15
35 16
35 17
35 18
35 19
35 20
35 21
34 16
34 17
34 18
0
Yes
15 35
14 35
14 34
15 34
16 34
16 35
17 34
17 35
18 35
18 36
17 36
16 36
15 36
14 36
18 37
17 37
16 37
15 37
14 37
14 38
15 38
16 38
17 38
18 38
14 39
15 39
16 39
17 39
18 39
14 40
15 40
16 40
17 40
18 40
14 41
15 41
16 41
17 41
18 41
19 38
19 39
19 40
19 41
0
No
0
No
0
No
1
709
2 14
2 15
2 16
3 16
3 15
3 14
4 14
4 15
4 16
4 13
3 13
2 13
4 12
3 12
2 12
4 11
3 11
2 11
1 16
1 15
1 14
1 13
1 12
1 11
0 16
0 15
0 14
0 13
0 12
0 11
0 10
1 10
2 10
3 10
4 10
4 9
3 9
2 9
1 9
0 9
4 8
3 8
2 8
1 8
0 8
2 7
1 7
0 7
2 6
1 6
0 6
5 13
Yes
37 19
38 19
39 19
40 19
41 19
41 18
40 18
39 18
38 18
37 18
37 17
38 17
39 17
40 17
41 17
42 17
42 16
41 16
40 16
39 16
38 16
37 16
39 15
38 15
37 15
38 14
37 14
36 14
36 15
36 16
36 17
36 18
36 19
36 13
35 13
35 14
35 15
35 16
35 17
35 18
35 19
34 16
34 17
34 18
34 19
33 16
33 17
33 18
33 19
32 17
32 16
32 18
32 19
31 18
31 19
31 20
32 20
33 20
34 20
35 20
36 20
37 20
38 20
38 21
37 21
36 21
35 21
34 21
33 21
32 21
31 21
34 22
33 22
32 22
31 22
30 22
33 23
32 23
31 23
30 23
29 23
0
Yes
13 30
13 31
13 32
12 32
12 31
12 30
11 31
11 30
11 29
12 29
13 29
0
Yes
28 26
28 27
28 28
28 29
28 30
27 29
27 28
27 27
27 26
26 28
26 27
26 26
29 30
29 29
29 28
29 27
29 26
30 26
30 27
30 28
30 29
30 30
31 27
31 28
31 29
31 30
31 31
31 32
32 32
32 31
32 30
32 29
32 28
32 27
33 31
33 30
33 29
33 28
33 27
33 26
34 26
34 27
34 28
30 25
29 25
28 25
27 25
26 25
30 24
29 24
28 24
27 24
0
Yes
10 45
11 45
9 45
8 45
8 46
9 46
10 46
11 46
8 47
9 47
10 47
11 47
8 48
9 48
10 48
11 48
8 49
9 49
10 49
11 49
12 49
0
Yes
12 44
12 45
13 44
13 45
14 44
14 45
14 46
13 46
12 46
0
No
0
No
0
Yes
24 24
23 24
23 23
24 23
24 22
23 25
24 25
23 26
24 26
25 22
25 23
25 24
25 25
25 26
0
No
1
715
4 21
5 21
4 22
5 22
6 22
3 22
6 23
5 23
5 24
6 24
6 25
Yes
16 29
15 29
14 29
13 29
13 30
14 30
15 30
16 30
16 31
15 31
14 31
13 31
13 32
14 32
15 32
16 32
13 33
14 33
15 33
16 33
17 33
17 32
17 31
17 30
17 29
17 28
18 28
18 29
18 30
18 31
18 32
12 32
12 31
12 30
12 29
11 29
11 30
11 31
0
No
0
Yes
30 14
30 15
30 16
31 16
31 15
31 14
31 13
30 13
30 12
31 12
0
No
0
Yes
20 30
20 31
19 31
19 30
21 30
20 29
21 29
0
No
0
No
0
No
0
No
0
No
0
Yes
23 49
24 49
25 49
25 48
24 48
23 48
22 48
22 49
24 47
23 47
0
No
0
No
0
Yes
21 46
20 46
20 47
21 47
21 48
20 48
19 48
21 49
20 49
19 49
0
No
0
No
0
No
0
Yes
0 9
0 10
0 11
0 12
0 13
0 14
0 15
0 16
1 16
1 15
1 14
1 13
1 12
1 11
1 10
1 9
2 16
2 15
2 14
2 13
2 12
2 11
2 10
2 9
3 16
3 15
3 14
3 13
3 12
3 11
3 10
3 9
4 9
4 10
4 11
4 12
4 13
4 14
4 15
4 16
5 10
4 8
3 8
2 8
1 8
0 8
2 7
1 7
0 7
2 6
1 6
0 6
5 16
5 15
6 15
6 16
5 13
0
No
0
No
0
Yes
31 3
31 4
31 5
31 6
31 7
32 7
32 6
32 5
32 4
32 3
33 7
33 6
33 5
33 4
33 3
33 2
32 2
31 2
31 1
32 1
33 1
33 0
32 0
31 0
30 0
30 1
30 2
30 3
30 4
30 5
30 6
30 7
30 8
29 8
29 7
29 6
29 5
29 4
29 3
29 2
29 1
29 0
28 8
28 7
28 6
28 5
28 4
28 3
28 2
28 1
28 0
34 7
34 6
34 5
34 4
34 3
34 2
34 1
34 0
35 6
35 5
35 4
35 3
35 2
35 1
35 0
36 5
36 4
36 3
36 2
36 1
36 0
37 0
37 1
37 2
37 3
0
Yes
40 25
41 25
41 26
40 26
39 26
39 25
38 25
38 24
39 24
40 24
41 24
38 23
39 23
40 23
41 23
41 22
40 22
39 22
0
No
0
No
0
Yes
36 0
36 1
36 2
36 3
36 4
36 5
35 5
35 4
35 3
35 2
35 1
35 0
35 6
34 6
34 5
34 4
34 3
34 2
34 1
34 0
34 7
33 7
33 6
33 5
33 4
33 3
33 2
33 1
33 0
32 7
32 6
32 5
32 4
32 3
32 2
32 1
32 0
31 7
31 6
31 5
31 4
31 3
31 2
31 1
31 0
30 0
30 1
30 2
30 3
30 4
30 5
30 6
30 7
30 8
29 8
29 7
29 6
29 5
29 4
29 3
29 2
29 1
29 0
28 8
28 7
28 6
28 5
28 4
28 3
28 2
28 1
28 0
0
No
0
No
0
No
0
Yes
49 20
49 21
48 21
48 20
47 21
47 20
47 19
48 19
49 19
49 18
48 18
47 18
46 21
46 20
46 19
46 18
0
Yes
25 49
25 48
24 48
24 49
23 49
23 48
22 48
22 49
22 47
23 47
0
Yes
6 9
6 10
7 10
7 9
0
No
0
Yes
49 12
48 12
47 12
47 13
48 13
49 13
49 14
48 14
47 14
47 15
48 15
49 15
49 16
48 16
47 16
46 16
46 15
46 14
46 13
46 12
45 12
45 13
45 14
45 15
45 16
44 12
44 13
44 14
44 15
44 16
43 15
43 16
45 11
46 11
43 17
44 17
45 17
46 17
47 17
48 17
49 17
0
Yes
12 4
12 3
12 2
12 1
12 0
13 4
13 3
13 2
13 1
13 0
14 4
14 3
14 2
14 1
14 0
15 4
15 3
15 2
15 1
15 0
16 4
16 3
16 2
16 1
16 0
17 0
0
No
0
No
0
Yes
18 20
18 21
18 22
19 22
19 21
19 20
20 21
20 20
21 21
21 20
22 20
22 21
22 22
22 19
21 19
20 19
19 19
18 19
18 18
19 18
20 18
21 18
22 18
22 17
21 17
20 17
19 17
18 17
18 16
18 15
19 15
20 15
17 15
17 16
17 17
17 18
17 19
17 20
17 21
17 22
16 22
16 21
16 20
16 19
16 18
16 17
16 16
16 15
15 20
15 19
15 18
15 17
15 16
15 15
14 18
14 17
14 16
14 15
13 18
13 17
13 16
13 15
12 15
12 16
23 22
23 21
23 20
23 19
23 18
23 17
24 17
24 18
13 14
14 14
15 14
16 14
17 14
18 14
19 14
20 14
13 13
14 13
15 13
16 13
17 13
18 13
19 13
20 13
16 12
17 12
18 12
19 12
20 12
21 12
21 11
20 11
19 11
18 11
17 11
18 23
17 23
16 23
1
721
0 2
1 2
1 1
0 1
0 0
1 0
2 2
2 1
2 0
3 2
3 1
3 0
4 0
4 1
Yes
25 22
24 22
24 23
25 23
23 23
23 24
24 24
25 24
23 25
24 25
25 25
23 26
24 26
25 26
25 27
26 23
26 24
26 25
26 26
26 27
27 23
27 24
27 25
27 26
27 27
28 24
28 25
28 26
28 27
29 24
29 25
29 26
29 27
30 24
30 25
30 26
30 27
31 27
32 27
26 28
27 28
28 28
29 28
30 28
31 28
32 28
25 28
25 29
24 29
24 28
27 29
28 29
29 29
30 29
31 29
32 29
28 30
29 30
30 30
31 30
32 30
33 30
33 29
0
No
0
Yes
1 43
1 42
0 43
0 42
0 41
1 41
2 41
3 41
4 41
4 40
3 40
2 40
1 40
0 40
0 39
1 39
2 39
3 39
4 39
4 38
3 38
2 38
1 38
0 38
0 37
1 37
2 37
3 37
4 37
4 36
3 36
2 36
1 36
0 36
5 36
5 37
5 38
5 39
0
Yes
24 48
25 48
24 47
25 49
24 49
23 47
23 48
23 49
22 47
22 48
0
No
0
Yes
34 28
33 28
33 27
34 27
34 26
33 26
0
Yes
18 48
18 47
18 49
17 49
17 48
17 47
17 46
16 46
16 47
16 48
16 49
15 46
15 47
15 48
15 49
14 47
14 48
14 49
0
Yes
37 29
37 30
36 30
36 29
35 30
0
Yes
29 2
28 2
28 3
29 3
28 4
29 4
28 5
29 5
28 6
29 6
28 7
29 7
28 1
29 1
28 0
29 0
30 0
30 1
30 2
30 3
30 4
30 5
30 6
30 7
31 7
31 6
31 5
31 4
31 3
31 2
31 1
31 0
32 7
32 6
32 5
32 4
32 3
32 2
32 1
32 0
33 7
33 6
33 5
33 4
33 3
33 2
33 1
33 0
34 7
34 6
34 5
34 4
34 3
34 2
34 1
34 0
35 6
35 5
35 4
35 3
35 2
35 1
35 0
36 5
36 4
36 3
36 2
36 1
36 0
37 0
37 1
37 2
37 3
37 4
37 5
37 6
37 7
38 7
38 6
38 5
38 4
38 3
38 2
38 1
38 0
39 3
39 2
39 1
39 0
30 8
29 8
28 8
40 0
40 1
40 2
40 3
0
No
0
No
0
No
0
No
0
Yes
43 17
43 16
43 15
44 15
44 16
44 17
44 14
45 14
45 15
45 16
45 17
46 17
46 16
46 15
46 14
47 17
47 16
47 15
47 14
48 17
48 16
48 15
48 14
49 17
49 16
49 15
49 14
44 13
45 13
46 13
47 13
48 13
49 13
0
No
0
Yes
15 18
14 18
13 18
13 17
14 17
15 17
16 17
16 18
16 16
15 16
14 16
13 16
12 16
12 15
13 15
14 15
15 15
16 15
13 14
14 14
15 14
16 14
13 13
14 13
15 13
16 13
17 13
17 14
17 15
17 16
17 17
17 18
18 16
18 17
18 18
18 15
18 14
18 13
0
Yes
22 39
22 38
21 38
21 39
23 38
0
Yes
13 27
12 27
11 27
10 27
10 28
11 28
12 28
13 28
10 26
11 26
12 26
13 26
13 25
12 25
11 25
10 25
0
No
0
No
0
No
0
No
0
Yes
22 19
23 19
23 20
22 20
21 20
21 19
21 18
22 18
23 18
24 18
24 17
23 17
22 17
21 17
20 17
20 18
20 19
20 20
19 17
19 18
19 19
19 20
18 19
18 20
17 19
17 20
16 19
16 20
15 20
15 19
16 21
17 21
18 21
19 21
20 21
21 21
22 21
23 21
23 22
22 22
19 22
18 22
17 22
16 22
0
Yes
48 3
48 4
47 3
49 4
49 3
49 2
48 2
47 2
47 1
48 1
49 1
49 0
48 0
0
Yes
14 28
15 28
15 27
14 27
14 26
15 26
0
No
0
No
0
No
0
Yes
29 13
29 12
28 12
28 13
27 12
27 13
27 14
28 14
29 14
0
No
0
No
0
No
0
No
0
No
1
773
5 21
4 21
4 22
5 22
3 22
6 22
7 22
7 21
7 20
7 19
8 21
8 22
9 21
9 22
10 21
10 22
10 23
9 23
8 23
7 23
6 23
5 23
5 24
6 24
7 24
8 24
9 24
10 24
11 24
9 25
6 25
4 24
3 24
Yes
43 16
43 17
43 18
43 19
44 19
44 18
44 17
44 16
45 19
45 18
45 17
45 16
46 16
46 17
46 18
46 19
47 19
47 18
47 17
47 16
48 16
48 17
48 18
48 19
49 19
49 18
49 17
49 16
43 15
44 15
45 15
46 15
47 15
48 15
49 15
44 14
45 14
46 14
47 14
48 14
49 14
0
Yes
20 40
20 41
21 41
21 40
0
No
0
No
0
Yes
40 26
41 26
41 25
40 25
41 24
40 24
39 26
39 25
39 24
38 25
38 24
38 23
39 23
40 23
41 23
41 22
40 22
39 22
39 27
40 27
0
No
0
No
1
777
49 21
49 20
48 20
48 21
47 20
47 21
46 20
46 21
46 22
47 22
48 22
49 22
49 23
48 23
47 23
46 23
Yes
8 22
8 23
8 24
9 24
9 23
9 22
9 25
10 22
10 23
10 24
10 25
11 24
11 25
12 25
13 25
13 26
12 26
11 26
10 26
10 27
11 27
12 27
13 27
13 28
12 28
11 28
10 28
10 21
9 21
8 21
7 21
7 22
7 23
7 24
6 24
6 23
6 22
6 25
0
Yes
42 1
41 1
41 2
42 2
41 3
42 3
42 4
41 4
42 5
41 5
41 0
42 0
40 5
40 4
43 3
43 2
43 1
43 0
44 1
44 0
45 0
0
No
0
No
0
No
0
No
0
No
0
No
0
No
0
No
0
No
0
No
0
No
0
Yes
0 5
1 5
1 4
0 4
0 3
1 3
1 2
0 2
0 1
1 1
1 0
0 0
2 5
2 4
2 3
2 2
2 1
2 0
3 5
3 4
3 3
3 2
3 1
3 0
0
No
0
No
0
No
0
Yes
46 27
47 27
46 28
47 28
46 29
47 29
0
Yes
22 4
22 5
22 6
22 3
22 2
22 1
22 0
23 0
23 1
23 2
23 3
23 4
23 5
23 6
23 7
23 8
24 8
24 7
24 6
24 5
24 4
24 3
24 2
24 1
24 0
25 0
25 1
25 2
25 3
25 4
25 5
25 6
25 7
25 8
26 8
26 7
26 6
26 5
26 4
26 3
26 2
26 1
26 0
27 8
27 7
27 6
27 5
27 4
27 3
27 2
27 1
27 0
28 8
28 7
28 6
28 5
28 4
28 3
28 2
28 1
28 0
29 8
29 7
29 6
29 5
29 4
29 3
29 2
29 1
29 0
30 8
30 7
30 6
30 5
30 4
30 3
30 2
30 1
30 0
31 7
31 6
31 5
31 4
31 3
31 2
31 1
31 0
32 7
32 6
32 5
32 4
32 3
32 2
32 1
32 0
33 7
33 6
33 5
33 4
33 3
33 2
33 1
33 0
34 7
34 6
34 5
34 4
34 3
34 2
34 1
34 0
35 6
1
801
0 34
0 35
1 35
1 34
2 34
2 35
3 35
3 34
4 34
4 35
5 35
5 34
6 35
6 34
6 33
5 33
4 33
3 33
2 33
1 33
0 33
5 32
4 32
3 32
2 32
1 32
0 32
5 31
4 31
3 31
2 31
1 31
0 31
0 30
1 30
2 30
3 30
4 30
Yes
13 26
13 27
13 28
13 29
14 29
15 29
16 29
16 30
15 30
14 30
13 30
13 31
14 31
15 31
16 31
16 32
15 32
14 32
13 32
13 33
14 33
15 33
16 33
12 32
12 31
12 30
12 29
12 28
12 27
12 26
11 31
11 30
11 29
11 28
11 27
11 26
10 28
10 27
10 26
17 33
17 32
17 31
17 30
17 29
17 28
18 28
18 29
18 30
18 31
18 32
19 31
19 30
20 31
20 30
20 29
17 34
16 34
15 34
14 34
14 35
15 35
16 35
17 35
18 35
18 36
17 36
16 36
15 36
14 36
13 36
13 37
14 37
15 37
16 37
17 37
18 37
21 29
21 30
13 25
12 25
11 25
10 25
9 25
11 24
10 24
9 24
8 24
7 24
10 23
9 23
8 23
7 23
10 22
9 22
8 22
7 22
7 21
8 21
9 21
10 21
6 22
6 23
6 24
6 25
5 23
5 24
5 25
5 22
5 21
4 21
4 22
5 26
4 24
4 25
4 26
3 26
3 25
3 24
4 27
5 27
6 27
6 28
5 28
4 28
4 29
5 29
6 29
19 36
0
Yes
25 36
25 37
24 36
24 37
23 36
0
No
0
No
0
No
0
No
0
Yes
0 37
0 36
1 36
1 37
2 36
2 37
3 36
3 37
4 36
4 37
5 36
5 37
5 38
4 38
3 38
2 38
1 38
0 38
5 39
4 39
3 39
2 39
1 39
0 39
5 40
4 40
3 40
2 40
1 40
0 40
4 41
3 41
2 41
0
No
0
No
0
No
0
No
1
693
37 7
38 7
38 6
37 6
38 5
37 5
36 5
35 5
35 4
36 4
37 4
38 4
35 3
36 3
37 3
38 3
39 3
40 3
40 2
39 2
38 2
37 2
36 2
35 2
35 1
36 1
37 1
38 1
39 1
40 1
40 0
39 0
38 0
37 0
36 0
Yes
43 19
44 19
45 19
46 19
47 19
48 19
49 19
43 18
44 18
45 18
46 18
47 18
48 18
49 18
43 17
44 17
45 17
46 17
47 17
48 17
49 17
43 16
44 16
45 16
46 16
47 16
48 16
49 16
43 15
44 15
45 15
46 15
47 15
48 15
49 15
44 14
45 14
46 14
47 14
48 14
49 14
44 13
45 13
46 13
47 13
48 13
49 13
49 12
48 12
47 12
46 12
45 12
44 12
46 11
45 11
44 11
43 11
42 11
41 11
46 10
45 10
44 10
43 10
42 10
41 10
40 10
40 9
41 9
42 9
43 9
44 9
45 9
46 9
46 8
45 8
44 8
43 8
42 8
41 8
40 8
40 7
41 7
42 7
0
No
0
Yes
1 2
1 3
1 4
1 5
2 5
2 4
2 3
2 2
3 5
3 4
3 3
3 2
0 5
0 4
0 3
0 2
0 1
1 1
2 1
3 1
3 0
2 0
1 0
0 0
4 4
4 3
0
No
0
No
0
Yes
18 49
19 49
19 48
18 48
18 47
20 48
20 49
21 49
21 48
21 47
20 47
20 46
21 46
17 47
17 48
17 49
17 46
16 46
16 47
16 48
16 49
15 49
15 48
15 47
15 46
15 45
14 45
14 46
14 47
14 48
14 49
14 44
13 44
13 45
13 46
13 47
13 48
13 49
12 48
12 47
12 46
12 45
0
No
0
No
0
Yes
6 9
7 9
6 10
7 10
0
Yes
13 17
13 16
12 16
12 15
13 15
13 14
13 13
13 18
14 18
14 17
14 16
14 15
14 14
14 13
15 13
15 14
15 15
15 16
15 17
15 18
16 18
16 17
16 16
16 15
16 14
16 13
16 12
17 18
17 17
17 16
17 15
17 14
17 13
17 12
17 11
18 18
18 17
18 16
18 15
18 14
18 13
18 12
18 11
19 11
19 12
19 13
19 14
19 15
20 15
20 14
20 13
20 12
20 11
21 12
21 11
22 11
23 11
22 10
23 10
21 15
0
Yes
28 15
29 15
29 14
28 14
27 14
27 13
28 13
29 13
29 12
28 12
27 12
0
No
0
No
1
756
1 35
2 35
3 35
4 35
5 35
6 35
6 34
5 34
4 34
3 34
2 34
1 34
0 35
0 34
6 33
5 33
4 33
3 33
2 33
1 33
0 33
5 32
4 32
3 32
2 32
1 32
Yes
27 1
27 2
27 3
27 4
27 5
27 6
27 7
27 8
28 8
28 7
28 6
28 5
28 4
28 3
28 2
28 1
29 8
29 7
29 6
29 5
29 4
29 3
29 2
29 1
30 8
30 7
30 6
30 5
30 4
30 3
30 2
30 1
31 7
31 6
31 5
31 4
31 3
31 2
31 1
32 7
32 6
32 5
32 4
32 3
32 2
32 1
33 7
33 6
33 5
33 4
33 3
33 2
33 1
34 7
34 6
34 5
34 4
34 3
34 2
34 1
34 0
33 0
32 0
31 0
30 0
29 0
28 0
27 0
26 8
26 7
26 6
26 5
26 4
26 3
26 2
26 1
26 0
25 0
25 1
25 2
25 3
25 4
25 5
25 6
25 7
25 8
25 9
24 9
24 8
24 7
24 6
24 5
24 4
24 3
24 2
24 1
24 0
23 9
23 8
23 7
23 6
23 5
23 4
23 3
23 2
23 1
23 0
22 6
22 5
22 4
22 3
22 2
22 1
22 0
21 4
21 3
21 2
21 1
21 0
20 3
20 2
20 1
20 0
19 0
19 1
19 2
19 3
19 4
19 5
18 5
18 4
18 3
18 2
18 1
18 0
17 4
17 3
17 2
17 1
17 0
16 4
16 3
16 2
16 1
16 0
15 4
15 3
0
No
0
No
0
Yes
4 1
4 2
5 2
5 1
5 0
4 0
0
No
0
No
0
Yes
46 2
47 2
47 1
46 1
46 0
47 0
48 0
48 1
48 2
49 2
49 1
49 0
0
No
0
No
0
No
0
Yes
19 2
19 3
20 3
20 2
20 1
19 1
18 1
18 2
18 3
17 3
17 2
17 1
16 1
16 2
16 3
15 3
15 2
15 1
15 4
16 4
17 4
18 4
19 4
19 5
18 5
15 0
16 0
17 0
18 0
19 0
20 0
0
Yes
29 4
29 5
29 6
29 7
30 7
30 6
30 5
30 4
31 7
31 6
31 5
31 4
32 7
32 6
32 5
32 4
33 7
33 6
33 5
33 4
34 7
34 6
34 5
34 4
34 3
33 3
32 3
31 3
30 3
29 3
34 2
33 2
32 2
31 2
30 2
29 2
34 1
33 1
32 1
31 1
30 1
29 1
34 0
33 0
32 0
31 0
30 0
29 0
28 0
28 1
28 2
28 3
28 4
28 5
0
No
0
Yes
49 14
49 15
49 16
49 17
49 18
49 19
48 19
48 18
48 17
48 16
48 15
48 14
47 19
47 18
47 17
47 16
47 15
47 14
46 19
46 18
46 17
46 16
46 15
46 14
45 19
45 18
45 17
45 16
45 15
45 14
44 14
44 15
44 16
44 17
44 18
44 19
43 19
43 18
43 17
43 16
43 15
44 13
45 13
46 13
47 13
0
No
0
Yes
0 42
0 43
0 44
0 45
0 46
0 47
0 48
0 49
1 49
1 48
1 47
1 46
1 45
1 44
1 43
1 42
2 42
2 43
2 44
2 45
2 46
2 47
2 48
2 49
3 49
3 48
3 47
3 46
3 45
3 44
3 43
3 42
4 42
4 43
4 44
4 45
4 46
4 47
4 48
4 49
5 49
5 48
5 47
5 46
5 45
5 44
5 43
5 42
6 42
6 43
6 44
6 45
6 46
6 47
6 48
6 49
7 49
7 48
7 47
7 46
7 45
7 44
7 43
7 42
8 42
8 43
8 44
8 45
8 46
8 47
8 48
8 49
9 49
9 48
9 47
9 46
9 45
9 44
9 43
9 42
10 42
10 43
10 44
10 45
10 46
10 47
10 48
10 49
11 49
11 48
11 47
11 46
11 45
11 44
11 43
11 42
12 44
12 43
12 42
0
No
0
No
0
Yes
1 40
1 41
2 41
2 40
3 41
3 40
4 41
4 40
5 41
5 40
0 41
0 40
0 39
1 39
2 39
3 39
4 39
5 39
5 38
4 38
3 38
2 38
1 38
0 38
0 37
1 37
2 37
3 37
4 37
5 37
5 36
4 36
3 36
2 36
1 36
0 36
0 35
1 35
2 35
3 35
4 35
5 35
5 34
4 34
3 34
2 34
1 34
0 34
0 33
1 33
2 33
3 33
4 33
5 33
5 32
4 32
3 32
2 32
1 32
0 32
5 31
4 31
3 31
2 31
1 31
0 31
5 30
4 30
3 30
2 30
1 30
0 30
6 33
6 34
6 35
0 29
1
855
8 39
9 39
9 38
8 38
8 37
9 40
8 40
10 40
11 40
11 39
11 38
12 38
12 39
12 40
13 38
13 39
13 40
14 38
14 39
14 40
15 38
15 39
15 40
15 41
14 41
13 41
12 41
11 41
10 41
9 41
8 41
13 42
14 42
7 41
7 40
7 39
7 38
7 37
6 37
6 38
6 39
6 40
6 41
16 41
16 40
16 39
16 38
17 38
17 39
17 40
17 41
18 41
18 40
18 39
Yes
31 4
31 5
31 6
31 7
32 7
32 6
32 5
32 4
33 7
33 6
33 5
33 4
34 7
34 6
34 5
34 4
34 3
33 3
32 3
31 3
34 2
33 2
32 2
31 2
34 1
33 1
32 1
31 1
34 0
33 0
32 0
31 0
30 0
30 1
30 2
30 3
30 4
30 5
30 6
30 7
30 8
29 8
29 7
29 6
29 5
29 4
29 3
29 2
29 1
29 0
28 8
28 7
28 6
28 5
28 4
28 3
28 2
28 1
28 0
27 8
27 7
27 6
27 5
27 4
27 3
27 2
27 1
27 0
26 8
26 7
26 6
26 5
26 4
26 3
26 2
26 1
26 0
0
No
0
No
1
836
41 9
40 9
40 10
41 10
41 11
42 11
42 10
42 9
40 8
41 8
42 8
40 7
41 7
42 7
42 6
43 6
43 7
43 8
43 9
43 10
43 11
44 6
44 7
44 8
44 9
44 10
44 11
44 12
45 6
45 7
45 8
45 9
45 10
45 11
45 12
46 8
46 9
46 10
46 11
46 12
39 10
45 5
Yes
5 45
5 46
5 47
5 48
5 49
6 49
6 48
6 47
6 46
6 45
7 45
7 46
7 47
7 48
7 49
8 49
8 48
8 47
8 46
8 45
9 45
9 46
9 47
9 48
9 49
10 49
10 48
10 47
10 46
10 45
11 45
11 46
11 47
11 48
11 49
12 49
12 48
12 47
12 46
12 45
13 45
13 46
13 47
13 48
13 49
13 44
12 44
11 44
10 44
9 44
8 44
7 44
6 44
5 44
14 44
14 45
14 46
14 47
14 48
14 49
15 45
15 46
15 47
15 48
15 49
12 43
11 43
10 43
9 43
8 43
7 43
6 43
5 43
12 42
11 42
10 42
9 42
8 42
7 42
6 42
5 42
4 42
4 43
4 44
4 45
4 46
4 47
4 48
4 49
3 42
3 43
3 44
3 45
3 46
3 47
3 48
3 49
2 42
2 43
2 44
2 45
2 46
2 47
2 48
2 49
1 42
1 43
1 44
1 45
1 46
1 47
1 48
1 49
0 42
0 43
0 44
0 45
0 46
0 47
0 48
0 49
16 46
16 47
16 48
16 49
17 46
17 47
17 48
17 49
18 47
18 48
18 49
0
No
0
Yes
30 40
30 39
29 40
31 39
31 40
31 41
30 41
29 41
28 41
28 42
29 42
30 42
31 42
29 43
30 43
31 43
29 44
30 44
31 44
30 45
31 45
32 45
32 44
32 43
32 42
32 41
32 40
1
818
16 23
16 24
17 24
17 23
18 23
18 24
Yes
49 33
49 32
49 31
49 30
48 30
48 31
48 32
48 33
47 30
47 31
47 32
47 33
46 31
46 32
46 33
46 34
47 34
48 34
49 34
49 35
49 36
49 37
49 38
49 39
48 29
47 29
46 29
48 28
47 28
46 28
46 27
47 27
49 40
48 40
48 41
49 41
49 42
48 42
47 42
46 42
46 43
47 43
48 43
49 43
47 44
48 44
0
Yes
37 45
38 45
39 45
40 45
41 45
42 45
42 44
41 44
40 44
39 44
38 44
37 44
37 43
38 43
39 43
40 43
41 43
42 43
42 42
41 42
40 42
39 42
38 42
37 42
37 41
38 41
39 41
40 41
41 41
42 41
42 40
41 40
40 40
39 40
38 40
37 40
42 39
41 39
40 39
39 39
38 39
37 39
36 39
36 40
36 41
36 42
36 43
36 44
36 45
35 45
35 44
35 43
35 42
35 41
35 40
35 39
34 44
34 43
34 42
34 41
34 40
34 39
33 43
33 42
33 41
33 40
33 39
33 38
34 38
35 38
36 38
37 38
38 38
39 38
40 38
41 38
0
No
0
Yes
25 3
25 4
25 2
25 1
25 0
24 0
24 1
24 2
24 3
24 4
23 4
23 3
23 2
23 1
23 0
22 0
22 1
22 2
22 3
22 4
21 4
21 3
21 2
21 1
21 0
22 5
0
No
0
No
0
No
0
No
0
Yes
24 6
25 6
25 7
24 7
23 7
23 6
23 8
24 8
25 8
25 9
24 9
23 9
0
No
0
Yes
1 43
1 42
2 42
2 43
3 42
3 43
4 42
4 43
5 42
5 43
0 42
0 43
0 44
1 44
2 44
3 44
4 44
5 44
5 45
4 45
3 45
2 45
1 45
0 45
0 46
1 46
2 46
3 46
4 46
5 46
5 47
4 47
3 47
2 47
1 47
0 47
6 47
6 46
6 45
6 44
6 43
6 42
7 42
7 43
7 44
7 45
7 46
7 47
8 47
8 46
8 45
8 44
8 43
8 42
9 42
9 43
9 44
9 45
9 46
9 47
9 48
8 48
7 48
6 48
5 48
4 48
3 48
2 48
1 48
0 48
0 49
1 49
2 49
3 49
4 49
5 49
6 49
7 49
8 49
9 49
0
Yes
25 8
25 9
24 9
24 8
23 9
23 8
23 7
24 7
25 7
1
784
43 42
43 43
44 43
44 42
43 41
44 41
Yes
10 28
10 27
10 26
11 26
11 27
11 28
11 29
11 30
12 30
12 29
12 28
12 27
12 26
12 25
11 25
10 25
11 24
10 24
13 25
13 26
13 27
13 28
13 29
13 30
14 26
14 27
14 28
14 29
14 30
15 26
15 27
15 28
15 29
15 30
16 29
16 30
10 23
10 22
17 30
17 29
17 28
18 28
18 29
18 30
19 30
20 30
20 29
21 29
21 30
20 31
19 31
18 31
17 31
16 31
15 31
14 31
13 31
12 31
11 31
12 32
13 32
14 32
15 32
16 32
17 32
18 32
13 33
14 33
15 33
16 33
17 33
10 21
9 25
9 24
9 23
9 22
9 21
8 21
8 22
8 23
8 24
7 21
7 22
7 23
7 24
6 22
6 23
6 24
6 25
5 23
5 24
5 25
5 22
5 21
4 21
4 22
3 22
0
No
1
795
9 11
8 11
8 10
9 10
Yes
11 38
11 39
12 38
12 39
12 40
11 40
10 40
10 41
11 41
12 41
10 42
11 42
12 42
13 42
13 41
13 40
13 39
13 38
14 42
14 41
14 40
14 39
14 38
15 41
15 40
15 39
15 38
16 41
16 40
16 39
16 38
13 37
14 37
15 37
16 37
9 41
9 40
9 39
9 38
8 41
8 40
8 39
8 38
8 37
7 37
7 38
7 39
7 40
7 41
6 41
6 40
6 39
6 38
6 37
13 36
14 36
15 36
16 36
14 35
15 35
16 35
14 34
15 34
16 34
17 34
17 35
17 36
17 37
17 38
17 39
17 40
17 41
18 35
18 36
18 37
18 38
18 39
18 40
18 41
19 38
19 39
19 40
19 41
20 41
20 40
20 39
21 41
21 40
21 39
0
No
0
Yes
40 48
40 47
39 47
39 48
38 48
38 47
37 47
37 48
36 48
36 47
35 47
35 46
36 46
37 46
38 46
39 46
40 46
36 49
37 49
38 49
39 49
40 49
0
No
0
Yes
28 4
28 5
28 6
28 7
28 8
27 8
27 7
27 6
27 5
27 4
26 8
26 7
26 6
26 5
26 4
25 6
25 5
25 4
24 6
24 5
24 4
23 6
23 5
23 4
22 6
22 5
22 4
22 3
23 3
24 3
25 3
26 3
27 3
28 3
28 2
27 2
26 2
25 2
24 2
23 2
22 2
22 1
23 1
24 1
25 1
26 1
27 1
28 1
28 0
27 0
26 0
25 0
24 0
23 0
22 0
21 4
21 3
21 2
21 1
21 0
29 8
29 7
29 6
29 5
29 4
29 3
29 2
29 1
29 0
30 8
30 7
30 6
30 5
30 4
30 3
30 2
30 1
30 0
31 7
31 6
31 5
31 4
31 3
31 2
31 1
31 0
32 7
32 6
32 5
32 4
32 3
32 2
1
782
44 19
43 19
43 18
44 18
43 17
44 17
43 16
44 16
43 15
44 15
44 14
45 19
45 18
45 17
45 16
45 15
45 14
46 19
46 18
46 17
46 16
46 15
46 14
47 19
47 18
47 17
47 16
47 15
47 14
48 19
48 18
48 17
48 16
48 15
48 14
49 19
49 18
49 17
49 16
49 15
49 14
44 13
45 13
46 13
Yes
17 11
17 12
16 12
16 13
17 13
15 13
14 13
13 13
13 12
12 12
13 14
14 14
15 14
16 14
17 14
17 15
16 15
15 15
14 15
13 15
12 15
12 16
13 16
14 16
15 16
16 16
17 16
13 17
14 17
15 17
16 17
17 17
13 18
14 18
15 18
16 18
17 18
15 19
16 19
17 19
15 20
16 20
17 20
14 20
16 21
17 21
16 22
17 22
18 22
18 21
18 20
18 19
18 18
18 17
18 16
18 15
18 14
18 13
18 12
18 11
18 10
18 9
19 22
19 21
19 20
19 19
19 18
19 17
20 17
20 18
20 19
20 20
20 21
21 21
21 20
21 19
21 18
21 17
22 17
22 18
22 19
22 20
22 21
22 22
23 22
23 21
23 20
23 19
23 18
23 17
24 18
24 17
24 16
24 15
19 11
19 12
19 13
19 14
19 15
20 15
20 14
20 13
20 12
20 11
20 10
21 15
21 12
21 11
0
No
0
Yes
49 4
48 4
48 3
49 3
49 2
48 2
48 1
49 1
49 0
48 0
0
No
0
Yes
19 3
20 3
20 2
19 2
20 1
19 1
20 0
19 0
19 4
19 5
18 5
18 4
18 3
18 2
18 1
18 0
17 4
17 3
17 2
17 1
17 0
16 4
16 3
16 2
16 1
16 0
15 4
15 3
15 2
15 1
15 0
14 0
14 1
14 2
14 3
14 4
14 5
13 5
13 4
13 3
13 2
13 1
13 0
13 6
13 7
12 7
12 6
12 5
12 4
12 3
12 2
12 1
12 0
11 7
11 6
11 5
11 4
11 3
11 2
11 1
11 0
10 7
10 6
10 5
10 4
10 3
10 2
10 1
10 0
9 3
9 2
9 1
9 0
8 3
8 2
8 1
8 0
0
Yes
1 17
1 18
1 19
1 20
2 20
2 19
2 18
2 17
3 19
3 18
3 17
4 19
4 18
4 17
0 20
0 19
0 18
0 17
0 16
1 16
2 16
3 16
4 16
4 15
3 15
2 15
1 15
0 15
4 14
3 14
2 14
1 14
0 14
0
No
0
No
0
Yes
33 3
33 4
33 5
33 2
34 2
34 3
34 4
34 5
35 5
35 4
35 3
35 2
36 5
36 4
36 3
36 2
37 2
37 3
37 4
37 5
38 5
38 4
38 3
38 2
39 3
39 2
40 3
40 2
40 1
39 1
38 1
37 1
36 1
35 1
34 1
33 1
40 0
39 0
38 0
37 0
36 0
35 0
34 0
33 0
0
No
0
No
0
No
1
833
15 47
15 48
15 49
16 49
16 48
16 47
16 46
15 46
15 45
17 46
17 47
17 48
17 49
18 47
18 48
18 49
14 45
14 46
14 47
14 48
14 49
13 49
13 48
13 47
13 46
13 45
Yes
0 4
0 5
0 6
0 7
0 8
0 9
0 10
0 11
0 12
0 13
1 13
1 12
1 11
1 10
1 9
1 8
1 7
1 6
1 5
1 4
2 6
2 7
2 8
2 9
2 10
2 11
2 12
2 13
2 5
2 4
3 5
3 4
4 4
3 8
3 9
3 10
3 11
3 12
3 13
4 8
4 9
4 10
4 11
4 12
4 13
4 3
3 3
2 3
1 3
0 3
5 3
6 3
6 2
5 2
4 2
3 2
2 2
1 2
0 2
0 1
1 1
2 1
3 1
4 1
5 1
6 1
6 0
5 0
4 0
3 0
2 0
1 0
0 0
7 3
7 2
7 1
7 0
4 14
3 14
2 14
1 14
0 14
0 15
1 15
2 15
3 15
4 15
5 15
6 15
6 16
5 16
4 16
3 16
2 16
0
No
0
No
0
No
0
No
0
Yes
45 1
45 2
46 2
46 1
46 0
47 2
47 1
47 0
0
Yes
5 26
5 27
6 27
4 27
4 26
4 28
5 28
6 28
6 29
5 29
4 29
0
Yes
43 3
43 2
43 1
44 1
44 0
43 0
42 0
42 1
42 2
42 3
42 4
42 5
41 5
41 4
41 3
41 2
41 1
41 0
40 5
40 4
40 3
40 2
40 1
40 0
39 3
39 2
39 1
39 0
38 0
38 1
38 2
38 3
1
905
32 37
33 37
34 37
34 36
33 36
32 36
32 35
33 35
Yes
39 3
40 3
40 4
40 5
41 5
41 4
41 3
42 4
42 5
42 3
43 3
43 2
42 2
41 2
40 2
39 2
42 6
43 6
44 6
44 7
43 7
42 7
41 7
40 7
40 8
41 8
42 8
43 8
44 8
40 9
41 9
42 9
43 9
44 9
45 7
45 8
45 9
45 6
45 5
46 6
47 6
46 8
46 9
39 1
40 1
41 1
42 1
43 1
44 1
45 1
45 2
46 2
46 1
47 1
47 2
47 3
47 0
46 0
45 0
44 0
43 0
42 0
41 0
40 0
39 0
38 0
38 1
38 2
38 3
38 4
38 5
38 6
38 7
37 7
37 6
37 5
37 4
37 3
37 2
37 1
37 0
36 5
36 4
36 3
36 2
36 1
36 0
35 0
35 1
35 2
35 3
35 4
35 5
35 6
34 6
34 5
34 4
34 3
34 2
34 1
34 0
34 7
34 8
33 7
33 6
33 5
33 4
33 3
33 2
33 1
33 0
32 1
32 0
46 10
45 10
44 10
43 10
42 10
41 10
40 10
39 10
41 11
42 11
43 11
44 11
45 11
46 11
44 12
45 12
46 12
47 12
48 12
0
No
0
No
0
No
0
Yes
29 25
30 25
30 24
29 24
28 24
28 25
30 26
29 26
28 26
28 27
29 27
30 27
27 27
27 26
27 25
27 24
27 23
26 23
26 24
26 25
26 26
26 27
25 27
25 26
25 25
25 24
25 23
25 22
24 22
24 23
24 24
24 25
24 26
23 26
23 25
23 24
23 23
26 28
27 28
28 28
29 28
30 28
0
No
0
No
0
No
0
No
0
No
0
No
0
No
0
No
0
No
0
Yes
41 25
41 26
41 24
40 24
40 25
40 26
40 27
41 27
42 27
42 28
41 28
40 28
39 28
39 27
39 26
39 25
39 24
38 25
38 24
38 23
39 23
40 23
41 23
41 22
40 22
39 22
39 29
38 29
37 29
36 29
36 30
37 30
42 29
35 30
0
No
0
No
0
No
0
No
0
No
0
No
0
Yes
46 29
47 29
46 28
47 28
47 27
46 27
0
No
0
No
0
Yes
0 45
0 46
0 47
0 48
0 49
1 49
1 48
1 47
1 46
1 45
2 45
2 46
2 47
2 48
2 49
3 49
3 48
3 47
3 46
3 45
4 45
4 46
4 47
4 48
4 49
5 49
5 48
5 47
5 46
5 45
6 45
6 46
6 47
6 48
6 49
7 49
7 48
7 47
7 46
7 45
8 45
8 46
8 47
8 48
8 49
9 49
9 48
9 47
9 46
9 45
10 45
10 46
10 47
10 48
10 49
10 44
9 44
8 44
7 44
6 44
5 44
4 44
3 44
2 44
1 44
0 44
10 43
9 43
8 43
7 43
6 43
5 43
4 43
3 43
2 43
1 43
0 43
9 42
8 42
7 42
6 42
5 42
4 42
3 42
2 42
1 42
0 42
11 43
11 44
11 45
11 46
0
Yes
47 27
46 27
46 28
47 28
48 28
46 29
47 29
48 29
47 30
48 30
49 30
49 31
48 31
47 31
46 31
46 32
47 32
48 32
49 32
46 33
47 33
48 33
49 33
46 34
47 34
48 34
49 34
49 35
49 36
49 37
49 38
49 39
49 40
48 40
47 40
46 40
45 40
45 41
46 41
47 41
48 41
49 41
46 42
47 42
48 42
49 42
46 43
47 43
48 43
49 43
47 44
48 44
0
No
0
No
0
Yes
48 0
48 1
49 1
49 0
48 2
49 2
48 3
49 3
48 4
49 4
0
No
0
No
0
No
0
No
0
No
0
No
0
No
0
No
0
Yes
0 18
0 19
0 20
1 20
1 19
1 18
2 20
2 19
2 18
2 17
1 17
0 17
0
Yes
13 26
13 25
12 25
12 26
14 26
15 26
15 27
14 27
13 27
12 27
15 28
14 28
13 28
12 28
11 28
11 27
11 26
11 25
11 29
12 29
13 29
14 29
15 29
11 30
12 30
13 30
14 30
15 30
0
No
0
No
0
Yes
0 0
0 1
0 2
0 3
0 4
1 4
1 3
1 2
1 1
1 0
2 0
2 1
2 2
2 3
2 4
3 4
3 3
3 2
3 1
3 0
4 4
4 3
4 2
4 1
4 0
5 3
5 2
5 1
5 0
6 3
6 2
6 1
6 0
7 3
7 2
7 1
7 0
3 5
2 5
1 5
0 5
2 6
1
945
9 23
10 23
10 24
9 24
8 24
8 23
10 22
9 22
8 22
10 21
9 21
8 21
Yes
5 10
6 10
6 11
6 9
7 9
7 10
8 10
8 11
9 11
9 10
10 10
9 12
4 10
4 11
4 12
4 9
4 8
3 8
3 9
3 10
3 11
3 12
2 12
2 11
2 10
2 9
2 8
2 7
1 7
1 8
1 9
1 10
1 11
1 12
1 6
0 6
0 7
0 8
0 9
0 10
0 11
0 12
0 13
1 13
2 13
3 13
4 13
5 13
4 14
3 14
2 14
1 14
0 14
0 15
1 15
2 15
3 15
4 15
5 15
6 15
6 16
5 16
4 16
3 16
2 16
1 16
0 16
4 17
3 17
2 17
1 17
0 17
4 18
3 18
2 18
1 18
0 18
4 19
3 19
2 19
1 19
0 19
0
No
0
No
0
Yes
46 22
46 23
46 21
47 21
47 22
47 23
46 20
47 20
46 24
47 24
48 24
48 23
48 22
48 21
48 20
49 20
49 21
0
No
0
No
0
Yes
26 2
26 3
26 4
27 4
27 3
27 2
27 1
26 1
26 0
27 0
25 0
25 1
25 2
25 3
25 4
24 4
24 3
24 2
24 1
24 0
23 0
23 1
23 2
23 3
23 4
22 4
22 3
22 2
22 1
22 0
21 4
21 3
21 2
21 1
21 0
22 5
23 5
24 5
25 5
26 5
27 5
22 6
23 6
24 6
25 6
26 6
27 6
0
No
0
No
0
No
0
Yes
49 30
48 30
48 29
48 28
47 30
47 29
47 28
47 27
46 27
46 28
46 29
47 31
48 31
49 31
46 31
46 32
47 32
48 32
49 32
46 33
47 33
48 33
49 33
46 34
47 34
48 34
0
No
0
Yes
43 43
43 42
43 41
44 43
44 42
44 41
45 41
0
Yes
24 4
24 5
24 6
24 7
23 7
23 6
23 5
23 4
23 8
24 8
25 8
25 7
25 6
25 5
25 4
26 8
26 7
26 6
26 5
26 4
27 8
27 7
27 6
27 5
27 4
28 8
28 7
28 6
28 5
28 4
29 8
29 7
29 6
29 5
29 4
30 8
30 7
30 6
30 5
30 4
31 7
31 6
31 5
31 4
32 7
32 6
32 5
32 4
32 3
31 3
30 3
29 3
28 3
27 3
26 3
25 3
24 3
23 3
32 2
31 2
30 2
29 2
28 2
27 2
26 2
25 2
24 2
23 2
31 1
30 1
29 1
28 1
27 1
26 1
25 1
24 1
23 1
31 0
30 0
29 0
28 0
27 0
26 0
25 0
24 0
23 0
22 6
22 5
22 4
22 3
22 2
22 1
22 0
0
Yes
2 36
2 37
2 38
2 39
2 40
2 41
3 41
3 40
3 39
3 38
3 37
3 36
4 41
4 40
4 39
4 38
4 37
4 36
5 41
5 40
5 39
5 38
5 37
5 36
1 41
1 40
1 39
1 38
1 37
1 36
0 41
0 40
0 39
0 38
0 37
0 36
0 35
1 35
2 35
3 35
4 35
5 35
6 35
6 34
5 34
4 34
3 34
2 34
1 34
0 34
6 33
5 33
4 33
3 33
2 33
1 33
0 33
5 32
4 32
3 32
2 32
1 32
0 32
5 31
4 31
3 31
2 31
1 31
0 31
0 30
1 30
2 30
3 30
4 30
5 30
6 30
3 29
4 29
5 29
6 29
6 28
5 28
4 28
6 27
5 27
4 27
5 26
4 26
3 26
3 25
4 25
5 25
6 25
3 24
4 24
5 24
6 24
7 24
8 24
5 23
6 23
7 23
8 23
6 22
7 22
8 22
5 22
5 21
4 21
4 22
7 21
8 21
1
912
37 18
37 19
37 20
37 21
38 21
38 20
38 19
38 18
39 19
39 18
36 21
36 20
36 19
36 18
35 21
35 20
35 19
35 18
35 17
36 17
37 17
38 17
39 17
39 16
38 16
37 16
36 16
35 16
39 15
38 15
37 15
36 15
35 15
38 14
37 14
36 14
35 14
34 16
34 17
34 18
34 19
34 20
Yes
25 28
25 29
24 29
24 28
23 28
26 28
25 27
26 27
27 27
27 28
27 29
28 29
28 28
28 27
28 30
29 30
29 29
29 28
29 27
30 30
30 29
30 28
30 27
31 27
31 28
31 29
31 30
32 27
32 28
32 29
32 30
33 29
33 30
33 31
32 31
31 31
30 26
29 26
28 26
27 26
26 26
25 26
24 26
23 26
23 25
24 25
25 25
26 25
27 25
28 25
29 25
30 25
30 24
29 24
28 24
27 24
26 24
25 24
24 24
23 24
27 23
26 23
25 23
24 23
23 23
25 22
24 22
23 22
29 23
30 23
30 22
31 23
31 22
32 23
32 22
33 23
33 22
34 22
34 21
33 21
32 21
31 21
28 31
31 32
32 32
22 28
21 28
21 29
21 30
20 29
20 30
20 31
19 31
19 30
31 20
32 20
33 20
33 19
32 19
31 19
31 18
32 18
33 18
33 17
32 17
33 16
32 16
31 16
31 15
31 14
31 13
31 12
30 12
30 13
30 14
30 15
30 16
29 16
29 15
29 14
29 13
29 12
28 15
28 14
28 13
28 12
27 12
27 13
27 14
0
No
0
Yes
49 1
48 1
48 2
49 2
48 3
49 3
48 0
49 0
48 4
49 4
0
No
0
No
0
Yes
21 1
21 2
21 3
20 3
20 2
20 1
21 0
20 0
19 0
19 1
19 2
19 3
19 4
19 5
18 5
18 4
18 3
18 2
18 1
18 0
17 4
17 3
17 2
17 1
17 0
16 4
16 3
16 2
16 1
16 0
15 4
15 3
15 2
15 1
15 0
14 0
14 1
14 2
14 3
14 4
19 6
0
No
0
No
0
Yes
32 44
32 45
31 45
31 44
30 45
30 44
29 44
29 43
30 43
31 43
32 43
32 42
31 42
30 42
29 42
32 41
31 41
30 41
29 41
29 40
30 40
31 40
32 40
32 39
31 39
30 39
0
No
0
No
0
Yes
9 25
10 25
10 24
9 24
9 23
10 23
10 22
9 22
9 21
10 21
0
Yes
3 16
3 17
4 17
4 16
4 18
3 18
4 19
3 19
2 19
2 18
2 17
2 16
2 20
1 20
1 19
1 18
1 17
1 16
0 20
0 19
0 18
0 17
0 16
0 15
1 15
2 15
3 15
4 15
4 14
3 14
2 14
1 14
0 14
0
Yes
4 13
4 12
4 11
3 13
3 12
3 11
2 13
2 12
2 11
1 13
1 12
1 11
0 13
0 12
0 11
0 10
1 10
2 10
3 10
4 10
4 9
3 9
2 9
1 9
0 9
4 8
3 8
2 8
1 8
0 8
2 7
1 7
0 7
1 6
0
Yes
36 48
36 49
37 49
37 48
38 48
38 49
38 47
37 47
36 47
36 46
37 46
38 46
39 46
39 47
39 48
39 49
40 46
40 47
40 48
40 49
0
Yes
13 14
13 13
14 13
14 14
15 13
15 14
16 14
16 13
16 12
17 12
17 13
17 14
17 11
18 11
18 12
18 13
18 14
19 11
19 12
19 13
19 14
20 14
20 13
20 12
20 11
21 12
21 11
20 15
19 15
18 15
17 15
16 15
15 15
14 15
13 15
12 15
12 16
13 16
14 16
15 16
16 16
17 16
18 16
13 17
14 17
15 17
16 17
17 17
18 17
13 18
14 18
15 18
16 18
17 18
18 18
15 19
16 19
17 19
18 19
15 20
16 20
17 20
18 20
16 21
17 21
18 21
16 22
17 22
18 22
19 22
19 21
19 20
19 19
1
953
38 24
38 25
38 23
39 23
39 24
39 25
39 22
40 22
40 23
40 24
40 25
41 22
41 23
41 24
41 25
41 26
40 26
Yes
47 16
47 17
47 18
47 19
47 20
46 20
46 19
46 18
46 17
46 16
45 19
45 18
45 17
45 16
44 19
44 18
44 17
44 16
43 19
43 18
43 17
43 16
43 15
44 15
45 15
46 15
47 15
44 14
45 14
46 14
47 14
44 13
45 13
46 13
47 13
48 13
48 14
48 15
48 16
48 17
48 18
48 19
48 20
49 13
49 14
49 15
49 16
49 17
49 18
49 19
49 20
46 21
47 21
48 21
49 21
46 22
47 22
48 22
49 22
49 23
48 23
47 23
46 23
0
Yes
46 21
46 22
46 23
46 24
47 24
47 23
47 22
47 21
46 20
47 20
47 19
46 19
45 19
44 19
43 19
43 18
44 18
45 18
46 18
47 18
47 17
46 17
45 17
44 17
43 17
42 17
42 16
43 16
44 16
45 16
46 16
47 16
43 15
44 15
45 15
46 15
47 15
41 16
41 17
41 18
41 19
40 19
40 18
40 17
40 16
39 19
39 18
39 17
39 16
39 15
38 15
38 16
38 17
38 18
38 19
38 20
38 21
37 21
37 20
37 19
37 18
37 17
37 16
37 15
38 14
37 14
48 24
48 23
48 22
48 21
48 20
48 19
48 18
48 17
48 16
48 15
49 23
49 22
49 21
49 20
49 19
49 18
49 17
49 16
49 15
36 21
36 20
36 19
36 18
36 17
36 16
36 15
36 14
36 13
35 13
35 14
35 15
35 16
35 17
35 18
35 19
35 20
35 21
34 20
34 19
34 18
34 17
34 16
44 14
45 14
46 14
47 14
48 14
49 14
44 13
45 13
46 13
47 13
48 13
49 13
0
No
0
Yes
25 49
25 48
24 48
24 49
24 47
23 47
23 48
23 49
22 47
22 48
0
Yes
17 30
18 30
18 31
17 31
18 32
17 32
17 33
16 33
16 32
16 31
16 30
16 29
17 29
18 29
18 28
17 28
15 33
15 32
15 31
15 30
15 29
15 28
15 27
15 26
14 26
14 27
14 28
14 29
14 30
14 31
14 32
14 33
13 33
13 32
13 31
13 30
13 29
13 28
13 27
13 26
13 25
12 32
12 31
12 30
12 29
12 28
12 27
12 26
12 25
11 31
11 30
11 29
11 28
11 27
11 26
11 25
11 24
10 28
10 27
10 26
10 25
10 24
0
No
0
Yes
37 30
36 30
36 29
37 29
38 29
0
Yes
40 26
41 26
39 26
39 27
40 27
41 27
42 27
42 28
41 28
40 28
39 28
41 25
40 25
39 25
0
No
0
Yes
49 13
48 13
47 13
46 13
45 13
44 13
44 14
45 14
46 14
47 14
48 14
49 14
49 15
48 15
47 15
46 15
45 15
44 15
44 16
45 16
46 16
47 16
48 16
49 16
49 17
48 17
47 17
46 17
45 17
44 17
44 18
45 18
46 18
47 18
48 18
49 18
43 15
43 16
43 17
43 18
43 19
44 19
45 19
46 19
47 19
48 19
49 19
46 20
47 20
48 20
49 20
46 21
47 21
48 21
49 21
0
Yes
25 37
24 37
24 36
25 36
0
Yes
22 17
23 17
21 17
20 17
19 17
19 18
20 18
21 18
22 18
23 18
23 19
22 19
21 19
20 19
19 19
23 20
22 20
21 20
20 20
19 20
23 21
22 21
21 21
20 21
19 21
18 21
18 20
18 19
18 18
18 17
17 17
17 18
17 19
17 20
0
Yes
44 42
44 43
43 43
43 42
43 41
44 41
0
Yes
15 48
15 49
16 49
16 48
17 48
17 49
17 47
16 47
15 47
17 46
16 46
15 46
15 45
14 45
14 46
14 47
14 48
14 49
13 49
13 48
13 47
13 46
13 45
12 45
12 46
12 47
12 48
12 49
11 47
11 48
11 49
0
Yes
34 26
34 27
34 28
33 28
33 27
0
Yes
2 19
2 20
1 20
1 19
3 19
4 19
4 18
3 18
2 18
1 18
4 17
3 17
2 17
1 17
1 16
2 16
3 16
4 16
5 16
6 16
6 15
5 15
4 15
3 15
2 15
1 15
4 14
3 14
2 14
1 14
0 20
0 19
0 18
0 17
0 16
0 15
0 14
0
Yes
23 10
23 11
24 10
24 9
23 9
22 9
22 10
22 11
0
Yes
9 47
9 48
9 49
10 49
10 48
10 47
10 46
9 46
9 45
10 45
10 44
9 44
9 43
10 43
8 43
8 44
8 45
8 46
8 47
8 48
8 49
7 49
7 48
7 47
7 46
7 45
7 44
7 43
6 43
6 44
6 45
6 46
6 47
6 48
6 49
5 49
5 48
5 47
5 46
5 45
5 44
5 43
4 43
4 44
4 45
4 46
4 47
4 48
4 49
3 49
3 48
3 47
3 46
3 45
3 44
3 43
2 43
2 44
2 45
2 46
2 47
2 48
2 49
1 49
1 48
1 47
1 46
1 45
1 44
1 43
0 43
0 44
0 45
0 46
0 47
0 48
0 49
0 42
1 42
2 42
3 42
4 42
5 42
6 42
7 42
0
Yes
12 0
12 1
12 2
12 3
12 4
12 5
12 6
12 7
13 7
13 6
13 5
13 4
13 3
13 2
13 1
13 0
14 5
14 4
14 3
14 2
14 1
14 0
11 7
11 6
11 5
11 4
11 3
11 2
11 1
11 0
10 7
10 6
10 5
10 4
10 3
10 2
10 1
10 0
9 3
9 2
9 1
9 0
8 3
8 2
8 1
8 0
15 4
15 3
15 2
15 1
15 0
16 4
16 3
16 2
16 1
16 0
17 4
17 3
17 2
17 1
17 0
12 8
